song_id,package_path,label_strength,avg_confidence,bronze_rate
0033461d8b877d3d,data/Los-Angeles-MIDI/LOCAL_LAMDA/Local_Lamda_midi/midi_guide/0033461d8b877d3d/song_package.yaml,gold,0.5089843749999999,0.0390625
004677bb4446ee2b,data/Los-Angeles-MIDI/LOCAL_LAMDA/Local_Lamda_midi/midi_guide/004677bb4446ee2b/song_package.yaml,gold,0.6963745019920315,0.15139442231075698
00101b2d2f01f814,data/Los-Angeles-MIDI/LOCAL_LAMDA/Local_Lamda_midi/midi_guide/00101b2d2f01f814/song_package.yaml,silver,0.4268253968253967,0.3873015873015873
00181439f65d43ff,data/Los-Angeles-MIDI/LOCAL_LAMDA/Local_Lamda_midi/midi_guide/00181439f65d43ff/song_package.yaml,gold,0.7462659846547305,0.12276214833759591
0050f9a4cbb9c8f0,data/Los-Angeles-MIDI/LOCAL_LAMDA/Local_Lamda_midi/midi_guide/0050f9a4cbb9c8f0/song_package.yaml,gold,0.8044421487603327,0.04132231404958678
0057b96738675aef,data/Los-Angeles-MIDI/LOCAL_LAMDA/Local_Lamda_midi/midi_guide/0057b96738675aef/song_package.yaml,gold,0.7512598425196854,0.13910761154855644
00c75c11d27b9a33,data/Los-Angeles-MIDI/LOCAL_LAMDA/Local_Lamda_midi/midi_guide/00c75c11d27b9a33/song_package.yaml,gold,0.7388269794721393,0.08211143695014662
00e97f124858a5fb,data/Los-Angeles-MIDI/LOCAL_LAMDA/Local_Lamda_midi/midi_guide/00e97f124858a5fb/song_package.yaml,gold,0.5850349650349651,0.08041958041958042
00b4078dff936c88,data/Los-Angeles-MIDI/LOCAL_LAMDA/Local_Lamda_midi/midi_guide/00b4078dff936c88/song_package.yaml,gold,0.6363052208835343,0.004016064257028112
00a4a346f9ddc086,data/Los-Angeles-MIDI/LOCAL_LAMDA/Local_Lamda_midi/midi_guide/00a4a346f9ddc086/song_package.yaml,gold,0.7652825552825546,0.09336609336609336
010038c71708e312,data/Los-Angeles-MIDI/LOCAL_LAMDA/Local_Lamda_midi/midi_guide/010038c71708e312/song_package.yaml,silver,0.5198245614035081,0.3057644110275689
010cc0bb6656b2e0,data/Los-Angeles-MIDI/LOCAL_LAMDA/Local_Lamda_midi/midi_guide/010cc0bb6656b2e0/song_package.yaml,gold,0.742522522522523,0.07882882882882883
0130398caf9956ae,data/Los-Angeles-MIDI/LOCAL_LAMDA/Local_Lamda_midi/midi_guide/0130398caf9956ae/song_package.yaml,gold,0.8375080906148874,0.038834951456310676
0115e8af2722fd10,data/Los-Angeles-MIDI/LOCAL_LAMDA/Local_Lamda_midi/midi_guide/0115e8af2722fd10/song_package.yaml,silver,0.5262686567164193,0.30783582089552236
014a229cb5165497,data/Los-Angeles-MIDI/LOCAL_LAMDA/Local_Lamda_midi/midi_guide/014a229cb5165497/song_package.yaml,silver,0.43981132075471724,0.30566037735849055
014328074e5b4d2f,data/Los-Angeles-MIDI/LOCAL_LAMDA/Local_Lamda_midi/midi_guide/014328074e5b4d2f/song_package.yaml,gold,0.700912052117263,0.08143322475570032
016e36c19b566253,data/Los-Angeles-MIDI/LOCAL_LAMDA/Local_Lamda_midi/midi_guide/016e36c19b566253/song_package.yaml,gold,0.7455818965517252,0.00646551724137931
017c5ad061cd03c2,data/Los-Angeles-MIDI/LOCAL_LAMDA/Local_Lamda_midi/midi_guide/017c5ad061cd03c2/song_package.yaml,gold,0.6262277580071177,0.11743772241992882
015b521c466b4714,data/Los-Angeles-MIDI/LOCAL_LAMDA/Local_Lamda_midi/midi_guide/015b521c466b4714/song_package.yaml,gold,0.8286842105263155,0.003289473684210526
018b188de1a29ea6,data/Los-Angeles-MIDI/LOCAL_LAMDA/Local_Lamda_midi/midi_guide/018b188de1a29ea6/song_package.yaml,silver,0.6512261580381471,0.2724795640326976
01ac2076d5a09ff7,data/Los-Angeles-MIDI/LOCAL_LAMDA/Local_Lamda_midi/midi_guide/01ac2076d5a09ff7/song_package.yaml,silver,0.5573631840796024,0.2512437810945274
01dc657890f9c6f0,data/Los-Angeles-MIDI/LOCAL_LAMDA/Local_Lamda_midi/midi_guide/01dc657890f9c6f0/song_package.yaml,gold,0.7705769230769215,0.1401098901098901
01eb2d2b8a4d0b45,data/Los-Angeles-MIDI/LOCAL_LAMDA/Local_Lamda_midi/midi_guide/01eb2d2b8a4d0b45/song_package.yaml,silver,0.615062761506276,0.3389121338912134
0218c75e7027b36a,data/Los-Angeles-MIDI/LOCAL_LAMDA/Local_Lamda_midi/midi_guide/0218c75e7027b36a/song_package.yaml,gold,0.7151530612244894,0.017857142857142856
01fd7a08b9830fdd,data/Los-Angeles-MIDI/LOCAL_LAMDA/Local_Lamda_midi/midi_guide/01fd7a08b9830fdd/song_package.yaml,gold,0.7317061611374405,0.004739336492890996
025fb6cccede5ab0,data/Los-Angeles-MIDI/LOCAL_LAMDA/Local_Lamda_midi/midi_guide/025fb6cccede5ab0/song_package.yaml,silver,0.5484166666666673,0.36666666666666664
0221cd6e97fb7b0f,data/Los-Angeles-MIDI/LOCAL_LAMDA/Local_Lamda_midi/midi_guide/0221cd6e97fb7b0f/song_package.yaml,gold,0.8267619047619051,0.047619047619047616
02542b866290d5f2,data/Los-Angeles-MIDI/LOCAL_LAMDA/Local_Lamda_midi/midi_guide/02542b866290d5f2/song_package.yaml,gold,0.7891182364729472,0.052104208416833664
028a5cc68fc2f359,data/Los-Angeles-MIDI/LOCAL_LAMDA/Local_Lamda_midi/midi_guide/028a5cc68fc2f359/song_package.yaml,gold,0.7351015801354402,0.033860045146726865
029afbb520c6cd39,data/Los-Angeles-MIDI/LOCAL_LAMDA/Local_Lamda_midi/midi_guide/029afbb520c6cd39/song_package.yaml,gold,0.7357526881720422,0.06989247311827956
02a51de9333d767f,data/Los-Angeles-MIDI/LOCAL_LAMDA/Local_Lamda_midi/midi_guide/02a51de9333d767f/song_package.yaml,gold,0.8379591836734698,0.025510204081632654
02e16bf5b619ba14,data/Los-Angeles-MIDI/LOCAL_LAMDA/Local_Lamda_midi/midi_guide/02e16bf5b619ba14/song_package.yaml,gold,0.64681660899654,0.1972318339100346
03a338c4446f1967,data/Los-Angeles-MIDI/LOCAL_LAMDA/Local_Lamda_midi/midi_guide/03a338c4446f1967/song_package.yaml,gold,0.5137850467289721,0.11682242990654206
03a4f84a3e0886b5,data/Los-Angeles-MIDI/LOCAL_LAMDA/Local_Lamda_midi/midi_guide/03a4f84a3e0886b5/song_package.yaml,gold,0.841175059952039,0.023980815347721823
03d33cfce84f8a03,data/Los-Angeles-MIDI/LOCAL_LAMDA/Local_Lamda_midi/midi_guide/03d33cfce84f8a03/song_package.yaml,gold,0.7656900726392245,0.15738498789346247
03e18b15a0a3ae19,data/Los-Angeles-MIDI/LOCAL_LAMDA/Local_Lamda_midi/midi_guide/03e18b15a0a3ae19/song_package.yaml,silver,0.6906636155606415,0.21739130434782608
042801c8bf0ba8d8,data/Los-Angeles-MIDI/LOCAL_LAMDA/Local_Lamda_midi/midi_guide/042801c8bf0ba8d8/song_package.yaml,gold,0.76027989821883,0.07633587786259542
03c912a35a35dda1,data/Los-Angeles-MIDI/LOCAL_LAMDA/Local_Lamda_midi/midi_guide/03c912a35a35dda1/song_package.yaml,gold,0.8354366812227081,0.03056768558951965
0440c6590f3e86a1,data/Los-Angeles-MIDI/LOCAL_LAMDA/Local_Lamda_midi/midi_guide/0440c6590f3e86a1/song_package.yaml,silver,0.62875,0.2318548387096774
0431a284a55c62ba,data/Los-Angeles-MIDI/LOCAL_LAMDA/Local_Lamda_midi/midi_guide/0431a284a55c62ba/song_package.yaml,gold,0.5844834710743775,0.07851239669421488
0481f550aa142288,data/Los-Angeles-MIDI/LOCAL_LAMDA/Local_Lamda_midi/midi_guide/0481f550aa142288/song_package.yaml,silver,0.5503883495145631,0.23948220064724918
04bb603b471f954e,data/Los-Angeles-MIDI/LOCAL_LAMDA/Local_Lamda_midi/midi_guide/04bb603b471f954e/song_package.yaml,gold,0.648416149068324,0.08695652173913043
048a0a441a8636a2,data/Los-Angeles-MIDI/LOCAL_LAMDA/Local_Lamda_midi/midi_guide/048a0a441a8636a2/song_package.yaml,gold,0.849868421052632,0.017543859649122806
04d0dc846d8ec085,data/Los-Angeles-MIDI/LOCAL_LAMDA/Local_Lamda_midi/midi_guide/04d0dc846d8ec085/song_package.yaml,gold,0.7760909090909108,0.10681818181818181
04e199a6de6b7b34,data/Los-Angeles-MIDI/LOCAL_LAMDA/Local_Lamda_midi/midi_guide/04e199a6de6b7b34/song_package.yaml,gold,0.8702380952380955,0.030303030303030304
04dfd4e3aafd5f15,data/Los-Angeles-MIDI/LOCAL_LAMDA/Local_Lamda_midi/midi_guide/04dfd4e3aafd5f15/song_package.yaml,silver,0.7232721202003363,0.2370617696160267
04fb086192130a34,data/Los-Angeles-MIDI/LOCAL_LAMDA/Local_Lamda_midi/midi_guide/04fb086192130a34/song_package.yaml,gold,0.8131603773584922,0.025943396226415096
04f93eccd589dbb9,data/Los-Angeles-MIDI/LOCAL_LAMDA/Local_Lamda_midi/midi_guide/04f93eccd589dbb9/song_package.yaml,gold,0.7313543599257873,0.0055658627087198514
04e8a40d18c4afc4,data/Los-Angeles-MIDI/LOCAL_LAMDA/Local_Lamda_midi/midi_guide/04e8a40d18c4afc4/song_package.yaml,gold,0.6855039637599096,0.072480181200453
05298f426f65ed83,data/Los-Angeles-MIDI/LOCAL_LAMDA/Local_Lamda_midi/midi_guide/05298f426f65ed83/song_package.yaml,gold,0.502488038277512,0.06220095693779904
055191341ae66ff4,data/Los-Angeles-MIDI/LOCAL_LAMDA/Local_Lamda_midi/midi_guide/055191341ae66ff4/song_package.yaml,gold,0.834540682414699,0.01837270341207349
052b49bbd21bb90a,data/Los-Angeles-MIDI/LOCAL_LAMDA/Local_Lamda_midi/midi_guide/052b49bbd21bb90a/song_package.yaml,gold,0.8231250000000002,0.059895833333333336
05b5ef8aeb6c7330,data/Los-Angeles-MIDI/LOCAL_LAMDA/Local_Lamda_midi/midi_guide/05b5ef8aeb6c7330/song_package.yaml,gold,0.848914956011732,0.02346041055718475
05864be73f5304a3,data/Los-Angeles-MIDI/LOCAL_LAMDA/Local_Lamda_midi/midi_guide/05864be73f5304a3/song_package.yaml,gold,0.7900657894736838,0.06578947368421052
05d9a129ec0c8a95,data/Los-Angeles-MIDI/LOCAL_LAMDA/Local_Lamda_midi/midi_guide/05d9a129ec0c8a95/song_package.yaml,gold,0.8187616099071207,0.018575851393188854
062c8c96a6e79937,data/Los-Angeles-MIDI/LOCAL_LAMDA/Local_Lamda_midi/midi_guide/062c8c96a6e79937/song_package.yaml,gold,0.6900000000000001,0.011194029850746268
05922ae1363fdc2c,data/Los-Angeles-MIDI/LOCAL_LAMDA/Local_Lamda_midi/midi_guide/05922ae1363fdc2c/song_package.yaml,silver,0.5379336349924558,0.3438914027149321
05ead9cba7dc8919,data/Los-Angeles-MIDI/LOCAL_LAMDA/Local_Lamda_midi/midi_guide/05ead9cba7dc8919/song_package.yaml,gold,0.8364468085106389,0.01276595744680851
05f46529b30638b1,data/Los-Angeles-MIDI/LOCAL_LAMDA/Local_Lamda_midi/midi_guide/05f46529b30638b1/song_package.yaml,gold,0.794944134078211,0.0111731843575419
06438148d44620cc,data/Los-Angeles-MIDI/LOCAL_LAMDA/Local_Lamda_midi/midi_guide/06438148d44620cc/song_package.yaml,silver,0.6738795986622075,0.2608695652173913
064c6f6d701b4f04,data/Los-Angeles-MIDI/LOCAL_LAMDA/Local_Lamda_midi/midi_guide/064c6f6d701b4f04/song_package.yaml,gold,0.8714248021108191,0.010554089709762533
063c1dfbe6dd35e5,data/Los-Angeles-MIDI/LOCAL_LAMDA/Local_Lamda_midi/midi_guide/063c1dfbe6dd35e5/song_package.yaml,gold,0.8203921568627444,0.10457516339869281
067ee32fe3ea7915,data/Los-Angeles-MIDI/LOCAL_LAMDA/Local_Lamda_midi/midi_guide/067ee32fe3ea7915/song_package.yaml,gold,0.7948299319727898,0.09977324263038549
0643979ab09ea16f,data/Los-Angeles-MIDI/LOCAL_LAMDA/Local_Lamda_midi/midi_guide/0643979ab09ea16f/song_package.yaml,gold,0.7424395161290335,0.18951612903225806
067fbe69550beb4d,data/Los-Angeles-MIDI/LOCAL_LAMDA/Local_Lamda_midi/midi_guide/067fbe69550beb4d/song_package.yaml,gold,0.7158376963350787,0.14397905759162305
06a07f438677e1b4,data/Los-Angeles-MIDI/LOCAL_LAMDA/Local_Lamda_midi/midi_guide/06a07f438677e1b4/song_package.yaml,silver,0.7078521939953817,0.21016166281755197
06c197abd9d3f922,data/Los-Angeles-MIDI/LOCAL_LAMDA/Local_Lamda_midi/midi_guide/06c197abd9d3f922/song_package.yaml,gold,0.8156666666666673,0.041025641025641026
069811c583e50b84,data/Los-Angeles-MIDI/LOCAL_LAMDA/Local_Lamda_midi/midi_guide/069811c583e50b84/song_package.yaml,silver,0.517843665768194,0.2668463611859838
06bbb5d2503c1501,data/Los-Angeles-MIDI/LOCAL_LAMDA/Local_Lamda_midi/midi_guide/06bbb5d2503c1501/song_package.yaml,gold,0.5614917127071827,0.016574585635359115
06f0e7a75923d9b9,data/Los-Angeles-MIDI/LOCAL_LAMDA/Local_Lamda_midi/midi_guide/06f0e7a75923d9b9/song_package.yaml,gold,0.9085389610389627,0.003246753246753247
06f45551883f5b02,data/Los-Angeles-MIDI/LOCAL_LAMDA/Local_Lamda_midi/midi_guide/06f45551883f5b02/song_package.yaml,gold,0.6652314814814814,0.05555555555555555
0711a4c3a581702a,data/Los-Angeles-MIDI/LOCAL_LAMDA/Local_Lamda_midi/midi_guide/0711a4c3a581702a/song_package.yaml,gold,0.8412540192926049,0.03536977491961415
07033807a7dc258e,data/Los-Angeles-MIDI/LOCAL_LAMDA/Local_Lamda_midi/midi_guide/07033807a7dc258e/song_package.yaml,gold,0.7492271662763449,0.11475409836065574
075cfa9652de0d13,data/Los-Angeles-MIDI/LOCAL_LAMDA/Local_Lamda_midi/midi_guide/075cfa9652de0d13/song_package.yaml,gold,0.82993265993266,0.06060606060606061
06d61e94d377ca86,data/Los-Angeles-MIDI/LOCAL_LAMDA/Local_Lamda_midi/midi_guide/06d61e94d377ca86/song_package.yaml,gold,0.6122769953051665,0.19131455399061034
07089e7cee76e6a7,data/Los-Angeles-MIDI/LOCAL_LAMDA/Local_Lamda_midi/midi_guide/07089e7cee76e6a7/song_package.yaml,gold,0.6453816046966738,0.060665362035225046
076893e1539b4ae1,data/Los-Angeles-MIDI/LOCAL_LAMDA/Local_Lamda_midi/midi_guide/076893e1539b4ae1/song_package.yaml,silver,0.4814056224899599,0.0642570281124498
07a85232ba5264fc,data/Los-Angeles-MIDI/LOCAL_LAMDA/Local_Lamda_midi/midi_guide/07a85232ba5264fc/song_package.yaml,gold,0.6062783171521028,0.1779935275080906
07c6cd427f048f80,data/Los-Angeles-MIDI/LOCAL_LAMDA/Local_Lamda_midi/midi_guide/07c6cd427f048f80/song_package.yaml,gold,0.7733779264214037,0.11371237458193979
07cc56f62f11f0ad,data/Los-Angeles-MIDI/LOCAL_LAMDA/Local_Lamda_midi/midi_guide/07cc56f62f11f0ad/song_package.yaml,gold,0.7045374449339216,0.04185022026431718
07ab4440ad3a2e14,data/Los-Angeles-MIDI/LOCAL_LAMDA/Local_Lamda_midi/midi_guide/07ab4440ad3a2e14/song_package.yaml,gold,0.6822148760330577,0.05950413223140496
07d794cc48581202,data/Los-Angeles-MIDI/LOCAL_LAMDA/Local_Lamda_midi/midi_guide/07d794cc48581202/song_package.yaml,gold,0.8391761363636366,0.011363636363636364
07d6e10f7e8783e3,data/Los-Angeles-MIDI/LOCAL_LAMDA/Local_Lamda_midi/midi_guide/07d6e10f7e8783e3/song_package.yaml,gold,0.7883715012722654,0.14249363867684478
07f979daed1c9994,data/Los-Angeles-MIDI/LOCAL_LAMDA/Local_Lamda_midi/midi_guide/07f979daed1c9994/song_package.yaml,silver,0.6124418604651188,0.32848837209302323
0880a72dce3e54c8,data/Los-Angeles-MIDI/LOCAL_LAMDA/Local_Lamda_midi/midi_guide/0880a72dce3e54c8/song_package.yaml,gold,0.7767346938775508,0.006802721088435374
083e69dd97d8ab69,data/Los-Angeles-MIDI/LOCAL_LAMDA/Local_Lamda_midi/midi_guide/083e69dd97d8ab69/song_package.yaml,gold,0.6843296089385473,0.10893854748603352
087286c7acecf72f,data/Los-Angeles-MIDI/LOCAL_LAMDA/Local_Lamda_midi/midi_guide/087286c7acecf72f/song_package.yaml,gold,0.829699453551912,0.07103825136612021
08a7b7961128f3c1,data/Los-Angeles-MIDI/LOCAL_LAMDA/Local_Lamda_midi/midi_guide/08a7b7961128f3c1/song_package.yaml,silver,0.5353230769230778,0.29846153846153844
08708fda7dd8224b,data/Los-Angeles-MIDI/LOCAL_LAMDA/Local_Lamda_midi/midi_guide/08708fda7dd8224b/song_package.yaml,gold,0.7112130177514766,0.15384615384615385
08f5b2d7a13c1ee9,data/Los-Angeles-MIDI/LOCAL_LAMDA/Local_Lamda_midi/midi_guide/08f5b2d7a13c1ee9/song_package.yaml,gold,0.7665853658536581,0.04878048780487805
08e0a6d478140a98,data/Los-Angeles-MIDI/LOCAL_LAMDA/Local_Lamda_midi/midi_guide/08e0a6d478140a98/song_package.yaml,silver,0.5881683168316836,0.28217821782178215
08ef718edf237b1c,data/Los-Angeles-MIDI/LOCAL_LAMDA/Local_Lamda_midi/midi_guide/08ef718edf237b1c/song_package.yaml,gold,0.5093297587131368,0.03485254691689008
08f67cb839a6d138,data/Los-Angeles-MIDI/LOCAL_LAMDA/Local_Lamda_midi/midi_guide/08f67cb839a6d138/song_package.yaml,gold,0.8175979112271539,0.0
092b132eea71a8d4,data/Los-Angeles-MIDI/LOCAL_LAMDA/Local_Lamda_midi/midi_guide/092b132eea71a8d4/song_package.yaml,gold,0.7752118644067801,0.0
094b7dc7f82d5d7d,data/Los-Angeles-MIDI/LOCAL_LAMDA/Local_Lamda_midi/midi_guide/094b7dc7f82d5d7d/song_package.yaml,gold,0.7650746268656721,0.09701492537313433
096a5076b442ff8e,data/Los-Angeles-MIDI/LOCAL_LAMDA/Local_Lamda_midi/midi_guide/096a5076b442ff8e/song_package.yaml,silver,0.5150980392156864,0.30392156862745096
097a18911608a510,data/Los-Angeles-MIDI/LOCAL_LAMDA/Local_Lamda_midi/midi_guide/097a18911608a510/song_package.yaml,silver,0.44854625550660765,0.3964757709251101
09bdf47ca29005ae,data/Los-Angeles-MIDI/LOCAL_LAMDA/Local_Lamda_midi/midi_guide/09bdf47ca29005ae/song_package.yaml,gold,0.8681314878892746,0.006920415224913495
0a3603e3748a0a66,data/Los-Angeles-MIDI/LOCAL_LAMDA/Local_Lamda_midi/midi_guide/0a3603e3748a0a66/song_package.yaml,gold,0.7873584905660385,0.1179245283018868
0a440e6ddc5d9733,data/Los-Angeles-MIDI/LOCAL_LAMDA/Local_Lamda_midi/midi_guide/0a440e6ddc5d9733/song_package.yaml,gold,0.8326944444444432,0.002777777777777778
0a09548dec8c4043,data/Los-Angeles-MIDI/LOCAL_LAMDA/Local_Lamda_midi/midi_guide/0a09548dec8c4043/song_package.yaml,gold,0.6726884422110557,0.03015075376884422
0a805ed9e67f19ce,data/Los-Angeles-MIDI/LOCAL_LAMDA/Local_Lamda_midi/midi_guide/0a805ed9e67f19ce/song_package.yaml,gold,0.791931818181819,0.09318181818181819
0aad894455c3b9f7,data/Los-Angeles-MIDI/LOCAL_LAMDA/Local_Lamda_midi/midi_guide/0aad894455c3b9f7/song_package.yaml,gold,0.8764960629921262,0.003937007874015748
0ae82c8bc5fdb573,data/Los-Angeles-MIDI/LOCAL_LAMDA/Local_Lamda_midi/midi_guide/0ae82c8bc5fdb573/song_package.yaml,gold,0.8537096774193559,0.02903225806451613
0ae0f2309e1c6b5d,data/Los-Angeles-MIDI/LOCAL_LAMDA/Local_Lamda_midi/midi_guide/0ae0f2309e1c6b5d/song_package.yaml,silver,0.694875,0.20416666666666666
0afb8624264b3165,data/Los-Angeles-MIDI/LOCAL_LAMDA/Local_Lamda_midi/midi_guide/0afb8624264b3165/song_package.yaml,gold,0.8687000000000004,0.0075
0ac22e18e8abe587,data/Los-Angeles-MIDI/LOCAL_LAMDA/Local_Lamda_midi/midi_guide/0ac22e18e8abe587/song_package.yaml,gold,0.8892134831460674,0.042134831460674156
0b3444a463d78b0e,data/Los-Angeles-MIDI/LOCAL_LAMDA/Local_Lamda_midi/midi_guide/0b3444a463d78b0e/song_package.yaml,gold,0.6704318936877084,0.0
0b23aaecdd4783df,data/Los-Angeles-MIDI/LOCAL_LAMDA/Local_Lamda_midi/midi_guide/0b23aaecdd4783df/song_package.yaml,gold,0.7173188405797113,0.004830917874396135
0b3ac0bdccfc507e,data/Los-Angeles-MIDI/LOCAL_LAMDA/Local_Lamda_midi/midi_guide/0b3ac0bdccfc507e/song_package.yaml,gold,0.8031222707423571,0.06550218340611354
0b558aa21d5894d1,data/Los-Angeles-MIDI/LOCAL_LAMDA/Local_Lamda_midi/midi_guide/0b558aa21d5894d1/song_package.yaml,gold,0.8014244186046505,0.01744186046511628
0b5955776c5088ef,data/Los-Angeles-MIDI/LOCAL_LAMDA/Local_Lamda_midi/midi_guide/0b5955776c5088ef/song_package.yaml,gold,0.8132394366197176,0.005633802816901409
0b5c7fa41547e8e3,data/Los-Angeles-MIDI/LOCAL_LAMDA/Local_Lamda_midi/midi_guide/0b5c7fa41547e8e3/song_package.yaml,silver,0.46677419354838695,0.3709677419354839
0b3602ff1894abac,data/Los-Angeles-MIDI/LOCAL_LAMDA/Local_Lamda_midi/midi_guide/0b3602ff1894abac/song_package.yaml,gold,0.8046503496503494,0.06293706293706294
0bf1c20fc233adb7,data/Los-Angeles-MIDI/LOCAL_LAMDA/Local_Lamda_midi/midi_guide/0bf1c20fc233adb7/song_package.yaml,gold,0.6502865329512879,0.07449856733524356
0ba8fe62beddbf44,data/Los-Angeles-MIDI/LOCAL_LAMDA/Local_Lamda_midi/midi_guide/0ba8fe62beddbf44/song_package.yaml,gold,0.573529411764706,0.04201680672268908
0bc258e46ed35554,data/Los-Angeles-MIDI/LOCAL_LAMDA/Local_Lamda_midi/midi_guide/0bc258e46ed35554/song_package.yaml,gold,0.5188141025641024,0.016025641025641024
0b71e028545645f9,data/Los-Angeles-MIDI/LOCAL_LAMDA/Local_Lamda_midi/midi_guide/0b71e028545645f9/song_package.yaml,gold,0.8302864583333335,0.0390625
0bec2c17ef826a3c,data/Los-Angeles-MIDI/LOCAL_LAMDA/Local_Lamda_midi/midi_guide/0bec2c17ef826a3c/song_package.yaml,gold,0.6633582089552241,0.11194029850746269
0c0d5aeb10b031e8,data/Los-Angeles-MIDI/LOCAL_LAMDA/Local_Lamda_midi/midi_guide/0c0d5aeb10b031e8/song_package.yaml,silver,0.6129344729344739,0.2621082621082621
0c2cf3eb4c27f5d9,data/Los-Angeles-MIDI/LOCAL_LAMDA/Local_Lamda_midi/midi_guide/0c2cf3eb4c27f5d9/song_package.yaml,gold,0.854038997214485,0.06406685236768803
0c387c9818903cdd,data/Los-Angeles-MIDI/LOCAL_LAMDA/Local_Lamda_midi/midi_guide/0c387c9818903cdd/song_package.yaml,gold,0.8031974921630087,0.050156739811912224
0c06d689277daa49,data/Los-Angeles-MIDI/LOCAL_LAMDA/Local_Lamda_midi/midi_guide/0c06d689277daa49/song_package.yaml,gold,0.7855014326647559,0.1318051575931232
0c38caf9637ffc94,data/Los-Angeles-MIDI/LOCAL_LAMDA/Local_Lamda_midi/midi_guide/0c38caf9637ffc94/song_package.yaml,gold,0.7575218658892128,0.119533527696793
0c6ca7372016703a,data/Los-Angeles-MIDI/LOCAL_LAMDA/Local_Lamda_midi/midi_guide/0c6ca7372016703a/song_package.yaml,gold,0.8438010204081632,0.061224489795918366
0c50d3e722376330,data/Los-Angeles-MIDI/LOCAL_LAMDA/Local_Lamda_midi/midi_guide/0c50d3e722376330/song_package.yaml,silver,0.7159134615384631,0.22596153846153846
0cd9511758f738d9,data/Los-Angeles-MIDI/LOCAL_LAMDA/Local_Lamda_midi/midi_guide/0cd9511758f738d9/song_package.yaml,gold,0.7788452088452096,0.085995085995086
0caa8dd86e0b3650,data/Los-Angeles-MIDI/LOCAL_LAMDA/Local_Lamda_midi/midi_guide/0caa8dd86e0b3650/song_package.yaml,gold,0.7248591549295778,0.007042253521126761
0d1ff5fd8be9367d,data/Los-Angeles-MIDI/LOCAL_LAMDA/Local_Lamda_midi/midi_guide/0d1ff5fd8be9367d/song_package.yaml,silver,0.5278640776699034,0.2766990291262136
0cee0de2a7237c3d,data/Los-Angeles-MIDI/LOCAL_LAMDA/Local_Lamda_midi/midi_guide/0cee0de2a7237c3d/song_package.yaml,gold,0.791832229580575,0.01545253863134658
0d51efb802a65489,data/Los-Angeles-MIDI/LOCAL_LAMDA/Local_Lamda_midi/midi_guide/0d51efb802a65489/song_package.yaml,gold,0.879903999999999,0.0304
0d21a54bf5ac27ff,data/Los-Angeles-MIDI/LOCAL_LAMDA/Local_Lamda_midi/midi_guide/0d21a54bf5ac27ff/song_package.yaml,gold,0.790674373795761,0.0674373795761079
0d53c489115355e8,data/Los-Angeles-MIDI/LOCAL_LAMDA/Local_Lamda_midi/midi_guide/0d53c489115355e8/song_package.yaml,gold,0.5701388888888889,0.1111111111111111
0d4f5b6ddca06923,data/Los-Angeles-MIDI/LOCAL_LAMDA/Local_Lamda_midi/midi_guide/0d4f5b6ddca06923/song_package.yaml,gold,0.8816831683168317,0.012376237623762377
0d88e994d4239ce0,data/Los-Angeles-MIDI/LOCAL_LAMDA/Local_Lamda_midi/midi_guide/0d88e994d4239ce0/song_package.yaml,gold,0.8197188755020083,0.07630522088353414
0d9bc099dba91c13,data/Los-Angeles-MIDI/LOCAL_LAMDA/Local_Lamda_midi/midi_guide/0d9bc099dba91c13/song_package.yaml,gold,0.8026491646778044,0.0477326968973747
0dbd14b23ec03922,data/Los-Angeles-MIDI/LOCAL_LAMDA/Local_Lamda_midi/midi_guide/0dbd14b23ec03922/song_package.yaml,gold,0.5645575221238937,0.13716814159292035
0da49cddedb98d46,data/Los-Angeles-MIDI/LOCAL_LAMDA/Local_Lamda_midi/midi_guide/0da49cddedb98d46/song_package.yaml,silver,0.45685082872928184,0.17679558011049723
0dcea62c92b61186,data/Los-Angeles-MIDI/LOCAL_LAMDA/Local_Lamda_midi/midi_guide/0dcea62c92b61186/song_package.yaml,gold,0.7564285714285706,0.01984126984126984
0dbd0fd072934179,data/Los-Angeles-MIDI/LOCAL_LAMDA/Local_Lamda_midi/midi_guide/0dbd0fd072934179/song_package.yaml,gold,0.5178260869565215,0.18077803203661327
0e15e4dbce23f364,data/Los-Angeles-MIDI/LOCAL_LAMDA/Local_Lamda_midi/midi_guide/0e15e4dbce23f364/song_package.yaml,gold,0.7238224637681157,0.06340579710144928
0e6e46807c5967ad,data/Los-Angeles-MIDI/LOCAL_LAMDA/Local_Lamda_midi/midi_guide/0e6e46807c5967ad/song_package.yaml,silver,0.5058333333333332,0.25
0eb0d5e50610719d,data/Los-Angeles-MIDI/LOCAL_LAMDA/Local_Lamda_midi/midi_guide/0eb0d5e50610719d/song_package.yaml,gold,0.6953813559322025,0.0211864406779661
0e50c3b2e21efd63,data/Los-Angeles-MIDI/LOCAL_LAMDA/Local_Lamda_midi/midi_guide/0e50c3b2e21efd63/song_package.yaml,gold,0.8181415929203546,0.032448377581120944
0ef02484935e2498,data/Los-Angeles-MIDI/LOCAL_LAMDA/Local_Lamda_midi/midi_guide/0ef02484935e2498/song_package.yaml,gold,0.8205764411027563,0.08270676691729323
0f0eaac33a887c33,data/Los-Angeles-MIDI/LOCAL_LAMDA/Local_Lamda_midi/midi_guide/0f0eaac33a887c33/song_package.yaml,gold,0.7802714932126686,0.09954751131221719
0f0d51fcaf3d7a88,data/Los-Angeles-MIDI/LOCAL_LAMDA/Local_Lamda_midi/midi_guide/0f0d51fcaf3d7a88/song_package.yaml,gold,0.782014925373133,0.15671641791044777
0f325e23b8e035de,data/Los-Angeles-MIDI/LOCAL_LAMDA/Local_Lamda_midi/midi_guide/0f325e23b8e035de/song_package.yaml,gold,0.8435233160621763,0.0051813471502590676
0f43035e77110272,data/Los-Angeles-MIDI/LOCAL_LAMDA/Local_Lamda_midi/midi_guide/0f43035e77110272/song_package.yaml,gold,0.6689253731343283,0.0029850746268656717
0fc6e252d853adf6,data/Los-Angeles-MIDI/LOCAL_LAMDA/Local_Lamda_midi/midi_guide/0fc6e252d853adf6/song_package.yaml,silver,0.6951677852348989,0.2214765100671141
0f8cf3b7a45b3d6a,data/Los-Angeles-MIDI/LOCAL_LAMDA/Local_Lamda_midi/midi_guide/0f8cf3b7a45b3d6a/song_package.yaml,gold,0.7231858407079667,0.18584070796460178
0f7687531f5a5811,data/Los-Angeles-MIDI/LOCAL_LAMDA/Local_Lamda_midi/midi_guide/0f7687531f5a5811/song_package.yaml,silver,0.6483370786516862,0.2651685393258427
0fd2e0b45143a5d4,data/Los-Angeles-MIDI/LOCAL_LAMDA/Local_Lamda_midi/midi_guide/0fd2e0b45143a5d4/song_package.yaml,gold,0.7515497076023404,0.18128654970760233
101879dddf5f4191,data/Los-Angeles-MIDI/LOCAL_LAMDA/Local_Lamda_midi/midi_guide/101879dddf5f4191/song_package.yaml,gold,0.7756563245823391,0.081145584725537
10010bc1fd0a3adb,data/Los-Angeles-MIDI/LOCAL_LAMDA/Local_Lamda_midi/midi_guide/10010bc1fd0a3adb/song_package.yaml,gold,0.8582124352331613,0.007772020725388601
1045ac25f7d9f6c4,data/Los-Angeles-MIDI/LOCAL_LAMDA/Local_Lamda_midi/midi_guide/1045ac25f7d9f6c4/song_package.yaml,gold,0.8647969543147216,0.02284263959390863
10662ff03224d4d2,data/Los-Angeles-MIDI/LOCAL_LAMDA/Local_Lamda_midi/midi_guide/10662ff03224d4d2/song_package.yaml,gold,0.8382450331125825,0.009933774834437087
10724f9de66f0ba8,data/Los-Angeles-MIDI/LOCAL_LAMDA/Local_Lamda_midi/midi_guide/10724f9de66f0ba8/song_package.yaml,gold,0.7794035087719298,0.017543859649122806
113d21c9d0f1df61,data/Los-Angeles-MIDI/LOCAL_LAMDA/Local_Lamda_midi/midi_guide/113d21c9d0f1df61/song_package.yaml,silver,0.49197402597402595,0.33506493506493507
11179c3f16d7daad,data/Los-Angeles-MIDI/LOCAL_LAMDA/Local_Lamda_midi/midi_guide/11179c3f16d7daad/song_package.yaml,gold,0.6775247524752497,0.1782178217821782
1138a1fae0876528,data/Los-Angeles-MIDI/LOCAL_LAMDA/Local_Lamda_midi/midi_guide/1138a1fae0876528/song_package.yaml,gold,0.6531484502446981,0.0016313213703099511
114ca857e0485806,data/Los-Angeles-MIDI/LOCAL_LAMDA/Local_Lamda_midi/midi_guide/114ca857e0485806/song_package.yaml,gold,0.6813289760348578,0.19389978213507625
1156b2263ad704c1,data/Los-Angeles-MIDI/LOCAL_LAMDA/Local_Lamda_midi/midi_guide/1156b2263ad704c1/song_package.yaml,gold,0.7497108433734944,0.08072289156626505
11c7ed478546076d,data/Los-Angeles-MIDI/LOCAL_LAMDA/Local_Lamda_midi/midi_guide/11c7ed478546076d/song_package.yaml,gold,0.6784662576687115,0.003067484662576687
11940b7b29c0db13,data/Los-Angeles-MIDI/LOCAL_LAMDA/Local_Lamda_midi/midi_guide/11940b7b29c0db13/song_package.yaml,gold,0.703190476190476,0.007142857142857143
11c8e697550d1c81,data/Los-Angeles-MIDI/LOCAL_LAMDA/Local_Lamda_midi/midi_guide/11c8e697550d1c81/song_package.yaml,silver,0.5271694214876024,0.30991735537190085
11f9e8a977122ec1,data/Los-Angeles-MIDI/LOCAL_LAMDA/Local_Lamda_midi/midi_guide/11f9e8a977122ec1/song_package.yaml,silver,0.5125901639344272,0.3639344262295082
11e4b8a031fc5dff,data/Los-Angeles-MIDI/LOCAL_LAMDA/Local_Lamda_midi/midi_guide/11e4b8a031fc5dff/song_package.yaml,gold,0.775603799185893,0.05563093622795115
1220d5fd9e67a417,data/Los-Angeles-MIDI/LOCAL_LAMDA/Local_Lamda_midi/midi_guide/1220d5fd9e67a417/song_package.yaml,gold,0.8514111922141121,0.058394160583941604
12407b43685b6ccf,data/Los-Angeles-MIDI/LOCAL_LAMDA/Local_Lamda_midi/midi_guide/12407b43685b6ccf/song_package.yaml,gold,0.660695652173913,0.1681159420289855
1245fd1db77f9dff,data/Los-Angeles-MIDI/LOCAL_LAMDA/Local_Lamda_midi/midi_guide/1245fd1db77f9dff/song_package.yaml,gold,0.6802912621359241,0.18932038834951456
12d1e22daf754006,data/Los-Angeles-MIDI/LOCAL_LAMDA/Local_Lamda_midi/midi_guide/12d1e22daf754006/song_package.yaml,silver,0.5885049833887039,0.26578073089701
12a0d133325583d1,data/Los-Angeles-MIDI/LOCAL_LAMDA/Local_Lamda_midi/midi_guide/12a0d133325583d1/song_package.yaml,gold,0.8266272189349129,0.05621301775147929
12f5fef2a0e84c09,data/Los-Angeles-MIDI/LOCAL_LAMDA/Local_Lamda_midi/midi_guide/12f5fef2a0e84c09/song_package.yaml,gold,0.821995073891627,0.04187192118226601
1330a8ab4484d456,data/Los-Angeles-MIDI/LOCAL_LAMDA/Local_Lamda_midi/midi_guide/1330a8ab4484d456/song_package.yaml,gold,0.7772679045092828,0.1220159151193634
131c2b9304364055,data/Los-Angeles-MIDI/LOCAL_LAMDA/Local_Lamda_midi/midi_guide/131c2b9304364055/song_package.yaml,gold,0.7015721649484533,0.05412371134020619
137240fc2b233c7f,data/Los-Angeles-MIDI/LOCAL_LAMDA/Local_Lamda_midi/midi_guide/137240fc2b233c7f/song_package.yaml,silver,0.5628403755868544,0.38967136150234744
143a013f5a7946a1,data/Los-Angeles-MIDI/LOCAL_LAMDA/Local_Lamda_midi/midi_guide/143a013f5a7946a1/song_package.yaml,silver,0.5883461538461531,0.31153846153846154
1448b8f3d65f9d83,data/Los-Angeles-MIDI/LOCAL_LAMDA/Local_Lamda_midi/midi_guide/1448b8f3d65f9d83/song_package.yaml,silver,0.43728624535316,0.22676579925650558
13f95f609f8539f4,data/Los-Angeles-MIDI/LOCAL_LAMDA/Local_Lamda_midi/midi_guide/13f95f609f8539f4/song_package.yaml,gold,0.6456834532374095,0.050359712230215826
143d99b1d7179dfc,data/Los-Angeles-MIDI/LOCAL_LAMDA/Local_Lamda_midi/midi_guide/143d99b1d7179dfc/song_package.yaml,gold,0.8433080808080807,0.04040404040404041
14656318e71caa20,data/Los-Angeles-MIDI/LOCAL_LAMDA/Local_Lamda_midi/midi_guide/14656318e71caa20/song_package.yaml,gold,0.7827562642369028,0.0979498861047836
1465f12e53e3df61,data/Los-Angeles-MIDI/LOCAL_LAMDA/Local_Lamda_midi/midi_guide/1465f12e53e3df61/song_package.yaml,gold,0.7411547911547922,0.13267813267813267
1477c8af8d810ccc,data/Los-Angeles-MIDI/LOCAL_LAMDA/Local_Lamda_midi/midi_guide/1477c8af8d810ccc/song_package.yaml,gold,0.6199009900990083,0.027227722772277228
14de42167d68e969,data/Los-Angeles-MIDI/LOCAL_LAMDA/Local_Lamda_midi/midi_guide/14de42167d68e969/song_package.yaml,gold,0.8371948051948043,0.0025974025974025974
14d6ac85b5ef9bc3,data/Los-Angeles-MIDI/LOCAL_LAMDA/Local_Lamda_midi/midi_guide/14d6ac85b5ef9bc3/song_package.yaml,gold,0.7435074626865679,0.041044776119402986
152857216ba00396,data/Los-Angeles-MIDI/LOCAL_LAMDA/Local_Lamda_midi/midi_guide/152857216ba00396/song_package.yaml,gold,0.7953293413173655,0.041916167664670656
1564f0f937963019,data/Los-Angeles-MIDI/LOCAL_LAMDA/Local_Lamda_midi/midi_guide/1564f0f937963019/song_package.yaml,gold,0.7647950819672125,0.01639344262295082
152fd05c0e56bf56,data/Los-Angeles-MIDI/LOCAL_LAMDA/Local_Lamda_midi/midi_guide/152fd05c0e56bf56/song_package.yaml,gold,0.747676056338029,0.1643192488262911
15c3836854281783,data/Los-Angeles-MIDI/LOCAL_LAMDA/Local_Lamda_midi/midi_guide/15c3836854281783/song_package.yaml,gold,0.6891304347826064,0.0
15deb7a510630833,data/Los-Angeles-MIDI/LOCAL_LAMDA/Local_Lamda_midi/midi_guide/15deb7a510630833/song_package.yaml,gold,0.7578481012658214,0.05907172995780591
15d03d3d0e68a01c,data/Los-Angeles-MIDI/LOCAL_LAMDA/Local_Lamda_midi/midi_guide/15d03d3d0e68a01c/song_package.yaml,silver,0.47703431372549104,0.3553921568627451
1631508f7c9b22a7,data/Los-Angeles-MIDI/LOCAL_LAMDA/Local_Lamda_midi/midi_guide/1631508f7c9b22a7/song_package.yaml,gold,0.5573804100227784,0.10250569476082004
15f4964c4cc9e8cb,data/Los-Angeles-MIDI/LOCAL_LAMDA/Local_Lamda_midi/midi_guide/15f4964c4cc9e8cb/song_package.yaml,gold,0.7434426229508193,0.0
164b27caa554ebea,data/Los-Angeles-MIDI/LOCAL_LAMDA/Local_Lamda_midi/midi_guide/164b27caa554ebea/song_package.yaml,gold,0.8310714285714282,0.048701298701298704
16567312dcda72cd,data/Los-Angeles-MIDI/LOCAL_LAMDA/Local_Lamda_midi/midi_guide/16567312dcda72cd/song_package.yaml,silver,0.5919088319088307,0.3475783475783476
16993f4ebf0df238,data/Los-Angeles-MIDI/LOCAL_LAMDA/Local_Lamda_midi/midi_guide/16993f4ebf0df238/song_package.yaml,gold,0.813247863247863,0.042735042735042736
16c43e4d75fc0062,data/Los-Angeles-MIDI/LOCAL_LAMDA/Local_Lamda_midi/midi_guide/16c43e4d75fc0062/song_package.yaml,silver,0.6819274809160278,0.2862595419847328
16b26816234b13c3,data/Los-Angeles-MIDI/LOCAL_LAMDA/Local_Lamda_midi/midi_guide/16b26816234b13c3/song_package.yaml,gold,0.7672676056338028,0.14084507042253522
16d350bee4e64845,data/Los-Angeles-MIDI/LOCAL_LAMDA/Local_Lamda_midi/midi_guide/16d350bee4e64845/song_package.yaml,silver,0.47187499999999993,0.15625
17056024a1cf3113,data/Los-Angeles-MIDI/LOCAL_LAMDA/Local_Lamda_midi/midi_guide/17056024a1cf3113/song_package.yaml,gold,0.85406947890819,0.017369727047146403
17362bfc04dbb1d4,data/Los-Angeles-MIDI/LOCAL_LAMDA/Local_Lamda_midi/midi_guide/17362bfc04dbb1d4/song_package.yaml,gold,0.7203007518796981,0.12030075187969924
1721b23031b95b69,data/Los-Angeles-MIDI/LOCAL_LAMDA/Local_Lamda_midi/midi_guide/1721b23031b95b69/song_package.yaml,gold,0.5578980891719749,0.06050955414012739
173573dc77b2d59b,data/Los-Angeles-MIDI/LOCAL_LAMDA/Local_Lamda_midi/midi_guide/173573dc77b2d59b/song_package.yaml,gold,0.7605459770114947,0.11781609195402298
1749d025d0f9c882,data/Los-Angeles-MIDI/LOCAL_LAMDA/Local_Lamda_midi/midi_guide/1749d025d0f9c882/song_package.yaml,gold,0.8186617100371754,0.048327137546468404
17514d732ef8002a,data/Los-Angeles-MIDI/LOCAL_LAMDA/Local_Lamda_midi/midi_guide/17514d732ef8002a/song_package.yaml,gold,0.8477947598253283,0.06550218340611354
17736fa36b99987e,data/Los-Angeles-MIDI/LOCAL_LAMDA/Local_Lamda_midi/midi_guide/17736fa36b99987e/song_package.yaml,gold,0.7217408906882606,0.058704453441295545
176e89653b9b7e30,data/Los-Angeles-MIDI/LOCAL_LAMDA/Local_Lamda_midi/midi_guide/176e89653b9b7e30/song_package.yaml,gold,0.863013698630137,0.0365296803652968
17a6ffd501b5d8db,data/Los-Angeles-MIDI/LOCAL_LAMDA/Local_Lamda_midi/midi_guide/17a6ffd501b5d8db/song_package.yaml,gold,0.8146078431372548,0.024509803921568627
17fd818310a9be0d,data/Los-Angeles-MIDI/LOCAL_LAMDA/Local_Lamda_midi/midi_guide/17fd818310a9be0d/song_package.yaml,gold,0.5813373253493015,0.1217564870259481
1835d0c09000ab49,data/Los-Angeles-MIDI/LOCAL_LAMDA/Local_Lamda_midi/midi_guide/1835d0c09000ab49/song_package.yaml,silver,0.551875,0.28125
183f5e554a7830f9,data/Los-Angeles-MIDI/LOCAL_LAMDA/Local_Lamda_midi/midi_guide/183f5e554a7830f9/song_package.yaml,gold,0.7736652542372883,0.13347457627118645
185e10fbf1748c13,data/Los-Angeles-MIDI/LOCAL_LAMDA/Local_Lamda_midi/midi_guide/185e10fbf1748c13/song_package.yaml,gold,0.5653846153846157,0.1794871794871795
189cf00e56efd358,data/Los-Angeles-MIDI/LOCAL_LAMDA/Local_Lamda_midi/midi_guide/189cf00e56efd358/song_package.yaml,silver,0.5527659574468083,0.2978723404255319
185353e3503f25db,data/Los-Angeles-MIDI/LOCAL_LAMDA/Local_Lamda_midi/midi_guide/185353e3503f25db/song_package.yaml,gold,0.7266062176165801,0.09067357512953368
18bc3df9430cb024,data/Los-Angeles-MIDI/LOCAL_LAMDA/Local_Lamda_midi/midi_guide/18bc3df9430cb024/song_package.yaml,gold,0.7319798657718113,0.1476510067114094
18d254da8997ad50,data/Los-Angeles-MIDI/LOCAL_LAMDA/Local_Lamda_midi/midi_guide/18d254da8997ad50/song_package.yaml,gold,0.7647390396659715,0.014613778705636743
18c5751a75ef566e,data/Los-Angeles-MIDI/LOCAL_LAMDA/Local_Lamda_midi/midi_guide/18c5751a75ef566e/song_package.yaml,gold,0.6158522727272724,0.09375
192c4a7fba9e2d56,data/Los-Angeles-MIDI/LOCAL_LAMDA/Local_Lamda_midi/midi_guide/192c4a7fba9e2d56/song_package.yaml,gold,0.7796245059288542,0.10474308300395258
19e62c0b18dea41a,data/Los-Angeles-MIDI/LOCAL_LAMDA/Local_Lamda_midi/midi_guide/19e62c0b18dea41a/song_package.yaml,gold,0.7861218836565091,0.10249307479224377
19a62367dddd0bb8,data/Los-Angeles-MIDI/LOCAL_LAMDA/Local_Lamda_midi/midi_guide/19a62367dddd0bb8/song_package.yaml,gold,0.7975348837209297,0.018604651162790697
19e9976510a244f4,data/Los-Angeles-MIDI/LOCAL_LAMDA/Local_Lamda_midi/midi_guide/19e9976510a244f4/song_package.yaml,gold,0.7740530303030302,0.022727272727272728
19d328340b913fc4,data/Los-Angeles-MIDI/LOCAL_LAMDA/Local_Lamda_midi/midi_guide/19d328340b913fc4/song_package.yaml,silver,0.5889766606822257,0.2459605026929982
1a11426fa8cfe785,data/Los-Angeles-MIDI/LOCAL_LAMDA/Local_Lamda_midi/midi_guide/1a11426fa8cfe785/song_package.yaml,gold,0.6317039106145256,0.0
1a7c130038a06ebd,data/Los-Angeles-MIDI/LOCAL_LAMDA/Local_Lamda_midi/midi_guide/1a7c130038a06ebd/song_package.yaml,gold,0.5992432432432435,0.04594594594594595
1aa5d2f269b02ed1,data/Los-Angeles-MIDI/LOCAL_LAMDA/Local_Lamda_midi/midi_guide/1aa5d2f269b02ed1/song_package.yaml,silver,0.548348214285712,0.3392857142857143
1ab0ba2fefabc8dc,data/Los-Angeles-MIDI/LOCAL_LAMDA/Local_Lamda_midi/midi_guide/1ab0ba2fefabc8dc/song_package.yaml,gold,0.6050578034682069,0.13872832369942195
1ad396b91ec5ccdb,data/Los-Angeles-MIDI/LOCAL_LAMDA/Local_Lamda_midi/midi_guide/1ad396b91ec5ccdb/song_package.yaml,silver,0.6455421686746975,0.23373493975903614
1ad9d7bd51f7df08,data/Los-Angeles-MIDI/LOCAL_LAMDA/Local_Lamda_midi/midi_guide/1ad9d7bd51f7df08/song_package.yaml,gold,0.7316971279373357,0.13315926892950392
1aba82a1aa9e5cea,data/Los-Angeles-MIDI/LOCAL_LAMDA/Local_Lamda_midi/midi_guide/1aba82a1aa9e5cea/song_package.yaml,gold,0.8229925187032417,0.00997506234413965
1ae084ff6255c917,data/Los-Angeles-MIDI/LOCAL_LAMDA/Local_Lamda_midi/midi_guide/1ae084ff6255c917/song_package.yaml,silver,0.5151336898395754,0.3877005347593583
1ad5a09daf6bca3d,data/Los-Angeles-MIDI/LOCAL_LAMDA/Local_Lamda_midi/midi_guide/1ad5a09daf6bca3d/song_package.yaml,gold,0.5030641330166266,0.17814726840855108
1ae4c9f5d9871d66,data/Los-Angeles-MIDI/LOCAL_LAMDA/Local_Lamda_midi/midi_guide/1ae4c9f5d9871d66/song_package.yaml,gold,0.7709245742092458,0.072992700729927
1afe50fd580f07d4,data/Los-Angeles-MIDI/LOCAL_LAMDA/Local_Lamda_midi/midi_guide/1afe50fd580f07d4/song_package.yaml,gold,0.7108213552361377,0.11704312114989733
1ae6c7557969d1e8,data/Los-Angeles-MIDI/LOCAL_LAMDA/Local_Lamda_midi/midi_guide/1ae6c7557969d1e8/song_package.yaml,gold,0.7023809523809519,0.003401360544217687
1b1a56926aa63c30,data/Los-Angeles-MIDI/LOCAL_LAMDA/Local_Lamda_midi/midi_guide/1b1a56926aa63c30/song_package.yaml,gold,0.8740557275541813,0.04024767801857585
1b29804e74a34b49,data/Los-Angeles-MIDI/LOCAL_LAMDA/Local_Lamda_midi/midi_guide/1b29804e74a34b49/song_package.yaml,gold,0.7175958188153321,0.03484320557491289
1b322f22a684aa7b,data/Los-Angeles-MIDI/LOCAL_LAMDA/Local_Lamda_midi/midi_guide/1b322f22a684aa7b/song_package.yaml,gold,0.6755863539445628,0.1023454157782516
1b5bb4125321689b,data/Los-Angeles-MIDI/LOCAL_LAMDA/Local_Lamda_midi/midi_guide/1b5bb4125321689b/song_package.yaml,gold,0.570300925925925,0.18287037037037038
1b595689396d9fb4,data/Los-Angeles-MIDI/LOCAL_LAMDA/Local_Lamda_midi/midi_guide/1b595689396d9fb4/song_package.yaml,gold,0.7483363148479444,0.04830053667262969
1bde4b689c0d8e8b,data/Los-Angeles-MIDI/LOCAL_LAMDA/Local_Lamda_midi/midi_guide/1bde4b689c0d8e8b/song_package.yaml,silver,0.5766528925619835,0.39669421487603307
1c077e7250e10458,data/Los-Angeles-MIDI/LOCAL_LAMDA/Local_Lamda_midi/midi_guide/1c077e7250e10458/song_package.yaml,silver,0.681017964071855,0.25748502994011974
1c464fb041737c0c,data/Los-Angeles-MIDI/LOCAL_LAMDA/Local_Lamda_midi/midi_guide/1c464fb041737c0c/song_package.yaml,gold,0.7834355828220857,0.015337423312883436
1bd74aed1b325b97,data/Los-Angeles-MIDI/LOCAL_LAMDA/Local_Lamda_midi/midi_guide/1bd74aed1b325b97/song_package.yaml,silver,0.6248169014084509,0.3295774647887324
1c73680f805b6107,data/Los-Angeles-MIDI/LOCAL_LAMDA/Local_Lamda_midi/midi_guide/1c73680f805b6107/song_package.yaml,silver,0.5282439024390239,0.36585365853658536
1c4b757e85e8108d,data/Los-Angeles-MIDI/LOCAL_LAMDA/Local_Lamda_midi/midi_guide/1c4b757e85e8108d/song_package.yaml,gold,0.8476045627376427,0.03802281368821293
1c4e1d23f34b6231,data/Los-Angeles-MIDI/LOCAL_LAMDA/Local_Lamda_midi/midi_guide/1c4e1d23f34b6231/song_package.yaml,gold,0.8151822916666677,0.036458333333333336
1c95d612dcca466e,data/Los-Angeles-MIDI/LOCAL_LAMDA/Local_Lamda_midi/midi_guide/1c95d612dcca466e/song_package.yaml,gold,0.8216618075801756,0.023323615160349854
1c8bd2f57a4bba9c,data/Los-Angeles-MIDI/LOCAL_LAMDA/Local_Lamda_midi/midi_guide/1c8bd2f57a4bba9c/song_package.yaml,silver,0.574277108433738,0.39457831325301207
1cd73bae05092864,data/Los-Angeles-MIDI/LOCAL_LAMDA/Local_Lamda_midi/midi_guide/1cd73bae05092864/song_package.yaml,silver,0.5782142857142858,0.25
1c9d7d0962ced3f3,data/Los-Angeles-MIDI/LOCAL_LAMDA/Local_Lamda_midi/midi_guide/1c9d7d0962ced3f3/song_package.yaml,gold,0.6683406113537118,0.004366812227074236
1cf5017e6fe20c14,data/Los-Angeles-MIDI/LOCAL_LAMDA/Local_Lamda_midi/midi_guide/1cf5017e6fe20c14/song_package.yaml,gold,0.8531534090909086,0.019886363636363636
1d1b2afc3ed8deb7,data/Los-Angeles-MIDI/LOCAL_LAMDA/Local_Lamda_midi/midi_guide/1d1b2afc3ed8deb7/song_package.yaml,gold,0.8612051282051286,0.01282051282051282
1d362e636aee90b5,data/Los-Angeles-MIDI/LOCAL_LAMDA/Local_Lamda_midi/midi_guide/1d362e636aee90b5/song_package.yaml,gold,0.7610344827586202,0.09359605911330049
1d8928d4592ffcf4,data/Los-Angeles-MIDI/LOCAL_LAMDA/Local_Lamda_midi/midi_guide/1d8928d4592ffcf4/song_package.yaml,gold,0.7589018691588794,0.035046728971962614
1db44bcafed21ce5,data/Los-Angeles-MIDI/LOCAL_LAMDA/Local_Lamda_midi/midi_guide/1db44bcafed21ce5/song_package.yaml,gold,0.898199233716476,0.0038314176245210726
1d018d4c7b82344a,data/Los-Angeles-MIDI/LOCAL_LAMDA/Local_Lamda_midi/midi_guide/1d018d4c7b82344a/song_package.yaml,silver,0.5334771573604052,0.2017766497461929
1d9566cc2e095c44,data/Los-Angeles-MIDI/LOCAL_LAMDA/Local_Lamda_midi/midi_guide/1d9566cc2e095c44/song_package.yaml,gold,0.8085995085995084,0.0687960687960688
1e160deb927df43e,data/Los-Angeles-MIDI/LOCAL_LAMDA/Local_Lamda_midi/midi_guide/1e160deb927df43e/song_package.yaml,gold,0.756884615384617,0.13076923076923078
1e36b2085929fe0d,data/Los-Angeles-MIDI/LOCAL_LAMDA/Local_Lamda_midi/midi_guide/1e36b2085929fe0d/song_package.yaml,silver,0.5646948356807514,0.28169014084507044
1dfea146cb89d586,data/Los-Angeles-MIDI/LOCAL_LAMDA/Local_Lamda_midi/midi_guide/1dfea146cb89d586/song_package.yaml,gold,0.7969897959183674,0.02806122448979592
1dc4d34c15491b6a,data/Los-Angeles-MIDI/LOCAL_LAMDA/Local_Lamda_midi/midi_guide/1dc4d34c15491b6a/song_package.yaml,gold,0.799149425287356,0.059770114942528735
1e19ba76ff590bc8,data/Los-Angeles-MIDI/LOCAL_LAMDA/Local_Lamda_midi/midi_guide/1e19ba76ff590bc8/song_package.yaml,gold,0.6349839228295819,0.06109324758842444
1e32d774faa1d9b2,data/Los-Angeles-MIDI/LOCAL_LAMDA/Local_Lamda_midi/midi_guide/1e32d774faa1d9b2/song_package.yaml,gold,0.8130043859649115,0.1337719298245614
1e4aa2b4a362af38,data/Los-Angeles-MIDI/LOCAL_LAMDA/Local_Lamda_midi/midi_guide/1e4aa2b4a362af38/song_package.yaml,silver,0.48294736842105274,0.16631578947368422
1e512ae7f599517d,data/Los-Angeles-MIDI/LOCAL_LAMDA/Local_Lamda_midi/midi_guide/1e512ae7f599517d/song_package.yaml,silver,0.5605970149253734,0.35607675906183367
1e82f322d356e925,data/Los-Angeles-MIDI/LOCAL_LAMDA/Local_Lamda_midi/midi_guide/1e82f322d356e925/song_package.yaml,gold,0.7373469387755103,0.0663265306122449
1ef588d657c94d50,data/Los-Angeles-MIDI/LOCAL_LAMDA/Local_Lamda_midi/midi_guide/1ef588d657c94d50/song_package.yaml,gold,0.7848086124401937,0.10047846889952153
1eb1fec1a92d0b57,data/Los-Angeles-MIDI/LOCAL_LAMDA/Local_Lamda_midi/midi_guide/1eb1fec1a92d0b57/song_package.yaml,gold,0.5228761061946902,0.061946902654867256
1e7a2be36e643c72,data/Los-Angeles-MIDI/LOCAL_LAMDA/Local_Lamda_midi/midi_guide/1e7a2be36e643c72/song_package.yaml,gold,0.8004054054054053,0.08108108108108109
1ef16a847b92792f,data/Los-Angeles-MIDI/LOCAL_LAMDA/Local_Lamda_midi/midi_guide/1ef16a847b92792f/song_package.yaml,gold,0.7097035573122566,0.17984189723320157
1f50e89d128dcc69,data/Los-Angeles-MIDI/LOCAL_LAMDA/Local_Lamda_midi/midi_guide/1f50e89d128dcc69/song_package.yaml,gold,0.7523980815347727,0.004796163069544364
1f5e1bae06855bdf,data/Los-Angeles-MIDI/LOCAL_LAMDA/Local_Lamda_midi/midi_guide/1f5e1bae06855bdf/song_package.yaml,silver,0.5336182336182317,0.33903133903133903
1f259fcf0204fdf2,data/Los-Angeles-MIDI/LOCAL_LAMDA/Local_Lamda_midi/midi_guide/1f259fcf0204fdf2/song_package.yaml,gold,0.6702621722846445,0.0299625468164794
1f3edb5b4c622510,data/Los-Angeles-MIDI/LOCAL_LAMDA/Local_Lamda_midi/midi_guide/1f3edb5b4c622510/song_package.yaml,gold,0.763656884875849,0.1489841986455982
1f8e68f84a7c031f,data/Los-Angeles-MIDI/LOCAL_LAMDA/Local_Lamda_midi/midi_guide/1f8e68f84a7c031f/song_package.yaml,silver,0.6497188755020079,0.27309236947791166
1f9715682cbc568b,data/Los-Angeles-MIDI/LOCAL_LAMDA/Local_Lamda_midi/midi_guide/1f9715682cbc568b/song_package.yaml,gold,0.8526170798898071,0.02203856749311295
1f9309ed323d075b,data/Los-Angeles-MIDI/LOCAL_LAMDA/Local_Lamda_midi/midi_guide/1f9309ed323d075b/song_package.yaml,gold,0.878630952380954,0.002976190476190476
1f611b833db85a80,data/Los-Angeles-MIDI/LOCAL_LAMDA/Local_Lamda_midi/midi_guide/1f611b833db85a80/song_package.yaml,gold,0.8568611111111109,0.05277777777777778
1f63248f4fea16da,data/Los-Angeles-MIDI/LOCAL_LAMDA/Local_Lamda_midi/midi_guide/1f63248f4fea16da/song_package.yaml,silver,0.556794871794873,0.38675213675213677
1fd4894d743499f3,data/Los-Angeles-MIDI/LOCAL_LAMDA/Local_Lamda_midi/midi_guide/1fd4894d743499f3/song_package.yaml,gold,0.7900909090909096,0.09318181818181819
203dd6a0a88d54fa,data/Los-Angeles-MIDI/LOCAL_LAMDA/Local_Lamda_midi/midi_guide/203dd6a0a88d54fa/song_package.yaml,gold,0.7429205607476653,0.16121495327102803
2071e519cd0523c8,data/Los-Angeles-MIDI/LOCAL_LAMDA/Local_Lamda_midi/midi_guide/2071e519cd0523c8/song_package.yaml,gold,0.7512598425196854,0.13910761154855644
20a3f5285c001a4f,data/Los-Angeles-MIDI/LOCAL_LAMDA/Local_Lamda_midi/midi_guide/20a3f5285c001a4f/song_package.yaml,gold,0.621549815498155,0.15682656826568267
20cb08dd60eebede,data/Los-Angeles-MIDI/LOCAL_LAMDA/Local_Lamda_midi/midi_guide/20cb08dd60eebede/song_package.yaml,gold,0.8252336448598129,0.0514018691588785
201eda695c0a9984,data/Los-Angeles-MIDI/LOCAL_LAMDA/Local_Lamda_midi/midi_guide/201eda695c0a9984/song_package.yaml,gold,0.7169482288828347,0.18119891008174388
20cd95bda26e872f,data/Los-Angeles-MIDI/LOCAL_LAMDA/Local_Lamda_midi/midi_guide/20cd95bda26e872f/song_package.yaml,gold,0.8090773067331675,0.0199501246882793
20febe60f8da3c7e,data/Los-Angeles-MIDI/LOCAL_LAMDA/Local_Lamda_midi/midi_guide/20febe60f8da3c7e/song_package.yaml,silver,0.4716450216450215,0.14285714285714285
2067e975d16e85a6,data/Los-Angeles-MIDI/LOCAL_LAMDA/Local_Lamda_midi/midi_guide/2067e975d16e85a6/song_package.yaml,gold,0.791789282470471,0.022706630336058128
2115e248a47deff7,data/Los-Angeles-MIDI/LOCAL_LAMDA/Local_Lamda_midi/midi_guide/2115e248a47deff7/song_package.yaml,gold,0.7456249999999996,0.09782608695652174
210531fe631c2b6e,data/Los-Angeles-MIDI/LOCAL_LAMDA/Local_Lamda_midi/midi_guide/210531fe631c2b6e/song_package.yaml,silver,0.48710601719197755,0.3495702005730659
21423a815c6288b8,data/Los-Angeles-MIDI/LOCAL_LAMDA/Local_Lamda_midi/midi_guide/21423a815c6288b8/song_package.yaml,gold,0.6469026548672574,0.16224188790560473
214e965d3ac39fb5,data/Los-Angeles-MIDI/LOCAL_LAMDA/Local_Lamda_midi/midi_guide/214e965d3ac39fb5/song_package.yaml,gold,0.894470198675497,0.009933774834437087
21b1c44574b20131,data/Los-Angeles-MIDI/LOCAL_LAMDA/Local_Lamda_midi/midi_guide/21b1c44574b20131/song_package.yaml,gold,0.7377871148459378,0.036414565826330535
219b9c3441d5e1a1,data/Los-Angeles-MIDI/LOCAL_LAMDA/Local_Lamda_midi/midi_guide/219b9c3441d5e1a1/song_package.yaml,gold,0.6488809946714023,0.08348134991119005
21d62c26160d785b,data/Los-Angeles-MIDI/LOCAL_LAMDA/Local_Lamda_midi/midi_guide/21d62c26160d785b/song_package.yaml,gold,0.8510443864229775,0.013054830287206266
21e656c3292b2a5b,data/Los-Angeles-MIDI/LOCAL_LAMDA/Local_Lamda_midi/midi_guide/21e656c3292b2a5b/song_package.yaml,gold,0.7485789473684218,0.07631578947368421
2210ebfa337e591a,data/Los-Angeles-MIDI/LOCAL_LAMDA/Local_Lamda_midi/midi_guide/2210ebfa337e591a/song_package.yaml,gold,0.7730468750000004,0.11458333333333333
220f4484d318fbf7,data/Los-Angeles-MIDI/LOCAL_LAMDA/Local_Lamda_midi/midi_guide/220f4484d318fbf7/song_package.yaml,gold,0.834613402061856,0.02577319587628866
2218626bc4927cfb,data/Los-Angeles-MIDI/LOCAL_LAMDA/Local_Lamda_midi/midi_guide/2218626bc4927cfb/song_package.yaml,gold,0.6814657980456024,0.0
2222293c3436ae70,data/Los-Angeles-MIDI/LOCAL_LAMDA/Local_Lamda_midi/midi_guide/2222293c3436ae70/song_package.yaml,silver,0.5215873015873016,0.2619047619047619
22174d1017b903af,data/Los-Angeles-MIDI/LOCAL_LAMDA/Local_Lamda_midi/midi_guide/22174d1017b903af/song_package.yaml,gold,0.8096969696969692,0.05555555555555555
223959e3601cd166,data/Los-Angeles-MIDI/LOCAL_LAMDA/Local_Lamda_midi/midi_guide/223959e3601cd166/song_package.yaml,gold,0.8715989159891604,0.01084010840108401
227fe9f050191bcc,data/Los-Angeles-MIDI/LOCAL_LAMDA/Local_Lamda_midi/midi_guide/227fe9f050191bcc/song_package.yaml,gold,0.8377445109780438,0.059880239520958084
2202cd6a9937ac3c,data/Los-Angeles-MIDI/LOCAL_LAMDA/Local_Lamda_midi/midi_guide/2202cd6a9937ac3c/song_package.yaml,silver,0.723493877551019,0.24489795918367346
228b694024e0bedf,data/Los-Angeles-MIDI/LOCAL_LAMDA/Local_Lamda_midi/midi_guide/228b694024e0bedf/song_package.yaml,gold,0.8007017543859669,0.14285714285714285
22edd0f1f12e1d7d,data/Los-Angeles-MIDI/LOCAL_LAMDA/Local_Lamda_midi/midi_guide/22edd0f1f12e1d7d/song_package.yaml,gold,0.8884393063583829,0.02023121387283237
2306c9759c53dbd8,data/Los-Angeles-MIDI/LOCAL_LAMDA/Local_Lamda_midi/midi_guide/2306c9759c53dbd8/song_package.yaml,gold,0.7907566462167689,0.10633946830265849
2357eaf1140aa27e,data/Los-Angeles-MIDI/LOCAL_LAMDA/Local_Lamda_midi/midi_guide/2357eaf1140aa27e/song_package.yaml,gold,0.8139111111111109,0.06222222222222222
2320fce218d12c29,data/Los-Angeles-MIDI/LOCAL_LAMDA/Local_Lamda_midi/midi_guide/2320fce218d12c29/song_package.yaml,silver,0.5569154228855717,0.25870646766169153
240e4c6b55281835,data/Los-Angeles-MIDI/LOCAL_LAMDA/Local_Lamda_midi/midi_guide/240e4c6b55281835/song_package.yaml,gold,0.7519000000000011,0.02666666666666667
2406ff0132ea9c72,data/Los-Angeles-MIDI/LOCAL_LAMDA/Local_Lamda_midi/midi_guide/2406ff0132ea9c72/song_package.yaml,gold,0.8096897374701663,0.05489260143198091
23f9b06e52a616b7,data/Los-Angeles-MIDI/LOCAL_LAMDA/Local_Lamda_midi/midi_guide/23f9b06e52a616b7/song_package.yaml,gold,0.675369318181819,0.02556818181818182
2427c907282e9106,data/Los-Angeles-MIDI/LOCAL_LAMDA/Local_Lamda_midi/midi_guide/2427c907282e9106/song_package.yaml,silver,0.5909606986899559,0.3537117903930131
2471d60a69384e91,data/Los-Angeles-MIDI/LOCAL_LAMDA/Local_Lamda_midi/midi_guide/2471d60a69384e91/song_package.yaml,gold,0.767073863636363,0.1278409090909091
249ac23b9d7421f5,data/Los-Angeles-MIDI/LOCAL_LAMDA/Local_Lamda_midi/midi_guide/249ac23b9d7421f5/song_package.yaml,silver,0.6554687500000006,0.20758928571428573
24a6fe8d44cfccff,data/Los-Angeles-MIDI/LOCAL_LAMDA/Local_Lamda_midi/midi_guide/24a6fe8d44cfccff/song_package.yaml,gold,0.7858085808580829,0.0297029702970297
24a471ab9c3b8546,data/Los-Angeles-MIDI/LOCAL_LAMDA/Local_Lamda_midi/midi_guide/24a471ab9c3b8546/song_package.yaml,gold,0.795544554455445,0.009900990099009901
24bc0e6a4289600c,data/Los-Angeles-MIDI/LOCAL_LAMDA/Local_Lamda_midi/midi_guide/24bc0e6a4289600c/song_package.yaml,gold,0.7870028011204486,0.06442577030812324
24dd88ae273c38d5,data/Los-Angeles-MIDI/LOCAL_LAMDA/Local_Lamda_midi/midi_guide/24dd88ae273c38d5/song_package.yaml,gold,0.7392612612612609,0.055855855855855854
25325fdebfe61e8f,data/Los-Angeles-MIDI/LOCAL_LAMDA/Local_Lamda_midi/midi_guide/25325fdebfe61e8f/song_package.yaml,gold,0.8040724946695103,0.09808102345415778
252f965fcaaa2a7f,data/Los-Angeles-MIDI/LOCAL_LAMDA/Local_Lamda_midi/midi_guide/252f965fcaaa2a7f/song_package.yaml,gold,0.8448255813953497,0.023255813953488372
2589bbeabc66018c,data/Los-Angeles-MIDI/LOCAL_LAMDA/Local_Lamda_midi/midi_guide/2589bbeabc66018c/song_package.yaml,gold,0.837784090909091,0.014204545454545454
25841f064c20073b,data/Los-Angeles-MIDI/LOCAL_LAMDA/Local_Lamda_midi/midi_guide/25841f064c20073b/song_package.yaml,gold,0.7583109404990421,0.1324376199616123
25c75259f81c092f,data/Los-Angeles-MIDI/LOCAL_LAMDA/Local_Lamda_midi/midi_guide/25c75259f81c092f/song_package.yaml,gold,0.7659289617486326,0.14754098360655737
25d9a65594ec7df1,data/Los-Angeles-MIDI/LOCAL_LAMDA/Local_Lamda_midi/midi_guide/25d9a65594ec7df1/song_package.yaml,silver,0.5683809523809524,0.3523809523809524
25b63dbfc68244c6,data/Los-Angeles-MIDI/LOCAL_LAMDA/Local_Lamda_midi/midi_guide/25b63dbfc68244c6/song_package.yaml,silver,0.5879942693409751,0.27793696275071633
25b50fdbca0f016e,data/Los-Angeles-MIDI/LOCAL_LAMDA/Local_Lamda_midi/midi_guide/25b50fdbca0f016e/song_package.yaml,gold,0.7192366412213756,0.1628498727735369
25927b70234cb1d1,data/Los-Angeles-MIDI/LOCAL_LAMDA/Local_Lamda_midi/midi_guide/25927b70234cb1d1/song_package.yaml,gold,0.8402827763496151,0.02313624678663239
25e4a9add16fd94a,data/Los-Angeles-MIDI/LOCAL_LAMDA/Local_Lamda_midi/midi_guide/25e4a9add16fd94a/song_package.yaml,gold,0.7838563829787237,0.0
25ec75be03e6400a,data/Los-Angeles-MIDI/LOCAL_LAMDA/Local_Lamda_midi/midi_guide/25ec75be03e6400a/song_package.yaml,gold,0.7524935064935064,0.09350649350649351
264ef533889bb308,data/Los-Angeles-MIDI/LOCAL_LAMDA/Local_Lamda_midi/midi_guide/264ef533889bb308/song_package.yaml,silver,0.5173076923076921,0.21634615384615385
2631daf743833361,data/Los-Angeles-MIDI/LOCAL_LAMDA/Local_Lamda_midi/midi_guide/2631daf743833361/song_package.yaml,gold,0.7536625514403289,0.012345679012345678
263cfe3620391f5e,data/Los-Angeles-MIDI/LOCAL_LAMDA/Local_Lamda_midi/midi_guide/263cfe3620391f5e/song_package.yaml,gold,0.6765940054495909,0.16621253405994552
2647bf52639d0924,data/Los-Angeles-MIDI/LOCAL_LAMDA/Local_Lamda_midi/midi_guide/2647bf52639d0924/song_package.yaml,gold,0.8149014778325128,0.054187192118226604
26788c11a4f2ae15,data/Los-Angeles-MIDI/LOCAL_LAMDA/Local_Lamda_midi/midi_guide/26788c11a4f2ae15/song_package.yaml,gold,0.8211979166666667,0.03125
26cb2e75237b0694,data/Los-Angeles-MIDI/LOCAL_LAMDA/Local_Lamda_midi/midi_guide/26cb2e75237b0694/song_package.yaml,silver,0.4779999999999994,0.36
271f4b82c7de3f14,data/Los-Angeles-MIDI/LOCAL_LAMDA/Local_Lamda_midi/midi_guide/271f4b82c7de3f14/song_package.yaml,silver,0.5994144144144163,0.3153153153153153
2751f03ab4dd3d09,data/Los-Angeles-MIDI/LOCAL_LAMDA/Local_Lamda_midi/midi_guide/2751f03ab4dd3d09/song_package.yaml,gold,0.8862812500000004,0.01875
2738549574d7a9e1,data/Los-Angeles-MIDI/LOCAL_LAMDA/Local_Lamda_midi/midi_guide/2738549574d7a9e1/song_package.yaml,gold,0.7697846889952149,0.06698564593301436
279f86f4e00b7e2a,data/Los-Angeles-MIDI/LOCAL_LAMDA/Local_Lamda_midi/midi_guide/279f86f4e00b7e2a/song_package.yaml,gold,0.7839031339031342,0.07122507122507123
27f2f6493570ab5b,data/Los-Angeles-MIDI/LOCAL_LAMDA/Local_Lamda_midi/midi_guide/27f2f6493570ab5b/song_package.yaml,gold,0.8498498498498499,0.012012012012012012
27d10aeb8c1aeb18,data/Los-Angeles-MIDI/LOCAL_LAMDA/Local_Lamda_midi/midi_guide/27d10aeb8c1aeb18/song_package.yaml,silver,0.6834817813765187,0.2874493927125506
27f53ccfdc3f9d04,data/Los-Angeles-MIDI/LOCAL_LAMDA/Local_Lamda_midi/midi_guide/27f53ccfdc3f9d04/song_package.yaml,silver,0.5860714285714279,0.3516483516483517
27c056543f1f3989,data/Los-Angeles-MIDI/LOCAL_LAMDA/Local_Lamda_midi/midi_guide/27c056543f1f3989/song_package.yaml,silver,0.6725432098765463,0.2765432098765432
27553c6f99fe788e,data/Los-Angeles-MIDI/LOCAL_LAMDA/Local_Lamda_midi/midi_guide/27553c6f99fe788e/song_package.yaml,gold,0.800355987055018,0.045307443365695796
27f1ec079ed3b7a2,data/Los-Angeles-MIDI/LOCAL_LAMDA/Local_Lamda_midi/midi_guide/27f1ec079ed3b7a2/song_package.yaml,gold,0.756521739130434,0.14009661835748793
2845227663703a3e,data/Los-Angeles-MIDI/LOCAL_LAMDA/Local_Lamda_midi/midi_guide/2845227663703a3e/song_package.yaml,silver,0.6930073349633264,0.20293398533007334
2821584af1e5d23a,data/Los-Angeles-MIDI/LOCAL_LAMDA/Local_Lamda_midi/midi_guide/2821584af1e5d23a/song_package.yaml,gold,0.7213970588235303,0.14705882352941177
28556fa7c6d6c17f,data/Los-Angeles-MIDI/LOCAL_LAMDA/Local_Lamda_midi/midi_guide/28556fa7c6d6c17f/song_package.yaml,gold,0.7869623059866975,0.11529933481152993
289928962ac9d3fb,data/Los-Angeles-MIDI/LOCAL_LAMDA/Local_Lamda_midi/midi_guide/289928962ac9d3fb/song_package.yaml,gold,0.8047428571428558,0.07428571428571429
285855f419bc096e,data/Los-Angeles-MIDI/LOCAL_LAMDA/Local_Lamda_midi/midi_guide/285855f419bc096e/song_package.yaml,gold,0.817713625866051,0.053117782909930716
28c6ccbc528681f3,data/Los-Angeles-MIDI/LOCAL_LAMDA/Local_Lamda_midi/midi_guide/28c6ccbc528681f3/song_package.yaml,silver,0.6144604316546759,0.3669064748201439
28d4e61d11c33ca3,data/Los-Angeles-MIDI/LOCAL_LAMDA/Local_Lamda_midi/midi_guide/28d4e61d11c33ca3/song_package.yaml,gold,0.7533779264214043,0.0802675585284281
28ff18f65908d00e,data/Los-Angeles-MIDI/LOCAL_LAMDA/Local_Lamda_midi/midi_guide/28ff18f65908d00e/song_package.yaml,gold,0.8168478260869574,0.07065217391304347
293279891009ab22,data/Los-Angeles-MIDI/LOCAL_LAMDA/Local_Lamda_midi/midi_guide/293279891009ab22/song_package.yaml,gold,0.8430073349633257,0.019559902200488997
291d6b7689a6d4d8,data/Los-Angeles-MIDI/LOCAL_LAMDA/Local_Lamda_midi/midi_guide/291d6b7689a6d4d8/song_package.yaml,gold,0.7793581081081076,0.14189189189189189
29348441b0a7cb12,data/Los-Angeles-MIDI/LOCAL_LAMDA/Local_Lamda_midi/midi_guide/29348441b0a7cb12/song_package.yaml,silver,0.6010204081632657,0.2857142857142857
295525b928078750,data/Los-Angeles-MIDI/LOCAL_LAMDA/Local_Lamda_midi/midi_guide/295525b928078750/song_package.yaml,gold,0.8076315789473677,0.039473684210526314
292283306b0c38f2,data/Los-Angeles-MIDI/LOCAL_LAMDA/Local_Lamda_midi/midi_guide/292283306b0c38f2/song_package.yaml,gold,0.6855039637599096,0.072480181200453
298b31a525559766,data/Los-Angeles-MIDI/LOCAL_LAMDA/Local_Lamda_midi/midi_guide/298b31a525559766/song_package.yaml,gold,0.5551092896174852,0.19672131147540983
299d5287b7fe9474,data/Los-Angeles-MIDI/LOCAL_LAMDA/Local_Lamda_midi/midi_guide/299d5287b7fe9474/song_package.yaml,silver,0.533424657534245,0.2328767123287671
29a2a46c4ef42fe8,data/Los-Angeles-MIDI/LOCAL_LAMDA/Local_Lamda_midi/midi_guide/29a2a46c4ef42fe8/song_package.yaml,silver,0.5416666666666667,0.23423423423423423
29a8268ae45921f2,data/Los-Angeles-MIDI/LOCAL_LAMDA/Local_Lamda_midi/midi_guide/29a8268ae45921f2/song_package.yaml,gold,0.7800000000000006,0.09951456310679611
2997d0cdcc47471a,data/Los-Angeles-MIDI/LOCAL_LAMDA/Local_Lamda_midi/midi_guide/2997d0cdcc47471a/song_package.yaml,gold,0.8005555555555547,0.06111111111111111
2a124427511a1935,data/Los-Angeles-MIDI/LOCAL_LAMDA/Local_Lamda_midi/midi_guide/2a124427511a1935/song_package.yaml,gold,0.6265889212827989,0.014577259475218658
29a9bd50f02ce3ec,data/Los-Angeles-MIDI/LOCAL_LAMDA/Local_Lamda_midi/midi_guide/29a9bd50f02ce3ec/song_package.yaml,silver,0.7465039062499974,0.212890625
2a0c57e4c115e3e4,data/Los-Angeles-MIDI/LOCAL_LAMDA/Local_Lamda_midi/midi_guide/2a0c57e4c115e3e4/song_package.yaml,gold,0.818248175182483,0.043795620437956206
2a38e96b9b69cb68,data/Los-Angeles-MIDI/LOCAL_LAMDA/Local_Lamda_midi/midi_guide/2a38e96b9b69cb68/song_package.yaml,gold,0.602896174863388,0.13114754098360656
2a2ce4aaa734a76a,data/Los-Angeles-MIDI/LOCAL_LAMDA/Local_Lamda_midi/midi_guide/2a2ce4aaa734a76a/song_package.yaml,gold,0.8290909090909102,0.005050505050505051
2a5b47ec9c0a1708,data/Los-Angeles-MIDI/LOCAL_LAMDA/Local_Lamda_midi/midi_guide/2a5b47ec9c0a1708/song_package.yaml,gold,0.7381597222222209,0.07291666666666667
2a3cd916fe7bfeee,data/Los-Angeles-MIDI/LOCAL_LAMDA/Local_Lamda_midi/midi_guide/2a3cd916fe7bfeee/song_package.yaml,gold,0.7276073619631895,0.1165644171779141
2ae2740002f18847,data/Los-Angeles-MIDI/LOCAL_LAMDA/Local_Lamda_midi/midi_guide/2ae2740002f18847/song_package.yaml,gold,0.6746415094339624,0.13962264150943396
2a8f06244c660336,data/Los-Angeles-MIDI/LOCAL_LAMDA/Local_Lamda_midi/midi_guide/2a8f06244c660336/song_package.yaml,gold,0.7652682926829266,0.08780487804878048
2b11b12ebd1192ac,data/Los-Angeles-MIDI/LOCAL_LAMDA/Local_Lamda_midi/midi_guide/2b11b12ebd1192ac/song_package.yaml,gold,0.6065483870967736,0.14193548387096774
2b37bca8ea2397fc,data/Los-Angeles-MIDI/LOCAL_LAMDA/Local_Lamda_midi/midi_guide/2b37bca8ea2397fc/song_package.yaml,gold,0.6901176470588236,0.047058823529411764
2b5bec3043ae5f28,data/Los-Angeles-MIDI/LOCAL_LAMDA/Local_Lamda_midi/midi_guide/2b5bec3043ae5f28/song_package.yaml,silver,0.4270671378091876,0.38869257950530034
2b88f55aadc080a1,data/Los-Angeles-MIDI/LOCAL_LAMDA/Local_Lamda_midi/midi_guide/2b88f55aadc080a1/song_package.yaml,gold,0.681461716937355,0.009280742459396751
2bb2875a77114ce4,data/Los-Angeles-MIDI/LOCAL_LAMDA/Local_Lamda_midi/midi_guide/2bb2875a77114ce4/song_package.yaml,gold,0.8528313253012044,0.03313253012048193
2b9f44264cea4814,data/Los-Angeles-MIDI/LOCAL_LAMDA/Local_Lamda_midi/midi_guide/2b9f44264cea4814/song_package.yaml,silver,0.6031578947368428,0.3048245614035088
2bae9b853b089207,data/Los-Angeles-MIDI/LOCAL_LAMDA/Local_Lamda_midi/midi_guide/2bae9b853b089207/song_package.yaml,gold,0.807575757575758,0.0675990675990676
2bd42d46844683a2,data/Los-Angeles-MIDI/LOCAL_LAMDA/Local_Lamda_midi/midi_guide/2bd42d46844683a2/song_package.yaml,silver,0.6660627177700347,0.2578397212543554
2befc479db2d38bd,data/Los-Angeles-MIDI/LOCAL_LAMDA/Local_Lamda_midi/midi_guide/2befc479db2d38bd/song_package.yaml,gold,0.7895359628770304,0.10208816705336426
2bf201c42d7f27cb,data/Los-Angeles-MIDI/LOCAL_LAMDA/Local_Lamda_midi/midi_guide/2bf201c42d7f27cb/song_package.yaml,gold,0.8000316455696205,0.0
2bf8ac7016fd55f0,data/Los-Angeles-MIDI/LOCAL_LAMDA/Local_Lamda_midi/midi_guide/2bf8ac7016fd55f0/song_package.yaml,silver,0.5437226277372256,0.38686131386861317
2c06854951f1e90c,data/Los-Angeles-MIDI/LOCAL_LAMDA/Local_Lamda_midi/midi_guide/2c06854951f1e90c/song_package.yaml,gold,0.7077906976744177,0.12790697674418605
2c28ae544d9dfef9,data/Los-Angeles-MIDI/LOCAL_LAMDA/Local_Lamda_midi/midi_guide/2c28ae544d9dfef9/song_package.yaml,gold,0.774725,0.075
2c2aa07b861f3c36,data/Los-Angeles-MIDI/LOCAL_LAMDA/Local_Lamda_midi/midi_guide/2c2aa07b861f3c36/song_package.yaml,gold,0.6688442211055278,0.15577889447236182
2c51e2cfb993da7d,data/Los-Angeles-MIDI/LOCAL_LAMDA/Local_Lamda_midi/midi_guide/2c51e2cfb993da7d/song_package.yaml,gold,0.7956647398843929,0.046242774566473986
2c85138cd169dbd7,data/Los-Angeles-MIDI/LOCAL_LAMDA/Local_Lamda_midi/midi_guide/2c85138cd169dbd7/song_package.yaml,silver,0.5588727272727254,0.3927272727272727
2ce8c12c68d2d253,data/Los-Angeles-MIDI/LOCAL_LAMDA/Local_Lamda_midi/midi_guide/2ce8c12c68d2d253/song_package.yaml,gold,0.6095238095238091,0.12698412698412698
2d174ece93f405a8,data/Los-Angeles-MIDI/LOCAL_LAMDA/Local_Lamda_midi/midi_guide/2d174ece93f405a8/song_package.yaml,gold,0.8669585253456218,0.013824884792626729
2d13c7db4cb68e0e,data/Los-Angeles-MIDI/LOCAL_LAMDA/Local_Lamda_midi/midi_guide/2d13c7db4cb68e0e/song_package.yaml,gold,0.6465492957746475,0.02112676056338028
2cb5a6ab69021d55,data/Los-Angeles-MIDI/LOCAL_LAMDA/Local_Lamda_midi/midi_guide/2cb5a6ab69021d55/song_package.yaml,gold,0.7941955193482706,0.059063136456211814
2d5c28ed8ff0eb03,data/Los-Angeles-MIDI/LOCAL_LAMDA/Local_Lamda_midi/midi_guide/2d5c28ed8ff0eb03/song_package.yaml,gold,0.796666666666666,0.04424778761061947
2d70786e472d8a59,data/Los-Angeles-MIDI/LOCAL_LAMDA/Local_Lamda_midi/midi_guide/2d70786e472d8a59/song_package.yaml,silver,0.5027397260273974,0.3835616438356164
2d42449ed3245dbe,data/Los-Angeles-MIDI/LOCAL_LAMDA/Local_Lamda_midi/midi_guide/2d42449ed3245dbe/song_package.yaml,gold,0.5980515759312326,0.045845272206303724
2d79bdc8b38710f6,data/Los-Angeles-MIDI/LOCAL_LAMDA/Local_Lamda_midi/midi_guide/2d79bdc8b38710f6/song_package.yaml,gold,0.6341951219512196,0.13658536585365855
2d8b900ac46a5801,data/Los-Angeles-MIDI/LOCAL_LAMDA/Local_Lamda_midi/midi_guide/2d8b900ac46a5801/song_package.yaml,gold,0.7049999999999995,0.16272189349112426
2d92ce879eb46cef,data/Los-Angeles-MIDI/LOCAL_LAMDA/Local_Lamda_midi/midi_guide/2d92ce879eb46cef/song_package.yaml,gold,0.8611796246648797,0.021447721179624665
2d864e7277cf4753,data/Los-Angeles-MIDI/LOCAL_LAMDA/Local_Lamda_midi/midi_guide/2d864e7277cf4753/song_package.yaml,gold,0.8094567404426565,0.09859154929577464
2d97147f0e74310d,data/Los-Angeles-MIDI/LOCAL_LAMDA/Local_Lamda_midi/midi_guide/2d97147f0e74310d/song_package.yaml,gold,0.786117647058824,0.10823529411764705
2d9a71b2b38587eb,data/Los-Angeles-MIDI/LOCAL_LAMDA/Local_Lamda_midi/midi_guide/2d9a71b2b38587eb/song_package.yaml,gold,0.6745081967213105,0.18579234972677597
2dca6ca9b2e68fee,data/Los-Angeles-MIDI/LOCAL_LAMDA/Local_Lamda_midi/midi_guide/2dca6ca9b2e68fee/song_package.yaml,silver,0.49838095238095237,0.02857142857142857
2da1ceaa27fbaa1d,data/Los-Angeles-MIDI/LOCAL_LAMDA/Local_Lamda_midi/midi_guide/2da1ceaa27fbaa1d/song_package.yaml,gold,0.7194520547945186,0.15616438356164383
2dd8424736061765,data/Los-Angeles-MIDI/LOCAL_LAMDA/Local_Lamda_midi/midi_guide/2dd8424736061765/song_package.yaml,gold,0.7891666666666668,0.047619047619047616
2dde04c90c4a1a78,data/Los-Angeles-MIDI/LOCAL_LAMDA/Local_Lamda_midi/midi_guide/2dde04c90c4a1a78/song_package.yaml,gold,0.6342382812499996,0.076171875
2e327ea84eeb360c,data/Los-Angeles-MIDI/LOCAL_LAMDA/Local_Lamda_midi/midi_guide/2e327ea84eeb360c/song_package.yaml,gold,0.8362459546925558,0.032362459546925564
2e3e6df4b2222959,data/Los-Angeles-MIDI/LOCAL_LAMDA/Local_Lamda_midi/midi_guide/2e3e6df4b2222959/song_package.yaml,gold,0.7029807692307689,0.08653846153846154
2e3cfe3afc1dec3d,data/Los-Angeles-MIDI/LOCAL_LAMDA/Local_Lamda_midi/midi_guide/2e3cfe3afc1dec3d/song_package.yaml,gold,0.7989843749999986,0.0703125
2e51a8f18de181c6,data/Los-Angeles-MIDI/LOCAL_LAMDA/Local_Lamda_midi/midi_guide/2e51a8f18de181c6/song_package.yaml,gold,0.8169647696476959,0.013550135501355014
2e7a4e5d315fd814,data/Los-Angeles-MIDI/LOCAL_LAMDA/Local_Lamda_midi/midi_guide/2e7a4e5d315fd814/song_package.yaml,gold,0.7857069408740361,0.07712082262210797
2e80d960d025bc8d,data/Los-Angeles-MIDI/LOCAL_LAMDA/Local_Lamda_midi/midi_guide/2e80d960d025bc8d/song_package.yaml,gold,0.6584596577017094,0.15403422982885084
2e6407a3645911b4,data/Los-Angeles-MIDI/LOCAL_LAMDA/Local_Lamda_midi/midi_guide/2e6407a3645911b4/song_package.yaml,gold,0.7887622789783898,0.0
2ec6e6d18ca81b1b,data/Los-Angeles-MIDI/LOCAL_LAMDA/Local_Lamda_midi/midi_guide/2ec6e6d18ca81b1b/song_package.yaml,gold,0.7809218436873767,0.13627254509018036
2edca5ac2a75af4c,data/Los-Angeles-MIDI/LOCAL_LAMDA/Local_Lamda_midi/midi_guide/2edca5ac2a75af4c/song_package.yaml,gold,0.8313920454545459,0.048295454545454544
2f03d1b3e0b0df93,data/Los-Angeles-MIDI/LOCAL_LAMDA/Local_Lamda_midi/midi_guide/2f03d1b3e0b0df93/song_package.yaml,silver,0.47783132530120515,0.27309236947791166
2f32b7d472630c6c,data/Los-Angeles-MIDI/LOCAL_LAMDA/Local_Lamda_midi/midi_guide/2f32b7d472630c6c/song_package.yaml,silver,0.46942446043165487,0.19784172661870503
2ed9680a41b83b40,data/Los-Angeles-MIDI/LOCAL_LAMDA/Local_Lamda_midi/midi_guide/2ed9680a41b83b40/song_package.yaml,silver,0.7100434782608703,0.23695652173913043
2f60240b3ab2901a,data/Los-Angeles-MIDI/LOCAL_LAMDA/Local_Lamda_midi/midi_guide/2f60240b3ab2901a/song_package.yaml,silver,0.5581696428571429,0.3794642857142857
2ee27b249b22e765,data/Los-Angeles-MIDI/LOCAL_LAMDA/Local_Lamda_midi/midi_guide/2ee27b249b22e765/song_package.yaml,gold,0.7975221238938057,0.061946902654867256
2f3d0624320e055f,data/Los-Angeles-MIDI/LOCAL_LAMDA/Local_Lamda_midi/midi_guide/2f3d0624320e055f/song_package.yaml,gold,0.8347103274559196,0.06801007556675064
2fbab8bb66fd8c9d,data/Los-Angeles-MIDI/LOCAL_LAMDA/Local_Lamda_midi/midi_guide/2fbab8bb66fd8c9d/song_package.yaml,gold,0.8551139240506339,0.012658227848101266
2fe1eb3813930c15,data/Los-Angeles-MIDI/LOCAL_LAMDA/Local_Lamda_midi/midi_guide/2fe1eb3813930c15/song_package.yaml,gold,0.5746610169491524,0.1864406779661017
303d262bf840d887,data/Los-Angeles-MIDI/LOCAL_LAMDA/Local_Lamda_midi/midi_guide/303d262bf840d887/song_package.yaml,silver,0.4930366492146597,0.02617801047120419
300af786608c971d,data/Los-Angeles-MIDI/LOCAL_LAMDA/Local_Lamda_midi/midi_guide/300af786608c971d/song_package.yaml,silver,0.45242187500000003,0.3723958333333333
305e919021bcb692,data/Los-Angeles-MIDI/LOCAL_LAMDA/Local_Lamda_midi/midi_guide/305e919021bcb692/song_package.yaml,silver,0.4889473684210529,0.21403508771929824
3023edddaffdfcde,data/Los-Angeles-MIDI/LOCAL_LAMDA/Local_Lamda_midi/midi_guide/3023edddaffdfcde/song_package.yaml,gold,0.6961399548532731,0.14672686230248308
305a364c5d2999e7,data/Los-Angeles-MIDI/LOCAL_LAMDA/Local_Lamda_midi/midi_guide/305a364c5d2999e7/song_package.yaml,gold,0.7118095238095232,0.012698412698412698
30b09bd7c0698ef4,data/Los-Angeles-MIDI/LOCAL_LAMDA/Local_Lamda_midi/midi_guide/30b09bd7c0698ef4/song_package.yaml,gold,0.8629870129870134,0.006493506493506494
3141e2e61bf9d453,data/Los-Angeles-MIDI/LOCAL_LAMDA/Local_Lamda_midi/midi_guide/3141e2e61bf9d453/song_package.yaml,gold,0.8340833333333335,0.008333333333333333
3143dd265e3f17f3,data/Los-Angeles-MIDI/LOCAL_LAMDA/Local_Lamda_midi/midi_guide/3143dd265e3f17f3/song_package.yaml,gold,0.8044686648501335,0.08310626702997276
32370efd17897c3e,data/Los-Angeles-MIDI/LOCAL_LAMDA/Local_Lamda_midi/midi_guide/32370efd17897c3e/song_package.yaml,gold,0.8239929328621902,0.007067137809187279
3252016b3bbba597,data/Los-Angeles-MIDI/LOCAL_LAMDA/Local_Lamda_midi/midi_guide/3252016b3bbba597/song_package.yaml,gold,0.7978947368421047,0.055401662049861494
32537fab54a73f49,data/Los-Angeles-MIDI/LOCAL_LAMDA/Local_Lamda_midi/midi_guide/32537fab54a73f49/song_package.yaml,gold,0.7997953964194371,0.04603580562659847
31ccedcdc788dd04,data/Los-Angeles-MIDI/LOCAL_LAMDA/Local_Lamda_midi/midi_guide/31ccedcdc788dd04/song_package.yaml,gold,0.7424550898203579,0.020958083832335328
31ef04984c3c8841,data/Los-Angeles-MIDI/LOCAL_LAMDA/Local_Lamda_midi/midi_guide/31ef04984c3c8841/song_package.yaml,silver,0.5688947368421052,0.22894736842105262
324cd602dd507936,data/Los-Angeles-MIDI/LOCAL_LAMDA/Local_Lamda_midi/midi_guide/324cd602dd507936/song_package.yaml,gold,0.8048223350253806,0.04060913705583756
32a771285b53e167,data/Los-Angeles-MIDI/LOCAL_LAMDA/Local_Lamda_midi/midi_guide/32a771285b53e167/song_package.yaml,gold,0.8282674772036464,0.06382978723404255
320614edaf104089,data/Los-Angeles-MIDI/LOCAL_LAMDA/Local_Lamda_midi/midi_guide/320614edaf104089/song_package.yaml,gold,0.6804590163934426,0.006557377049180328
32bf9fb8e3083458,data/Los-Angeles-MIDI/LOCAL_LAMDA/Local_Lamda_midi/midi_guide/32bf9fb8e3083458/song_package.yaml,gold,0.8132044198895034,0.04143646408839779
3299acaa033453e9,data/Los-Angeles-MIDI/LOCAL_LAMDA/Local_Lamda_midi/midi_guide/3299acaa033453e9/song_package.yaml,gold,0.8395128205128204,0.06666666666666667
32e8745f04f73dab,data/Los-Angeles-MIDI/LOCAL_LAMDA/Local_Lamda_midi/midi_guide/32e8745f04f73dab/song_package.yaml,silver,0.6823432343234331,0.34983498349834985
32cb390d8715aace,data/Los-Angeles-MIDI/LOCAL_LAMDA/Local_Lamda_midi/midi_guide/32cb390d8715aace/song_package.yaml,gold,0.8560913705583757,0.04060913705583756
329543cb76226bad,data/Los-Angeles-MIDI/LOCAL_LAMDA/Local_Lamda_midi/midi_guide/329543cb76226bad/song_package.yaml,gold,0.7848299319727895,0.09297052154195011
32af1bcb4efbafc9,data/Los-Angeles-MIDI/LOCAL_LAMDA/Local_Lamda_midi/midi_guide/32af1bcb4efbafc9/song_package.yaml,gold,0.8574525745257467,0.005420054200542005
3349c0b1958468db,data/Los-Angeles-MIDI/LOCAL_LAMDA/Local_Lamda_midi/midi_guide/3349c0b1958468db/song_package.yaml,gold,0.7697394136807809,0.003257328990228013
335a3923300b376b,data/Los-Angeles-MIDI/LOCAL_LAMDA/Local_Lamda_midi/midi_guide/335a3923300b376b/song_package.yaml,gold,0.6734715025906736,0.0051813471502590676
33c8f006ee4af990,data/Los-Angeles-MIDI/LOCAL_LAMDA/Local_Lamda_midi/midi_guide/33c8f006ee4af990/song_package.yaml,silver,0.5438679245283018,0.2358490566037736
3370108cc70d74f1,data/Los-Angeles-MIDI/LOCAL_LAMDA/Local_Lamda_midi/midi_guide/3370108cc70d74f1/song_package.yaml,gold,0.8677142857142854,0.031746031746031744
33da934233d07611,data/Los-Angeles-MIDI/LOCAL_LAMDA/Local_Lamda_midi/midi_guide/33da934233d07611/song_package.yaml,gold,0.6448743718592964,0.04522613065326633
33bbfd2d258dca5b,data/Los-Angeles-MIDI/LOCAL_LAMDA/Local_Lamda_midi/midi_guide/33bbfd2d258dca5b/song_package.yaml,gold,0.5428624535315985,0.11524163568773234
34117c51cc52c41f,data/Los-Angeles-MIDI/LOCAL_LAMDA/Local_Lamda_midi/midi_guide/34117c51cc52c41f/song_package.yaml,gold,0.6731578947368422,0.15037593984962405
33daf1b9ac7480ae,data/Los-Angeles-MIDI/LOCAL_LAMDA/Local_Lamda_midi/midi_guide/33daf1b9ac7480ae/song_package.yaml,gold,0.7619219219219215,0.024024024024024024
3416c167a1f79ab6,data/Los-Angeles-MIDI/LOCAL_LAMDA/Local_Lamda_midi/midi_guide/3416c167a1f79ab6/song_package.yaml,gold,0.7332558139534877,0.09634551495016612
34418883f26f850f,data/Los-Angeles-MIDI/LOCAL_LAMDA/Local_Lamda_midi/midi_guide/34418883f26f850f/song_package.yaml,gold,0.7040700808625328,0.018867924528301886
346576c2fab973c7,data/Los-Angeles-MIDI/LOCAL_LAMDA/Local_Lamda_midi/midi_guide/346576c2fab973c7/song_package.yaml,gold,0.7448787061994596,0.08355795148247978
346fffd372f86937,data/Los-Angeles-MIDI/LOCAL_LAMDA/Local_Lamda_midi/midi_guide/346fffd372f86937/song_package.yaml,silver,0.6980799999999981,0.21066666666666667
34762c02743676b2,data/Los-Angeles-MIDI/LOCAL_LAMDA/Local_Lamda_midi/midi_guide/34762c02743676b2/song_package.yaml,gold,0.716145833333333,0.1484375
348e7c37ab36ea10,data/Los-Angeles-MIDI/LOCAL_LAMDA/Local_Lamda_midi/midi_guide/348e7c37ab36ea10/song_package.yaml,gold,0.8275375375375376,0.042042042042042045
34b9537a27b151f0,data/Los-Angeles-MIDI/LOCAL_LAMDA/Local_Lamda_midi/midi_guide/34b9537a27b151f0/song_package.yaml,gold,0.8362717770034839,0.020905923344947737
34a1b520770c8b6d,data/Los-Angeles-MIDI/LOCAL_LAMDA/Local_Lamda_midi/midi_guide/34a1b520770c8b6d/song_package.yaml,gold,0.7433569739952733,0.1347517730496454
350e77c1c2a911fc,data/Los-Angeles-MIDI/LOCAL_LAMDA/Local_Lamda_midi/midi_guide/350e77c1c2a911fc/song_package.yaml,gold,0.8308743169398923,0.01366120218579235
3505072821838481,data/Los-Angeles-MIDI/LOCAL_LAMDA/Local_Lamda_midi/midi_guide/3505072821838481/song_package.yaml,gold,0.7901767676767675,0.0
357f7658d4cecfdd,data/Los-Angeles-MIDI/LOCAL_LAMDA/Local_Lamda_midi/midi_guide/357f7658d4cecfdd/song_package.yaml,silver,0.5234782608695652,0.2644927536231884
3524ee3c0397bcc5,data/Los-Angeles-MIDI/LOCAL_LAMDA/Local_Lamda_midi/midi_guide/3524ee3c0397bcc5/song_package.yaml,silver,0.7028710462287098,0.20437956204379562
35d65cd5d410cc42,data/Los-Angeles-MIDI/LOCAL_LAMDA/Local_Lamda_midi/midi_guide/35d65cd5d410cc42/song_package.yaml,gold,0.757330677290836,0.02390438247011952
35f100cf686b3685,data/Los-Angeles-MIDI/LOCAL_LAMDA/Local_Lamda_midi/midi_guide/35f100cf686b3685/song_package.yaml,gold,0.8612413793103436,0.020689655172413793
360f4978db19ae61,data/Los-Angeles-MIDI/LOCAL_LAMDA/Local_Lamda_midi/midi_guide/360f4978db19ae61/song_package.yaml,gold,0.8193798449612413,0.015503875968992248
36ab36ecb925d048,data/Los-Angeles-MIDI/LOCAL_LAMDA/Local_Lamda_midi/midi_guide/36ab36ecb925d048/song_package.yaml,gold,0.529222797927461,0.09844559585492228
3611e58f0578ec37,data/Los-Angeles-MIDI/LOCAL_LAMDA/Local_Lamda_midi/midi_guide/3611e58f0578ec37/song_package.yaml,gold,0.850542005420055,0.013550135501355014
36a178da73748be0,data/Los-Angeles-MIDI/LOCAL_LAMDA/Local_Lamda_midi/midi_guide/36a178da73748be0/song_package.yaml,gold,0.5123750000000001,0.055
36de588282a694c3,data/Los-Angeles-MIDI/LOCAL_LAMDA/Local_Lamda_midi/midi_guide/36de588282a694c3/song_package.yaml,gold,0.6297378277153557,0.0
373f2cfd1a77a2da,data/Los-Angeles-MIDI/LOCAL_LAMDA/Local_Lamda_midi/midi_guide/373f2cfd1a77a2da/song_package.yaml,gold,0.8834029850746279,0.01791044776119403
371b5b39da9327d3,data/Los-Angeles-MIDI/LOCAL_LAMDA/Local_Lamda_midi/midi_guide/371b5b39da9327d3/song_package.yaml,gold,0.807874251497006,0.04491017964071856
3752e1823bc9c6cd,data/Los-Angeles-MIDI/LOCAL_LAMDA/Local_Lamda_midi/midi_guide/3752e1823bc9c6cd/song_package.yaml,gold,0.7983937823834198,0.0025906735751295338
377f604545c40313,data/Los-Angeles-MIDI/LOCAL_LAMDA/Local_Lamda_midi/midi_guide/377f604545c40313/song_package.yaml,gold,0.6414371257485033,0.09580838323353294
37235c10a4f416f6,data/Los-Angeles-MIDI/LOCAL_LAMDA/Local_Lamda_midi/midi_guide/37235c10a4f416f6/song_package.yaml,gold,0.8118731988472628,0.05187319884726225
37a90015797c1472,data/Los-Angeles-MIDI/LOCAL_LAMDA/Local_Lamda_midi/midi_guide/37a90015797c1472/song_package.yaml,gold,0.536656891495601,0.03225806451612903
375aff31b2dc97bf,data/Los-Angeles-MIDI/LOCAL_LAMDA/Local_Lamda_midi/midi_guide/375aff31b2dc97bf/song_package.yaml,gold,0.5852439024390244,0.009146341463414634
3802a3867a2f08a1,data/Los-Angeles-MIDI/LOCAL_LAMDA/Local_Lamda_midi/midi_guide/3802a3867a2f08a1/song_package.yaml,gold,0.8319935691318326,0.022508038585209004
381f7c8c142fd05c,data/Los-Angeles-MIDI/LOCAL_LAMDA/Local_Lamda_midi/midi_guide/381f7c8c142fd05c/song_package.yaml,gold,0.7163666666666667,0.0
38028ad1d3df2fd2,data/Los-Angeles-MIDI/LOCAL_LAMDA/Local_Lamda_midi/midi_guide/38028ad1d3df2fd2/song_package.yaml,gold,0.8545844504021455,0.03485254691689008
38c65d0b5d7e5c87,data/Los-Angeles-MIDI/LOCAL_LAMDA/Local_Lamda_midi/midi_guide/38c65d0b5d7e5c87/song_package.yaml,gold,0.6502754820936619,0.19834710743801653
3860a5a0b874c8db,data/Los-Angeles-MIDI/LOCAL_LAMDA/Local_Lamda_midi/midi_guide/3860a5a0b874c8db/song_package.yaml,gold,0.8034262948207174,0.08964143426294821
38f46865d27277f1,data/Los-Angeles-MIDI/LOCAL_LAMDA/Local_Lamda_midi/midi_guide/38f46865d27277f1/song_package.yaml,gold,0.707674418604651,0.06201550387596899
38da362f2507c52f,data/Los-Angeles-MIDI/LOCAL_LAMDA/Local_Lamda_midi/midi_guide/38da362f2507c52f/song_package.yaml,gold,0.8349240780911071,0.06290672451193059
38d39daec51a7743,data/Los-Angeles-MIDI/LOCAL_LAMDA/Local_Lamda_midi/midi_guide/38d39daec51a7743/song_package.yaml,gold,0.6376805251641138,0.18818380743982493
38db6096a418eb9d,data/Los-Angeles-MIDI/LOCAL_LAMDA/Local_Lamda_midi/midi_guide/38db6096a418eb9d/song_package.yaml,gold,0.7625490196078442,0.02178649237472767
38ea5b58ef54f9fa,data/Los-Angeles-MIDI/LOCAL_LAMDA/Local_Lamda_midi/midi_guide/38ea5b58ef54f9fa/song_package.yaml,silver,0.5710370370370368,0.2962962962962963
38e30249dc28b311,data/Los-Angeles-MIDI/LOCAL_LAMDA/Local_Lamda_midi/midi_guide/38e30249dc28b311/song_package.yaml,gold,0.7396219931271466,0.09278350515463918
3900127bcf2f4feb,data/Los-Angeles-MIDI/LOCAL_LAMDA/Local_Lamda_midi/midi_guide/3900127bcf2f4feb/song_package.yaml,gold,0.8462258953168046,0.01652892561983471
3956ffa087fdc2eb,data/Los-Angeles-MIDI/LOCAL_LAMDA/Local_Lamda_midi/midi_guide/3956ffa087fdc2eb/song_package.yaml,gold,0.5355417406749559,0.15097690941385436
39a4b8c03ac9f5df,data/Los-Angeles-MIDI/LOCAL_LAMDA/Local_Lamda_midi/midi_guide/39a4b8c03ac9f5df/song_package.yaml,gold,0.9355251141552503,0.0547945205479452
39b43852b6b0c5c2,data/Los-Angeles-MIDI/LOCAL_LAMDA/Local_Lamda_midi/midi_guide/39b43852b6b0c5c2/song_package.yaml,gold,0.8178619153674835,0.1291759465478842
3914cd1ecd19f357,data/Los-Angeles-MIDI/LOCAL_LAMDA/Local_Lamda_midi/midi_guide/3914cd1ecd19f357/song_package.yaml,gold,0.6849099099099105,0.0
39c081983841130e,data/Los-Angeles-MIDI/LOCAL_LAMDA/Local_Lamda_midi/midi_guide/39c081983841130e/song_package.yaml,gold,0.7941232227488161,0.04265402843601896
39b92df91261d71c,data/Los-Angeles-MIDI/LOCAL_LAMDA/Local_Lamda_midi/midi_guide/39b92df91261d71c/song_package.yaml,gold,0.864597701149425,0.019157088122605363
3a2770a123671018,data/Los-Angeles-MIDI/LOCAL_LAMDA/Local_Lamda_midi/midi_guide/3a2770a123671018/song_package.yaml,silver,0.5215355805243446,0.3258426966292135
39fafce4667559b0,data/Los-Angeles-MIDI/LOCAL_LAMDA/Local_Lamda_midi/midi_guide/39fafce4667559b0/song_package.yaml,gold,0.8317429193899787,0.0392156862745098
3a1474f49683170b,data/Los-Angeles-MIDI/LOCAL_LAMDA/Local_Lamda_midi/midi_guide/3a1474f49683170b/song_package.yaml,gold,0.7460798122065727,0.004694835680751174
3a30e817ab3611cc,data/Los-Angeles-MIDI/LOCAL_LAMDA/Local_Lamda_midi/midi_guide/3a30e817ab3611cc/song_package.yaml,gold,0.8032603938730841,0.13785557986870897
3a5cfd7ffc27f432,data/Los-Angeles-MIDI/LOCAL_LAMDA/Local_Lamda_midi/midi_guide/3a5cfd7ffc27f432/song_package.yaml,gold,0.8037755102040822,0.03571428571428571
3a8d5b632d7914e8,data/Los-Angeles-MIDI/LOCAL_LAMDA/Local_Lamda_midi/midi_guide/3a8d5b632d7914e8/song_package.yaml,gold,0.7643198090692109,0.17899761336515513
3a33c2e4d8ff81ea,data/Los-Angeles-MIDI/LOCAL_LAMDA/Local_Lamda_midi/midi_guide/3a33c2e4d8ff81ea/song_package.yaml,gold,0.5879203539823008,0.15486725663716813
3a903c140c331c43,data/Los-Angeles-MIDI/LOCAL_LAMDA/Local_Lamda_midi/midi_guide/3a903c140c331c43/song_package.yaml,gold,0.5708421052631579,0.021052631578947368
3a6befe0120e94ee,data/Los-Angeles-MIDI/LOCAL_LAMDA/Local_Lamda_midi/midi_guide/3a6befe0120e94ee/song_package.yaml,silver,0.46939271255060727,0.29959514170040485
3b3141bc594182db,data/Los-Angeles-MIDI/LOCAL_LAMDA/Local_Lamda_midi/midi_guide/3b3141bc594182db/song_package.yaml,silver,0.678205128205131,0.23865877712031558
3b6361ea2e928d5e,data/Los-Angeles-MIDI/LOCAL_LAMDA/Local_Lamda_midi/midi_guide/3b6361ea2e928d5e/song_package.yaml,gold,0.8424458874458881,0.0
3bacb47e5e32d4ee,data/Los-Angeles-MIDI/LOCAL_LAMDA/Local_Lamda_midi/midi_guide/3bacb47e5e32d4ee/song_package.yaml,gold,0.5942307692307703,0.15976331360946747
3bd29d47e9a4635a,data/Los-Angeles-MIDI/LOCAL_LAMDA/Local_Lamda_midi/midi_guide/3bd29d47e9a4635a/song_package.yaml,gold,0.7785918854415297,0.10978520286396182
3c09c70a4560ff01,data/Los-Angeles-MIDI/LOCAL_LAMDA/Local_Lamda_midi/midi_guide/3c09c70a4560ff01/song_package.yaml,gold,0.6952574525745242,0.08672086720867209
3c01e265ab615211,data/Los-Angeles-MIDI/LOCAL_LAMDA/Local_Lamda_midi/midi_guide/3c01e265ab615211/song_package.yaml,gold,0.7321538461538479,0.11428571428571428
3bfe30533e0e348a,data/Los-Angeles-MIDI/LOCAL_LAMDA/Local_Lamda_midi/midi_guide/3bfe30533e0e348a/song_package.yaml,gold,0.6877455357142856,0.07366071428571429
3c3cfe417ab103cb,data/Los-Angeles-MIDI/LOCAL_LAMDA/Local_Lamda_midi/midi_guide/3c3cfe417ab103cb/song_package.yaml,gold,0.6013661202185787,0.11202185792349727
3d02bac557350f60,data/Los-Angeles-MIDI/LOCAL_LAMDA/Local_Lamda_midi/midi_guide/3d02bac557350f60/song_package.yaml,silver,0.456,0.13333333333333333
3c80df134be9e288,data/Los-Angeles-MIDI/LOCAL_LAMDA/Local_Lamda_midi/midi_guide/3c80df134be9e288/song_package.yaml,silver,0.47996855345911976,0.10377358490566038
3c528c66e1b9824f,data/Los-Angeles-MIDI/LOCAL_LAMDA/Local_Lamda_midi/midi_guide/3c528c66e1b9824f/song_package.yaml,gold,0.8189688249400489,0.03597122302158273
3d0c2fb6d37b0d63,data/Los-Angeles-MIDI/LOCAL_LAMDA/Local_Lamda_midi/midi_guide/3d0c2fb6d37b0d63/song_package.yaml,silver,0.49073891625615745,0.3399014778325123
3cdba5d88ba5cd57,data/Los-Angeles-MIDI/LOCAL_LAMDA/Local_Lamda_midi/midi_guide/3cdba5d88ba5cd57/song_package.yaml,gold,0.8478371501272262,0.04580152671755725
3d1cb3764da38563,data/Los-Angeles-MIDI/LOCAL_LAMDA/Local_Lamda_midi/midi_guide/3d1cb3764da38563/song_package.yaml,gold,0.6863924050632916,0.09282700421940929
3d211048ccccad2d,data/Los-Angeles-MIDI/LOCAL_LAMDA/Local_Lamda_midi/midi_guide/3d211048ccccad2d/song_package.yaml,gold,0.7886063569682149,0.06845965770171149
3d41193897245ccd,data/Los-Angeles-MIDI/LOCAL_LAMDA/Local_Lamda_midi/midi_guide/3d41193897245ccd/song_package.yaml,gold,0.8058536585365853,0.06341463414634146
3d24151b6c594cf4,data/Los-Angeles-MIDI/LOCAL_LAMDA/Local_Lamda_midi/midi_guide/3d24151b6c594cf4/song_package.yaml,silver,0.5061073825503358,0.232662192393736
3d3d98a50422a5be,data/Los-Angeles-MIDI/LOCAL_LAMDA/Local_Lamda_midi/midi_guide/3d3d98a50422a5be/song_package.yaml,gold,0.7707734806629836,0.143646408839779
3d4240ca5440f9a9,data/Los-Angeles-MIDI/LOCAL_LAMDA/Local_Lamda_midi/midi_guide/3d4240ca5440f9a9/song_package.yaml,gold,0.7944646924829158,0.1366742596810934
3d4e8cfbf5773093,data/Los-Angeles-MIDI/LOCAL_LAMDA/Local_Lamda_midi/midi_guide/3d4e8cfbf5773093/song_package.yaml,gold,0.6221126760563381,0.11971830985915492
3d78692661ca34b7,data/Los-Angeles-MIDI/LOCAL_LAMDA/Local_Lamda_midi/midi_guide/3d78692661ca34b7/song_package.yaml,gold,0.7942048517520219,0.09703504043126684
3d4790002aa2dd93,data/Los-Angeles-MIDI/LOCAL_LAMDA/Local_Lamda_midi/midi_guide/3d4790002aa2dd93/song_package.yaml,gold,0.8380434782608693,0.010869565217391304
3d7efe023071fed8,data/Los-Angeles-MIDI/LOCAL_LAMDA/Local_Lamda_midi/midi_guide/3d7efe023071fed8/song_package.yaml,gold,0.6056939501779354,0.199288256227758
3dc8311d36132dc8,data/Los-Angeles-MIDI/LOCAL_LAMDA/Local_Lamda_midi/midi_guide/3dc8311d36132dc8/song_package.yaml,silver,0.5599109792284865,0.28486646884273
3d8c97dc26a8dc9b,data/Los-Angeles-MIDI/LOCAL_LAMDA/Local_Lamda_midi/midi_guide/3d8c97dc26a8dc9b/song_package.yaml,gold,0.8519287833827894,0.005934718100890208
3dfc3548336bc8f6,data/Los-Angeles-MIDI/LOCAL_LAMDA/Local_Lamda_midi/midi_guide/3dfc3548336bc8f6/song_package.yaml,gold,0.8224685138539054,0.007556675062972292
3e1f6ffcbc5c5a73,data/Los-Angeles-MIDI/LOCAL_LAMDA/Local_Lamda_midi/midi_guide/3e1f6ffcbc5c5a73/song_package.yaml,gold,0.8453687315634226,0.02064896755162242
3e158d39cbf69c75,data/Los-Angeles-MIDI/LOCAL_LAMDA/Local_Lamda_midi/midi_guide/3e158d39cbf69c75/song_package.yaml,gold,0.8643734643734646,0.019656019656019656
3e397ce66305a324,data/Los-Angeles-MIDI/LOCAL_LAMDA/Local_Lamda_midi/midi_guide/3e397ce66305a324/song_package.yaml,silver,0.6510227272727283,0.26136363636363635
3e6840740ef6f09b,data/Los-Angeles-MIDI/LOCAL_LAMDA/Local_Lamda_midi/midi_guide/3e6840740ef6f09b/song_package.yaml,gold,0.7024721603563475,0.0066815144766146995
3ecf97a71ed87e4d,data/Los-Angeles-MIDI/LOCAL_LAMDA/Local_Lamda_midi/midi_guide/3ecf97a71ed87e4d/song_package.yaml,silver,0.4932758620689657,0.1482758620689655
3e95dde0ab159f28,data/Los-Angeles-MIDI/LOCAL_LAMDA/Local_Lamda_midi/midi_guide/3e95dde0ab159f28/song_package.yaml,gold,0.564341372912802,0.07606679035250463
3f01df0e5be594ea,data/Los-Angeles-MIDI/LOCAL_LAMDA/Local_Lamda_midi/midi_guide/3f01df0e5be594ea/song_package.yaml,gold,0.7317482517482503,0.06993006993006994
3ee2752e358a81e3,data/Los-Angeles-MIDI/LOCAL_LAMDA/Local_Lamda_midi/midi_guide/3ee2752e358a81e3/song_package.yaml,gold,0.7577577319587632,0.13144329896907217
3ee4bc2b8cd11efe,data/Los-Angeles-MIDI/LOCAL_LAMDA/Local_Lamda_midi/midi_guide/3ee4bc2b8cd11efe/song_package.yaml,gold,0.6377049180327878,0.05901639344262295
3ef44dfc34871be4,data/Los-Angeles-MIDI/LOCAL_LAMDA/Local_Lamda_midi/midi_guide/3ef44dfc34871be4/song_package.yaml,gold,0.7975070821529749,0.06232294617563739
3f10f2e6aa159847,data/Los-Angeles-MIDI/LOCAL_LAMDA/Local_Lamda_midi/midi_guide/3f10f2e6aa159847/song_package.yaml,gold,0.7923284313725482,0.061274509803921566
3f26e99c8f456689,data/Los-Angeles-MIDI/LOCAL_LAMDA/Local_Lamda_midi/midi_guide/3f26e99c8f456689/song_package.yaml,gold,0.691948310139165,0.005964214711729622
3ff96ccede3266ee,data/Los-Angeles-MIDI/LOCAL_LAMDA/Local_Lamda_midi/midi_guide/3ff96ccede3266ee/song_package.yaml,silver,0.493577981651376,0.13761467889908258
3f6de7810a2ec21c,data/Los-Angeles-MIDI/LOCAL_LAMDA/Local_Lamda_midi/midi_guide/3f6de7810a2ec21c/song_package.yaml,gold,0.8492090395480226,0.002824858757062147
3fd2f404f0448c49,data/Los-Angeles-MIDI/LOCAL_LAMDA/Local_Lamda_midi/midi_guide/3fd2f404f0448c49/song_package.yaml,gold,0.8170542635658925,0.08785529715762273
4020a90bbe929236,data/Los-Angeles-MIDI/LOCAL_LAMDA/Local_Lamda_midi/midi_guide/4020a90bbe929236/song_package.yaml,gold,0.8708813559322041,0.013559322033898305
3fa1ae3b9ca6487b,data/Los-Angeles-MIDI/LOCAL_LAMDA/Local_Lamda_midi/midi_guide/3fa1ae3b9ca6487b/song_package.yaml,silver,0.6680147058823533,0.24509803921568626
405273c207518760,data/Los-Angeles-MIDI/LOCAL_LAMDA/Local_Lamda_midi/midi_guide/405273c207518760/song_package.yaml,gold,0.7882857142857148,0.10238095238095238
403c4ebf95804a9f,data/Los-Angeles-MIDI/LOCAL_LAMDA/Local_Lamda_midi/midi_guide/403c4ebf95804a9f/song_package.yaml,gold,0.8421336760925452,0.010282776349614395
4068047ef786c588,data/Los-Angeles-MIDI/LOCAL_LAMDA/Local_Lamda_midi/midi_guide/4068047ef786c588/song_package.yaml,gold,0.5852631578947367,0.013157894736842105
404e42d8fbed94a6,data/Los-Angeles-MIDI/LOCAL_LAMDA/Local_Lamda_midi/midi_guide/404e42d8fbed94a6/song_package.yaml,gold,0.5666037735849055,0.18867924528301888
409a5b400c226a25,data/Los-Angeles-MIDI/LOCAL_LAMDA/Local_Lamda_midi/midi_guide/409a5b400c226a25/song_package.yaml,silver,0.5326649076517149,0.39313984168865435
40ade7becd3eab16,data/Los-Angeles-MIDI/LOCAL_LAMDA/Local_Lamda_midi/midi_guide/40ade7becd3eab16/song_package.yaml,gold,0.6867748917748945,0.19264069264069264
40cfa3b2414d411d,data/Los-Angeles-MIDI/LOCAL_LAMDA/Local_Lamda_midi/midi_guide/40cfa3b2414d411d/song_package.yaml,gold,0.8170605187319883,0.03170028818443804
4026016565a208e9,data/Los-Angeles-MIDI/LOCAL_LAMDA/Local_Lamda_midi/midi_guide/4026016565a208e9/song_package.yaml,gold,0.8435866983372917,0.030878859857482184
40efb8273d56f2e2,data/Los-Angeles-MIDI/LOCAL_LAMDA/Local_Lamda_midi/midi_guide/40efb8273d56f2e2/song_package.yaml,gold,0.7028378378378364,0.08378378378378379
40fe5e840bad42bb,data/Los-Angeles-MIDI/LOCAL_LAMDA/Local_Lamda_midi/midi_guide/40fe5e840bad42bb/song_package.yaml,gold,0.8142036553524801,0.04699738903394256
412e715610f80036,data/Los-Angeles-MIDI/LOCAL_LAMDA/Local_Lamda_midi/midi_guide/412e715610f80036/song_package.yaml,silver,0.5827793696275088,0.3438395415472779
4146ce48dcdc7429,data/Los-Angeles-MIDI/LOCAL_LAMDA/Local_Lamda_midi/midi_guide/4146ce48dcdc7429/song_package.yaml,silver,0.4954090909090909,0.03636363636363636
4167fe265219c203,data/Los-Angeles-MIDI/LOCAL_LAMDA/Local_Lamda_midi/midi_guide/4167fe265219c203/song_package.yaml,silver,0.5799352750809058,0.39805825242718446
41b1ed8ce3594f00,data/Los-Angeles-MIDI/LOCAL_LAMDA/Local_Lamda_midi/midi_guide/41b1ed8ce3594f00/song_package.yaml,gold,0.7330902777777792,0.03125
40d423afa560940c,data/Los-Angeles-MIDI/LOCAL_LAMDA/Local_Lamda_midi/midi_guide/40d423afa560940c/song_package.yaml,gold,0.6904255319148944,0.1829787234042553
41d9f8d8e80d23de,data/Los-Angeles-MIDI/LOCAL_LAMDA/Local_Lamda_midi/midi_guide/41d9f8d8e80d23de/song_package.yaml,gold,0.8013186813186804,0.014652014652014652
41f6ad32d58f809d,data/Los-Angeles-MIDI/LOCAL_LAMDA/Local_Lamda_midi/midi_guide/41f6ad32d58f809d/song_package.yaml,silver,0.49712643678160917,0.011494252873563218
420729e6313e68cc,data/Los-Angeles-MIDI/LOCAL_LAMDA/Local_Lamda_midi/midi_guide/420729e6313e68cc/song_package.yaml,gold,0.7555402298850568,0.1793103448275862
4223a5fd6e67c7ab,data/Los-Angeles-MIDI/LOCAL_LAMDA/Local_Lamda_midi/midi_guide/4223a5fd6e67c7ab/song_package.yaml,gold,0.7096226415094342,0.18328840970350405
421ab623d006745f,data/Los-Angeles-MIDI/LOCAL_LAMDA/Local_Lamda_midi/midi_guide/421ab623d006745f/song_package.yaml,gold,0.7790159574468075,0.12234042553191489
422c1e2adef7162d,data/Los-Angeles-MIDI/LOCAL_LAMDA/Local_Lamda_midi/midi_guide/422c1e2adef7162d/song_package.yaml,gold,0.7750215517241393,0.08836206896551724
427f6560c366b639,data/Los-Angeles-MIDI/LOCAL_LAMDA/Local_Lamda_midi/midi_guide/427f6560c366b639/song_package.yaml,gold,0.7845780051150893,0.04859335038363171
42302f9b3d92fcfd,data/Los-Angeles-MIDI/LOCAL_LAMDA/Local_Lamda_midi/midi_guide/42302f9b3d92fcfd/song_package.yaml,gold,0.8290201729106627,0.03170028818443804
42d9c712eb7859f8,data/Los-Angeles-MIDI/LOCAL_LAMDA/Local_Lamda_midi/midi_guide/42d9c712eb7859f8/song_package.yaml,gold,0.6991990291262131,0.04611650485436893
425d3ef9c496acb1,data/Los-Angeles-MIDI/LOCAL_LAMDA/Local_Lamda_midi/midi_guide/425d3ef9c496acb1/song_package.yaml,gold,0.8148614072494672,0.057569296375266525
42c0caae6090c011,data/Los-Angeles-MIDI/LOCAL_LAMDA/Local_Lamda_midi/midi_guide/42c0caae6090c011/song_package.yaml,gold,0.5948712446351934,0.09871244635193133
4300cd6f72a1057f,data/Los-Angeles-MIDI/LOCAL_LAMDA/Local_Lamda_midi/midi_guide/4300cd6f72a1057f/song_package.yaml,silver,0.5840293040293046,0.32234432234432236
432d905769ae990b,data/Los-Angeles-MIDI/LOCAL_LAMDA/Local_Lamda_midi/midi_guide/432d905769ae990b/song_package.yaml,gold,0.7853968253968251,0.0873015873015873
43702f1f1f5c4481,data/Los-Angeles-MIDI/LOCAL_LAMDA/Local_Lamda_midi/midi_guide/43702f1f1f5c4481/song_package.yaml,gold,0.7291640866873039,0.16408668730650156
4365814e8679460b,data/Los-Angeles-MIDI/LOCAL_LAMDA/Local_Lamda_midi/midi_guide/4365814e8679460b/song_package.yaml,gold,0.6489687499999998,0.0
4301363de85ba037,data/Los-Angeles-MIDI/LOCAL_LAMDA/Local_Lamda_midi/midi_guide/4301363de85ba037/song_package.yaml,gold,0.7699751861042176,0.11166253101736973
4370b4b00c58fa58,data/Los-Angeles-MIDI/LOCAL_LAMDA/Local_Lamda_midi/midi_guide/4370b4b00c58fa58/song_package.yaml,gold,0.7287586206896549,0.059770114942528735
439f2d79fd30e448,data/Los-Angeles-MIDI/LOCAL_LAMDA/Local_Lamda_midi/midi_guide/439f2d79fd30e448/song_package.yaml,silver,0.45687878787878783,0.3424242424242424
43bc31edc8e3d3bb,data/Los-Angeles-MIDI/LOCAL_LAMDA/Local_Lamda_midi/midi_guide/43bc31edc8e3d3bb/song_package.yaml,silver,0.7115843621399199,0.21604938271604937
43c3a5a5b6350151,data/Los-Angeles-MIDI/LOCAL_LAMDA/Local_Lamda_midi/midi_guide/43c3a5a5b6350151/song_package.yaml,gold,0.8594480519480535,0.00974025974025974
43e630ebce72e875,data/Los-Angeles-MIDI/LOCAL_LAMDA/Local_Lamda_midi/midi_guide/43e630ebce72e875/song_package.yaml,gold,0.546764705882353,0.029411764705882353
43d3bd91772c4cc2,data/Los-Angeles-MIDI/LOCAL_LAMDA/Local_Lamda_midi/midi_guide/43d3bd91772c4cc2/song_package.yaml,gold,0.7390697674418611,0.17940199335548174
44055a88f235644b,data/Los-Angeles-MIDI/LOCAL_LAMDA/Local_Lamda_midi/midi_guide/44055a88f235644b/song_package.yaml,silver,0.5725000000000007,0.3084677419354839
445b139f84c160e5,data/Los-Angeles-MIDI/LOCAL_LAMDA/Local_Lamda_midi/midi_guide/445b139f84c160e5/song_package.yaml,gold,0.81421195652174,0.029891304347826088
448d2d575ec60386,data/Los-Angeles-MIDI/LOCAL_LAMDA/Local_Lamda_midi/midi_guide/448d2d575ec60386/song_package.yaml,gold,0.5807476635514017,0.06542056074766354
4481eabb19db8329,data/Los-Angeles-MIDI/LOCAL_LAMDA/Local_Lamda_midi/midi_guide/4481eabb19db8329/song_package.yaml,gold,0.7606852791878178,0.08121827411167512
447bbef95f429bcb,data/Los-Angeles-MIDI/LOCAL_LAMDA/Local_Lamda_midi/midi_guide/447bbef95f429bcb/song_package.yaml,gold,0.695000000000001,0.028846153846153848
448a6d8a0661b5bb,data/Los-Angeles-MIDI/LOCAL_LAMDA/Local_Lamda_midi/midi_guide/448a6d8a0661b5bb/song_package.yaml,gold,0.7023498694516966,0.14882506527415143
4488154f3eae0e25,data/Los-Angeles-MIDI/LOCAL_LAMDA/Local_Lamda_midi/midi_guide/4488154f3eae0e25/song_package.yaml,gold,0.6980324074074062,0.1550925925925926
44cf13eb4624814e,data/Los-Angeles-MIDI/LOCAL_LAMDA/Local_Lamda_midi/midi_guide/44cf13eb4624814e/song_package.yaml,gold,0.5958267716535431,0.0026246719160104987
44d1e10147c685d9,data/Los-Angeles-MIDI/LOCAL_LAMDA/Local_Lamda_midi/midi_guide/44d1e10147c685d9/song_package.yaml,gold,0.6190654205607476,0.018691588785046728
4524db2fd83ddb77,data/Los-Angeles-MIDI/LOCAL_LAMDA/Local_Lamda_midi/midi_guide/4524db2fd83ddb77/song_package.yaml,gold,0.8011079545454556,0.08806818181818182
451dd1e788dc3f4b,data/Los-Angeles-MIDI/LOCAL_LAMDA/Local_Lamda_midi/midi_guide/451dd1e788dc3f4b/song_package.yaml,silver,0.5233128834355814,0.22392638036809817
4530205ffba5d1d9,data/Los-Angeles-MIDI/LOCAL_LAMDA/Local_Lamda_midi/midi_guide/4530205ffba5d1d9/song_package.yaml,gold,0.7679775280898877,0.11235955056179775
455df042e9bc4561,data/Los-Angeles-MIDI/LOCAL_LAMDA/Local_Lamda_midi/midi_guide/455df042e9bc4561/song_package.yaml,gold,0.6967441860465114,0.17732558139534885
44f21c30689ee9c1,data/Los-Angeles-MIDI/LOCAL_LAMDA/Local_Lamda_midi/midi_guide/44f21c30689ee9c1/song_package.yaml,gold,0.7780364900086914,0.0842745438748914
45bfdf9d5d7b8cfa,data/Los-Angeles-MIDI/LOCAL_LAMDA/Local_Lamda_midi/midi_guide/45bfdf9d5d7b8cfa/song_package.yaml,silver,0.5293197278911564,0.272108843537415
458a026ce00a05e7,data/Los-Angeles-MIDI/LOCAL_LAMDA/Local_Lamda_midi/midi_guide/458a026ce00a05e7/song_package.yaml,gold,0.7981047381546139,0.07481296758104738
45d629b733ce50cf,data/Los-Angeles-MIDI/LOCAL_LAMDA/Local_Lamda_midi/midi_guide/45d629b733ce50cf/song_package.yaml,silver,0.4740056022408963,0.24649859943977592
45e4fb4adbadf309,data/Los-Angeles-MIDI/LOCAL_LAMDA/Local_Lamda_midi/midi_guide/45e4fb4adbadf309/song_package.yaml,gold,0.8574480712166184,0.011869436201780416
45fe0270bafe526e,data/Los-Angeles-MIDI/LOCAL_LAMDA/Local_Lamda_midi/midi_guide/45fe0270bafe526e/song_package.yaml,silver,0.5871428571428584,0.31527093596059114
45ea0a4b5e2524f0,data/Los-Angeles-MIDI/LOCAL_LAMDA/Local_Lamda_midi/midi_guide/45ea0a4b5e2524f0/song_package.yaml,gold,0.7817571059431513,0.11886304909560723
463739d3021ac506,data/Los-Angeles-MIDI/LOCAL_LAMDA/Local_Lamda_midi/midi_guide/463739d3021ac506/song_package.yaml,gold,0.8711637931034488,0.03017241379310345
4617d1f3628633f9,data/Los-Angeles-MIDI/LOCAL_LAMDA/Local_Lamda_midi/midi_guide/4617d1f3628633f9/song_package.yaml,gold,0.6877001703577522,0.044293015332197615
466ebea19461a1b0,data/Los-Angeles-MIDI/LOCAL_LAMDA/Local_Lamda_midi/midi_guide/466ebea19461a1b0/song_package.yaml,gold,0.8373575129533692,0.02072538860103627
46881b85bd22950e,data/Los-Angeles-MIDI/LOCAL_LAMDA/Local_Lamda_midi/midi_guide/46881b85bd22950e/song_package.yaml,gold,0.6280967741935483,0.025806451612903226
466bf57834b53278,data/Los-Angeles-MIDI/LOCAL_LAMDA/Local_Lamda_midi/midi_guide/466bf57834b53278/song_package.yaml,gold,0.5763564356435644,0.13861386138613863
46bff65b9df42721,data/Los-Angeles-MIDI/LOCAL_LAMDA/Local_Lamda_midi/midi_guide/46bff65b9df42721/song_package.yaml,silver,0.5987385321100952,0.36009174311926606
4706648028d6fe9d,data/Los-Angeles-MIDI/LOCAL_LAMDA/Local_Lamda_midi/midi_guide/4706648028d6fe9d/song_package.yaml,gold,0.828638497652582,0.004694835680751174
47268f7b659ad351,data/Los-Angeles-MIDI/LOCAL_LAMDA/Local_Lamda_midi/midi_guide/47268f7b659ad351/song_package.yaml,gold,0.7214004376367625,0.0
47529c2dea6eb644,data/Los-Angeles-MIDI/LOCAL_LAMDA/Local_Lamda_midi/midi_guide/47529c2dea6eb644/song_package.yaml,gold,0.5003030303030305,0.11742424242424243
478fe5d7ce88345f,data/Los-Angeles-MIDI/LOCAL_LAMDA/Local_Lamda_midi/midi_guide/478fe5d7ce88345f/song_package.yaml,gold,0.7621411764705885,0.1011764705882353
476d65d4083ac108,data/Los-Angeles-MIDI/LOCAL_LAMDA/Local_Lamda_midi/midi_guide/476d65d4083ac108/song_package.yaml,gold,0.726887417218542,0.11258278145695365
472c762e91767b2e,data/Los-Angeles-MIDI/LOCAL_LAMDA/Local_Lamda_midi/midi_guide/472c762e91767b2e/song_package.yaml,silver,0.5952911392405077,0.3822784810126582
476dc92987980505,data/Los-Angeles-MIDI/LOCAL_LAMDA/Local_Lamda_midi/midi_guide/476dc92987980505/song_package.yaml,gold,0.698955223880596,0.1691542288557214
47e6f5e3a705f34c,data/Los-Angeles-MIDI/LOCAL_LAMDA/Local_Lamda_midi/midi_guide/47e6f5e3a705f34c/song_package.yaml,silver,0.4991666666666667,0.06666666666666667
479cf63beb7b67c1,data/Los-Angeles-MIDI/LOCAL_LAMDA/Local_Lamda_midi/midi_guide/479cf63beb7b67c1/song_package.yaml,silver,0.494742268041238,0.25773195876288657
479a421fd3b43521,data/Los-Angeles-MIDI/LOCAL_LAMDA/Local_Lamda_midi/midi_guide/479a421fd3b43521/song_package.yaml,gold,0.7989033942558752,0.0391644908616188
479c9f5311613ea7,data/Los-Angeles-MIDI/LOCAL_LAMDA/Local_Lamda_midi/midi_guide/479c9f5311613ea7/song_package.yaml,gold,0.8203661327231134,0.02517162471395881
4871e7cf7d29ea5a,data/Los-Angeles-MIDI/LOCAL_LAMDA/Local_Lamda_midi/midi_guide/4871e7cf7d29ea5a/song_package.yaml,gold,0.6658741258741271,0.02097902097902098
4889c63c78faa256,data/Los-Angeles-MIDI/LOCAL_LAMDA/Local_Lamda_midi/midi_guide/4889c63c78faa256/song_package.yaml,gold,0.9008080808080824,0.020202020202020204
48714c8cfe601623,data/Los-Angeles-MIDI/LOCAL_LAMDA/Local_Lamda_midi/midi_guide/48714c8cfe601623/song_package.yaml,gold,0.774719827586208,0.09051724137931035
489e601c046efdbb,data/Los-Angeles-MIDI/LOCAL_LAMDA/Local_Lamda_midi/midi_guide/489e601c046efdbb/song_package.yaml,gold,0.5177401129943502,0.062146892655367235
48a9f102a689f710,data/Los-Angeles-MIDI/LOCAL_LAMDA/Local_Lamda_midi/midi_guide/48a9f102a689f710/song_package.yaml,gold,0.7992642140468222,0.016722408026755852
489f5f606e32aaca,data/Los-Angeles-MIDI/LOCAL_LAMDA/Local_Lamda_midi/midi_guide/489f5f606e32aaca/song_package.yaml,gold,0.8625445292620875,0.010178117048346057
48e15cadd01edaab,data/Los-Angeles-MIDI/LOCAL_LAMDA/Local_Lamda_midi/midi_guide/48e15cadd01edaab/song_package.yaml,gold,0.5740484429065742,0.04498269896193772
48ba5a38f84a263d,data/Los-Angeles-MIDI/LOCAL_LAMDA/Local_Lamda_midi/midi_guide/48ba5a38f84a263d/song_package.yaml,gold,0.8303496503496514,0.038461538461538464
4956a6d07ebe829f,data/Los-Angeles-MIDI/LOCAL_LAMDA/Local_Lamda_midi/midi_guide/4956a6d07ebe829f/song_package.yaml,gold,0.8385015290519882,0.045871559633027525
493dc4a69cce05b7,data/Los-Angeles-MIDI/LOCAL_LAMDA/Local_Lamda_midi/midi_guide/493dc4a69cce05b7/song_package.yaml,gold,0.751009771986972,0.08794788273615635
49272dfe818c3c29,data/Los-Angeles-MIDI/LOCAL_LAMDA/Local_Lamda_midi/midi_guide/49272dfe818c3c29/song_package.yaml,gold,0.631019108280255,0.10191082802547771
497b40352458844c,data/Los-Angeles-MIDI/LOCAL_LAMDA/Local_Lamda_midi/midi_guide/497b40352458844c/song_package.yaml,gold,0.7960759493670903,0.052742616033755275
49ee9f37e0ee59dc,data/Los-Angeles-MIDI/LOCAL_LAMDA/Local_Lamda_midi/midi_guide/49ee9f37e0ee59dc/song_package.yaml,silver,0.6910046728971978,0.2102803738317757
4a345a2427c852fc,data/Los-Angeles-MIDI/LOCAL_LAMDA/Local_Lamda_midi/midi_guide/4a345a2427c852fc/song_package.yaml,gold,0.7991979949874705,0.14536340852130325
49957289912ae4f4,data/Los-Angeles-MIDI/LOCAL_LAMDA/Local_Lamda_midi/midi_guide/49957289912ae4f4/song_package.yaml,gold,0.7415337423312848,0.05521472392638037
4a47723cde0233d6,data/Los-Angeles-MIDI/LOCAL_LAMDA/Local_Lamda_midi/midi_guide/4a47723cde0233d6/song_package.yaml,gold,0.7800000000000002,0.07192575406032482
4a6fd4624900e34f,data/Los-Angeles-MIDI/LOCAL_LAMDA/Local_Lamda_midi/midi_guide/4a6fd4624900e34f/song_package.yaml,gold,0.8362452107279699,0.05363984674329502
4a3094754fdaa24a,data/Los-Angeles-MIDI/LOCAL_LAMDA/Local_Lamda_midi/midi_guide/4a3094754fdaa24a/song_package.yaml,gold,0.7029802955665024,0.022167487684729065
4ab1aa57a165385e,data/Los-Angeles-MIDI/LOCAL_LAMDA/Local_Lamda_midi/midi_guide/4ab1aa57a165385e/song_package.yaml,gold,0.7856818181818174,0.0
4ac70a716120b4ae,data/Los-Angeles-MIDI/LOCAL_LAMDA/Local_Lamda_midi/midi_guide/4ac70a716120b4ae/song_package.yaml,silver,0.5780691642651308,0.34293948126801155
4b03ce960596a897,data/Los-Angeles-MIDI/LOCAL_LAMDA/Local_Lamda_midi/midi_guide/4b03ce960596a897/song_package.yaml,gold,0.677360139860139,0.15034965034965034
4a9cf11ba8e5fa96,data/Los-Angeles-MIDI/LOCAL_LAMDA/Local_Lamda_midi/midi_guide/4a9cf11ba8e5fa96/song_package.yaml,gold,0.720872093023254,0.15988372093023256
4b48eaf9b96be637,data/Los-Angeles-MIDI/LOCAL_LAMDA/Local_Lamda_midi/midi_guide/4b48eaf9b96be637/song_package.yaml,gold,0.5575460122699388,0.10429447852760736
4afc3c938cf9a1ca,data/Los-Angeles-MIDI/LOCAL_LAMDA/Local_Lamda_midi/midi_guide/4afc3c938cf9a1ca/song_package.yaml,gold,0.8390064102564116,0.08333333333333333
4b1cfe37b5e68fc6,data/Los-Angeles-MIDI/LOCAL_LAMDA/Local_Lamda_midi/midi_guide/4b1cfe37b5e68fc6/song_package.yaml,silver,0.50127139364303,0.33007334963325186
4b2abd407c38dd07,data/Los-Angeles-MIDI/LOCAL_LAMDA/Local_Lamda_midi/midi_guide/4b2abd407c38dd07/song_package.yaml,gold,0.7593589743589755,0.12051282051282051
4b44b81aea6fe6ee,data/Los-Angeles-MIDI/LOCAL_LAMDA/Local_Lamda_midi/midi_guide/4b44b81aea6fe6ee/song_package.yaml,silver,0.5964402173913044,0.3423913043478261
4b843a6024a2d7f5,data/Los-Angeles-MIDI/LOCAL_LAMDA/Local_Lamda_midi/midi_guide/4b843a6024a2d7f5/song_package.yaml,gold,0.5904571428571427,0.10285714285714286
4b6614a681be1ad0,data/Los-Angeles-MIDI/LOCAL_LAMDA/Local_Lamda_midi/midi_guide/4b6614a681be1ad0/song_package.yaml,gold,0.562323943661972,0.18661971830985916
4b6bc767fd79f712,data/Los-Angeles-MIDI/LOCAL_LAMDA/Local_Lamda_midi/midi_guide/4b6bc767fd79f712/song_package.yaml,gold,0.798845144356956,0.0
4bcb99297ead67cd,data/Los-Angeles-MIDI/LOCAL_LAMDA/Local_Lamda_midi/midi_guide/4bcb99297ead67cd/song_package.yaml,gold,0.7290857142857126,0.008571428571428572
4c1428e157376c08,data/Los-Angeles-MIDI/LOCAL_LAMDA/Local_Lamda_midi/midi_guide/4c1428e157376c08/song_package.yaml,gold,0.5524901185770748,0.18972332015810275
4c1d84a20edfc6e0,data/Los-Angeles-MIDI/LOCAL_LAMDA/Local_Lamda_midi/midi_guide/4c1d84a20edfc6e0/song_package.yaml,gold,0.7370943396226415,0.1320754716981132
4ba1c2801acda430,data/Los-Angeles-MIDI/LOCAL_LAMDA/Local_Lamda_midi/midi_guide/4ba1c2801acda430/song_package.yaml,gold,0.8244654088050312,0.025157232704402517
4c5d40d320b1f1ef,data/Los-Angeles-MIDI/LOCAL_LAMDA/Local_Lamda_midi/midi_guide/4c5d40d320b1f1ef/song_package.yaml,gold,0.8187055016181227,0.042071197411003236
4c82a131a29cc6f4,data/Los-Angeles-MIDI/LOCAL_LAMDA/Local_Lamda_midi/midi_guide/4c82a131a29cc6f4/song_package.yaml,gold,0.6724173027989827,0.0
4c799d3438ca4934,data/Los-Angeles-MIDI/LOCAL_LAMDA/Local_Lamda_midi/midi_guide/4c799d3438ca4934/song_package.yaml,gold,0.8285100286532953,0.025787965616045846
4c6c8d65c39d0a31,data/Los-Angeles-MIDI/LOCAL_LAMDA/Local_Lamda_midi/midi_guide/4c6c8d65c39d0a31/song_package.yaml,gold,0.7879826464208244,0.09761388286334056
4c9eccb068d0e0f2,data/Los-Angeles-MIDI/LOCAL_LAMDA/Local_Lamda_midi/midi_guide/4c9eccb068d0e0f2/song_package.yaml,gold,0.7632882882882882,0.07657657657657657
4cb597e34134252d,data/Los-Angeles-MIDI/LOCAL_LAMDA/Local_Lamda_midi/midi_guide/4cb597e34134252d/song_package.yaml,silver,0.6557258064516128,0.31451612903225806
4ca411000d9b2b03,data/Los-Angeles-MIDI/LOCAL_LAMDA/Local_Lamda_midi/midi_guide/4ca411000d9b2b03/song_package.yaml,gold,0.7443710021321965,0.07462686567164178
4cc2175bbad44f8f,data/Los-Angeles-MIDI/LOCAL_LAMDA/Local_Lamda_midi/midi_guide/4cc2175bbad44f8f/song_package.yaml,silver,0.5989419795221841,0.39590443686006827
4cb053dd4eb140b3,data/Los-Angeles-MIDI/LOCAL_LAMDA/Local_Lamda_midi/midi_guide/4cb053dd4eb140b3/song_package.yaml,gold,0.7849999999999996,0.0
4cf6e1fb092055f7,data/Los-Angeles-MIDI/LOCAL_LAMDA/Local_Lamda_midi/midi_guide/4cf6e1fb092055f7/song_package.yaml,silver,0.5131164383561644,0.3047945205479452
4d29d352582aad70,data/Los-Angeles-MIDI/LOCAL_LAMDA/Local_Lamda_midi/midi_guide/4d29d352582aad70/song_package.yaml,gold,0.8251115618661266,0.02028397565922921
4d4c33471f955680,data/Los-Angeles-MIDI/LOCAL_LAMDA/Local_Lamda_midi/midi_guide/4d4c33471f955680/song_package.yaml,gold,0.7650155763239865,0.11214953271028037
4d53db00751f6244,data/Los-Angeles-MIDI/LOCAL_LAMDA/Local_Lamda_midi/midi_guide/4d53db00751f6244/song_package.yaml,gold,0.7476136363636384,0.14772727272727273
4d9c8b5dc11165dd,data/Los-Angeles-MIDI/LOCAL_LAMDA/Local_Lamda_midi/midi_guide/4d9c8b5dc11165dd/song_package.yaml,silver,0.5062882096069865,0.2838427947598253
4dc9ac6afb8ac92f,data/Los-Angeles-MIDI/LOCAL_LAMDA/Local_Lamda_midi/midi_guide/4dc9ac6afb8ac92f/song_package.yaml,silver,0.5243823529411757,0.38235294117647056
4dd96fd3923ba070,data/Los-Angeles-MIDI/LOCAL_LAMDA/Local_Lamda_midi/midi_guide/4dd96fd3923ba070/song_package.yaml,silver,0.6499193548387109,0.34274193548387094
4e4e3eb100e56023,data/Los-Angeles-MIDI/LOCAL_LAMDA/Local_Lamda_midi/midi_guide/4e4e3eb100e56023/song_package.yaml,gold,0.7668639053254428,0.05029585798816568
4e5c56c595ad6419,data/Los-Angeles-MIDI/LOCAL_LAMDA/Local_Lamda_midi/midi_guide/4e5c56c595ad6419/song_package.yaml,gold,0.7599052132701406,0.03317535545023697
4eab07be96624f66,data/Los-Angeles-MIDI/LOCAL_LAMDA/Local_Lamda_midi/midi_guide/4eab07be96624f66/song_package.yaml,gold,0.7934298440979964,0.1091314031180401
4eaeb7a99f9c5627,data/Los-Angeles-MIDI/LOCAL_LAMDA/Local_Lamda_midi/midi_guide/4eaeb7a99f9c5627/song_package.yaml,gold,0.8878106508875747,0.01775147928994083
4ec20be219c2540f,data/Los-Angeles-MIDI/LOCAL_LAMDA/Local_Lamda_midi/midi_guide/4ec20be219c2540f/song_package.yaml,silver,0.4682742316784874,0.3191489361702128
4eb825f3a761155a,data/Los-Angeles-MIDI/LOCAL_LAMDA/Local_Lamda_midi/midi_guide/4eb825f3a761155a/song_package.yaml,gold,0.7562416107382556,0.02348993288590604
4ef7e66007bc1082,data/Los-Angeles-MIDI/LOCAL_LAMDA/Local_Lamda_midi/midi_guide/4ef7e66007bc1082/song_package.yaml,silver,0.4832022471910113,0.09550561797752809
4f3808c6034d38b3,data/Los-Angeles-MIDI/LOCAL_LAMDA/Local_Lamda_midi/midi_guide/4f3808c6034d38b3/song_package.yaml,gold,0.502802359882006,0.09144542772861357
4f6e802de03744af,data/Los-Angeles-MIDI/LOCAL_LAMDA/Local_Lamda_midi/midi_guide/4f6e802de03744af/song_package.yaml,gold,0.6915897435897437,0.07692307692307693
4f4d3f8a3a85fc40,data/Los-Angeles-MIDI/LOCAL_LAMDA/Local_Lamda_midi/midi_guide/4f4d3f8a3a85fc40/song_package.yaml,gold,0.6215415019762842,0.07509881422924901
4f0ef9bdfffdee41,data/Los-Angeles-MIDI/LOCAL_LAMDA/Local_Lamda_midi/midi_guide/4f0ef9bdfffdee41/song_package.yaml,gold,0.744178794178794,0.04573804573804574
4f2689f05291b0ce,data/Los-Angeles-MIDI/LOCAL_LAMDA/Local_Lamda_midi/midi_guide/4f2689f05291b0ce/song_package.yaml,gold,0.793208955223881,0.09950248756218906
4f8f6a9b46a4fdbb,data/Los-Angeles-MIDI/LOCAL_LAMDA/Local_Lamda_midi/midi_guide/4f8f6a9b46a4fdbb/song_package.yaml,gold,0.7711963882618516,0.11738148984198646
4f9d2caf04976e21,data/Los-Angeles-MIDI/LOCAL_LAMDA/Local_Lamda_midi/midi_guide/4f9d2caf04976e21/song_package.yaml,gold,0.8468862275449094,0.02694610778443114
4fd9f7aa3d8fab0c,data/Los-Angeles-MIDI/LOCAL_LAMDA/Local_Lamda_midi/midi_guide/4fd9f7aa3d8fab0c/song_package.yaml,silver,0.6080546075085334,0.22866894197952217
4f90320805f6413f,data/Los-Angeles-MIDI/LOCAL_LAMDA/Local_Lamda_midi/midi_guide/4f90320805f6413f/song_package.yaml,gold,0.7599224806201542,0.06459948320413436
50102d070b7493b0,data/Los-Angeles-MIDI/LOCAL_LAMDA/Local_Lamda_midi/midi_guide/50102d070b7493b0/song_package.yaml,gold,0.837796143250688,0.008264462809917356
503d2ceb251d1062,data/Los-Angeles-MIDI/LOCAL_LAMDA/Local_Lamda_midi/midi_guide/503d2ceb251d1062/song_package.yaml,silver,0.5374193548387098,0.25806451612903225
5021b7251bea2115,data/Los-Angeles-MIDI/LOCAL_LAMDA/Local_Lamda_midi/midi_guide/5021b7251bea2115/song_package.yaml,gold,0.76234309623431,0.06694560669456066
5054254a4319414d,data/Los-Angeles-MIDI/LOCAL_LAMDA/Local_Lamda_midi/midi_guide/5054254a4319414d/song_package.yaml,gold,0.7630641330166276,0.05938242280285035
506a7aa855259f53,data/Los-Angeles-MIDI/LOCAL_LAMDA/Local_Lamda_midi/midi_guide/506a7aa855259f53/song_package.yaml,gold,0.7998663101604273,0.0427807486631016
50affeba3ea227b9,data/Los-Angeles-MIDI/LOCAL_LAMDA/Local_Lamda_midi/midi_guide/50affeba3ea227b9/song_package.yaml,gold,0.8770234113712381,0.016722408026755852
50efdbc93b8abf48,data/Los-Angeles-MIDI/LOCAL_LAMDA/Local_Lamda_midi/midi_guide/50efdbc93b8abf48/song_package.yaml,gold,0.7451124744376276,0.12065439672801637
50f359b66c211ba9,data/Los-Angeles-MIDI/LOCAL_LAMDA/Local_Lamda_midi/midi_guide/50f359b66c211ba9/song_package.yaml,gold,0.8569425287356327,0.0022988505747126436
516b759e53d1c991,data/Los-Angeles-MIDI/LOCAL_LAMDA/Local_Lamda_midi/midi_guide/516b759e53d1c991/song_package.yaml,gold,0.7935838150289013,0.05973025048169557
519fac33cbcc72cc,data/Los-Angeles-MIDI/LOCAL_LAMDA/Local_Lamda_midi/midi_guide/519fac33cbcc72cc/song_package.yaml,gold,0.6169318181818182,0.022727272727272728
5195e4a5dca8325c,data/Los-Angeles-MIDI/LOCAL_LAMDA/Local_Lamda_midi/midi_guide/5195e4a5dca8325c/song_package.yaml,gold,0.7742456140350873,0.05263157894736842
51f1c8c70f8a6a86,data/Los-Angeles-MIDI/LOCAL_LAMDA/Local_Lamda_midi/midi_guide/51f1c8c70f8a6a86/song_package.yaml,gold,0.704438642297649,0.19321148825065274
520c35f6a4984ecc,data/Los-Angeles-MIDI/LOCAL_LAMDA/Local_Lamda_midi/midi_guide/520c35f6a4984ecc/song_package.yaml,gold,0.8472372372372374,0.009009009009009009
5244d7e05522bb3d,data/Los-Angeles-MIDI/LOCAL_LAMDA/Local_Lamda_midi/midi_guide/5244d7e05522bb3d/song_package.yaml,silver,0.5632291666666666,0.2760416666666667
521f9d8b8d0d7dab,data/Los-Angeles-MIDI/LOCAL_LAMDA/Local_Lamda_midi/midi_guide/521f9d8b8d0d7dab/song_package.yaml,silver,0.6105220883534133,0.3132530120481928
51f9c0b0b1cc74d6,data/Los-Angeles-MIDI/LOCAL_LAMDA/Local_Lamda_midi/midi_guide/51f9c0b0b1cc74d6/song_package.yaml,gold,0.6401262626262616,0.10101010101010101
522b24f793977012,data/Los-Angeles-MIDI/LOCAL_LAMDA/Local_Lamda_midi/midi_guide/522b24f793977012/song_package.yaml,gold,0.7357798165137617,0.10703363914373089
5294008fd7f6c704,data/Los-Angeles-MIDI/LOCAL_LAMDA/Local_Lamda_midi/midi_guide/5294008fd7f6c704/song_package.yaml,gold,0.6889449541284399,0.10091743119266056
53020b44f0c8f8ef,data/Los-Angeles-MIDI/LOCAL_LAMDA/Local_Lamda_midi/midi_guide/53020b44f0c8f8ef/song_package.yaml,gold,0.7156342182890857,0.04424778761061947
52e42f6b9ed95872,data/Los-Angeles-MIDI/LOCAL_LAMDA/Local_Lamda_midi/midi_guide/52e42f6b9ed95872/song_package.yaml,silver,0.5824757281553398,0.3640776699029126
530bda5b2b746504,data/Los-Angeles-MIDI/LOCAL_LAMDA/Local_Lamda_midi/midi_guide/530bda5b2b746504/song_package.yaml,gold,0.8135882352941185,0.023529411764705882
53055809dc06bce2,data/Los-Angeles-MIDI/LOCAL_LAMDA/Local_Lamda_midi/midi_guide/53055809dc06bce2/song_package.yaml,gold,0.5435205183585297,0.1511879049676026
533d5cf0273388aa,data/Los-Angeles-MIDI/LOCAL_LAMDA/Local_Lamda_midi/midi_guide/533d5cf0273388aa/song_package.yaml,gold,0.6752571428571422,0.09428571428571429
5350b8572d8f4312,data/Los-Angeles-MIDI/LOCAL_LAMDA/Local_Lamda_midi/midi_guide/5350b8572d8f4312/song_package.yaml,gold,0.513724696356275,0.13765182186234817
536f549af761e64e,data/Los-Angeles-MIDI/LOCAL_LAMDA/Local_Lamda_midi/midi_guide/536f549af761e64e/song_package.yaml,silver,0.5634670487106026,0.23782234957020057
53cbf9dd9fcf66a9,data/Los-Angeles-MIDI/LOCAL_LAMDA/Local_Lamda_midi/midi_guide/53cbf9dd9fcf66a9/song_package.yaml,silver,0.5783471074380164,0.3884297520661157
538b77638a56671f,data/Los-Angeles-MIDI/LOCAL_LAMDA/Local_Lamda_midi/midi_guide/538b77638a56671f/song_package.yaml,gold,0.824474789915968,0.07773109243697479
53889496a89d5328,data/Los-Angeles-MIDI/LOCAL_LAMDA/Local_Lamda_midi/midi_guide/53889496a89d5328/song_package.yaml,gold,0.6482372881355933,0.10847457627118644
5370bdd8bfb5c091,data/Los-Angeles-MIDI/LOCAL_LAMDA/Local_Lamda_midi/midi_guide/5370bdd8bfb5c091/song_package.yaml,gold,0.7133333333333328,0.170316301703163
540f4c8fc583c5b6,data/Los-Angeles-MIDI/LOCAL_LAMDA/Local_Lamda_midi/midi_guide/540f4c8fc583c5b6/song_package.yaml,silver,0.522598039215686,0.3431372549019608
53fa44c2478844c4,data/Los-Angeles-MIDI/LOCAL_LAMDA/Local_Lamda_midi/midi_guide/53fa44c2478844c4/song_package.yaml,gold,0.6625757575757578,0.050505050505050504
53da143d8ccfbf30,data/Los-Angeles-MIDI/LOCAL_LAMDA/Local_Lamda_midi/midi_guide/53da143d8ccfbf30/song_package.yaml,silver,0.6259770114942524,0.3160919540229885
53a119d57f243430,data/Los-Angeles-MIDI/LOCAL_LAMDA/Local_Lamda_midi/midi_guide/53a119d57f243430/song_package.yaml,gold,0.8592018779342725,0.014084507042253521
5425598b9a1063eb,data/Los-Angeles-MIDI/LOCAL_LAMDA/Local_Lamda_midi/midi_guide/5425598b9a1063eb/song_package.yaml,gold,0.717346437346438,0.14004914004914004
545dd431afa1faea,data/Los-Angeles-MIDI/LOCAL_LAMDA/Local_Lamda_midi/midi_guide/545dd431afa1faea/song_package.yaml,silver,0.46720000000000006,0.36
54673cf55709e8e2,data/Los-Angeles-MIDI/LOCAL_LAMDA/Local_Lamda_midi/midi_guide/54673cf55709e8e2/song_package.yaml,gold,0.8485493827160492,0.024691358024691357
549e7054f50dc811,data/Los-Angeles-MIDI/LOCAL_LAMDA/Local_Lamda_midi/midi_guide/549e7054f50dc811/song_package.yaml,gold,0.7162679425837305,0.19138755980861244
54a68ed576999d3e,data/Los-Angeles-MIDI/LOCAL_LAMDA/Local_Lamda_midi/midi_guide/54a68ed576999d3e/song_package.yaml,gold,0.8224437299035375,0.012861736334405145
54aa70612576f680,data/Los-Angeles-MIDI/LOCAL_LAMDA/Local_Lamda_midi/midi_guide/54aa70612576f680/song_package.yaml,gold,0.6835490196078452,0.18627450980392157
54f1cf62a792f316,data/Los-Angeles-MIDI/LOCAL_LAMDA/Local_Lamda_midi/midi_guide/54f1cf62a792f316/song_package.yaml,gold,0.6786419753086403,0.16049382716049382
541b1a4a9db0b771,data/Los-Angeles-MIDI/LOCAL_LAMDA/Local_Lamda_midi/midi_guide/541b1a4a9db0b771/song_package.yaml,gold,0.6245997458703916,0.18043202033036848
54dabb44feb289d3,data/Los-Angeles-MIDI/LOCAL_LAMDA/Local_Lamda_midi/midi_guide/54dabb44feb289d3/song_package.yaml,gold,0.5522107081174443,0.1381692573402418
553e2a0e80db3c8f,data/Los-Angeles-MIDI/LOCAL_LAMDA/Local_Lamda_midi/midi_guide/553e2a0e80db3c8f/song_package.yaml,gold,0.7645786516853931,0.07303370786516854
551793498a016db1,data/Los-Angeles-MIDI/LOCAL_LAMDA/Local_Lamda_midi/midi_guide/551793498a016db1/song_package.yaml,gold,0.8723758865248222,0.0035460992907801418
5573e3149a96cdef,data/Los-Angeles-MIDI/LOCAL_LAMDA/Local_Lamda_midi/midi_guide/5573e3149a96cdef/song_package.yaml,gold,0.7808080808080804,0.007575757575757576
5578f95cac2f5189,data/Los-Angeles-MIDI/LOCAL_LAMDA/Local_Lamda_midi/midi_guide/5578f95cac2f5189/song_package.yaml,gold,0.8417288135593222,0.0
55a36ba835c3cf9c,data/Los-Angeles-MIDI/LOCAL_LAMDA/Local_Lamda_midi/midi_guide/55a36ba835c3cf9c/song_package.yaml,gold,0.7393170731707337,0.13414634146341464
5625eb26c4a075fe,data/Los-Angeles-MIDI/LOCAL_LAMDA/Local_Lamda_midi/midi_guide/5625eb26c4a075fe/song_package.yaml,gold,0.7653703703703701,0.07407407407407407
55fc19ad073bbac3,data/Los-Angeles-MIDI/LOCAL_LAMDA/Local_Lamda_midi/midi_guide/55fc19ad073bbac3/song_package.yaml,silver,0.6544180522565327,0.33966745843230406
566ac2e452df1b48,data/Los-Angeles-MIDI/LOCAL_LAMDA/Local_Lamda_midi/midi_guide/566ac2e452df1b48/song_package.yaml,silver,0.4916602316602313,0.28957528957528955
56956b1221cc3199,data/Los-Angeles-MIDI/LOCAL_LAMDA/Local_Lamda_midi/midi_guide/56956b1221cc3199/song_package.yaml,gold,0.7364591439688706,0.07392996108949416
5653b3a4f54352f8,data/Los-Angeles-MIDI/LOCAL_LAMDA/Local_Lamda_midi/midi_guide/5653b3a4f54352f8/song_package.yaml,gold,0.7856108597285062,0.00904977375565611
56ab56bb07708933,data/Los-Angeles-MIDI/LOCAL_LAMDA/Local_Lamda_midi/midi_guide/56ab56bb07708933/song_package.yaml,silver,0.6244878048780492,0.3804878048780488
568a12728c6dc8c7,data/Los-Angeles-MIDI/LOCAL_LAMDA/Local_Lamda_midi/midi_guide/568a12728c6dc8c7/song_package.yaml,gold,0.6644743935309961,0.008086253369272238
56e7c3374b689231,data/Los-Angeles-MIDI/LOCAL_LAMDA/Local_Lamda_midi/midi_guide/56e7c3374b689231/song_package.yaml,gold,0.8557062146892658,0.00847457627118644
56f2d71dcbd93308,data/Los-Angeles-MIDI/LOCAL_LAMDA/Local_Lamda_midi/midi_guide/56f2d71dcbd93308/song_package.yaml,gold,0.7706371191135732,0.08033240997229917
56d110d904a9fb73,data/Los-Angeles-MIDI/LOCAL_LAMDA/Local_Lamda_midi/midi_guide/56d110d904a9fb73/song_package.yaml,gold,0.5168731563421833,0.10324483775811209
570648d5acc97174,data/Los-Angeles-MIDI/LOCAL_LAMDA/Local_Lamda_midi/midi_guide/570648d5acc97174/song_package.yaml,gold,0.7221729490022196,0.188470066518847
57120b526919e9db,data/Los-Angeles-MIDI/LOCAL_LAMDA/Local_Lamda_midi/midi_guide/57120b526919e9db/song_package.yaml,gold,0.8022077922077907,0.05194805194805195
57249e08af8ecfb8,data/Los-Angeles-MIDI/LOCAL_LAMDA/Local_Lamda_midi/midi_guide/57249e08af8ecfb8/song_package.yaml,gold,0.6838277511961723,0.014354066985645933
57383609c5680633,data/Los-Angeles-MIDI/LOCAL_LAMDA/Local_Lamda_midi/midi_guide/57383609c5680633/song_package.yaml,gold,0.7603892944038937,0.09732360097323602
572b896c6864097f,data/Los-Angeles-MIDI/LOCAL_LAMDA/Local_Lamda_midi/midi_guide/572b896c6864097f/song_package.yaml,gold,0.8614406779661015,0.022598870056497175
5778aed7b014c9d9,data/Los-Angeles-MIDI/LOCAL_LAMDA/Local_Lamda_midi/midi_guide/5778aed7b014c9d9/song_package.yaml,gold,0.8218715083798879,0.06424581005586592
57442360f281bf6a,data/Los-Angeles-MIDI/LOCAL_LAMDA/Local_Lamda_midi/midi_guide/57442360f281bf6a/song_package.yaml,gold,0.785492700729926,0.1259124087591241
57a0bac3287f38b4,data/Los-Angeles-MIDI/LOCAL_LAMDA/Local_Lamda_midi/midi_guide/57a0bac3287f38b4/song_package.yaml,gold,0.8328608247422675,0.04639175257731959
57b1ddabf1fc857e,data/Los-Angeles-MIDI/LOCAL_LAMDA/Local_Lamda_midi/midi_guide/57b1ddabf1fc857e/song_package.yaml,gold,0.8433658536585371,0.01707317073170732
57f0e818d1b0cd2a,data/Los-Angeles-MIDI/LOCAL_LAMDA/Local_Lamda_midi/midi_guide/57f0e818d1b0cd2a/song_package.yaml,gold,0.511640625,0.0390625
57ca293168e17e3b,data/Los-Angeles-MIDI/LOCAL_LAMDA/Local_Lamda_midi/midi_guide/57ca293168e17e3b/song_package.yaml,gold,0.8314553990610336,0.04225352112676056
57eed294fcddb575,data/Los-Angeles-MIDI/LOCAL_LAMDA/Local_Lamda_midi/midi_guide/57eed294fcddb575/song_package.yaml,gold,0.7823701298701297,0.11688311688311688
57eca6a3ff3402a2,data/Los-Angeles-MIDI/LOCAL_LAMDA/Local_Lamda_midi/midi_guide/57eca6a3ff3402a2/song_package.yaml,gold,0.5977108433734933,0.0
580f95b12f8b2498,data/Los-Angeles-MIDI/LOCAL_LAMDA/Local_Lamda_midi/midi_guide/580f95b12f8b2498/song_package.yaml,gold,0.8352219321148832,0.020887728459530026
5843d116856df353,data/Los-Angeles-MIDI/LOCAL_LAMDA/Local_Lamda_midi/midi_guide/5843d116856df353/song_package.yaml,gold,0.6726888217522661,0.012084592145015106
581a167e20c0a17e,data/Los-Angeles-MIDI/LOCAL_LAMDA/Local_Lamda_midi/midi_guide/581a167e20c0a17e/song_package.yaml,gold,0.8018069306930695,0.04455445544554455
5858f56dcc00681f,data/Los-Angeles-MIDI/LOCAL_LAMDA/Local_Lamda_midi/midi_guide/5858f56dcc00681f/song_package.yaml,silver,0.7417754569190644,0.21671018276762402
5895581fa398445c,data/Los-Angeles-MIDI/LOCAL_LAMDA/Local_Lamda_midi/midi_guide/5895581fa398445c/song_package.yaml,gold,0.7636680327868847,0.15163934426229508
590f1d7d044c7c83,data/Los-Angeles-MIDI/LOCAL_LAMDA/Local_Lamda_midi/midi_guide/590f1d7d044c7c83/song_package.yaml,silver,0.5001092896174859,0.3770491803278688
58d891f3d404bcad,data/Los-Angeles-MIDI/LOCAL_LAMDA/Local_Lamda_midi/midi_guide/58d891f3d404bcad/song_package.yaml,gold,0.8375068493150689,0.00821917808219178
5917ed3235a3d389,data/Los-Angeles-MIDI/LOCAL_LAMDA/Local_Lamda_midi/midi_guide/5917ed3235a3d389/song_package.yaml,gold,0.7256896551724145,0.1781609195402299
598670fc3074cfea,data/Los-Angeles-MIDI/LOCAL_LAMDA/Local_Lamda_midi/midi_guide/598670fc3074cfea/song_package.yaml,silver,0.5675968992248065,0.2248062015503876
597c0186eab14e4b,data/Los-Angeles-MIDI/LOCAL_LAMDA/Local_Lamda_midi/midi_guide/597c0186eab14e4b/song_package.yaml,silver,0.6238305709023892,0.30939226519337015
59f321e3588599dd,data/Los-Angeles-MIDI/LOCAL_LAMDA/Local_Lamda_midi/midi_guide/59f321e3588599dd/song_package.yaml,gold,0.7503448275862066,0.0
59dd7bf27f5a300f,data/Los-Angeles-MIDI/LOCAL_LAMDA/Local_Lamda_midi/midi_guide/59dd7bf27f5a300f/song_package.yaml,gold,0.7413411078717186,0.08454810495626822
5a4595ef505a6cb9,data/Los-Angeles-MIDI/LOCAL_LAMDA/Local_Lamda_midi/midi_guide/5a4595ef505a6cb9/song_package.yaml,gold,0.5773584905660377,0.12264150943396226
5ab02768ed83db59,data/Los-Angeles-MIDI/LOCAL_LAMDA/Local_Lamda_midi/midi_guide/5ab02768ed83db59/song_package.yaml,gold,0.5495270270270268,0.0990990990990991
5a678c653412f9d9,data/Los-Angeles-MIDI/LOCAL_LAMDA/Local_Lamda_midi/midi_guide/5a678c653412f9d9/song_package.yaml,gold,0.7046542553191497,0.1276595744680851
5a3370dec8676162,data/Los-Angeles-MIDI/LOCAL_LAMDA/Local_Lamda_midi/midi_guide/5a3370dec8676162/song_package.yaml,silver,0.609668411867361,0.37521815008726006
5a9349af0a1f0661,data/Los-Angeles-MIDI/LOCAL_LAMDA/Local_Lamda_midi/midi_guide/5a9349af0a1f0661/song_package.yaml,gold,0.8020491803278685,0.00819672131147541
5a8f6758b011e1ef,data/Los-Angeles-MIDI/LOCAL_LAMDA/Local_Lamda_midi/midi_guide/5a8f6758b011e1ef/song_package.yaml,silver,0.5384512428298267,0.35181644359464626
5abb03a6750351b6,data/Los-Angeles-MIDI/LOCAL_LAMDA/Local_Lamda_midi/midi_guide/5abb03a6750351b6/song_package.yaml,gold,0.649245283018869,0.1940700808625337
5b10eab78191d8ce,data/Los-Angeles-MIDI/LOCAL_LAMDA/Local_Lamda_midi/midi_guide/5b10eab78191d8ce/song_package.yaml,gold,0.8571080139372824,0.017421602787456445
5aeff74a052b2d33,data/Los-Angeles-MIDI/LOCAL_LAMDA/Local_Lamda_midi/midi_guide/5aeff74a052b2d33/song_package.yaml,gold,0.8390952380952379,0.030952380952380953
5b1db0858a2cfdde,data/Los-Angeles-MIDI/LOCAL_LAMDA/Local_Lamda_midi/midi_guide/5b1db0858a2cfdde/song_package.yaml,gold,0.8584084880636612,0.021220159151193633
5b8110caed35ff58,data/Los-Angeles-MIDI/LOCAL_LAMDA/Local_Lamda_midi/midi_guide/5b8110caed35ff58/song_package.yaml,gold,0.8110051546391759,0.07731958762886598
5bac12b84ddec400,data/Los-Angeles-MIDI/LOCAL_LAMDA/Local_Lamda_midi/midi_guide/5bac12b84ddec400/song_package.yaml,gold,0.8945454545454549,0.0
5b96a4b85a169790,data/Los-Angeles-MIDI/LOCAL_LAMDA/Local_Lamda_midi/midi_guide/5b96a4b85a169790/song_package.yaml,silver,0.47244318181818207,0.29829545454545453
5ba02552a0ac4fe9,data/Los-Angeles-MIDI/LOCAL_LAMDA/Local_Lamda_midi/midi_guide/5ba02552a0ac4fe9/song_package.yaml,gold,0.7042489270386263,0.17381974248927037
5c0dd7004b649269,data/Los-Angeles-MIDI/LOCAL_LAMDA/Local_Lamda_midi/midi_guide/5c0dd7004b649269/song_package.yaml,gold,0.8402976190476191,0.008928571428571428
5bb219f4dbd2049d,data/Los-Angeles-MIDI/LOCAL_LAMDA/Local_Lamda_midi/midi_guide/5bb219f4dbd2049d/song_package.yaml,gold,0.7530079155672824,0.044854881266490766
5c1c9fa8c9180050,data/Los-Angeles-MIDI/LOCAL_LAMDA/Local_Lamda_midi/midi_guide/5c1c9fa8c9180050/song_package.yaml,gold,0.7929729729729723,0.0
5c415bfedd655f8a,data/Los-Angeles-MIDI/LOCAL_LAMDA/Local_Lamda_midi/midi_guide/5c415bfedd655f8a/song_package.yaml,gold,0.861280276816608,0.01730103806228374
5beb567e907ab890,data/Los-Angeles-MIDI/LOCAL_LAMDA/Local_Lamda_midi/midi_guide/5beb567e907ab890/song_package.yaml,gold,0.6252752293577977,0.0963302752293578
5c4ba26b02bf911a,data/Los-Angeles-MIDI/LOCAL_LAMDA/Local_Lamda_midi/midi_guide/5c4ba26b02bf911a/song_package.yaml,gold,0.7668064516129023,0.11290322580645161
5c9b6c89db0b56cb,data/Los-Angeles-MIDI/LOCAL_LAMDA/Local_Lamda_midi/midi_guide/5c9b6c89db0b56cb/song_package.yaml,gold,0.80857421875,0.048828125
5cb023e5a8c2df3a,data/Los-Angeles-MIDI/LOCAL_LAMDA/Local_Lamda_midi/midi_guide/5cb023e5a8c2df3a/song_package.yaml,gold,0.8859126984126993,0.003968253968253968
5c9db9d03d085f0c,data/Los-Angeles-MIDI/LOCAL_LAMDA/Local_Lamda_midi/midi_guide/5c9db9d03d085f0c/song_package.yaml,gold,0.8172647702407014,0.02188183807439825
5d2eff047effa1d9,data/Los-Angeles-MIDI/LOCAL_LAMDA/Local_Lamda_midi/midi_guide/5d2eff047effa1d9/song_package.yaml,silver,0.5240663900414938,0.36929460580912865
5d2f0fffb6cde4d6,data/Los-Angeles-MIDI/LOCAL_LAMDA/Local_Lamda_midi/midi_guide/5d2f0fffb6cde4d6/song_package.yaml,gold,0.8202173913043479,0.0625
5d7939d1ab290405,data/Los-Angeles-MIDI/LOCAL_LAMDA/Local_Lamda_midi/midi_guide/5d7939d1ab290405/song_package.yaml,silver,0.49476394849785393,0.3605150214592275
5cebbe61a33d3406,data/Los-Angeles-MIDI/LOCAL_LAMDA/Local_Lamda_midi/midi_guide/5cebbe61a33d3406/song_package.yaml,silver,0.6654818523153958,0.20525657071339173
5d73041def8f8471,data/Los-Angeles-MIDI/LOCAL_LAMDA/Local_Lamda_midi/midi_guide/5d73041def8f8471/song_package.yaml,silver,0.6108734939759055,0.3433734939759036
5d707cf82b9f623c,data/Los-Angeles-MIDI/LOCAL_LAMDA/Local_Lamda_midi/midi_guide/5d707cf82b9f623c/song_package.yaml,gold,0.856724137931035,0.015086206896551725
5d85d1d516054523,data/Los-Angeles-MIDI/LOCAL_LAMDA/Local_Lamda_midi/midi_guide/5d85d1d516054523/song_package.yaml,gold,0.7925675675675674,0.04279279279279279
5d79575ff696fb2e,data/Los-Angeles-MIDI/LOCAL_LAMDA/Local_Lamda_midi/midi_guide/5d79575ff696fb2e/song_package.yaml,silver,0.5755198019801993,0.27970297029702973
5dbecda23de6f763,data/Los-Angeles-MIDI/LOCAL_LAMDA/Local_Lamda_midi/midi_guide/5dbecda23de6f763/song_package.yaml,silver,0.48383177570093466,0.22429906542056074
5dcd36e7aff14431,data/Los-Angeles-MIDI/LOCAL_LAMDA/Local_Lamda_midi/midi_guide/5dcd36e7aff14431/song_package.yaml,gold,0.7191624365482249,0.1598984771573604
5e213e0e93d5ea6b,data/Los-Angeles-MIDI/LOCAL_LAMDA/Local_Lamda_midi/midi_guide/5e213e0e93d5ea6b/song_package.yaml,gold,0.7511267605633811,0.16901408450704225
5dc1681e0a0dec7e,data/Los-Angeles-MIDI/LOCAL_LAMDA/Local_Lamda_midi/midi_guide/5dc1681e0a0dec7e/song_package.yaml,gold,0.6213819095477389,0.002512562814070352
5df68b18ffffae63,data/Los-Angeles-MIDI/LOCAL_LAMDA/Local_Lamda_midi/midi_guide/5df68b18ffffae63/song_package.yaml,gold,0.7764495798319334,0.09663865546218488
5df5fc1d0517bba4,data/Los-Angeles-MIDI/LOCAL_LAMDA/Local_Lamda_midi/midi_guide/5df5fc1d0517bba4/song_package.yaml,silver,0.614015544041452,0.27202072538860106
5e17c56a6be33f0a,data/Los-Angeles-MIDI/LOCAL_LAMDA/Local_Lamda_midi/midi_guide/5e17c56a6be33f0a/song_package.yaml,gold,0.57814,0.116
5e27edc138dd5eeb,data/Los-Angeles-MIDI/LOCAL_LAMDA/Local_Lamda_midi/midi_guide/5e27edc138dd5eeb/song_package.yaml,gold,0.7931858407079637,0.05604719764011799
5e3fc347e58c0e26,data/Los-Angeles-MIDI/LOCAL_LAMDA/Local_Lamda_midi/midi_guide/5e3fc347e58c0e26/song_package.yaml,silver,0.7117110266159676,0.2300380228136882
5e5f2e8248535cc3,data/Los-Angeles-MIDI/LOCAL_LAMDA/Local_Lamda_midi/midi_guide/5e5f2e8248535cc3/song_package.yaml,gold,0.8218663594470051,0.08064516129032258
5e66c438233530c7,data/Los-Angeles-MIDI/LOCAL_LAMDA/Local_Lamda_midi/midi_guide/5e66c438233530c7/song_package.yaml,gold,0.6485371702637897,0.19904076738609114
5ec60224802bb5bf,data/Los-Angeles-MIDI/LOCAL_LAMDA/Local_Lamda_midi/midi_guide/5ec60224802bb5bf/song_package.yaml,gold,0.8398288508557457,0.029339853300733496
5e90003cb6e3ce43,data/Los-Angeles-MIDI/LOCAL_LAMDA/Local_Lamda_midi/midi_guide/5e90003cb6e3ce43/song_package.yaml,silver,0.6857195571955681,0.28044280442804426
5ef63922c0c87d59,data/Los-Angeles-MIDI/LOCAL_LAMDA/Local_Lamda_midi/midi_guide/5ef63922c0c87d59/song_package.yaml,gold,0.8745024875621892,0.04477611940298507
5edb4ed75f8bde32,data/Los-Angeles-MIDI/LOCAL_LAMDA/Local_Lamda_midi/midi_guide/5edb4ed75f8bde32/song_package.yaml,gold,0.7324999999999993,0.13421052631578947
5f053ef11d3be6a5,data/Los-Angeles-MIDI/LOCAL_LAMDA/Local_Lamda_midi/midi_guide/5f053ef11d3be6a5/song_package.yaml,gold,0.7750000000000001,0.016355140186915886
5f4ba288992c0c60,data/Los-Angeles-MIDI/LOCAL_LAMDA/Local_Lamda_midi/midi_guide/5f4ba288992c0c60/song_package.yaml,silver,0.5977777777777779,0.20202020202020202
5f3ce697584f20e7,data/Los-Angeles-MIDI/LOCAL_LAMDA/Local_Lamda_midi/midi_guide/5f3ce697584f20e7/song_package.yaml,gold,0.7661715749039684,0.03201024327784891
5fa6c1d5eeb42cc9,data/Los-Angeles-MIDI/LOCAL_LAMDA/Local_Lamda_midi/midi_guide/5fa6c1d5eeb42cc9/song_package.yaml,gold,0.6789130434782603,0.16847826086956522
5fe38d211a8820f6,data/Los-Angeles-MIDI/LOCAL_LAMDA/Local_Lamda_midi/midi_guide/5fe38d211a8820f6/song_package.yaml,gold,0.7547093023255815,0.10174418604651163
5fdcd29d5c857c0f,data/Los-Angeles-MIDI/LOCAL_LAMDA/Local_Lamda_midi/midi_guide/5fdcd29d5c857c0f/song_package.yaml,silver,0.5315868263473035,0.36826347305389223
608952f25e2d64a6,data/Los-Angeles-MIDI/LOCAL_LAMDA/Local_Lamda_midi/midi_guide/608952f25e2d64a6/song_package.yaml,gold,0.6216304347826089,0.1956521739130435
607a2279aac4cc47,data/Los-Angeles-MIDI/LOCAL_LAMDA/Local_Lamda_midi/midi_guide/607a2279aac4cc47/song_package.yaml,gold,0.600312499999999,0.059027777777777776
605caee7ab89698f,data/Los-Angeles-MIDI/LOCAL_LAMDA/Local_Lamda_midi/midi_guide/605caee7ab89698f/song_package.yaml,gold,0.5841447368421051,0.006578947368421052
602186dd168af170,data/Los-Angeles-MIDI/LOCAL_LAMDA/Local_Lamda_midi/midi_guide/602186dd168af170/song_package.yaml,gold,0.7108167770419426,0.11699779249448124
5fefe22d10fe35a0,data/Los-Angeles-MIDI/LOCAL_LAMDA/Local_Lamda_midi/midi_guide/5fefe22d10fe35a0/song_package.yaml,silver,0.6555809128630672,0.31742738589211617
5ff82e6fe7ad4130,data/Los-Angeles-MIDI/LOCAL_LAMDA/Local_Lamda_midi/midi_guide/5ff82e6fe7ad4130/song_package.yaml,gold,0.852459016393443,0.00936768149882904
6063828b0084381f,data/Los-Angeles-MIDI/LOCAL_LAMDA/Local_Lamda_midi/midi_guide/6063828b0084381f/song_package.yaml,gold,0.7980189959294415,0.08683853459972862
60d56e99bd70ae19,data/Los-Angeles-MIDI/LOCAL_LAMDA/Local_Lamda_midi/midi_guide/60d56e99bd70ae19/song_package.yaml,silver,0.5950284090909074,0.36079545454545453
60b516e2fec2e542,data/Los-Angeles-MIDI/LOCAL_LAMDA/Local_Lamda_midi/midi_guide/60b516e2fec2e542/song_package.yaml,gold,0.6888385826771672,0.18700787401574803
61e7d5225ce8829f,data/Los-Angeles-MIDI/LOCAL_LAMDA/Local_Lamda_midi/midi_guide/61e7d5225ce8829f/song_package.yaml,gold,0.7857883369330455,0.032397408207343416
62048f2753d39ae1,data/Los-Angeles-MIDI/LOCAL_LAMDA/Local_Lamda_midi/midi_guide/62048f2753d39ae1/song_package.yaml,gold,0.5545512820512825,0.07051282051282051
6205a868658f5f9e,data/Los-Angeles-MIDI/LOCAL_LAMDA/Local_Lamda_midi/midi_guide/6205a868658f5f9e/song_package.yaml,gold,0.7502201257861624,0.07861635220125786
6143542b0031dec3,data/Los-Angeles-MIDI/LOCAL_LAMDA/Local_Lamda_midi/midi_guide/6143542b0031dec3/song_package.yaml,gold,0.5421561338289971,0.19516728624535315
61cc1b1d62803b06,data/Los-Angeles-MIDI/LOCAL_LAMDA/Local_Lamda_midi/midi_guide/61cc1b1d62803b06/song_package.yaml,gold,0.7877653631284958,0.0
623573581c236b51,data/Los-Angeles-MIDI/LOCAL_LAMDA/Local_Lamda_midi/midi_guide/623573581c236b51/song_package.yaml,gold,0.8412957746478872,0.016901408450704224
627f086ad957aeed,data/Los-Angeles-MIDI/LOCAL_LAMDA/Local_Lamda_midi/midi_guide/627f086ad957aeed/song_package.yaml,gold,0.8280886426592803,0.04709141274238227
63075f59ac13e18f,data/Los-Angeles-MIDI/LOCAL_LAMDA/Local_Lamda_midi/midi_guide/63075f59ac13e18f/song_package.yaml,gold,0.830557184750733,0.0469208211143695
63170d04796d34ef,data/Los-Angeles-MIDI/LOCAL_LAMDA/Local_Lamda_midi/midi_guide/63170d04796d34ef/song_package.yaml,gold,0.7846208530805682,0.08293838862559241
6366c01d564f5f73,data/Los-Angeles-MIDI/LOCAL_LAMDA/Local_Lamda_midi/midi_guide/6366c01d564f5f73/song_package.yaml,gold,0.6687603305785111,0.15289256198347106
63a33312618b3723,data/Los-Angeles-MIDI/LOCAL_LAMDA/Local_Lamda_midi/midi_guide/63a33312618b3723/song_package.yaml,gold,0.6871684587813623,0.007168458781362007
63a97b6342480dd2,data/Los-Angeles-MIDI/LOCAL_LAMDA/Local_Lamda_midi/midi_guide/63a97b6342480dd2/song_package.yaml,gold,0.7446363636363653,0.1431818181818182
635666ec2249a6ab,data/Los-Angeles-MIDI/LOCAL_LAMDA/Local_Lamda_midi/midi_guide/635666ec2249a6ab/song_package.yaml,gold,0.6628320802004999,0.11779448621553884
63a2e5e4e2a54bc9,data/Los-Angeles-MIDI/LOCAL_LAMDA/Local_Lamda_midi/midi_guide/63a2e5e4e2a54bc9/song_package.yaml,gold,0.7203580562659848,0.1534526854219949
63da0cd17c284f43,data/Los-Angeles-MIDI/LOCAL_LAMDA/Local_Lamda_midi/midi_guide/63da0cd17c284f43/song_package.yaml,gold,0.8098490566037748,0.06415094339622641
63ef8d4a4ede928b,data/Los-Angeles-MIDI/LOCAL_LAMDA/Local_Lamda_midi/midi_guide/63ef8d4a4ede928b/song_package.yaml,gold,0.758647540983606,0.045081967213114756
63f60ebf37bec18c,data/Los-Angeles-MIDI/LOCAL_LAMDA/Local_Lamda_midi/midi_guide/63f60ebf37bec18c/song_package.yaml,gold,0.7861439588688952,0.08226221079691516
6461c6d7aa1a035d,data/Los-Angeles-MIDI/LOCAL_LAMDA/Local_Lamda_midi/midi_guide/6461c6d7aa1a035d/song_package.yaml,gold,0.7226136363636367,0.19545454545454546
646c51251354e849,data/Los-Angeles-MIDI/LOCAL_LAMDA/Local_Lamda_midi/midi_guide/646c51251354e849/song_package.yaml,gold,0.732930232558141,0.1372093023255814
644672a0e00a218c,data/Los-Angeles-MIDI/LOCAL_LAMDA/Local_Lamda_midi/midi_guide/644672a0e00a218c/song_package.yaml,silver,0.5037562189054721,0.3009950248756219
64dd39e2f3b96a19,data/Los-Angeles-MIDI/LOCAL_LAMDA/Local_Lamda_midi/midi_guide/64dd39e2f3b96a19/song_package.yaml,gold,0.5774581005586594,0.11731843575418995
6486838608139bc1,data/Los-Angeles-MIDI/LOCAL_LAMDA/Local_Lamda_midi/midi_guide/6486838608139bc1/song_package.yaml,gold,0.8572777777777775,0.05277777777777778
64f05b786560fdf4,data/Los-Angeles-MIDI/LOCAL_LAMDA/Local_Lamda_midi/midi_guide/64f05b786560fdf4/song_package.yaml,gold,0.7973580786026189,0.002183406113537118
64fb74889ce6b1df,data/Los-Angeles-MIDI/LOCAL_LAMDA/Local_Lamda_midi/midi_guide/64fb74889ce6b1df/song_package.yaml,silver,0.5502295081967213,0.26229508196721313
650f0688f69cb220,data/Los-Angeles-MIDI/LOCAL_LAMDA/Local_Lamda_midi/midi_guide/650f0688f69cb220/song_package.yaml,silver,0.5128155339805824,0.3592233009708738
6522eb5abea20eed,data/Los-Angeles-MIDI/LOCAL_LAMDA/Local_Lamda_midi/midi_guide/6522eb5abea20eed/song_package.yaml,gold,0.8452911392405069,0.035443037974683546
6557c3fe0f62bdc1,data/Los-Angeles-MIDI/LOCAL_LAMDA/Local_Lamda_midi/midi_guide/6557c3fe0f62bdc1/song_package.yaml,gold,0.676813559322034,0.14576271186440679
654d913564b18acf,data/Los-Angeles-MIDI/LOCAL_LAMDA/Local_Lamda_midi/midi_guide/654d913564b18acf/song_package.yaml,gold,0.8574480712166184,0.011869436201780416
65418049e500b2e8,data/Los-Angeles-MIDI/LOCAL_LAMDA/Local_Lamda_midi/midi_guide/65418049e500b2e8/song_package.yaml,gold,0.8522455089820357,0.03592814371257485
658b935773fb48e1,data/Los-Angeles-MIDI/LOCAL_LAMDA/Local_Lamda_midi/midi_guide/658b935773fb48e1/song_package.yaml,gold,0.7821652421652427,0.09116809116809117
655e2e1f60b58831,data/Los-Angeles-MIDI/LOCAL_LAMDA/Local_Lamda_midi/midi_guide/655e2e1f60b58831/song_package.yaml,gold,0.8123380281690132,0.005633802816901409
65d40627d41361d8,data/Los-Angeles-MIDI/LOCAL_LAMDA/Local_Lamda_midi/midi_guide/65d40627d41361d8/song_package.yaml,gold,0.8347567567567579,0.013513513513513514
6611038724cb0291,data/Los-Angeles-MIDI/LOCAL_LAMDA/Local_Lamda_midi/midi_guide/6611038724cb0291/song_package.yaml,gold,0.8267987804878048,0.0
664d6b8d6e638911,data/Los-Angeles-MIDI/LOCAL_LAMDA/Local_Lamda_midi/midi_guide/664d6b8d6e638911/song_package.yaml,gold,0.5821804511278199,0.18421052631578946
6602da6cad2c9d6c,data/Los-Angeles-MIDI/LOCAL_LAMDA/Local_Lamda_midi/midi_guide/6602da6cad2c9d6c/song_package.yaml,gold,0.8461363636363634,0.019886363636363636
66bd0fdca436a1de,data/Los-Angeles-MIDI/LOCAL_LAMDA/Local_Lamda_midi/midi_guide/66bd0fdca436a1de/song_package.yaml,gold,0.8445419847328252,0.05725190839694656
66b495c58906018c,data/Los-Angeles-MIDI/LOCAL_LAMDA/Local_Lamda_midi/midi_guide/66b495c58906018c/song_package.yaml,gold,0.8260396039603977,0.03217821782178218
66c1dd3ae0ec73a5,data/Los-Angeles-MIDI/LOCAL_LAMDA/Local_Lamda_midi/midi_guide/66c1dd3ae0ec73a5/song_package.yaml,gold,0.6281118881118881,0.06293706293706294
66909f43982a80b6,data/Los-Angeles-MIDI/LOCAL_LAMDA/Local_Lamda_midi/midi_guide/66909f43982a80b6/song_package.yaml,gold,0.5978248175182468,0.004379562043795621
66d430e41e2ecb49,data/Los-Angeles-MIDI/LOCAL_LAMDA/Local_Lamda_midi/midi_guide/66d430e41e2ecb49/song_package.yaml,silver,0.6875785582255043,0.2809611829944547
66bbb9a12cffe05e,data/Los-Angeles-MIDI/LOCAL_LAMDA/Local_Lamda_midi/midi_guide/66bbb9a12cffe05e/song_package.yaml,gold,0.6341339491916873,0.18937644341801385
67142f34fd3de695,data/Los-Angeles-MIDI/LOCAL_LAMDA/Local_Lamda_midi/midi_guide/67142f34fd3de695/song_package.yaml,gold,0.5157534246575345,0.1141552511415525
6747e72fbd260949,data/Los-Angeles-MIDI/LOCAL_LAMDA/Local_Lamda_midi/midi_guide/6747e72fbd260949/song_package.yaml,gold,0.6505471124620071,0.1276595744680851
672f4741610e5018,data/Los-Angeles-MIDI/LOCAL_LAMDA/Local_Lamda_midi/midi_guide/672f4741610e5018/song_package.yaml,silver,0.5517605633802819,0.2676056338028169
67b3f54ead5028bd,data/Los-Angeles-MIDI/LOCAL_LAMDA/Local_Lamda_midi/midi_guide/67b3f54ead5028bd/song_package.yaml,gold,0.8541533546325881,0.02875399361022364
67d02faeb2febaa8,data/Los-Angeles-MIDI/LOCAL_LAMDA/Local_Lamda_midi/midi_guide/67d02faeb2febaa8/song_package.yaml,silver,0.5717307692307664,0.3974358974358974
67ee6a0fbaaed8b5,data/Los-Angeles-MIDI/LOCAL_LAMDA/Local_Lamda_midi/midi_guide/67ee6a0fbaaed8b5/song_package.yaml,gold,0.8364728682170542,0.05426356589147287
68720093813f5072,data/Los-Angeles-MIDI/LOCAL_LAMDA/Local_Lamda_midi/midi_guide/68720093813f5072/song_package.yaml,silver,0.6109644670050766,0.30456852791878175
687c4a8066507bda,data/Los-Angeles-MIDI/LOCAL_LAMDA/Local_Lamda_midi/midi_guide/687c4a8066507bda/song_package.yaml,gold,0.7226811594202888,0.1280193236714976
68a64931517fdcb5,data/Los-Angeles-MIDI/LOCAL_LAMDA/Local_Lamda_midi/midi_guide/68a64931517fdcb5/song_package.yaml,gold,0.7918814432989685,0.06701030927835051
687e6865a06a9696,data/Los-Angeles-MIDI/LOCAL_LAMDA/Local_Lamda_midi/midi_guide/687e6865a06a9696/song_package.yaml,gold,0.7494065281899116,0.08605341246290801
68fb5bcc6366f03c,data/Los-Angeles-MIDI/LOCAL_LAMDA/Local_Lamda_midi/midi_guide/68fb5bcc6366f03c/song_package.yaml,gold,0.6588616071428578,0.19196428571428573
68ed9174da43f24c,data/Los-Angeles-MIDI/LOCAL_LAMDA/Local_Lamda_midi/midi_guide/68ed9174da43f24c/song_package.yaml,silver,0.5109197651663414,0.3385518590998043
6991cbf071837795,data/Los-Angeles-MIDI/LOCAL_LAMDA/Local_Lamda_midi/midi_guide/6991cbf071837795/song_package.yaml,silver,0.5885922330097085,0.3058252427184466
699f174df9981e6a,data/Los-Angeles-MIDI/LOCAL_LAMDA/Local_Lamda_midi/midi_guide/699f174df9981e6a/song_package.yaml,gold,0.7248287671232854,0.0
6993d178f460dc24,data/Los-Angeles-MIDI/LOCAL_LAMDA/Local_Lamda_midi/midi_guide/6993d178f460dc24/song_package.yaml,gold,0.7830048076923097,0.11778846153846154
69eb55b8035d7f39,data/Los-Angeles-MIDI/LOCAL_LAMDA/Local_Lamda_midi/midi_guide/69eb55b8035d7f39/song_package.yaml,gold,0.8541778975741257,0.008086253369272238
69befac739749290,data/Los-Angeles-MIDI/LOCAL_LAMDA/Local_Lamda_midi/midi_guide/69befac739749290/song_package.yaml,gold,0.8559166666666665,0.05277777777777778
6a0e365cdc028eff,data/Los-Angeles-MIDI/LOCAL_LAMDA/Local_Lamda_midi/midi_guide/6a0e365cdc028eff/song_package.yaml,silver,0.5772542372881357,0.3254237288135593
6a0aa28eb6c3568d,data/Los-Angeles-MIDI/LOCAL_LAMDA/Local_Lamda_midi/midi_guide/6a0aa28eb6c3568d/song_package.yaml,gold,0.8162358276643988,0.07709750566893424
6a9179bf353dddca,data/Los-Angeles-MIDI/LOCAL_LAMDA/Local_Lamda_midi/midi_guide/6a9179bf353dddca/song_package.yaml,silver,0.5733224755700326,0.38762214983713356
6acb404a52fc975b,data/Los-Angeles-MIDI/LOCAL_LAMDA/Local_Lamda_midi/midi_guide/6acb404a52fc975b/song_package.yaml,gold,0.773715498938429,0.0
6a92a33b6b9f6612,data/Los-Angeles-MIDI/LOCAL_LAMDA/Local_Lamda_midi/midi_guide/6a92a33b6b9f6612/song_package.yaml,gold,0.8138574938574938,0.051597051597051594
6afba70f19fd96a6,data/Los-Angeles-MIDI/LOCAL_LAMDA/Local_Lamda_midi/midi_guide/6afba70f19fd96a6/song_package.yaml,gold,0.6682375478927204,0.12643678160919541
6ace5fb88f3f02e5,data/Los-Angeles-MIDI/LOCAL_LAMDA/Local_Lamda_midi/midi_guide/6ace5fb88f3f02e5/song_package.yaml,gold,0.802466367713004,0.04484304932735426
6bb852588f97143e,data/Los-Angeles-MIDI/LOCAL_LAMDA/Local_Lamda_midi/midi_guide/6bb852588f97143e/song_package.yaml,gold,0.6992333333333327,0.0
6bb0bb32f8281102,data/Los-Angeles-MIDI/LOCAL_LAMDA/Local_Lamda_midi/midi_guide/6bb0bb32f8281102/song_package.yaml,gold,0.8385661764705885,0.022058823529411766
6c2b500006fc51f2,data/Los-Angeles-MIDI/LOCAL_LAMDA/Local_Lamda_midi/midi_guide/6c2b500006fc51f2/song_package.yaml,silver,0.5674468085106384,0.32978723404255317
6c20fefa6adfd67b,data/Los-Angeles-MIDI/LOCAL_LAMDA/Local_Lamda_midi/midi_guide/6c20fefa6adfd67b/song_package.yaml,silver,0.604892703862661,0.2703862660944206
6beafcd3f8fc8e77,data/Los-Angeles-MIDI/LOCAL_LAMDA/Local_Lamda_midi/midi_guide/6beafcd3f8fc8e77/song_package.yaml,gold,0.7443631436314359,0.04878048780487805
6bea142487166219,data/Los-Angeles-MIDI/LOCAL_LAMDA/Local_Lamda_midi/midi_guide/6bea142487166219/song_package.yaml,gold,0.7463333333333333,0.11190476190476191
6bfcf22c4db6fc98,data/Los-Angeles-MIDI/LOCAL_LAMDA/Local_Lamda_midi/midi_guide/6bfcf22c4db6fc98/song_package.yaml,gold,0.8143874643874643,0.03133903133903134
6c5886d9c1635755,data/Los-Angeles-MIDI/LOCAL_LAMDA/Local_Lamda_midi/midi_guide/6c5886d9c1635755/song_package.yaml,gold,0.7944299674267093,0.07166123778501629
6c7f1128d54f64ec,data/Los-Angeles-MIDI/LOCAL_LAMDA/Local_Lamda_midi/midi_guide/6c7f1128d54f64ec/song_package.yaml,gold,0.8314999999999996,0.015625
6c35e261b6db349b,data/Los-Angeles-MIDI/LOCAL_LAMDA/Local_Lamda_midi/midi_guide/6c35e261b6db349b/song_package.yaml,silver,0.510537240537239,0.2588522588522589
6cbd241c7f09b9c1,data/Los-Angeles-MIDI/LOCAL_LAMDA/Local_Lamda_midi/midi_guide/6cbd241c7f09b9c1/song_package.yaml,gold,0.7282132564841491,0.15561959654178675
6c5fdf14431e9eaa,data/Los-Angeles-MIDI/LOCAL_LAMDA/Local_Lamda_midi/midi_guide/6c5fdf14431e9eaa/song_package.yaml,gold,0.867317073170731,0.012195121951219513
6cf16bdf9eb92cee,data/Los-Angeles-MIDI/LOCAL_LAMDA/Local_Lamda_midi/midi_guide/6cf16bdf9eb92cee/song_package.yaml,gold,0.8966076696165198,0.0058997050147492625
6d022bcc6ba867e5,data/Los-Angeles-MIDI/LOCAL_LAMDA/Local_Lamda_midi/midi_guide/6d022bcc6ba867e5/song_package.yaml,gold,0.8436760925449883,0.02313624678663239
6d074c6aedaa1f70,data/Los-Angeles-MIDI/LOCAL_LAMDA/Local_Lamda_midi/midi_guide/6d074c6aedaa1f70/song_package.yaml,gold,0.5986649874055406,0.13602015113350127
6d217f40977fa5b2,data/Los-Angeles-MIDI/LOCAL_LAMDA/Local_Lamda_midi/midi_guide/6d217f40977fa5b2/song_package.yaml,silver,0.5330194805194809,0.35064935064935066
6d25713e3cf37e12,data/Los-Angeles-MIDI/LOCAL_LAMDA/Local_Lamda_midi/midi_guide/6d25713e3cf37e12/song_package.yaml,gold,0.8628974358974365,0.007692307692307693
6d0e8bbc7a3c2a9a,data/Los-Angeles-MIDI/LOCAL_LAMDA/Local_Lamda_midi/midi_guide/6d0e8bbc7a3c2a9a/song_package.yaml,gold,0.8353246753246755,0.02922077922077922
6dabf963c1e559d7,data/Los-Angeles-MIDI/LOCAL_LAMDA/Local_Lamda_midi/midi_guide/6dabf963c1e559d7/song_package.yaml,silver,0.644309392265191,0.20441988950276244
6dc1c746c9cbb5bf,data/Los-Angeles-MIDI/LOCAL_LAMDA/Local_Lamda_midi/midi_guide/6dc1c746c9cbb5bf/song_package.yaml,gold,0.8448825065274155,0.007832898172323759
6dc297afba1fa71d,data/Los-Angeles-MIDI/LOCAL_LAMDA/Local_Lamda_midi/midi_guide/6dc297afba1fa71d/song_package.yaml,gold,0.8186103542234335,0.03814713896457766
6e99922d9edacd88,data/Los-Angeles-MIDI/LOCAL_LAMDA/Local_Lamda_midi/midi_guide/6e99922d9edacd88/song_package.yaml,gold,0.7234393063583792,0.15895953757225434
6e7ffe5dedd868e7,data/Los-Angeles-MIDI/LOCAL_LAMDA/Local_Lamda_midi/midi_guide/6e7ffe5dedd868e7/song_package.yaml,gold,0.7896398891966763,0.060941828254847646
6e84376f9a8b258f,data/Los-Angeles-MIDI/LOCAL_LAMDA/Local_Lamda_midi/midi_guide/6e84376f9a8b258f/song_package.yaml,gold,0.7480877742946711,0.16300940438871472
6e9ae42b4f005127,data/Los-Angeles-MIDI/LOCAL_LAMDA/Local_Lamda_midi/midi_guide/6e9ae42b4f005127/song_package.yaml,gold,0.7497838899803542,0.11198428290766209
6ec65838b1d97fc7,data/Los-Angeles-MIDI/LOCAL_LAMDA/Local_Lamda_midi/midi_guide/6ec65838b1d97fc7/song_package.yaml,gold,0.8693678160919546,0.014367816091954023
6ee8e6024823bd95,data/Los-Angeles-MIDI/LOCAL_LAMDA/Local_Lamda_midi/midi_guide/6ee8e6024823bd95/song_package.yaml,gold,0.8601826484018265,0.00684931506849315
6f3b8d14db91ee59,data/Los-Angeles-MIDI/LOCAL_LAMDA/Local_Lamda_midi/midi_guide/6f3b8d14db91ee59/song_package.yaml,gold,0.6814090909090905,0.15
6f64eccf4631cc34,data/Los-Angeles-MIDI/LOCAL_LAMDA/Local_Lamda_midi/midi_guide/6f64eccf4631cc34/song_package.yaml,gold,0.7718318318318318,0.012012012012012012
6f8013401dff6852,data/Los-Angeles-MIDI/LOCAL_LAMDA/Local_Lamda_midi/midi_guide/6f8013401dff6852/song_package.yaml,gold,0.6885227272727263,0.05113636363636364
6f5a7a93d856ea10,data/Los-Angeles-MIDI/LOCAL_LAMDA/Local_Lamda_midi/midi_guide/6f5a7a93d856ea10/song_package.yaml,gold,0.794250000000001,0.007142857142857143
6f958e5ea2689439,data/Los-Angeles-MIDI/LOCAL_LAMDA/Local_Lamda_midi/midi_guide/6f958e5ea2689439/song_package.yaml,gold,0.7903100775193803,0.08010335917312661
6f820f9e9acbebe9,data/Los-Angeles-MIDI/LOCAL_LAMDA/Local_Lamda_midi/midi_guide/6f820f9e9acbebe9/song_package.yaml,gold,0.7231516587677707,0.08056872037914692
702a07d0366f8696,data/Los-Angeles-MIDI/LOCAL_LAMDA/Local_Lamda_midi/midi_guide/702a07d0366f8696/song_package.yaml,silver,0.5583333333333337,0.35833333333333334
700cb242cb9b8b0e,data/Los-Angeles-MIDI/LOCAL_LAMDA/Local_Lamda_midi/midi_guide/700cb242cb9b8b0e/song_package.yaml,gold,0.830614973262033,0.029411764705882353
70237138dcef46b7,data/Los-Angeles-MIDI/LOCAL_LAMDA/Local_Lamda_midi/midi_guide/70237138dcef46b7/song_package.yaml,gold,0.8666666666666675,0.02631578947368421
70532271449857a0,data/Los-Angeles-MIDI/LOCAL_LAMDA/Local_Lamda_midi/midi_guide/70532271449857a0/song_package.yaml,silver,0.6576733780760652,0.26174496644295303
708583c9c19795e2,data/Los-Angeles-MIDI/LOCAL_LAMDA/Local_Lamda_midi/midi_guide/708583c9c19795e2/song_package.yaml,gold,0.742769953051644,0.11502347417840375
70d92c1aab6ce81f,data/Los-Angeles-MIDI/LOCAL_LAMDA/Local_Lamda_midi/midi_guide/70d92c1aab6ce81f/song_package.yaml,gold,0.5992592592592593,0.14814814814814814
7086c294b2392b26,data/Los-Angeles-MIDI/LOCAL_LAMDA/Local_Lamda_midi/midi_guide/7086c294b2392b26/song_package.yaml,gold,0.6739766081871346,0.0
70d2f00f441be111,data/Los-Angeles-MIDI/LOCAL_LAMDA/Local_Lamda_midi/midi_guide/70d2f00f441be111/song_package.yaml,silver,0.4751898734177214,0.11075949367088607
710db23522251b09,data/Los-Angeles-MIDI/LOCAL_LAMDA/Local_Lamda_midi/midi_guide/710db23522251b09/song_package.yaml,gold,0.7284196891191705,0.06994818652849741
7142251ac1b9191f,data/Los-Angeles-MIDI/LOCAL_LAMDA/Local_Lamda_midi/midi_guide/7142251ac1b9191f/song_package.yaml,gold,0.5093953488372094,0.13953488372093023
713c01f946fc6909,data/Los-Angeles-MIDI/LOCAL_LAMDA/Local_Lamda_midi/midi_guide/713c01f946fc6909/song_package.yaml,gold,0.8072340425531918,0.05673758865248227
714f790742680f89,data/Los-Angeles-MIDI/LOCAL_LAMDA/Local_Lamda_midi/midi_guide/714f790742680f89/song_package.yaml,gold,0.6282961460446245,0.010141987829614604
716d6528372677eb,data/Los-Angeles-MIDI/LOCAL_LAMDA/Local_Lamda_midi/midi_guide/716d6528372677eb/song_package.yaml,gold,0.8393641618497119,0.02601156069364162
71a869e67eb4707e,data/Los-Angeles-MIDI/LOCAL_LAMDA/Local_Lamda_midi/midi_guide/71a869e67eb4707e/song_package.yaml,gold,0.8223353293413171,0.0
72050bc431e6cbce,data/Los-Angeles-MIDI/LOCAL_LAMDA/Local_Lamda_midi/midi_guide/72050bc431e6cbce/song_package.yaml,gold,0.5677556109725687,0.09226932668329177
722e644bf1fa7dd4,data/Los-Angeles-MIDI/LOCAL_LAMDA/Local_Lamda_midi/midi_guide/722e644bf1fa7dd4/song_package.yaml,gold,0.8244041450777204,0.04404145077720207
7225d64f64b48081,data/Los-Angeles-MIDI/LOCAL_LAMDA/Local_Lamda_midi/midi_guide/7225d64f64b48081/song_package.yaml,gold,0.7723076923076923,0.018461538461538463
726a9a9ece1c6ce6,data/Los-Angeles-MIDI/LOCAL_LAMDA/Local_Lamda_midi/midi_guide/726a9a9ece1c6ce6/song_package.yaml,gold,0.8243416370106765,0.0711743772241993
726e8f00c49c68ac,data/Los-Angeles-MIDI/LOCAL_LAMDA/Local_Lamda_midi/midi_guide/726e8f00c49c68ac/song_package.yaml,silver,0.6888427299703249,0.228486646884273
727cc12ffb8b3184,data/Los-Angeles-MIDI/LOCAL_LAMDA/Local_Lamda_midi/midi_guide/727cc12ffb8b3184/song_package.yaml,gold,0.8637570621468926,0.025423728813559324
723414b9a0db4926,data/Los-Angeles-MIDI/LOCAL_LAMDA/Local_Lamda_midi/midi_guide/723414b9a0db4926/song_package.yaml,gold,0.7766933638443911,0.009153318077803204
728346d88b926c89,data/Los-Angeles-MIDI/LOCAL_LAMDA/Local_Lamda_midi/midi_guide/728346d88b926c89/song_package.yaml,gold,0.7563510392609695,0.08083140877598152
729138ac6f2674c1,data/Los-Angeles-MIDI/LOCAL_LAMDA/Local_Lamda_midi/midi_guide/729138ac6f2674c1/song_package.yaml,silver,0.6825128205128199,0.24871794871794872
7294848fd8267ca8,data/Los-Angeles-MIDI/LOCAL_LAMDA/Local_Lamda_midi/midi_guide/7294848fd8267ca8/song_package.yaml,gold,0.7062322274881507,0.18246445497630331
72e8520b25a63c83,data/Los-Angeles-MIDI/LOCAL_LAMDA/Local_Lamda_midi/midi_guide/72e8520b25a63c83/song_package.yaml,gold,0.8333333333333331,0.03205128205128205
72abab6b7b486dc3,data/Los-Angeles-MIDI/LOCAL_LAMDA/Local_Lamda_midi/midi_guide/72abab6b7b486dc3/song_package.yaml,gold,0.7219213973799146,0.12008733624454149
730876fe05fa1079,data/Los-Angeles-MIDI/LOCAL_LAMDA/Local_Lamda_midi/midi_guide/730876fe05fa1079/song_package.yaml,gold,0.8415533980582525,0.02912621359223301
730b670aef25a7b3,data/Los-Angeles-MIDI/LOCAL_LAMDA/Local_Lamda_midi/midi_guide/730b670aef25a7b3/song_package.yaml,gold,0.7688852459016383,0.06885245901639345
731ca6f8f6715f8e,data/Los-Angeles-MIDI/LOCAL_LAMDA/Local_Lamda_midi/midi_guide/731ca6f8f6715f8e/song_package.yaml,gold,0.6146713615023479,0.09859154929577464
732f6149fe333e2c,data/Los-Angeles-MIDI/LOCAL_LAMDA/Local_Lamda_midi/midi_guide/732f6149fe333e2c/song_package.yaml,gold,0.520877659574468,0.07446808510638298
739e434472c20d65,data/Los-Angeles-MIDI/LOCAL_LAMDA/Local_Lamda_midi/midi_guide/739e434472c20d65/song_package.yaml,silver,0.4437117903930133,0.3231441048034934
73d4e55979fd35ad,data/Los-Angeles-MIDI/LOCAL_LAMDA/Local_Lamda_midi/midi_guide/73d4e55979fd35ad/song_package.yaml,silver,0.5792882562277595,0.28825622775800713
738657746d7a21a7,data/Los-Angeles-MIDI/LOCAL_LAMDA/Local_Lamda_midi/midi_guide/738657746d7a21a7/song_package.yaml,gold,0.826297872340426,0.014893617021276596
73c8cf62f08f3992,data/Los-Angeles-MIDI/LOCAL_LAMDA/Local_Lamda_midi/midi_guide/73c8cf62f08f3992/song_package.yaml,gold,0.6955882352941176,0.1497326203208556
73fa5f4dfe278a71,data/Los-Angeles-MIDI/LOCAL_LAMDA/Local_Lamda_midi/midi_guide/73fa5f4dfe278a71/song_package.yaml,silver,0.5565714285714285,0.38571428571428573
73f5fd16d253dafb,data/Los-Angeles-MIDI/LOCAL_LAMDA/Local_Lamda_midi/midi_guide/73f5fd16d253dafb/song_package.yaml,gold,0.8492792792792788,0.018018018018018018
7416529a5e2c5e16,data/Los-Angeles-MIDI/LOCAL_LAMDA/Local_Lamda_midi/midi_guide/7416529a5e2c5e16/song_package.yaml,gold,0.5409411764705881,0.029411764705882353
742be666ee6753d2,data/Los-Angeles-MIDI/LOCAL_LAMDA/Local_Lamda_midi/midi_guide/742be666ee6753d2/song_package.yaml,gold,0.7859641255605377,0.04932735426008968
746d3a709a0af2b4,data/Los-Angeles-MIDI/LOCAL_LAMDA/Local_Lamda_midi/midi_guide/746d3a709a0af2b4/song_package.yaml,gold,0.6198176291793299,0.06990881458966565
73fce322288a092e,data/Los-Angeles-MIDI/LOCAL_LAMDA/Local_Lamda_midi/midi_guide/73fce322288a092e/song_package.yaml,gold,0.7871874999999999,0.10416666666666667
7479bd0646b491d8,data/Los-Angeles-MIDI/LOCAL_LAMDA/Local_Lamda_midi/midi_guide/7479bd0646b491d8/song_package.yaml,gold,0.5181138790035584,0.060498220640569395
7490a313da3b268e,data/Los-Angeles-MIDI/LOCAL_LAMDA/Local_Lamda_midi/midi_guide/7490a313da3b268e/song_package.yaml,silver,0.694559999999998,0.21866666666666668
74f4d8744567dc13,data/Los-Angeles-MIDI/LOCAL_LAMDA/Local_Lamda_midi/midi_guide/74f4d8744567dc13/song_package.yaml,silver,0.5220000000000004,0.3333333333333333
74a9ea02c59c9971,data/Los-Angeles-MIDI/LOCAL_LAMDA/Local_Lamda_midi/midi_guide/74a9ea02c59c9971/song_package.yaml,silver,0.5208333333333331,0.36403508771929827
74c1ce56ad9b52a5,data/Los-Angeles-MIDI/LOCAL_LAMDA/Local_Lamda_midi/midi_guide/74c1ce56ad9b52a5/song_package.yaml,silver,0.43659663865546194,0.3865546218487395
74f6fc1afe95307a,data/Los-Angeles-MIDI/LOCAL_LAMDA/Local_Lamda_midi/midi_guide/74f6fc1afe95307a/song_package.yaml,gold,0.8472598870056499,0.002824858757062147
7526b6efee2bfb40,data/Los-Angeles-MIDI/LOCAL_LAMDA/Local_Lamda_midi/midi_guide/7526b6efee2bfb40/song_package.yaml,gold,0.7355012853470445,0.1928020565552699
74d3b679efc65939,data/Los-Angeles-MIDI/LOCAL_LAMDA/Local_Lamda_midi/midi_guide/74d3b679efc65939/song_package.yaml,gold,0.7370223752151458,0.1549053356282272
7588a63bd548d31a,data/Los-Angeles-MIDI/LOCAL_LAMDA/Local_Lamda_midi/midi_guide/7588a63bd548d31a/song_package.yaml,silver,0.6986363636363634,0.22727272727272727
7531e51da7e59fa6,data/Los-Angeles-MIDI/LOCAL_LAMDA/Local_Lamda_midi/midi_guide/7531e51da7e59fa6/song_package.yaml,gold,0.8284313725490213,0.058823529411764705
7559b3550fe217b9,data/Los-Angeles-MIDI/LOCAL_LAMDA/Local_Lamda_midi/midi_guide/7559b3550fe217b9/song_package.yaml,silver,0.5904870129870141,0.275974025974026
75ab330228c93506,data/Los-Angeles-MIDI/LOCAL_LAMDA/Local_Lamda_midi/midi_guide/75ab330228c93506/song_package.yaml,gold,0.8122595078299786,0.049217002237136466
75ffc0ae00618884,data/Los-Angeles-MIDI/LOCAL_LAMDA/Local_Lamda_midi/midi_guide/75ffc0ae00618884/song_package.yaml,gold,0.7489123867069477,0.03625377643504532
762b008401d1142c,data/Los-Angeles-MIDI/LOCAL_LAMDA/Local_Lamda_midi/midi_guide/762b008401d1142c/song_package.yaml,gold,0.648057324840763,0.06369426751592357
763d11c0eccfcd31,data/Los-Angeles-MIDI/LOCAL_LAMDA/Local_Lamda_midi/midi_guide/763d11c0eccfcd31/song_package.yaml,gold,0.7844715447154464,0.032520325203252036
7696e94e9be92e4d,data/Los-Angeles-MIDI/LOCAL_LAMDA/Local_Lamda_midi/midi_guide/7696e94e9be92e4d/song_package.yaml,gold,0.8713294797687868,0.005780346820809248
76d8a0f8aadb2094,data/Los-Angeles-MIDI/LOCAL_LAMDA/Local_Lamda_midi/midi_guide/76d8a0f8aadb2094/song_package.yaml,gold,0.7439202657807301,0.059800664451827246
772376899fe10496,data/Los-Angeles-MIDI/LOCAL_LAMDA/Local_Lamda_midi/midi_guide/772376899fe10496/song_package.yaml,gold,0.8509657320872278,0.03426791277258567
76f8b2921c8bd6cd,data/Los-Angeles-MIDI/LOCAL_LAMDA/Local_Lamda_midi/midi_guide/76f8b2921c8bd6cd/song_package.yaml,gold,0.6378971962616821,0.1191588785046729
76ee798e625edb50,data/Los-Angeles-MIDI/LOCAL_LAMDA/Local_Lamda_midi/midi_guide/76ee798e625edb50/song_package.yaml,gold,0.7352166934189424,0.02247191011235955
77330b1f84594e59,data/Los-Angeles-MIDI/LOCAL_LAMDA/Local_Lamda_midi/midi_guide/77330b1f84594e59/song_package.yaml,gold,0.8392647058823532,0.0055147058823529415
785d0be82337c4c9,data/Los-Angeles-MIDI/LOCAL_LAMDA/Local_Lamda_midi/midi_guide/785d0be82337c4c9/song_package.yaml,gold,0.5520338983050851,0.11864406779661017
783309e5f6eb4ffa,data/Los-Angeles-MIDI/LOCAL_LAMDA/Local_Lamda_midi/midi_guide/783309e5f6eb4ffa/song_package.yaml,gold,0.667993421052631,0.09210526315789473
77e2af462682df7c,data/Los-Angeles-MIDI/LOCAL_LAMDA/Local_Lamda_midi/midi_guide/77e2af462682df7c/song_package.yaml,gold,0.8261484098939945,0.045936395759717315
7856f8477648e8d6,data/Los-Angeles-MIDI/LOCAL_LAMDA/Local_Lamda_midi/midi_guide/7856f8477648e8d6/song_package.yaml,gold,0.5765917602996263,0.0599250936329588
7833df26677f1204,data/Los-Angeles-MIDI/LOCAL_LAMDA/Local_Lamda_midi/midi_guide/7833df26677f1204/song_package.yaml,gold,0.6691636363636357,0.0
78858febb13cf145,data/Los-Angeles-MIDI/LOCAL_LAMDA/Local_Lamda_midi/midi_guide/78858febb13cf145/song_package.yaml,gold,0.6565873015873017,0.007936507936507936
78830adb10f4d77e,data/Los-Angeles-MIDI/LOCAL_LAMDA/Local_Lamda_midi/midi_guide/78830adb10f4d77e/song_package.yaml,silver,0.5552606635071077,0.2559241706161137
78992f9389918170,data/Los-Angeles-MIDI/LOCAL_LAMDA/Local_Lamda_midi/midi_guide/78992f9389918170/song_package.yaml,gold,0.8615736040609133,0.03299492385786802
78f42e70b27700fd,data/Los-Angeles-MIDI/LOCAL_LAMDA/Local_Lamda_midi/midi_guide/78f42e70b27700fd/song_package.yaml,silver,0.49953296703296707,0.0027472527472527475
78dd121b380fbfd9,data/Los-Angeles-MIDI/LOCAL_LAMDA/Local_Lamda_midi/midi_guide/78dd121b380fbfd9/song_package.yaml,gold,0.6118112244897957,0.09693877551020408
797455d76be554c4,data/Los-Angeles-MIDI/LOCAL_LAMDA/Local_Lamda_midi/midi_guide/797455d76be554c4/song_package.yaml,silver,0.4398467432950195,0.34099616858237547
7912339c782955d1,data/Los-Angeles-MIDI/LOCAL_LAMDA/Local_Lamda_midi/midi_guide/7912339c782955d1/song_package.yaml,gold,0.758446866485013,0.08719346049046321
79fc4e3aa61c46e3,data/Los-Angeles-MIDI/LOCAL_LAMDA/Local_Lamda_midi/midi_guide/79fc4e3aa61c46e3/song_package.yaml,gold,0.5190647482014389,0.007194244604316547
79c4419b6563e852,data/Los-Angeles-MIDI/LOCAL_LAMDA/Local_Lamda_midi/midi_guide/79c4419b6563e852/song_package.yaml,gold,0.8147647058823531,0.029411764705882353
79ae0aff9be56c27,data/Los-Angeles-MIDI/LOCAL_LAMDA/Local_Lamda_midi/midi_guide/79ae0aff9be56c27/song_package.yaml,gold,0.8480555555555567,0.027777777777777776
7a0921a212095bc2,data/Los-Angeles-MIDI/LOCAL_LAMDA/Local_Lamda_midi/midi_guide/7a0921a212095bc2/song_package.yaml,gold,0.7458932714617185,0.14153132250580047
79b5283326a118fb,data/Los-Angeles-MIDI/LOCAL_LAMDA/Local_Lamda_midi/midi_guide/79b5283326a118fb/song_package.yaml,gold,0.7252443609022565,0.007518796992481203
7a5da370b1b82549,data/Los-Angeles-MIDI/LOCAL_LAMDA/Local_Lamda_midi/midi_guide/7a5da370b1b82549/song_package.yaml,gold,0.5207860262008732,0.09606986899563319
7a933e36b42b661b,data/Los-Angeles-MIDI/LOCAL_LAMDA/Local_Lamda_midi/midi_guide/7a933e36b42b661b/song_package.yaml,gold,0.5570776255707762,0.1643835616438356
7a630ee0fb5e7d16,data/Los-Angeles-MIDI/LOCAL_LAMDA/Local_Lamda_midi/midi_guide/7a630ee0fb5e7d16/song_package.yaml,gold,0.7727083333333327,0.10416666666666667
7aa85c9c1fe5c462,data/Los-Angeles-MIDI/LOCAL_LAMDA/Local_Lamda_midi/midi_guide/7aa85c9c1fe5c462/song_package.yaml,silver,0.5790114942528733,0.35402298850574715
7a605ac817ceab91,data/Los-Angeles-MIDI/LOCAL_LAMDA/Local_Lamda_midi/midi_guide/7a605ac817ceab91/song_package.yaml,gold,0.8588549618320614,0.01272264631043257
7ab976cbc91341be,data/Los-Angeles-MIDI/LOCAL_LAMDA/Local_Lamda_midi/midi_guide/7ab976cbc91341be/song_package.yaml,gold,0.82978354978355,0.006493506493506494
7ae3160759de2430,data/Los-Angeles-MIDI/LOCAL_LAMDA/Local_Lamda_midi/midi_guide/7ae3160759de2430/song_package.yaml,silver,0.43560553633218013,0.3494809688581315
7b200c425b7be9a8,data/Los-Angeles-MIDI/LOCAL_LAMDA/Local_Lamda_midi/midi_guide/7b200c425b7be9a8/song_package.yaml,silver,0.5160559006211185,0.34782608695652173
7b83159e522a9d72,data/Los-Angeles-MIDI/LOCAL_LAMDA/Local_Lamda_midi/midi_guide/7b83159e522a9d72/song_package.yaml,gold,0.7459644670050763,0.1218274111675127
7b9b32542377a910,data/Los-Angeles-MIDI/LOCAL_LAMDA/Local_Lamda_midi/midi_guide/7b9b32542377a910/song_package.yaml,gold,0.5102036199095026,0.1493212669683258
7be42d48d7f03426,data/Los-Angeles-MIDI/LOCAL_LAMDA/Local_Lamda_midi/midi_guide/7be42d48d7f03426/song_package.yaml,gold,0.8391871921182273,0.0024630541871921183
7bcdb68427614241,data/Los-Angeles-MIDI/LOCAL_LAMDA/Local_Lamda_midi/midi_guide/7bcdb68427614241/song_package.yaml,gold,0.7532723577235778,0.0040650406504065045
7c2de150a839f142,data/Los-Angeles-MIDI/LOCAL_LAMDA/Local_Lamda_midi/midi_guide/7c2de150a839f142/song_package.yaml,silver,0.4776500000000005,0.395
7b29f8785f8d2619,data/Los-Angeles-MIDI/LOCAL_LAMDA/Local_Lamda_midi/midi_guide/7b29f8785f8d2619/song_package.yaml,gold,0.7559345794392502,0.030373831775700934
7c737c6c8b46c471,data/Los-Angeles-MIDI/LOCAL_LAMDA/Local_Lamda_midi/midi_guide/7c737c6c8b46c471/song_package.yaml,gold,0.8163919413919424,0.04395604395604396
7cfdc09f6ce35755,data/Los-Angeles-MIDI/LOCAL_LAMDA/Local_Lamda_midi/midi_guide/7cfdc09f6ce35755/song_package.yaml,gold,0.5299578059071729,0.15611814345991562
7ce27ad28efc9b60,data/Los-Angeles-MIDI/LOCAL_LAMDA/Local_Lamda_midi/midi_guide/7ce27ad28efc9b60/song_package.yaml,gold,0.8456585365853653,0.05365853658536585
7d7bf2b8258e9c68,data/Los-Angeles-MIDI/LOCAL_LAMDA/Local_Lamda_midi/midi_guide/7d7bf2b8258e9c68/song_package.yaml,gold,0.62,0.047619047619047616
7d658650147b1c31,data/Los-Angeles-MIDI/LOCAL_LAMDA/Local_Lamda_midi/midi_guide/7d658650147b1c31/song_package.yaml,gold,0.7131971153846147,0.03125
7d7d68074af36a18,data/Los-Angeles-MIDI/LOCAL_LAMDA/Local_Lamda_midi/midi_guide/7d7d68074af36a18/song_package.yaml,gold,0.784072022160664,0.0664819944598338
7cd93785cddca426,data/Los-Angeles-MIDI/LOCAL_LAMDA/Local_Lamda_midi/midi_guide/7cd93785cddca426/song_package.yaml,gold,0.6587262872628721,0.0921409214092141
7d81262729c2d8f0,data/Los-Angeles-MIDI/LOCAL_LAMDA/Local_Lamda_midi/midi_guide/7d81262729c2d8f0/song_package.yaml,gold,0.801785714285714,0.04120879120879121
7d6b0d865b5ffdc1,data/Los-Angeles-MIDI/LOCAL_LAMDA/Local_Lamda_midi/midi_guide/7d6b0d865b5ffdc1/song_package.yaml,gold,0.8416186252771618,0.04878048780487805
7d77c42a72448386,data/Los-Angeles-MIDI/LOCAL_LAMDA/Local_Lamda_midi/midi_guide/7d77c42a72448386/song_package.yaml,gold,0.6486309523809525,0.09821428571428571
7db8828413c2a1ad,data/Los-Angeles-MIDI/LOCAL_LAMDA/Local_Lamda_midi/midi_guide/7db8828413c2a1ad/song_package.yaml,gold,0.7978630705394204,0.01037344398340249
7daf05e014854000,data/Los-Angeles-MIDI/LOCAL_LAMDA/Local_Lamda_midi/midi_guide/7daf05e014854000/song_package.yaml,gold,0.7969787234042562,0.10425531914893617
7dd0a50eed3ed454,data/Los-Angeles-MIDI/LOCAL_LAMDA/Local_Lamda_midi/midi_guide/7dd0a50eed3ed454/song_package.yaml,gold,0.8119256017505476,0.045951859956236324
7e5c949824a197ae,data/Los-Angeles-MIDI/LOCAL_LAMDA/Local_Lamda_midi/midi_guide/7e5c949824a197ae/song_package.yaml,silver,0.4986440677966102,0.00847457627118644
7e133aa41a93a5e7,data/Los-Angeles-MIDI/LOCAL_LAMDA/Local_Lamda_midi/midi_guide/7e133aa41a93a5e7/song_package.yaml,silver,0.4567419354838709,0.14838709677419354
7f0d8140f52be0f3,data/Los-Angeles-MIDI/LOCAL_LAMDA/Local_Lamda_midi/midi_guide/7f0d8140f52be0f3/song_package.yaml,gold,0.8266535433070863,0.051181102362204724
7ea602195a712115,data/Los-Angeles-MIDI/LOCAL_LAMDA/Local_Lamda_midi/midi_guide/7ea602195a712115/song_package.yaml,gold,0.798858447488585,0.0410958904109589
7e5dc3cc00d649c4,data/Los-Angeles-MIDI/LOCAL_LAMDA/Local_Lamda_midi/midi_guide/7e5dc3cc00d649c4/song_package.yaml,gold,0.7618982387475521,0.18590998043052837
7eb2d4ef2626b41c,data/Los-Angeles-MIDI/LOCAL_LAMDA/Local_Lamda_midi/midi_guide/7eb2d4ef2626b41c/song_package.yaml,gold,0.8280760095011882,0.040380047505938245
7f277b0b8b1f9140,data/Los-Angeles-MIDI/LOCAL_LAMDA/Local_Lamda_midi/midi_guide/7f277b0b8b1f9140/song_package.yaml,silver,0.5021064301552096,0.36363636363636365
7fbf0f8e0696b32a,data/Los-Angeles-MIDI/LOCAL_LAMDA/Local_Lamda_midi/midi_guide/7fbf0f8e0696b32a/song_package.yaml,gold,0.7800821917808229,0.0410958904109589
7f960734d47ce0f5,data/Los-Angeles-MIDI/LOCAL_LAMDA/Local_Lamda_midi/midi_guide/7f960734d47ce0f5/song_package.yaml,silver,0.66892441860465,0.2819767441860465
7f27c37f2f489884,data/Los-Angeles-MIDI/LOCAL_LAMDA/Local_Lamda_midi/midi_guide/7f27c37f2f489884/song_package.yaml,gold,0.813749999999999,0.049342105263157895
805abfd15020b3fe,data/Los-Angeles-MIDI/LOCAL_LAMDA/Local_Lamda_midi/midi_guide/805abfd15020b3fe/song_package.yaml,silver,0.48877149877149956,0.3488943488943489
80a2fe3cf105f9fb,data/Los-Angeles-MIDI/LOCAL_LAMDA/Local_Lamda_midi/midi_guide/80a2fe3cf105f9fb/song_package.yaml,gold,0.8480316742081451,0.049773755656108594
80ac74f59a658578,data/Los-Angeles-MIDI/LOCAL_LAMDA/Local_Lamda_midi/midi_guide/80ac74f59a658578/song_package.yaml,silver,0.7352647058823547,0.20588235294117646
7fcf5f99a4622104,data/Los-Angeles-MIDI/LOCAL_LAMDA/Local_Lamda_midi/midi_guide/7fcf5f99a4622104/song_package.yaml,gold,0.6520707070707065,0.03535353535353535
81245c6c51dbe256,data/Los-Angeles-MIDI/LOCAL_LAMDA/Local_Lamda_midi/midi_guide/81245c6c51dbe256/song_package.yaml,silver,0.7234698795180738,0.21445783132530122
814b811392c75ba1,data/Los-Angeles-MIDI/LOCAL_LAMDA/Local_Lamda_midi/midi_guide/814b811392c75ba1/song_package.yaml,gold,0.7666666666666667,0.06540084388185655
81a23505b2b6c04c,data/Los-Angeles-MIDI/LOCAL_LAMDA/Local_Lamda_midi/midi_guide/81a23505b2b6c04c/song_package.yaml,gold,0.7289770354906058,0.06263048016701461
815842b113e6d17b,data/Los-Angeles-MIDI/LOCAL_LAMDA/Local_Lamda_midi/midi_guide/815842b113e6d17b/song_package.yaml,gold,0.8824411764705886,0.026470588235294117
81df5354184763d6,data/Los-Angeles-MIDI/LOCAL_LAMDA/Local_Lamda_midi/midi_guide/81df5354184763d6/song_package.yaml,gold,0.7581419624217131,0.09603340292275574
81c30bb49db6d1ce,data/Los-Angeles-MIDI/LOCAL_LAMDA/Local_Lamda_midi/midi_guide/81c30bb49db6d1ce/song_package.yaml,gold,0.8447560975609755,0.02195121951219512
8227ae86c3e832c5,data/Los-Angeles-MIDI/LOCAL_LAMDA/Local_Lamda_midi/midi_guide/8227ae86c3e832c5/song_package.yaml,gold,0.8167153284671534,0.0681265206812652
825bd0f2e2477909,data/Los-Angeles-MIDI/LOCAL_LAMDA/Local_Lamda_midi/midi_guide/825bd0f2e2477909/song_package.yaml,gold,0.7425414364640885,0.143646408839779
81f0cdb03a0197a8,data/Los-Angeles-MIDI/LOCAL_LAMDA/Local_Lamda_midi/midi_guide/81f0cdb03a0197a8/song_package.yaml,gold,0.6820227920227909,0.17094017094017094
81f47cfe0f2f71fe,data/Los-Angeles-MIDI/LOCAL_LAMDA/Local_Lamda_midi/midi_guide/81f47cfe0f2f71fe/song_package.yaml,gold,0.7592749244712995,0.030211480362537766
825be3dbfa5f288f,data/Los-Angeles-MIDI/LOCAL_LAMDA/Local_Lamda_midi/midi_guide/825be3dbfa5f288f/song_package.yaml,gold,0.652746478873239,0.17370892018779344
82b87b52cd9acbb0,data/Los-Angeles-MIDI/LOCAL_LAMDA/Local_Lamda_midi/midi_guide/82b87b52cd9acbb0/song_package.yaml,gold,0.6673019271948627,0.18843683083511778
82b9d660d120c5b0,data/Los-Angeles-MIDI/LOCAL_LAMDA/Local_Lamda_midi/midi_guide/82b9d660d120c5b0/song_package.yaml,silver,0.536923076923075,0.33618233618233617
8235ae3830aadba8,data/Los-Angeles-MIDI/LOCAL_LAMDA/Local_Lamda_midi/midi_guide/8235ae3830aadba8/song_package.yaml,gold,0.805629820051414,0.007712082262210797
82d70b966a6e376b,data/Los-Angeles-MIDI/LOCAL_LAMDA/Local_Lamda_midi/midi_guide/82d70b966a6e376b/song_package.yaml,gold,0.7932142857142859,0.08630952380952381
82c560f5958e11a9,data/Los-Angeles-MIDI/LOCAL_LAMDA/Local_Lamda_midi/midi_guide/82c560f5958e11a9/song_package.yaml,gold,0.8311764705882363,0.010893246187363835
832d2ddf9c4fbf42,data/Los-Angeles-MIDI/LOCAL_LAMDA/Local_Lamda_midi/midi_guide/832d2ddf9c4fbf42/song_package.yaml,silver,0.5155056179775288,0.25280898876404495
82e2045ae977f301,data/Los-Angeles-MIDI/LOCAL_LAMDA/Local_Lamda_midi/midi_guide/82e2045ae977f301/song_package.yaml,gold,0.8195454545454539,0.016233766233766232
82ced9cddbb61523,data/Los-Angeles-MIDI/LOCAL_LAMDA/Local_Lamda_midi/midi_guide/82ced9cddbb61523/song_package.yaml,gold,0.7355955678670356,0.16897506925207756
8325cbcacd58adb2,data/Los-Angeles-MIDI/LOCAL_LAMDA/Local_Lamda_midi/midi_guide/8325cbcacd58adb2/song_package.yaml,silver,0.4999999999999991,0.39166666666666666
8339ce931df70f8b,data/Los-Angeles-MIDI/LOCAL_LAMDA/Local_Lamda_midi/midi_guide/8339ce931df70f8b/song_package.yaml,gold,0.8151536643026018,0.03309692671394799
833f804696df2865,data/Los-Angeles-MIDI/LOCAL_LAMDA/Local_Lamda_midi/midi_guide/833f804696df2865/song_package.yaml,gold,0.8065893271461729,0.018561484918793503
83a8b27144f4029b,data/Los-Angeles-MIDI/LOCAL_LAMDA/Local_Lamda_midi/midi_guide/83a8b27144f4029b/song_package.yaml,gold,0.6789646464646459,0.03282828282828283
838a2ce3edabf276,data/Los-Angeles-MIDI/LOCAL_LAMDA/Local_Lamda_midi/midi_guide/838a2ce3edabf276/song_package.yaml,gold,0.5053125,0.0390625
83d260e6f3c2096d,data/Los-Angeles-MIDI/LOCAL_LAMDA/Local_Lamda_midi/midi_guide/83d260e6f3c2096d/song_package.yaml,gold,0.8448888888888889,0.005555555555555556
83e97b071e976e55,data/Los-Angeles-MIDI/LOCAL_LAMDA/Local_Lamda_midi/midi_guide/83e97b071e976e55/song_package.yaml,gold,0.7536752136752136,0.042735042735042736
84295a7ec4f3bfe6,data/Los-Angeles-MIDI/LOCAL_LAMDA/Local_Lamda_midi/midi_guide/84295a7ec4f3bfe6/song_package.yaml,silver,0.5540740740740735,0.2551440329218107
840cba390b291d5e,data/Los-Angeles-MIDI/LOCAL_LAMDA/Local_Lamda_midi/midi_guide/840cba390b291d5e/song_package.yaml,gold,0.7815686274509799,0.04481792717086835
8483eaeab355dcbe,data/Los-Angeles-MIDI/LOCAL_LAMDA/Local_Lamda_midi/midi_guide/8483eaeab355dcbe/song_package.yaml,silver,0.4809195402298851,0.09195402298850575
8400ecfd52ca856f,data/Los-Angeles-MIDI/LOCAL_LAMDA/Local_Lamda_midi/midi_guide/8400ecfd52ca856f/song_package.yaml,gold,0.8301609195402302,0.05057471264367816
83be64e061da476c,data/Los-Angeles-MIDI/LOCAL_LAMDA/Local_Lamda_midi/midi_guide/83be64e061da476c/song_package.yaml,gold,0.7334545454545462,0.04242424242424243
845b85ebc7cf0aa8,data/Los-Angeles-MIDI/LOCAL_LAMDA/Local_Lamda_midi/midi_guide/845b85ebc7cf0aa8/song_package.yaml,gold,0.805344827586207,0.027093596059113302
843a5246aefbbbf1,data/Los-Angeles-MIDI/LOCAL_LAMDA/Local_Lamda_midi/midi_guide/843a5246aefbbbf1/song_package.yaml,gold,0.8367204301075284,0.03763440860215054
8481fabf25a9e84c,data/Los-Angeles-MIDI/LOCAL_LAMDA/Local_Lamda_midi/midi_guide/8481fabf25a9e84c/song_package.yaml,gold,0.8207881773399031,0.04187192118226601
848b96c3deb7541c,data/Los-Angeles-MIDI/LOCAL_LAMDA/Local_Lamda_midi/midi_guide/848b96c3deb7541c/song_package.yaml,gold,0.7615034168564937,0.1252847380410023
8535e602ada62f9b,data/Los-Angeles-MIDI/LOCAL_LAMDA/Local_Lamda_midi/midi_guide/8535e602ada62f9b/song_package.yaml,silver,0.6186941580756009,0.2646048109965636
84db70265691a084,data/Los-Angeles-MIDI/LOCAL_LAMDA/Local_Lamda_midi/midi_guide/84db70265691a084/song_package.yaml,silver,0.5928701594533019,0.214123006833713
84f99f09e309bb44,data/Los-Angeles-MIDI/LOCAL_LAMDA/Local_Lamda_midi/midi_guide/84f99f09e309bb44/song_package.yaml,silver,0.4697969543147208,0.1065989847715736
8573359ebb44a34a,data/Los-Angeles-MIDI/LOCAL_LAMDA/Local_Lamda_midi/midi_guide/8573359ebb44a34a/song_package.yaml,gold,0.7995348837209311,0.018604651162790697
8545bb65a0fee4a8,data/Los-Angeles-MIDI/LOCAL_LAMDA/Local_Lamda_midi/midi_guide/8545bb65a0fee4a8/song_package.yaml,gold,0.7968471337579611,0.08280254777070063
84e17409e95492ad,data/Los-Angeles-MIDI/LOCAL_LAMDA/Local_Lamda_midi/midi_guide/84e17409e95492ad/song_package.yaml,gold,0.7040139211136883,0.14617169373549885
85da719f9cb0f2b3,data/Los-Angeles-MIDI/LOCAL_LAMDA/Local_Lamda_midi/midi_guide/85da719f9cb0f2b3/song_package.yaml,gold,0.5652608695652175,0.0
85c0c950701139d4,data/Los-Angeles-MIDI/LOCAL_LAMDA/Local_Lamda_midi/midi_guide/85c0c950701139d4/song_package.yaml,gold,0.6947346938775508,0.12244897959183673
8588597bc00f6b92,data/Los-Angeles-MIDI/LOCAL_LAMDA/Local_Lamda_midi/midi_guide/8588597bc00f6b92/song_package.yaml,gold,0.8746562500000007,0.00625
8584e44cfd2d548b,data/Los-Angeles-MIDI/LOCAL_LAMDA/Local_Lamda_midi/midi_guide/8584e44cfd2d548b/song_package.yaml,gold,0.7686633663366333,0.0594059405940594
85f23a9c1c1aa07a,data/Los-Angeles-MIDI/LOCAL_LAMDA/Local_Lamda_midi/midi_guide/85f23a9c1c1aa07a/song_package.yaml,gold,0.6175616438356166,0.10410958904109589
85dfe2a857daa0bc,data/Los-Angeles-MIDI/LOCAL_LAMDA/Local_Lamda_midi/midi_guide/85dfe2a857daa0bc/song_package.yaml,gold,0.7008771929824533,0.17794486215538846
85f7d75baa18b94b,data/Los-Angeles-MIDI/LOCAL_LAMDA/Local_Lamda_midi/midi_guide/85f7d75baa18b94b/song_package.yaml,gold,0.8255337078651687,0.019662921348314606
85f982c1281bdd71,data/Los-Angeles-MIDI/LOCAL_LAMDA/Local_Lamda_midi/midi_guide/85f982c1281bdd71/song_package.yaml,gold,0.773376906318084,0.10457516339869281
865d89be7e1c6072,data/Los-Angeles-MIDI/LOCAL_LAMDA/Local_Lamda_midi/midi_guide/865d89be7e1c6072/song_package.yaml,gold,0.7636781609195401,0.034482758620689655
86d1e8e42c06657e,data/Los-Angeles-MIDI/LOCAL_LAMDA/Local_Lamda_midi/midi_guide/86d1e8e42c06657e/song_package.yaml,silver,0.5301153846153844,0.3
870e97e465e38ea1,data/Los-Angeles-MIDI/LOCAL_LAMDA/Local_Lamda_midi/midi_guide/870e97e465e38ea1/song_package.yaml,gold,0.6060743801652897,0.028925619834710745
86f69b87dce8dd2b,data/Los-Angeles-MIDI/LOCAL_LAMDA/Local_Lamda_midi/midi_guide/86f69b87dce8dd2b/song_package.yaml,gold,0.573166023166023,0.14671814671814673
86c7213cc277931a,data/Los-Angeles-MIDI/LOCAL_LAMDA/Local_Lamda_midi/midi_guide/86c7213cc277931a/song_package.yaml,gold,0.7903421052631584,0.1
86d629106e707883,data/Los-Angeles-MIDI/LOCAL_LAMDA/Local_Lamda_midi/midi_guide/86d629106e707883/song_package.yaml,gold,0.7130973451327441,0.06637168141592921
8729f31b419410e1,data/Los-Angeles-MIDI/LOCAL_LAMDA/Local_Lamda_midi/midi_guide/8729f31b419410e1/song_package.yaml,gold,0.7520048309178724,0.13285024154589373
87443ca4fc16536e,data/Los-Angeles-MIDI/LOCAL_LAMDA/Local_Lamda_midi/midi_guide/87443ca4fc16536e/song_package.yaml,gold,0.8694230769230783,0.026923076923076925
8734d48d322e4bab,data/Los-Angeles-MIDI/LOCAL_LAMDA/Local_Lamda_midi/midi_guide/8734d48d322e4bab/song_package.yaml,gold,0.7212670299727529,0.1771117166212534
874539810eb45cdb,data/Los-Angeles-MIDI/LOCAL_LAMDA/Local_Lamda_midi/midi_guide/874539810eb45cdb/song_package.yaml,gold,0.7803255813953488,0.06511627906976744
879fba0bf5c8f4c9,data/Los-Angeles-MIDI/LOCAL_LAMDA/Local_Lamda_midi/midi_guide/879fba0bf5c8f4c9/song_package.yaml,gold,0.886535947712419,0.013071895424836602
873f5e6ab2aa4e98,data/Los-Angeles-MIDI/LOCAL_LAMDA/Local_Lamda_midi/midi_guide/873f5e6ab2aa4e98/song_package.yaml,gold,0.6951956521739131,0.08152173913043478
87c0b46cf99ba024,data/Los-Angeles-MIDI/LOCAL_LAMDA/Local_Lamda_midi/midi_guide/87c0b46cf99ba024/song_package.yaml,gold,0.7916202531645575,0.09620253164556962
87af5d40dd35797b,data/Los-Angeles-MIDI/LOCAL_LAMDA/Local_Lamda_midi/midi_guide/87af5d40dd35797b/song_package.yaml,gold,0.6510179640718547,0.033932135728542916
880ceac003c9eddc,data/Los-Angeles-MIDI/LOCAL_LAMDA/Local_Lamda_midi/midi_guide/880ceac003c9eddc/song_package.yaml,gold,0.7996930946291566,0.04859335038363171
883ea555e40f78a3,data/Los-Angeles-MIDI/LOCAL_LAMDA/Local_Lamda_midi/midi_guide/883ea555e40f78a3/song_package.yaml,gold,0.7539896373056983,0.12694300518134716
888a7adf2af52643,data/Los-Angeles-MIDI/LOCAL_LAMDA/Local_Lamda_midi/midi_guide/888a7adf2af52643/song_package.yaml,gold,0.8847058823529428,0.0032679738562091504
88a8f037dda17c3e,data/Los-Angeles-MIDI/LOCAL_LAMDA/Local_Lamda_midi/midi_guide/88a8f037dda17c3e/song_package.yaml,gold,0.7178005865102639,0.16129032258064516
88c65fef2152d06c,data/Los-Angeles-MIDI/LOCAL_LAMDA/Local_Lamda_midi/midi_guide/88c65fef2152d06c/song_package.yaml,gold,0.733954081632652,0.05102040816326531
88da29c8aed6e7d0,data/Los-Angeles-MIDI/LOCAL_LAMDA/Local_Lamda_midi/midi_guide/88da29c8aed6e7d0/song_package.yaml,gold,0.7553140096618352,0.09178743961352658
8941764dbfa40039,data/Los-Angeles-MIDI/LOCAL_LAMDA/Local_Lamda_midi/midi_guide/8941764dbfa40039/song_package.yaml,gold,0.7580177514792888,0.05325443786982249
89391eccf354ae22,data/Los-Angeles-MIDI/LOCAL_LAMDA/Local_Lamda_midi/midi_guide/89391eccf354ae22/song_package.yaml,gold,0.7767557251908391,0.022900763358778626
893955bc01f1d949,data/Los-Angeles-MIDI/LOCAL_LAMDA/Local_Lamda_midi/midi_guide/893955bc01f1d949/song_package.yaml,gold,0.7745734597156404,0.12796208530805686
89549d85df525571,data/Los-Angeles-MIDI/LOCAL_LAMDA/Local_Lamda_midi/midi_guide/89549d85df525571/song_package.yaml,silver,0.7129847494553384,0.23311546840958605
8966abd0834b3cbf,data/Los-Angeles-MIDI/LOCAL_LAMDA/Local_Lamda_midi/midi_guide/8966abd0834b3cbf/song_package.yaml,gold,0.802412060301509,0.010050251256281407
896fc946c0d1e151,data/Los-Angeles-MIDI/LOCAL_LAMDA/Local_Lamda_midi/midi_guide/896fc946c0d1e151/song_package.yaml,silver,0.5402528089887655,0.2612359550561798
8977609bef625607,data/Los-Angeles-MIDI/LOCAL_LAMDA/Local_Lamda_midi/midi_guide/8977609bef625607/song_package.yaml,gold,0.7052066115702474,0.06198347107438017
8990f7c7031a0f06,data/Los-Angeles-MIDI/LOCAL_LAMDA/Local_Lamda_midi/midi_guide/8990f7c7031a0f06/song_package.yaml,silver,0.5320652173913041,0.34782608695652173
89917723cab55860,data/Los-Angeles-MIDI/LOCAL_LAMDA/Local_Lamda_midi/midi_guide/89917723cab55860/song_package.yaml,gold,0.755534441805227,0.1163895486935867
89b698605feb9796,data/Los-Angeles-MIDI/LOCAL_LAMDA/Local_Lamda_midi/midi_guide/89b698605feb9796/song_package.yaml,gold,0.7588409090909105,0.1159090909090909
89ae07b484feafa8,data/Los-Angeles-MIDI/LOCAL_LAMDA/Local_Lamda_midi/midi_guide/89ae07b484feafa8/song_package.yaml,silver,0.4759136212624578,0.32558139534883723
8a5d71259e799fa3,data/Los-Angeles-MIDI/LOCAL_LAMDA/Local_Lamda_midi/midi_guide/8a5d71259e799fa3/song_package.yaml,silver,0.6103773584905662,0.22641509433962265
8a13053a60873cf6,data/Los-Angeles-MIDI/LOCAL_LAMDA/Local_Lamda_midi/midi_guide/8a13053a60873cf6/song_package.yaml,gold,0.8571164021164027,0.005291005291005291
8ad116010f53ce54,data/Los-Angeles-MIDI/LOCAL_LAMDA/Local_Lamda_midi/midi_guide/8ad116010f53ce54/song_package.yaml,gold,0.7632599999999994,0.126
8ae6a887e19275bb,data/Los-Angeles-MIDI/LOCAL_LAMDA/Local_Lamda_midi/midi_guide/8ae6a887e19275bb/song_package.yaml,gold,0.7659523809523799,0.044642857142857144
8b1a56851474fee3,data/Los-Angeles-MIDI/LOCAL_LAMDA/Local_Lamda_midi/midi_guide/8b1a56851474fee3/song_package.yaml,gold,0.8556774193548394,0.025806451612903226
8b788fc55a27ef88,data/Los-Angeles-MIDI/LOCAL_LAMDA/Local_Lamda_midi/midi_guide/8b788fc55a27ef88/song_package.yaml,gold,0.7172295514511876,0.07387862796833773
8c05bef4cad934c7,data/Los-Angeles-MIDI/LOCAL_LAMDA/Local_Lamda_midi/midi_guide/8c05bef4cad934c7/song_package.yaml,gold,0.5552702702702706,0.060810810810810814
8bfff86364f2e6d6,data/Los-Angeles-MIDI/LOCAL_LAMDA/Local_Lamda_midi/midi_guide/8bfff86364f2e6d6/song_package.yaml,gold,0.8434526854219959,0.08951406649616368
8b6c5a6235182436,data/Los-Angeles-MIDI/LOCAL_LAMDA/Local_Lamda_midi/midi_guide/8b6c5a6235182436/song_package.yaml,gold,0.7675821596244138,0.04929577464788732
8bd105e7f7337bb8,data/Los-Angeles-MIDI/LOCAL_LAMDA/Local_Lamda_midi/midi_guide/8bd105e7f7337bb8/song_package.yaml,silver,0.6490173410404615,0.21676300578034682
8bf3f4085e33ec5a,data/Los-Angeles-MIDI/LOCAL_LAMDA/Local_Lamda_midi/midi_guide/8bf3f4085e33ec5a/song_package.yaml,gold,0.792231884057971,0.0
8c1e58cb8d91869c,data/Los-Angeles-MIDI/LOCAL_LAMDA/Local_Lamda_midi/midi_guide/8c1e58cb8d91869c/song_package.yaml,gold,0.8073770491803288,0.003278688524590164
8c3fac9d81563983,data/Los-Angeles-MIDI/LOCAL_LAMDA/Local_Lamda_midi/midi_guide/8c3fac9d81563983/song_package.yaml,silver,0.43195918367346936,0.2163265306122449
8c2ef704097cd1ad,data/Los-Angeles-MIDI/LOCAL_LAMDA/Local_Lamda_midi/midi_guide/8c2ef704097cd1ad/song_package.yaml,gold,0.7309230769230766,0.10461538461538461
8c7d85b383b593b7,data/Los-Angeles-MIDI/LOCAL_LAMDA/Local_Lamda_midi/midi_guide/8c7d85b383b593b7/song_package.yaml,silver,0.4325609756097559,0.3048780487804878
8c87ef504984f87d,data/Los-Angeles-MIDI/LOCAL_LAMDA/Local_Lamda_midi/midi_guide/8c87ef504984f87d/song_package.yaml,silver,0.6983882783882759,0.20512820512820512
8c2f49acfd91a83d,data/Los-Angeles-MIDI/LOCAL_LAMDA/Local_Lamda_midi/midi_guide/8c2f49acfd91a83d/song_package.yaml,gold,0.706122137404586,0.021374045801526718
8ce1beb758614fe4,data/Los-Angeles-MIDI/LOCAL_LAMDA/Local_Lamda_midi/midi_guide/8ce1beb758614fe4/song_package.yaml,gold,0.7600499999999988,0.1
8cd3922db7b028c8,data/Los-Angeles-MIDI/LOCAL_LAMDA/Local_Lamda_midi/midi_guide/8cd3922db7b028c8/song_package.yaml,gold,0.7677491961414785,0.003215434083601286
8c82ad8de2506c1d,data/Los-Angeles-MIDI/LOCAL_LAMDA/Local_Lamda_midi/midi_guide/8c82ad8de2506c1d/song_package.yaml,gold,0.8399380165289264,0.008264462809917356
8cabcd63a0583fe6,data/Los-Angeles-MIDI/LOCAL_LAMDA/Local_Lamda_midi/midi_guide/8cabcd63a0583fe6/song_package.yaml,silver,0.5134482758620703,0.3146551724137931
8c5d0b1c8cf10242,data/Los-Angeles-MIDI/LOCAL_LAMDA/Local_Lamda_midi/midi_guide/8c5d0b1c8cf10242/song_package.yaml,gold,0.8536046511627906,0.020930232558139535
8c9af403e4786d0b,data/Los-Angeles-MIDI/LOCAL_LAMDA/Local_Lamda_midi/midi_guide/8c9af403e4786d0b/song_package.yaml,silver,0.7012814070351772,0.2889447236180904
8cfbb9b4d9618d30,data/Los-Angeles-MIDI/LOCAL_LAMDA/Local_Lamda_midi/midi_guide/8cfbb9b4d9618d30/song_package.yaml,gold,0.8287465940054483,0.02452316076294278
8d28fd9d238bdf21,data/Los-Angeles-MIDI/LOCAL_LAMDA/Local_Lamda_midi/midi_guide/8d28fd9d238bdf21/song_package.yaml,gold,0.6259533073929964,0.038910505836575876
8d9543ae84aad7c7,data/Los-Angeles-MIDI/LOCAL_LAMDA/Local_Lamda_midi/midi_guide/8d9543ae84aad7c7/song_package.yaml,gold,0.7253673469387761,0.05102040816326531
8dafc65404032cd2,data/Los-Angeles-MIDI/LOCAL_LAMDA/Local_Lamda_midi/midi_guide/8dafc65404032cd2/song_package.yaml,gold,0.6912579957356073,0.13219616204690832
8dab37f6c672d221,data/Los-Angeles-MIDI/LOCAL_LAMDA/Local_Lamda_midi/midi_guide/8dab37f6c672d221/song_package.yaml,gold,0.8340547945205483,0.057534246575342465
8da8fc5bea5988a2,data/Los-Angeles-MIDI/LOCAL_LAMDA/Local_Lamda_midi/midi_guide/8da8fc5bea5988a2/song_package.yaml,gold,0.7891315789473677,0.002631578947368421
8dd4f3766241c336,data/Los-Angeles-MIDI/LOCAL_LAMDA/Local_Lamda_midi/midi_guide/8dd4f3766241c336/song_package.yaml,gold,0.7059365994236314,0.06628242074927954
8e8f855cb4e81af8,data/Los-Angeles-MIDI/LOCAL_LAMDA/Local_Lamda_midi/midi_guide/8e8f855cb4e81af8/song_package.yaml,gold,0.8167422096317288,0.042492917847025496
8e9b21a95f5da9dd,data/Los-Angeles-MIDI/LOCAL_LAMDA/Local_Lamda_midi/midi_guide/8e9b21a95f5da9dd/song_package.yaml,gold,0.7516666666666664,0.06666666666666667
8e7594ebf894653d,data/Los-Angeles-MIDI/LOCAL_LAMDA/Local_Lamda_midi/midi_guide/8e7594ebf894653d/song_package.yaml,gold,0.7701178781925363,0.0962671905697446
8ebec052bdd769e8,data/Los-Angeles-MIDI/LOCAL_LAMDA/Local_Lamda_midi/midi_guide/8ebec052bdd769e8/song_package.yaml,silver,0.48857971014492696,0.30144927536231886
8eb8e1c7d96ad10c,data/Los-Angeles-MIDI/LOCAL_LAMDA/Local_Lamda_midi/midi_guide/8eb8e1c7d96ad10c/song_package.yaml,gold,0.7097468354430383,0.04556962025316456
8e981556cf840cc0,data/Los-Angeles-MIDI/LOCAL_LAMDA/Local_Lamda_midi/midi_guide/8e981556cf840cc0/song_package.yaml,gold,0.8082758620689665,0.06206896551724138
8f313d3d9669edbd,data/Los-Angeles-MIDI/LOCAL_LAMDA/Local_Lamda_midi/midi_guide/8f313d3d9669edbd/song_package.yaml,gold,0.7577815699658693,0.013651877133105802
8f26c2a310baf9df,data/Los-Angeles-MIDI/LOCAL_LAMDA/Local_Lamda_midi/midi_guide/8f26c2a310baf9df/song_package.yaml,gold,0.8164406779661012,0.005649717514124294
8f49f11fce0e07dc,data/Los-Angeles-MIDI/LOCAL_LAMDA/Local_Lamda_midi/midi_guide/8f49f11fce0e07dc/song_package.yaml,gold,0.7426356589147303,0.17054263565891473
8efe6f4b1597dd4b,data/Los-Angeles-MIDI/LOCAL_LAMDA/Local_Lamda_midi/midi_guide/8efe6f4b1597dd4b/song_package.yaml,gold,0.6200790513833979,0.06324110671936758
8f68319b5024a81a,data/Los-Angeles-MIDI/LOCAL_LAMDA/Local_Lamda_midi/midi_guide/8f68319b5024a81a/song_package.yaml,gold,0.77408,0.096
8f6032359465f881,data/Los-Angeles-MIDI/LOCAL_LAMDA/Local_Lamda_midi/midi_guide/8f6032359465f881/song_package.yaml,gold,0.7989583333333337,0.0625
8fb4318fa098073f,data/Los-Angeles-MIDI/LOCAL_LAMDA/Local_Lamda_midi/midi_guide/8fb4318fa098073f/song_package.yaml,gold,0.731735941320292,0.18092909535452323
8fae9bd6d03a012e,data/Los-Angeles-MIDI/LOCAL_LAMDA/Local_Lamda_midi/midi_guide/8fae9bd6d03a012e/song_package.yaml,gold,0.8453215077605323,0.03991130820399113
90718ee74bb1886e,data/Los-Angeles-MIDI/LOCAL_LAMDA/Local_Lamda_midi/midi_guide/90718ee74bb1886e/song_package.yaml,silver,0.5421383647798736,0.24528301886792453
908e7b329406307a,data/Los-Angeles-MIDI/LOCAL_LAMDA/Local_Lamda_midi/midi_guide/908e7b329406307a/song_package.yaml,silver,0.4963157894736847,0.34502923976608185
9077ce915f9608fc,data/Los-Angeles-MIDI/LOCAL_LAMDA/Local_Lamda_midi/midi_guide/9077ce915f9608fc/song_package.yaml,gold,0.5887948717948714,0.06153846153846154
90d09f9604f4e4a2,data/Los-Angeles-MIDI/LOCAL_LAMDA/Local_Lamda_midi/midi_guide/90d09f9604f4e4a2/song_package.yaml,gold,0.7329912023460413,0.12023460410557185
90803d5f69d6166f,data/Los-Angeles-MIDI/LOCAL_LAMDA/Local_Lamda_midi/midi_guide/90803d5f69d6166f/song_package.yaml,gold,0.6814950980392132,0.01715686274509804
90fed4b85fc2f006,data/Los-Angeles-MIDI/LOCAL_LAMDA/Local_Lamda_midi/midi_guide/90fed4b85fc2f006/song_package.yaml,gold,0.8440153452685427,0.015345268542199489
910f9cefa13b2496,data/Los-Angeles-MIDI/LOCAL_LAMDA/Local_Lamda_midi/midi_guide/910f9cefa13b2496/song_package.yaml,gold,0.7755296610169492,0.0
911c27d1d3a8f1be,data/Los-Angeles-MIDI/LOCAL_LAMDA/Local_Lamda_midi/midi_guide/911c27d1d3a8f1be/song_package.yaml,gold,0.7964670658682641,0.041916167664670656
91130e602cd8bf80,data/Los-Angeles-MIDI/LOCAL_LAMDA/Local_Lamda_midi/midi_guide/91130e602cd8bf80/song_package.yaml,gold,0.780207100591716,0.09467455621301775
911763e189da5098,data/Los-Angeles-MIDI/LOCAL_LAMDA/Local_Lamda_midi/midi_guide/911763e189da5098/song_package.yaml,gold,0.8155776892430274,0.03187250996015936
90f1629cf54849d7,data/Los-Angeles-MIDI/LOCAL_LAMDA/Local_Lamda_midi/midi_guide/90f1629cf54849d7/song_package.yaml,gold,0.8462344139650873,0.014962593516209476
912190e302577487,data/Los-Angeles-MIDI/LOCAL_LAMDA/Local_Lamda_midi/midi_guide/912190e302577487/song_package.yaml,silver,0.4075675675675679,0.3857493857493858
9158ad11a2edfa12,data/Los-Angeles-MIDI/LOCAL_LAMDA/Local_Lamda_midi/midi_guide/9158ad11a2edfa12/song_package.yaml,silver,0.6219308357348727,0.36023054755043227
9160bb2ae0f32808,data/Los-Angeles-MIDI/LOCAL_LAMDA/Local_Lamda_midi/midi_guide/9160bb2ae0f32808/song_package.yaml,gold,0.8170353982300884,0.084070796460177
9165eb9b3c82adae,data/Los-Angeles-MIDI/LOCAL_LAMDA/Local_Lamda_midi/midi_guide/9165eb9b3c82adae/song_package.yaml,gold,0.5496187683284461,0.093841642228739
915fc56a2882894f,data/Los-Angeles-MIDI/LOCAL_LAMDA/Local_Lamda_midi/midi_guide/915fc56a2882894f/song_package.yaml,gold,0.7438444924406044,0.012958963282937365
9174672c710c26d0,data/Los-Angeles-MIDI/LOCAL_LAMDA/Local_Lamda_midi/midi_guide/9174672c710c26d0/song_package.yaml,gold,0.7638904109589032,0.06027397260273973
91b063a5165e12ef,data/Los-Angeles-MIDI/LOCAL_LAMDA/Local_Lamda_midi/midi_guide/91b063a5165e12ef/song_package.yaml,gold,0.8017586912065453,0.044989775051124746
91dfd9588785aec4,data/Los-Angeles-MIDI/LOCAL_LAMDA/Local_Lamda_midi/midi_guide/91dfd9588785aec4/song_package.yaml,gold,0.778495297805642,0.09090909090909091
920ddc6a42ffcde8,data/Los-Angeles-MIDI/LOCAL_LAMDA/Local_Lamda_midi/midi_guide/920ddc6a42ffcde8/song_package.yaml,gold,0.8147560975609763,0.022357723577235773
9266a98d9aa96eaf,data/Los-Angeles-MIDI/LOCAL_LAMDA/Local_Lamda_midi/midi_guide/9266a98d9aa96eaf/song_package.yaml,gold,0.7330859374999987,0.06640625
925b7d373c3fb581,data/Los-Angeles-MIDI/LOCAL_LAMDA/Local_Lamda_midi/midi_guide/925b7d373c3fb581/song_package.yaml,gold,0.7955131264916466,0.11217183770883055
9290024d19d6fb9b,data/Los-Angeles-MIDI/LOCAL_LAMDA/Local_Lamda_midi/midi_guide/9290024d19d6fb9b/song_package.yaml,gold,0.7887096774193556,0.09216589861751152
925bce74d7c52514,data/Los-Angeles-MIDI/LOCAL_LAMDA/Local_Lamda_midi/midi_guide/925bce74d7c52514/song_package.yaml,gold,0.5906459948320402,0.15762273901808785
92a935c927792582,data/Los-Angeles-MIDI/LOCAL_LAMDA/Local_Lamda_midi/midi_guide/92a935c927792582/song_package.yaml,gold,0.867070217917675,0.014527845036319613
92b3c9ce5400f3f2,data/Los-Angeles-MIDI/LOCAL_LAMDA/Local_Lamda_midi/midi_guide/92b3c9ce5400f3f2/song_package.yaml,gold,0.8035238095238082,0.047619047619047616
92c3b6f5ed346e60,data/Los-Angeles-MIDI/LOCAL_LAMDA/Local_Lamda_midi/midi_guide/92c3b6f5ed346e60/song_package.yaml,gold,0.6906793478260866,0.10869565217391304
92cd084af47d2709,data/Los-Angeles-MIDI/LOCAL_LAMDA/Local_Lamda_midi/midi_guide/92cd084af47d2709/song_package.yaml,silver,0.6163255813953498,0.32325581395348835
930f8aa581fed6b9,data/Los-Angeles-MIDI/LOCAL_LAMDA/Local_Lamda_midi/midi_guide/930f8aa581fed6b9/song_package.yaml,gold,0.808557692307693,0.07451923076923077
930bb972a7e06714,data/Los-Angeles-MIDI/LOCAL_LAMDA/Local_Lamda_midi/midi_guide/930bb972a7e06714/song_package.yaml,gold,0.609107505070994,0.1359026369168357
9357afc249210ea6,data/Los-Angeles-MIDI/LOCAL_LAMDA/Local_Lamda_midi/midi_guide/9357afc249210ea6/song_package.yaml,gold,0.6376549865229121,0.19137466307277629
931d5035a553ba2a,data/Los-Angeles-MIDI/LOCAL_LAMDA/Local_Lamda_midi/midi_guide/931d5035a553ba2a/song_package.yaml,silver,0.6654233409610998,0.2608695652173913
9388f9d438908b84,data/Los-Angeles-MIDI/LOCAL_LAMDA/Local_Lamda_midi/midi_guide/9388f9d438908b84/song_package.yaml,gold,0.7014404432132947,0.0886426592797784
93786b285e193cd9,data/Los-Angeles-MIDI/LOCAL_LAMDA/Local_Lamda_midi/midi_guide/93786b285e193cd9/song_package.yaml,gold,0.7091304347826124,0.17984189723320157
93ca56c2669caa95,data/Los-Angeles-MIDI/LOCAL_LAMDA/Local_Lamda_midi/midi_guide/93ca56c2669caa95/song_package.yaml,gold,0.7997965116279071,0.00872093023255814
93b1c80d5743842d,data/Los-Angeles-MIDI/LOCAL_LAMDA/Local_Lamda_midi/midi_guide/93b1c80d5743842d/song_package.yaml,gold,0.7963829787234051,0.05585106382978723
93eb794e88afbec1,data/Los-Angeles-MIDI/LOCAL_LAMDA/Local_Lamda_midi/midi_guide/93eb794e88afbec1/song_package.yaml,gold,0.8510457516339875,0.006535947712418301
93d9850d4dca77e7,data/Los-Angeles-MIDI/LOCAL_LAMDA/Local_Lamda_midi/midi_guide/93d9850d4dca77e7/song_package.yaml,gold,0.5502341137123746,0.033444816053511704
947044ab3211ccf3,data/Los-Angeles-MIDI/LOCAL_LAMDA/Local_Lamda_midi/midi_guide/947044ab3211ccf3/song_package.yaml,silver,0.5435937500000019,0.328125
93fbee7840333076,data/Los-Angeles-MIDI/LOCAL_LAMDA/Local_Lamda_midi/midi_guide/93fbee7840333076/song_package.yaml,gold,0.6733027522935774,0.0856269113149847
943358609998eabe,data/Los-Angeles-MIDI/LOCAL_LAMDA/Local_Lamda_midi/midi_guide/943358609998eabe/song_package.yaml,silver,0.44958525345622086,0.2857142857142857
93f1384811bcab31,data/Los-Angeles-MIDI/LOCAL_LAMDA/Local_Lamda_midi/midi_guide/93f1384811bcab31/song_package.yaml,gold,0.7781725888324875,0.08375634517766498
943c88105dc7403a,data/Los-Angeles-MIDI/LOCAL_LAMDA/Local_Lamda_midi/midi_guide/943c88105dc7403a/song_package.yaml,silver,0.517682291666666,0.3072916666666667
94776efac24b4ec0,data/Los-Angeles-MIDI/LOCAL_LAMDA/Local_Lamda_midi/midi_guide/94776efac24b4ec0/song_package.yaml,gold,0.7761412151067324,0.08045977011494253
948afb43c3e1256a,data/Los-Angeles-MIDI/LOCAL_LAMDA/Local_Lamda_midi/midi_guide/948afb43c3e1256a/song_package.yaml,silver,0.5529651162790701,0.3488372093023256
9486b2bfd33e514c,data/Los-Angeles-MIDI/LOCAL_LAMDA/Local_Lamda_midi/midi_guide/9486b2bfd33e514c/song_package.yaml,gold,0.6062953367875643,0.046632124352331605
9492cbc49704f55c,data/Los-Angeles-MIDI/LOCAL_LAMDA/Local_Lamda_midi/midi_guide/9492cbc49704f55c/song_package.yaml,gold,0.7246069868995649,0.13100436681222707
94b584713b340e69,data/Los-Angeles-MIDI/LOCAL_LAMDA/Local_Lamda_midi/midi_guide/94b584713b340e69/song_package.yaml,gold,0.8438177339901487,0.09359605911330049
94efa263cd296938,data/Los-Angeles-MIDI/LOCAL_LAMDA/Local_Lamda_midi/midi_guide/94efa263cd296938/song_package.yaml,gold,0.6635604395604394,0.07912087912087912
94eef97e8d5dd95f,data/Los-Angeles-MIDI/LOCAL_LAMDA/Local_Lamda_midi/midi_guide/94eef97e8d5dd95f/song_package.yaml,gold,0.6812213740458019,0.17302798982188294
955948b5be13e4b1,data/Los-Angeles-MIDI/LOCAL_LAMDA/Local_Lamda_midi/midi_guide/955948b5be13e4b1/song_package.yaml,gold,0.6261999999999999,0.04
9574c2a8562d9531,data/Los-Angeles-MIDI/LOCAL_LAMDA/Local_Lamda_midi/midi_guide/9574c2a8562d9531/song_package.yaml,gold,0.8445573770491801,0.006557377049180328
9591201b61178a24,data/Los-Angeles-MIDI/LOCAL_LAMDA/Local_Lamda_midi/midi_guide/9591201b61178a24/song_package.yaml,gold,0.7258394160583932,0.1192214111922141
95adc463f0b48667,data/Los-Angeles-MIDI/LOCAL_LAMDA/Local_Lamda_midi/midi_guide/95adc463f0b48667/song_package.yaml,gold,0.804055727554179,0.07120743034055728
95ce61fca808e197,data/Los-Angeles-MIDI/LOCAL_LAMDA/Local_Lamda_midi/midi_guide/95ce61fca808e197/song_package.yaml,silver,0.42391129032258124,0.3911290322580645
95bbd594c6075757,data/Los-Angeles-MIDI/LOCAL_LAMDA/Local_Lamda_midi/midi_guide/95bbd594c6075757/song_package.yaml,gold,0.5549999999999996,0.19954128440366972
95eb86acd9e019ad,data/Los-Angeles-MIDI/LOCAL_LAMDA/Local_Lamda_midi/midi_guide/95eb86acd9e019ad/song_package.yaml,gold,0.7618560606060587,0.07954545454545454
965522866221be68,data/Los-Angeles-MIDI/LOCAL_LAMDA/Local_Lamda_midi/midi_guide/965522866221be68/song_package.yaml,silver,0.46183673469387715,0.22448979591836735
96766686c6133c6b,data/Los-Angeles-MIDI/LOCAL_LAMDA/Local_Lamda_midi/midi_guide/96766686c6133c6b/song_package.yaml,gold,0.8415312500000004,0.025
96e1ffc7e0e06d35,data/Los-Angeles-MIDI/LOCAL_LAMDA/Local_Lamda_midi/midi_guide/96e1ffc7e0e06d35/song_package.yaml,gold,0.6793796526054598,0.18610421836228289
977fc80a3a802382,data/Los-Angeles-MIDI/LOCAL_LAMDA/Local_Lamda_midi/midi_guide/977fc80a3a802382/song_package.yaml,gold,0.707777777777777,0.0921409214092141
9799d6032db68028,data/Los-Angeles-MIDI/LOCAL_LAMDA/Local_Lamda_midi/midi_guide/9799d6032db68028/song_package.yaml,gold,0.6955932203389811,0.022598870056497175
974005a55158927f,data/Los-Angeles-MIDI/LOCAL_LAMDA/Local_Lamda_midi/midi_guide/974005a55158927f/song_package.yaml,gold,0.6649686847599172,0.0709812108559499
977e9232530608df,data/Los-Angeles-MIDI/LOCAL_LAMDA/Local_Lamda_midi/midi_guide/977e9232530608df/song_package.yaml,gold,0.854356164383561,0.03561643835616438
97af127faf4de48e,data/Los-Angeles-MIDI/LOCAL_LAMDA/Local_Lamda_midi/midi_guide/97af127faf4de48e/song_package.yaml,gold,0.8568197879858657,0.007067137809187279
97e7752e0885e308,data/Los-Angeles-MIDI/LOCAL_LAMDA/Local_Lamda_midi/midi_guide/97e7752e0885e308/song_package.yaml,silver,0.49482142857142863,0.06428571428571428
983aab292c53537f,data/Los-Angeles-MIDI/LOCAL_LAMDA/Local_Lamda_midi/midi_guide/983aab292c53537f/song_package.yaml,gold,0.8540776699029132,0.025889967637540454
981cbff61e81057a,data/Los-Angeles-MIDI/LOCAL_LAMDA/Local_Lamda_midi/midi_guide/981cbff61e81057a/song_package.yaml,gold,0.7491304347826069,0.08405797101449275
983d418385a1732c,data/Los-Angeles-MIDI/LOCAL_LAMDA/Local_Lamda_midi/midi_guide/983d418385a1732c/song_package.yaml,gold,0.7075465838509314,0.15217391304347827
97fe59cf7990765f,data/Los-Angeles-MIDI/LOCAL_LAMDA/Local_Lamda_midi/midi_guide/97fe59cf7990765f/song_package.yaml,gold,0.7735674676524942,0.16266173752310537
9866b5872c9ecbc2,data/Los-Angeles-MIDI/LOCAL_LAMDA/Local_Lamda_midi/midi_guide/9866b5872c9ecbc2/song_package.yaml,gold,0.7904545454545463,0.11363636363636363
985bd8ef04798396,data/Los-Angeles-MIDI/LOCAL_LAMDA/Local_Lamda_midi/midi_guide/985bd8ef04798396/song_package.yaml,gold,0.7689555555555564,0.12
984bf6ed89c32394,data/Los-Angeles-MIDI/LOCAL_LAMDA/Local_Lamda_midi/midi_guide/984bf6ed89c32394/song_package.yaml,gold,0.8455555555555548,0.030864197530864196
98b8ea4edf362988,data/Los-Angeles-MIDI/LOCAL_LAMDA/Local_Lamda_midi/midi_guide/98b8ea4edf362988/song_package.yaml,gold,0.8541666666666663,0.009259259259259259
98b5816bc3e62aea,data/Los-Angeles-MIDI/LOCAL_LAMDA/Local_Lamda_midi/midi_guide/98b5816bc3e62aea/song_package.yaml,silver,0.6820041322314031,0.24173553719008264
98c546b25f968b95,data/Los-Angeles-MIDI/LOCAL_LAMDA/Local_Lamda_midi/midi_guide/98c546b25f968b95/song_package.yaml,gold,0.8081410256410244,0.019230769230769232
98d9e651707f865d,data/Los-Angeles-MIDI/LOCAL_LAMDA/Local_Lamda_midi/midi_guide/98d9e651707f865d/song_package.yaml,gold,0.8236603773584913,0.07547169811320754
99248f211e07ba8e,data/Los-Angeles-MIDI/LOCAL_LAMDA/Local_Lamda_midi/midi_guide/99248f211e07ba8e/song_package.yaml,gold,0.5857692307692308,0.10946745562130178
992aec7da6eb4437,data/Los-Angeles-MIDI/LOCAL_LAMDA/Local_Lamda_midi/midi_guide/992aec7da6eb4437/song_package.yaml,silver,0.5956451612903229,0.32661290322580644
992fa56944909f0e,data/Los-Angeles-MIDI/LOCAL_LAMDA/Local_Lamda_midi/midi_guide/992fa56944909f0e/song_package.yaml,gold,0.7754982817869416,0.08934707903780069
9942ceed2cd3a5a2,data/Los-Angeles-MIDI/LOCAL_LAMDA/Local_Lamda_midi/midi_guide/9942ceed2cd3a5a2/song_package.yaml,gold,0.7568689320388335,0.14320388349514562
997d73d78f21092d,data/Los-Angeles-MIDI/LOCAL_LAMDA/Local_Lamda_midi/midi_guide/997d73d78f21092d/song_package.yaml,silver,0.5580232558139534,0.2558139534883721
996f8bb089b56ae5,data/Los-Angeles-MIDI/LOCAL_LAMDA/Local_Lamda_midi/midi_guide/996f8bb089b56ae5/song_package.yaml,gold,0.8174208144796378,0.06334841628959276
994667f2b9921af5,data/Los-Angeles-MIDI/LOCAL_LAMDA/Local_Lamda_midi/midi_guide/994667f2b9921af5/song_package.yaml,gold,0.8175999999999999,0.017142857142857144
99618bc88f6a4856,data/Los-Angeles-MIDI/LOCAL_LAMDA/Local_Lamda_midi/midi_guide/99618bc88f6a4856/song_package.yaml,gold,0.7604366812227077,0.10698689956331878
99b794280a084a3e,data/Los-Angeles-MIDI/LOCAL_LAMDA/Local_Lamda_midi/midi_guide/99b794280a084a3e/song_package.yaml,silver,0.4904195804195805,0.11888111888111888
99d06e583d70d2e3,data/Los-Angeles-MIDI/LOCAL_LAMDA/Local_Lamda_midi/midi_guide/99d06e583d70d2e3/song_package.yaml,gold,0.5024163568773232,0.1970260223048327
99e02be69649a4de,data/Los-Angeles-MIDI/LOCAL_LAMDA/Local_Lamda_midi/midi_guide/99e02be69649a4de/song_package.yaml,gold,0.7349387755102047,0.08163265306122448
99ac88dd5ccdb023,data/Los-Angeles-MIDI/LOCAL_LAMDA/Local_Lamda_midi/midi_guide/99ac88dd5ccdb023/song_package.yaml,gold,0.8548009367681503,0.00936768149882904
99c113a740a10529,data/Los-Angeles-MIDI/LOCAL_LAMDA/Local_Lamda_midi/midi_guide/99c113a740a10529/song_package.yaml,gold,0.670276073619632,0.049079754601226995
9a069f9a0a70f512,data/Los-Angeles-MIDI/LOCAL_LAMDA/Local_Lamda_midi/midi_guide/9a069f9a0a70f512/song_package.yaml,gold,0.8316250000000001,0.034375
99cdf0435eae8140,data/Los-Angeles-MIDI/LOCAL_LAMDA/Local_Lamda_midi/midi_guide/99cdf0435eae8140/song_package.yaml,gold,0.809398340248963,0.0912863070539419
9a34c56cccb7164e,data/Los-Angeles-MIDI/LOCAL_LAMDA/Local_Lamda_midi/midi_guide/9a34c56cccb7164e/song_package.yaml,gold,0.5873059360730593,0.0730593607305936
9a1122e3a7a6702e,data/Los-Angeles-MIDI/LOCAL_LAMDA/Local_Lamda_midi/midi_guide/9a1122e3a7a6702e/song_package.yaml,gold,0.7815987460815045,0.07836990595611286
9a3ceb6a1895abe3,data/Los-Angeles-MIDI/LOCAL_LAMDA/Local_Lamda_midi/midi_guide/9a3ceb6a1895abe3/song_package.yaml,gold,0.6470725388601041,0.0025906735751295338
9a95d4580f108859,data/Los-Angeles-MIDI/LOCAL_LAMDA/Local_Lamda_midi/midi_guide/9a95d4580f108859/song_package.yaml,gold,0.756298932384341,0.099644128113879
9ace0345b88bdccc,data/Los-Angeles-MIDI/LOCAL_LAMDA/Local_Lamda_midi/midi_guide/9ace0345b88bdccc/song_package.yaml,gold,0.766551724137931,0.0
9aae4abeb7a02ddb,data/Los-Angeles-MIDI/LOCAL_LAMDA/Local_Lamda_midi/midi_guide/9aae4abeb7a02ddb/song_package.yaml,gold,0.8270995670995661,0.07575757575757576
9adeb7c70b844bf2,data/Los-Angeles-MIDI/LOCAL_LAMDA/Local_Lamda_midi/midi_guide/9adeb7c70b844bf2/song_package.yaml,gold,0.793274111675128,0.08121827411167512
9b0cf6bbcb143ec4,data/Los-Angeles-MIDI/LOCAL_LAMDA/Local_Lamda_midi/midi_guide/9b0cf6bbcb143ec4/song_package.yaml,gold,0.6587999999999993,0.12
9b128688bd3a7610,data/Los-Angeles-MIDI/LOCAL_LAMDA/Local_Lamda_midi/midi_guide/9b128688bd3a7610/song_package.yaml,gold,0.8508921161825729,0.006224066390041493
9b19c1673133b6fd,data/Los-Angeles-MIDI/LOCAL_LAMDA/Local_Lamda_midi/midi_guide/9b19c1673133b6fd/song_package.yaml,silver,0.6099821746880525,0.37076648841354726
9b32099698b62a0f,data/Los-Angeles-MIDI/LOCAL_LAMDA/Local_Lamda_midi/midi_guide/9b32099698b62a0f/song_package.yaml,gold,0.8195402298850571,0.028735632183908046
9b56ee730d5309ff,data/Los-Angeles-MIDI/LOCAL_LAMDA/Local_Lamda_midi/midi_guide/9b56ee730d5309ff/song_package.yaml,gold,0.7093838862559245,0.08056872037914692
9b67fa5057e8cdbf,data/Los-Angeles-MIDI/LOCAL_LAMDA/Local_Lamda_midi/midi_guide/9b67fa5057e8cdbf/song_package.yaml,silver,0.5752941176470585,0.29411764705882354
9b96823daeeb1f33,data/Los-Angeles-MIDI/LOCAL_LAMDA/Local_Lamda_midi/midi_guide/9b96823daeeb1f33/song_package.yaml,gold,0.7118181818181817,0.1696969696969697
9bcb836fddfa1908,data/Los-Angeles-MIDI/LOCAL_LAMDA/Local_Lamda_midi/midi_guide/9bcb836fddfa1908/song_package.yaml,gold,0.7134513274336275,0.17699115044247787
9c29dd8ab2eef34a,data/Los-Angeles-MIDI/LOCAL_LAMDA/Local_Lamda_midi/midi_guide/9c29dd8ab2eef34a/song_package.yaml,gold,0.7718622448979587,0.08418367346938775
9c152063edb49c80,data/Los-Angeles-MIDI/LOCAL_LAMDA/Local_Lamda_midi/midi_guide/9c152063edb49c80/song_package.yaml,gold,0.7988915662650613,0.09397590361445783
9b90c59825ef933f,data/Los-Angeles-MIDI/LOCAL_LAMDA/Local_Lamda_midi/midi_guide/9b90c59825ef933f/song_package.yaml,gold,0.6901336898395718,0.09090909090909091
9c1534763926ac63,data/Los-Angeles-MIDI/LOCAL_LAMDA/Local_Lamda_midi/midi_guide/9c1534763926ac63/song_package.yaml,gold,0.7965633074935404,0.031007751937984496
9c24952b27f5dee5,data/Los-Angeles-MIDI/LOCAL_LAMDA/Local_Lamda_midi/midi_guide/9c24952b27f5dee5/song_package.yaml,silver,0.43640000000000023,0.34
9cee273f48d0b03b,data/Los-Angeles-MIDI/LOCAL_LAMDA/Local_Lamda_midi/midi_guide/9cee273f48d0b03b/song_package.yaml,gold,0.843258928571429,0.046875
9d147a20f720d19c,data/Los-Angeles-MIDI/LOCAL_LAMDA/Local_Lamda_midi/midi_guide/9d147a20f720d19c/song_package.yaml,gold,0.854790419161676,0.03592814371257485
9d52083bc496fe96,data/Los-Angeles-MIDI/LOCAL_LAMDA/Local_Lamda_midi/midi_guide/9d52083bc496fe96/song_package.yaml,silver,0.6490962099125389,0.282798833819242
9d37e9658b36dd04,data/Los-Angeles-MIDI/LOCAL_LAMDA/Local_Lamda_midi/midi_guide/9d37e9658b36dd04/song_package.yaml,gold,0.824472222222222,0.06944444444444445
9d8cf5eaeca476d0,data/Los-Angeles-MIDI/LOCAL_LAMDA/Local_Lamda_midi/midi_guide/9d8cf5eaeca476d0/song_package.yaml,gold,0.7122474747474747,0.19696969696969696
9d729c6cb0a8b465,data/Los-Angeles-MIDI/LOCAL_LAMDA/Local_Lamda_midi/midi_guide/9d729c6cb0a8b465/song_package.yaml,gold,0.7354068241469817,0.13910761154855644
9de6005546dcb0fa,data/Los-Angeles-MIDI/LOCAL_LAMDA/Local_Lamda_midi/midi_guide/9de6005546dcb0fa/song_package.yaml,gold,0.5615511551155117,0.0297029702970297
9dd927304f52d42c,data/Los-Angeles-MIDI/LOCAL_LAMDA/Local_Lamda_midi/midi_guide/9dd927304f52d42c/song_package.yaml,gold,0.6272289156626492,0.02891566265060241
9e02a1b404986fff,data/Los-Angeles-MIDI/LOCAL_LAMDA/Local_Lamda_midi/midi_guide/9e02a1b404986fff/song_package.yaml,silver,0.6051111111111122,0.3333333333333333
9dfd73dc063ff1a6,data/Los-Angeles-MIDI/LOCAL_LAMDA/Local_Lamda_midi/midi_guide/9dfd73dc063ff1a6/song_package.yaml,gold,0.6141046831955923,0.16804407713498623
9e2b2ef939d00ff4,data/Los-Angeles-MIDI/LOCAL_LAMDA/Local_Lamda_midi/midi_guide/9e2b2ef939d00ff4/song_package.yaml,gold,0.7265882352941173,0.09411764705882353
9e6c76a7210e2a72,data/Los-Angeles-MIDI/LOCAL_LAMDA/Local_Lamda_midi/midi_guide/9e6c76a7210e2a72/song_package.yaml,gold,0.5987792207792209,0.04415584415584416
9e4d7d380e62e2b7,data/Los-Angeles-MIDI/LOCAL_LAMDA/Local_Lamda_midi/midi_guide/9e4d7d380e62e2b7/song_package.yaml,gold,0.7608428246013684,0.12300683371298406
9e97acec79d60527,data/Los-Angeles-MIDI/LOCAL_LAMDA/Local_Lamda_midi/midi_guide/9e97acec79d60527/song_package.yaml,gold,0.7737692307692303,0.07179487179487179
9e9a73e177b1513c,data/Los-Angeles-MIDI/LOCAL_LAMDA/Local_Lamda_midi/midi_guide/9e9a73e177b1513c/song_package.yaml,gold,0.7422459893048123,0.16844919786096257
9eb9188f7f1d6de0,data/Los-Angeles-MIDI/LOCAL_LAMDA/Local_Lamda_midi/midi_guide/9eb9188f7f1d6de0/song_package.yaml,gold,0.7555670103092778,0.06529209621993128
9ea31f6693d75c34,data/Los-Angeles-MIDI/LOCAL_LAMDA/Local_Lamda_midi/midi_guide/9ea31f6693d75c34/song_package.yaml,gold,0.7268670886075955,0.00949367088607595
9f43ac55e5c3e116,data/Los-Angeles-MIDI/LOCAL_LAMDA/Local_Lamda_midi/midi_guide/9f43ac55e5c3e116/song_package.yaml,gold,0.8213230769230776,0.024615384615384615
9f0a36037dd27873,data/Los-Angeles-MIDI/LOCAL_LAMDA/Local_Lamda_midi/midi_guide/9f0a36037dd27873/song_package.yaml,silver,0.593740053050398,0.22546419098143236
9fe467a83cba2c20,data/Los-Angeles-MIDI/LOCAL_LAMDA/Local_Lamda_midi/midi_guide/9fe467a83cba2c20/song_package.yaml,gold,0.7582300884955762,0.168141592920354
9fbd339e7587320a,data/Los-Angeles-MIDI/LOCAL_LAMDA/Local_Lamda_midi/midi_guide/9fbd339e7587320a/song_package.yaml,gold,0.7870926517571877,0.07028753993610223
9fd266a9998d0b5a,data/Los-Angeles-MIDI/LOCAL_LAMDA/Local_Lamda_midi/midi_guide/9fd266a9998d0b5a/song_package.yaml,gold,0.7329024390243921,0.13902439024390245
a02c2dd2f48af27e,data/Los-Angeles-MIDI/LOCAL_LAMDA/Local_Lamda_midi/midi_guide/a02c2dd2f48af27e/song_package.yaml,gold,0.8545555555555552,0.013888888888888888
a061094873cbc514,data/Los-Angeles-MIDI/LOCAL_LAMDA/Local_Lamda_midi/midi_guide/a061094873cbc514/song_package.yaml,gold,0.7541032608695645,0.021739130434782608
9f94e2f6aac50523,data/Los-Angeles-MIDI/LOCAL_LAMDA/Local_Lamda_midi/midi_guide/9f94e2f6aac50523/song_package.yaml,gold,0.845693950177936,0.03914590747330961
a078e5a1767000b9,data/Los-Angeles-MIDI/LOCAL_LAMDA/Local_Lamda_midi/midi_guide/a078e5a1767000b9/song_package.yaml,silver,0.46291866028708134,0.1339712918660287
a09c291f8f893eba,data/Los-Angeles-MIDI/LOCAL_LAMDA/Local_Lamda_midi/midi_guide/a09c291f8f893eba/song_package.yaml,gold,0.7968907563025207,0.036414565826330535
a0f1b22cfb44a3da,data/Los-Angeles-MIDI/LOCAL_LAMDA/Local_Lamda_midi/midi_guide/a0f1b22cfb44a3da/song_package.yaml,gold,0.8983783783783784,0.02702702702702703
a124348122355637,data/Los-Angeles-MIDI/LOCAL_LAMDA/Local_Lamda_midi/midi_guide/a124348122355637/song_package.yaml,gold,0.8081917808219186,0.03561643835616438
a0caf06222951e18,data/Los-Angeles-MIDI/LOCAL_LAMDA/Local_Lamda_midi/midi_guide/a0caf06222951e18/song_package.yaml,silver,0.6253221288515413,0.31932773109243695
a0f0df73f2f2e507,data/Los-Angeles-MIDI/LOCAL_LAMDA/Local_Lamda_midi/midi_guide/a0f0df73f2f2e507/song_package.yaml,gold,0.770207792207792,0.12207792207792208
a1194d15294ed928,data/Los-Angeles-MIDI/LOCAL_LAMDA/Local_Lamda_midi/midi_guide/a1194d15294ed928/song_package.yaml,gold,0.7187272727272721,0.16623376623376623
a1261612f61643ae,data/Los-Angeles-MIDI/LOCAL_LAMDA/Local_Lamda_midi/midi_guide/a1261612f61643ae/song_package.yaml,silver,0.49681957186544423,0.3944954128440367
a1647c062aa157d2,data/Los-Angeles-MIDI/LOCAL_LAMDA/Local_Lamda_midi/midi_guide/a1647c062aa157d2/song_package.yaml,gold,0.7538906752411558,0.09003215434083602
a187f6b88cfaf0db,data/Los-Angeles-MIDI/LOCAL_LAMDA/Local_Lamda_midi/midi_guide/a187f6b88cfaf0db/song_package.yaml,gold,0.7268075117370896,0.0892018779342723
a199dc67281ee8fc,data/Los-Angeles-MIDI/LOCAL_LAMDA/Local_Lamda_midi/midi_guide/a199dc67281ee8fc/song_package.yaml,gold,0.7937016574585632,0.06077348066298342
a177b308838c6a26,data/Los-Angeles-MIDI/LOCAL_LAMDA/Local_Lamda_midi/midi_guide/a177b308838c6a26/song_package.yaml,gold,0.7167164179104469,0.12189054726368159
a1a35451489bb042,data/Los-Angeles-MIDI/LOCAL_LAMDA/Local_Lamda_midi/midi_guide/a1a35451489bb042/song_package.yaml,gold,0.8150000000000004,0.11333333333333333
a1c84ab0d2e7f6d5,data/Los-Angeles-MIDI/LOCAL_LAMDA/Local_Lamda_midi/midi_guide/a1c84ab0d2e7f6d5/song_package.yaml,gold,0.8431034482758626,0.0219435736677116
a1bd54d0511425c9,data/Los-Angeles-MIDI/LOCAL_LAMDA/Local_Lamda_midi/midi_guide/a1bd54d0511425c9/song_package.yaml,silver,0.5571153846153847,0.3269230769230769
a1d0cd2d175d4c64,data/Los-Angeles-MIDI/LOCAL_LAMDA/Local_Lamda_midi/midi_guide/a1d0cd2d175d4c64/song_package.yaml,silver,0.5820241691842902,0.338368580060423
a22ea922d340e90c,data/Los-Angeles-MIDI/LOCAL_LAMDA/Local_Lamda_midi/midi_guide/a22ea922d340e90c/song_package.yaml,gold,0.7015611814345984,0.05485232067510549
a298354af0b3d872,data/Los-Angeles-MIDI/LOCAL_LAMDA/Local_Lamda_midi/midi_guide/a298354af0b3d872/song_package.yaml,gold,0.8434031413612575,0.0
a26b0f081b8cfcf9,data/Los-Angeles-MIDI/LOCAL_LAMDA/Local_Lamda_midi/midi_guide/a26b0f081b8cfcf9/song_package.yaml,gold,0.7864460784313726,0.09313725490196079
a28a4020cc0ee5bd,data/Los-Angeles-MIDI/LOCAL_LAMDA/Local_Lamda_midi/midi_guide/a28a4020cc0ee5bd/song_package.yaml,gold,0.7596529284164865,0.006507592190889371
a25d7ed0d4382f0b,data/Los-Angeles-MIDI/LOCAL_LAMDA/Local_Lamda_midi/midi_guide/a25d7ed0d4382f0b/song_package.yaml,gold,0.7829621380846323,0.16926503340757237
a335cb6747cc9276,data/Los-Angeles-MIDI/LOCAL_LAMDA/Local_Lamda_midi/midi_guide/a335cb6747cc9276/song_package.yaml,silver,0.5663613231552173,0.31806615776081426
a2e59d534759214a,data/Los-Angeles-MIDI/LOCAL_LAMDA/Local_Lamda_midi/midi_guide/a2e59d534759214a/song_package.yaml,gold,0.849692982456141,0.07456140350877193
a3786647e3389bd7,data/Los-Angeles-MIDI/LOCAL_LAMDA/Local_Lamda_midi/midi_guide/a3786647e3389bd7/song_package.yaml,gold,0.7788650306748454,0.03374233128834356
a3858f43dd5d24be,data/Los-Angeles-MIDI/LOCAL_LAMDA/Local_Lamda_midi/midi_guide/a3858f43dd5d24be/song_package.yaml,gold,0.5523076923076924,0.027149321266968326
a38aa4fef2942c47,data/Los-Angeles-MIDI/LOCAL_LAMDA/Local_Lamda_midi/midi_guide/a38aa4fef2942c47/song_package.yaml,gold,0.8386163522012575,0.006289308176100629
a3b5e06bd35c5dde,data/Los-Angeles-MIDI/LOCAL_LAMDA/Local_Lamda_midi/midi_guide/a3b5e06bd35c5dde/song_package.yaml,gold,0.5665277777777775,0.05555555555555555
a3b9fda8be3d0756,data/Los-Angeles-MIDI/LOCAL_LAMDA/Local_Lamda_midi/midi_guide/a3b9fda8be3d0756/song_package.yaml,gold,0.8425065963060687,0.0316622691292876
a4067095af249e3c,data/Los-Angeles-MIDI/LOCAL_LAMDA/Local_Lamda_midi/midi_guide/a4067095af249e3c/song_package.yaml,gold,0.8602999999999993,0.01
a45f2ab6f59ab5c4,data/Los-Angeles-MIDI/LOCAL_LAMDA/Local_Lamda_midi/midi_guide/a45f2ab6f59ab5c4/song_package.yaml,silver,0.6040718562874253,0.3652694610778443
a3ec8623348cda86,data/Los-Angeles-MIDI/LOCAL_LAMDA/Local_Lamda_midi/midi_guide/a3ec8623348cda86/song_package.yaml,gold,0.8325934579439248,0.05841121495327103
a47897e3502fb253,data/Los-Angeles-MIDI/LOCAL_LAMDA/Local_Lamda_midi/midi_guide/a47897e3502fb253/song_package.yaml,gold,0.6713157894736844,0.13157894736842105
a4b7cad4d1e9ece6,data/Los-Angeles-MIDI/LOCAL_LAMDA/Local_Lamda_midi/midi_guide/a4b7cad4d1e9ece6/song_package.yaml,gold,0.7846153846153864,0.10336538461538461
a4c97019e6739cbc,data/Los-Angeles-MIDI/LOCAL_LAMDA/Local_Lamda_midi/midi_guide/a4c97019e6739cbc/song_package.yaml,gold,0.7900970873786414,0.021844660194174758
a4ca8eabea1a655c,data/Los-Angeles-MIDI/LOCAL_LAMDA/Local_Lamda_midi/midi_guide/a4ca8eabea1a655c/song_package.yaml,silver,0.6285096153846168,0.20432692307692307
a46cfdfc8bf0c137,data/Los-Angeles-MIDI/LOCAL_LAMDA/Local_Lamda_midi/midi_guide/a46cfdfc8bf0c137/song_package.yaml,gold,0.8154494382022477,0.03932584269662921
a4c13187c6a41dbe,data/Los-Angeles-MIDI/LOCAL_LAMDA/Local_Lamda_midi/midi_guide/a4c13187c6a41dbe/song_package.yaml,gold,0.8221715817694376,0.03485254691689008
a50e888c9384c554,data/Los-Angeles-MIDI/LOCAL_LAMDA/Local_Lamda_midi/midi_guide/a50e888c9384c554/song_package.yaml,gold,0.851321585903084,0.011013215859030838
a4df13c78eb97c83,data/Los-Angeles-MIDI/LOCAL_LAMDA/Local_Lamda_midi/midi_guide/a4df13c78eb97c83/song_package.yaml,gold,0.5769918699186982,0.08943089430894309
a4edfab0deb791d3,data/Los-Angeles-MIDI/LOCAL_LAMDA/Local_Lamda_midi/midi_guide/a4edfab0deb791d3/song_package.yaml,silver,0.6263414634146344,0.2953929539295393
a5866a189919120e,data/Los-Angeles-MIDI/LOCAL_LAMDA/Local_Lamda_midi/midi_guide/a5866a189919120e/song_package.yaml,gold,0.5463829787234044,0.14893617021276595
a547b4fa75f7fed4,data/Los-Angeles-MIDI/LOCAL_LAMDA/Local_Lamda_midi/midi_guide/a547b4fa75f7fed4/song_package.yaml,gold,0.7762672811059922,0.1359447004608295
a54c4bea467e958b,data/Los-Angeles-MIDI/LOCAL_LAMDA/Local_Lamda_midi/midi_guide/a54c4bea467e958b/song_package.yaml,gold,0.6930991735537207,0.049586776859504134
a59f30bea961cc9a,data/Los-Angeles-MIDI/LOCAL_LAMDA/Local_Lamda_midi/midi_guide/a59f30bea961cc9a/song_package.yaml,gold,0.7757734806629834,0.07734806629834254
a5cfb0d0b2c2507b,data/Los-Angeles-MIDI/LOCAL_LAMDA/Local_Lamda_midi/midi_guide/a5cfb0d0b2c2507b/song_package.yaml,gold,0.8613466334164587,0.012468827930174564
a5ebdd43f15dff6f,data/Los-Angeles-MIDI/LOCAL_LAMDA/Local_Lamda_midi/midi_guide/a5ebdd43f15dff6f/song_package.yaml,gold,0.7107668711656442,0.09815950920245399
a69a10aaeacb8985,data/Los-Angeles-MIDI/LOCAL_LAMDA/Local_Lamda_midi/midi_guide/a69a10aaeacb8985/song_package.yaml,gold,0.8588345864661656,0.03383458646616541
a681dfc8f388059c,data/Los-Angeles-MIDI/LOCAL_LAMDA/Local_Lamda_midi/midi_guide/a681dfc8f388059c/song_package.yaml,gold,0.7698885793871862,0.10584958217270195
a6904fdac534f513,data/Los-Angeles-MIDI/LOCAL_LAMDA/Local_Lamda_midi/midi_guide/a6904fdac534f513/song_package.yaml,gold,0.62640625,0.140625
a6a52305d378b579,data/Los-Angeles-MIDI/LOCAL_LAMDA/Local_Lamda_midi/midi_guide/a6a52305d378b579/song_package.yaml,gold,0.6911247443762776,0.1983640081799591
a69de41d44acfdb7,data/Los-Angeles-MIDI/LOCAL_LAMDA/Local_Lamda_midi/midi_guide/a69de41d44acfdb7/song_package.yaml,gold,0.8141362530413622,0.07542579075425791
a6c4db7993ac6b95,data/Los-Angeles-MIDI/LOCAL_LAMDA/Local_Lamda_midi/midi_guide/a6c4db7993ac6b95/song_package.yaml,gold,0.6689655172413795,0.0049261083743842365
a754a01a57c0e5e1,data/Los-Angeles-MIDI/LOCAL_LAMDA/Local_Lamda_midi/midi_guide/a754a01a57c0e5e1/song_package.yaml,silver,0.6184848484848484,0.3181818181818182
a6f91a40dc35014b,data/Los-Angeles-MIDI/LOCAL_LAMDA/Local_Lamda_midi/midi_guide/a6f91a40dc35014b/song_package.yaml,silver,0.712325581395352,0.25290697674418605
a6ee38f0e9396d33,data/Los-Angeles-MIDI/LOCAL_LAMDA/Local_Lamda_midi/midi_guide/a6ee38f0e9396d33/song_package.yaml,gold,0.7716574585635367,0.1878453038674033
a72087cf628e2920,data/Los-Angeles-MIDI/LOCAL_LAMDA/Local_Lamda_midi/midi_guide/a72087cf628e2920/song_package.yaml,gold,0.7055389221556871,0.12275449101796407
a748b7d104b358c0,data/Los-Angeles-MIDI/LOCAL_LAMDA/Local_Lamda_midi/midi_guide/a748b7d104b358c0/song_package.yaml,gold,0.6625605536332182,0.07612456747404844
a7523758d3847c97,data/Los-Angeles-MIDI/LOCAL_LAMDA/Local_Lamda_midi/midi_guide/a7523758d3847c97/song_package.yaml,gold,0.8049322493224945,0.07859078590785908
a7abf3ed276ccebb,data/Los-Angeles-MIDI/LOCAL_LAMDA/Local_Lamda_midi/midi_guide/a7abf3ed276ccebb/song_package.yaml,silver,0.5428911564625842,0.36394557823129253
a7aaa1ed70fb8bfb,data/Los-Angeles-MIDI/LOCAL_LAMDA/Local_Lamda_midi/midi_guide/a7aaa1ed70fb8bfb/song_package.yaml,gold,0.8046419753086421,0.01728395061728395
a777ff0382c8e599,data/Los-Angeles-MIDI/LOCAL_LAMDA/Local_Lamda_midi/midi_guide/a777ff0382c8e599/song_package.yaml,gold,0.8450000000000005,0.04421768707482993
a805309443da17f2,data/Los-Angeles-MIDI/LOCAL_LAMDA/Local_Lamda_midi/midi_guide/a805309443da17f2/song_package.yaml,gold,0.6764736842105271,0.05789473684210526
a86dca4cc8c4a3ad,data/Los-Angeles-MIDI/LOCAL_LAMDA/Local_Lamda_midi/midi_guide/a86dca4cc8c4a3ad/song_package.yaml,gold,0.8199509803921575,0.02696078431372549
a8b771cfbe738865,data/Los-Angeles-MIDI/LOCAL_LAMDA/Local_Lamda_midi/midi_guide/a8b771cfbe738865/song_package.yaml,gold,0.7909090909090906,0.18181818181818182
a8aad479c9250d00,data/Los-Angeles-MIDI/LOCAL_LAMDA/Local_Lamda_midi/midi_guide/a8aad479c9250d00/song_package.yaml,silver,0.5831803278688523,0.39344262295081966
a850a6d25282b069,data/Los-Angeles-MIDI/LOCAL_LAMDA/Local_Lamda_midi/midi_guide/a850a6d25282b069/song_package.yaml,gold,0.7719338422391859,0.0737913486005089
a8aa5d8cae602005,data/Los-Angeles-MIDI/LOCAL_LAMDA/Local_Lamda_midi/midi_guide/a8aa5d8cae602005/song_package.yaml,silver,0.47096256684492,0.28342245989304815
a8ce2db5d28abdb2,data/Los-Angeles-MIDI/LOCAL_LAMDA/Local_Lamda_midi/midi_guide/a8ce2db5d28abdb2/song_package.yaml,gold,0.825927601809954,0.027149321266968326
a86496228401b69c,data/Los-Angeles-MIDI/LOCAL_LAMDA/Local_Lamda_midi/midi_guide/a86496228401b69c/song_package.yaml,gold,0.8561640211640216,0.015873015873015872
a8ce2b763b3902a7,data/Los-Angeles-MIDI/LOCAL_LAMDA/Local_Lamda_midi/midi_guide/a8ce2b763b3902a7/song_package.yaml,gold,0.7998309859154933,0.03943661971830986
a91aa6845161bdaa,data/Los-Angeles-MIDI/LOCAL_LAMDA/Local_Lamda_midi/midi_guide/a91aa6845161bdaa/song_package.yaml,gold,0.7784999999999996,0.07727272727272727
a8e33159413e3d4c,data/Los-Angeles-MIDI/LOCAL_LAMDA/Local_Lamda_midi/midi_guide/a8e33159413e3d4c/song_package.yaml,gold,0.7060810810810813,0.17792792792792791
a9725f5212b72a15,data/Los-Angeles-MIDI/LOCAL_LAMDA/Local_Lamda_midi/midi_guide/a9725f5212b72a15/song_package.yaml,gold,0.6471951219512194,0.006097560975609756
a92aaf9a7e632ae5,data/Los-Angeles-MIDI/LOCAL_LAMDA/Local_Lamda_midi/midi_guide/a92aaf9a7e632ae5/song_package.yaml,silver,0.637407975460126,0.2929447852760736
a904f28f78a64095,data/Los-Angeles-MIDI/LOCAL_LAMDA/Local_Lamda_midi/midi_guide/a904f28f78a64095/song_package.yaml,gold,0.7569778296382726,0.0011668611435239206
a9401998500b0c26,data/Los-Angeles-MIDI/LOCAL_LAMDA/Local_Lamda_midi/midi_guide/a9401998500b0c26/song_package.yaml,gold,0.7183695652173914,0.08152173913043478
a98497e6907e26ca,data/Los-Angeles-MIDI/LOCAL_LAMDA/Local_Lamda_midi/midi_guide/a98497e6907e26ca/song_package.yaml,gold,0.8338626609442069,0.07081545064377683
aa22793018471e14,data/Los-Angeles-MIDI/LOCAL_LAMDA/Local_Lamda_midi/midi_guide/aa22793018471e14/song_package.yaml,gold,0.6826023391812867,0.14912280701754385
aa09d6f5d3dc1aec,data/Los-Angeles-MIDI/LOCAL_LAMDA/Local_Lamda_midi/midi_guide/aa09d6f5d3dc1aec/song_package.yaml,gold,0.7085012285012265,0.036855036855036855
a9e94a7e1f56f356,data/Los-Angeles-MIDI/LOCAL_LAMDA/Local_Lamda_midi/midi_guide/a9e94a7e1f56f356/song_package.yaml,gold,0.7806940874036005,0.13110539845758354
aa4eba29fc7d0721,data/Los-Angeles-MIDI/LOCAL_LAMDA/Local_Lamda_midi/midi_guide/aa4eba29fc7d0721/song_package.yaml,gold,0.7622888283378736,0.1335149863760218
aa14b3a07b0d7253,data/Los-Angeles-MIDI/LOCAL_LAMDA/Local_Lamda_midi/midi_guide/aa14b3a07b0d7253/song_package.yaml,gold,0.8207418397626124,0.05934718100890208
aa6817f3c3c8dea3,data/Los-Angeles-MIDI/LOCAL_LAMDA/Local_Lamda_midi/midi_guide/aa6817f3c3c8dea3/song_package.yaml,gold,0.7776021798365121,0.09809264305177112
aa9bd60a378ba54b,data/Los-Angeles-MIDI/LOCAL_LAMDA/Local_Lamda_midi/midi_guide/aa9bd60a378ba54b/song_package.yaml,silver,0.6151063829787248,0.34397163120567376
aa8734f596265ede,data/Los-Angeles-MIDI/LOCAL_LAMDA/Local_Lamda_midi/midi_guide/aa8734f596265ede/song_package.yaml,gold,0.8344731182795683,0.08602150537634409
aaf8c95f27ed8b80,data/Los-Angeles-MIDI/LOCAL_LAMDA/Local_Lamda_midi/midi_guide/aaf8c95f27ed8b80/song_package.yaml,gold,0.5790188679245284,0.16981132075471697
aabb1103d79d7598,data/Los-Angeles-MIDI/LOCAL_LAMDA/Local_Lamda_midi/midi_guide/aabb1103d79d7598/song_package.yaml,silver,0.47197044334975385,0.2438423645320197
ab20efe046ab0bb3,data/Los-Angeles-MIDI/LOCAL_LAMDA/Local_Lamda_midi/midi_guide/ab20efe046ab0bb3/song_package.yaml,gold,0.6771666666666675,0.004166666666666667
aa0e552704ae4105,data/Los-Angeles-MIDI/LOCAL_LAMDA/Local_Lamda_midi/midi_guide/aa0e552704ae4105/song_package.yaml,silver,0.4972054794520547,0.14246575342465753
ab3df9cd7823ed2c,data/Los-Angeles-MIDI/LOCAL_LAMDA/Local_Lamda_midi/midi_guide/ab3df9cd7823ed2c/song_package.yaml,gold,0.7985111662531018,0.004962779156327543
abbe75ca1ce0fb14,data/Los-Angeles-MIDI/LOCAL_LAMDA/Local_Lamda_midi/midi_guide/abbe75ca1ce0fb14/song_package.yaml,gold,0.9138110749185682,0.003257328990228013
abce415b0e367a47,data/Los-Angeles-MIDI/LOCAL_LAMDA/Local_Lamda_midi/midi_guide/abce415b0e367a47/song_package.yaml,gold,0.6884615384615389,0.0
abbbd003b9e4a3b5,data/Los-Angeles-MIDI/LOCAL_LAMDA/Local_Lamda_midi/midi_guide/abbbd003b9e4a3b5/song_package.yaml,gold,0.6802811244979902,0.008032128514056224
abd9abf37434e25f,data/Los-Angeles-MIDI/LOCAL_LAMDA/Local_Lamda_midi/midi_guide/abd9abf37434e25f/song_package.yaml,gold,0.8371948051948043,0.0025974025974025974
abf76acd17440e87,data/Los-Angeles-MIDI/LOCAL_LAMDA/Local_Lamda_midi/midi_guide/abf76acd17440e87/song_package.yaml,gold,0.7845287356321836,0.03908045977011494
ac2f037ccce7b092,data/Los-Angeles-MIDI/LOCAL_LAMDA/Local_Lamda_midi/midi_guide/ac2f037ccce7b092/song_package.yaml,gold,0.6971348314606739,0.0028089887640449437
ac5978572f1a97b2,data/Los-Angeles-MIDI/LOCAL_LAMDA/Local_Lamda_midi/midi_guide/ac5978572f1a97b2/song_package.yaml,silver,0.6492753623188438,0.3101449275362319
ac33e9f51e553db4,data/Los-Angeles-MIDI/LOCAL_LAMDA/Local_Lamda_midi/midi_guide/ac33e9f51e553db4/song_package.yaml,gold,0.6607246376811584,0.07004830917874397
ac5bdf9433fb541a,data/Los-Angeles-MIDI/LOCAL_LAMDA/Local_Lamda_midi/midi_guide/ac5bdf9433fb541a/song_package.yaml,gold,0.7671714285714285,0.07428571428571429
ac5b6cda1fb5f845,data/Los-Angeles-MIDI/LOCAL_LAMDA/Local_Lamda_midi/midi_guide/ac5b6cda1fb5f845/song_package.yaml,gold,0.5803914590747334,0.15302491103202848
acfd7f8aa3b1f932,data/Los-Angeles-MIDI/LOCAL_LAMDA/Local_Lamda_midi/midi_guide/acfd7f8aa3b1f932/song_package.yaml,gold,0.8682524271844665,0.019417475728155338
ad0505ee923f7f49,data/Los-Angeles-MIDI/LOCAL_LAMDA/Local_Lamda_midi/midi_guide/ad0505ee923f7f49/song_package.yaml,gold,0.6805092592592591,0.05324074074074074
acd58ed8d6da75eb,data/Los-Angeles-MIDI/LOCAL_LAMDA/Local_Lamda_midi/midi_guide/acd58ed8d6da75eb/song_package.yaml,gold,0.6099615384615382,0.038461538461538464
ad0a16f64a0ddc92,data/Los-Angeles-MIDI/LOCAL_LAMDA/Local_Lamda_midi/midi_guide/ad0a16f64a0ddc92/song_package.yaml,gold,0.8277372262773733,0.0413625304136253
ad1c40697a4b58b0,data/Los-Angeles-MIDI/LOCAL_LAMDA/Local_Lamda_midi/midi_guide/ad1c40697a4b58b0/song_package.yaml,gold,0.8720388349514568,0.019417475728155338
acd9b6ae16015e2b,data/Los-Angeles-MIDI/LOCAL_LAMDA/Local_Lamda_midi/midi_guide/acd9b6ae16015e2b/song_package.yaml,gold,0.7964231738035266,0.0906801007556675
ad235df330ff7b2d,data/Los-Angeles-MIDI/LOCAL_LAMDA/Local_Lamda_midi/midi_guide/ad235df330ff7b2d/song_package.yaml,silver,0.5554978354978378,0.3874458874458874
ad68c13b553e016e,data/Los-Angeles-MIDI/LOCAL_LAMDA/Local_Lamda_midi/midi_guide/ad68c13b553e016e/song_package.yaml,silver,0.6331493506493537,0.2987012987012987
ad678938e37063d4,data/Los-Angeles-MIDI/LOCAL_LAMDA/Local_Lamda_midi/midi_guide/ad678938e37063d4/song_package.yaml,silver,0.5850755287009065,0.29003021148036257
ad434b1bf018f82a,data/Los-Angeles-MIDI/LOCAL_LAMDA/Local_Lamda_midi/midi_guide/ad434b1bf018f82a/song_package.yaml,gold,0.8188029925187035,0.017456359102244388
ad6af4cdea7facf7,data/Los-Angeles-MIDI/LOCAL_LAMDA/Local_Lamda_midi/midi_guide/ad6af4cdea7facf7/song_package.yaml,silver,0.6127294685990338,0.21497584541062803
ad7bf0b03ccad4c6,data/Los-Angeles-MIDI/LOCAL_LAMDA/Local_Lamda_midi/midi_guide/ad7bf0b03ccad4c6/song_package.yaml,gold,0.8317295597484272,0.040880503144654086
ad66cf5c95a3dba0,data/Los-Angeles-MIDI/LOCAL_LAMDA/Local_Lamda_midi/midi_guide/ad66cf5c95a3dba0/song_package.yaml,gold,0.8090250000000009,0.0975
adbfee07cf2cd604,data/Los-Angeles-MIDI/LOCAL_LAMDA/Local_Lamda_midi/midi_guide/adbfee07cf2cd604/song_package.yaml,silver,0.631389521640091,0.22779043280182232
ade7c71b8ef743be,data/Los-Angeles-MIDI/LOCAL_LAMDA/Local_Lamda_midi/midi_guide/ade7c71b8ef743be/song_package.yaml,gold,0.7465814696485636,0.12140575079872204
ae2201c586dc1651,data/Los-Angeles-MIDI/LOCAL_LAMDA/Local_Lamda_midi/midi_guide/ae2201c586dc1651/song_package.yaml,gold,0.8497674418604656,0.011627906976744186
ae014818a50db7f8,data/Los-Angeles-MIDI/LOCAL_LAMDA/Local_Lamda_midi/midi_guide/ae014818a50db7f8/song_package.yaml,silver,0.6045965770171158,0.23227383863080683
ae1341c7ba1b4e60,data/Los-Angeles-MIDI/LOCAL_LAMDA/Local_Lamda_midi/midi_guide/ae1341c7ba1b4e60/song_package.yaml,gold,0.8101377410468329,0.07713498622589532
ae7f5e96294a59db,data/Los-Angeles-MIDI/LOCAL_LAMDA/Local_Lamda_midi/midi_guide/ae7f5e96294a59db/song_package.yaml,gold,0.824636363636363,0.06666666666666667
ae856e099b7e51fd,data/Los-Angeles-MIDI/LOCAL_LAMDA/Local_Lamda_midi/midi_guide/ae856e099b7e51fd/song_package.yaml,gold,0.6199280575539569,0.0
ae33937ed30c462d,data/Los-Angeles-MIDI/LOCAL_LAMDA/Local_Lamda_midi/midi_guide/ae33937ed30c462d/song_package.yaml,gold,0.8279862700228834,0.04576659038901602
ae97b60a87fcd0b8,data/Los-Angeles-MIDI/LOCAL_LAMDA/Local_Lamda_midi/midi_guide/ae97b60a87fcd0b8/song_package.yaml,gold,0.7647129186602886,0.03110047846889952
aebf3f924fd7c5cd,data/Los-Angeles-MIDI/LOCAL_LAMDA/Local_Lamda_midi/midi_guide/aebf3f924fd7c5cd/song_package.yaml,gold,0.6177200000000004,0.136
aef59ae821c1638a,data/Los-Angeles-MIDI/LOCAL_LAMDA/Local_Lamda_midi/midi_guide/aef59ae821c1638a/song_package.yaml,silver,0.5723048327137554,0.2788104089219331
af507662cbe7dc5a,data/Los-Angeles-MIDI/LOCAL_LAMDA/Local_Lamda_midi/midi_guide/af507662cbe7dc5a/song_package.yaml,gold,0.8350653594771238,0.026143790849673203
af29f4812e3e9b5e,data/Los-Angeles-MIDI/LOCAL_LAMDA/Local_Lamda_midi/midi_guide/af29f4812e3e9b5e/song_package.yaml,gold,0.8101842105263164,0.0
af6b6ed32eef7797,data/Los-Angeles-MIDI/LOCAL_LAMDA/Local_Lamda_midi/midi_guide/af6b6ed32eef7797/song_package.yaml,gold,0.7244131455399064,0.06572769953051644
af818ae9c9d6a508,data/Los-Angeles-MIDI/LOCAL_LAMDA/Local_Lamda_midi/midi_guide/af818ae9c9d6a508/song_package.yaml,gold,0.7743276283618588,0.08801955990220049
af912fa5178ef1db,data/Los-Angeles-MIDI/LOCAL_LAMDA/Local_Lamda_midi/midi_guide/af912fa5178ef1db/song_package.yaml,gold,0.8461538461538466,0.022332506203473945
afaddd9526e9d452,data/Los-Angeles-MIDI/LOCAL_LAMDA/Local_Lamda_midi/midi_guide/afaddd9526e9d452/song_package.yaml,silver,0.5267076923076923,0.35384615384615387
afaf383d857c0f5d,data/Los-Angeles-MIDI/LOCAL_LAMDA/Local_Lamda_midi/midi_guide/afaf383d857c0f5d/song_package.yaml,gold,0.7595222929936298,0.06687898089171974
aff3ff295091c1ec,data/Los-Angeles-MIDI/LOCAL_LAMDA/Local_Lamda_midi/midi_guide/aff3ff295091c1ec/song_package.yaml,gold,0.6053906250000003,0.00390625
b031fe8f608e7264,data/Los-Angeles-MIDI/LOCAL_LAMDA/Local_Lamda_midi/midi_guide/b031fe8f608e7264/song_package.yaml,gold,0.6302348993288593,0.1040268456375839
b054c06a6402977d,data/Los-Angeles-MIDI/LOCAL_LAMDA/Local_Lamda_midi/midi_guide/b054c06a6402977d/song_package.yaml,gold,0.8040664961636825,0.030690537084398978
b046264c0e78b129,data/Los-Angeles-MIDI/LOCAL_LAMDA/Local_Lamda_midi/midi_guide/b046264c0e78b129/song_package.yaml,gold,0.6313605442176875,0.1473922902494331
b072e86f67a73652,data/Los-Angeles-MIDI/LOCAL_LAMDA/Local_Lamda_midi/midi_guide/b072e86f67a73652/song_package.yaml,gold,0.596823899371069,0.13522012578616352
b0b18aa561c961cd,data/Los-Angeles-MIDI/LOCAL_LAMDA/Local_Lamda_midi/midi_guide/b0b18aa561c961cd/song_package.yaml,gold,0.6451827242524935,0.18604651162790697
b0cbbdfffab99cb3,data/Los-Angeles-MIDI/LOCAL_LAMDA/Local_Lamda_midi/midi_guide/b0cbbdfffab99cb3/song_package.yaml,silver,0.477950819672131,0.14344262295081966
b0e86e938c632e00,data/Los-Angeles-MIDI/LOCAL_LAMDA/Local_Lamda_midi/midi_guide/b0e86e938c632e00/song_package.yaml,gold,0.8066009852216749,0.022167487684729065
b0e4489d78106859,data/Los-Angeles-MIDI/LOCAL_LAMDA/Local_Lamda_midi/midi_guide/b0e4489d78106859/song_package.yaml,gold,0.8676606683804631,0.03598971722365039
b11806064db6c1b2,data/Los-Angeles-MIDI/LOCAL_LAMDA/Local_Lamda_midi/midi_guide/b11806064db6c1b2/song_package.yaml,gold,0.8481548974943053,0.05466970387243736
b148a02d9f0c13a8,data/Los-Angeles-MIDI/LOCAL_LAMDA/Local_Lamda_midi/midi_guide/b148a02d9f0c13a8/song_package.yaml,gold,0.847339901477833,0.012315270935960592
b14f2f03176a612d,data/Los-Angeles-MIDI/LOCAL_LAMDA/Local_Lamda_midi/midi_guide/b14f2f03176a612d/song_package.yaml,gold,0.7247668393782413,0.0038860103626943004
b16277fc34aec778,data/Los-Angeles-MIDI/LOCAL_LAMDA/Local_Lamda_midi/midi_guide/b16277fc34aec778/song_package.yaml,gold,0.6043603133159268,0.1801566579634465
b19f6dbc434fcb5a,data/Los-Angeles-MIDI/LOCAL_LAMDA/Local_Lamda_midi/midi_guide/b19f6dbc434fcb5a/song_package.yaml,gold,0.8465868263473064,0.02694610778443114
b1b688cc3a05335a,data/Los-Angeles-MIDI/LOCAL_LAMDA/Local_Lamda_midi/midi_guide/b1b688cc3a05335a/song_package.yaml,gold,0.8325524475524487,0.038461538461538464
b21c1afc7c5ebbf7,data/Los-Angeles-MIDI/LOCAL_LAMDA/Local_Lamda_midi/midi_guide/b21c1afc7c5ebbf7/song_package.yaml,gold,0.710095693779904,0.19138755980861244
b1c0dd55127055aa,data/Los-Angeles-MIDI/LOCAL_LAMDA/Local_Lamda_midi/midi_guide/b1c0dd55127055aa/song_package.yaml,gold,0.8219194312796209,0.06398104265402843
b1c1fda858651895,data/Los-Angeles-MIDI/LOCAL_LAMDA/Local_Lamda_midi/midi_guide/b1c1fda858651895/song_package.yaml,gold,0.7807543103448288,0.05603448275862069
b2121a8317e2709c,data/Los-Angeles-MIDI/LOCAL_LAMDA/Local_Lamda_midi/midi_guide/b2121a8317e2709c/song_package.yaml,gold,0.5561348684210528,0.044407894736842105
b24ec5f66636c4c4,data/Los-Angeles-MIDI/LOCAL_LAMDA/Local_Lamda_midi/midi_guide/b24ec5f66636c4c4/song_package.yaml,gold,0.8069705882352938,0.03529411764705882
b26ac58d983a1172,data/Los-Angeles-MIDI/LOCAL_LAMDA/Local_Lamda_midi/midi_guide/b26ac58d983a1172/song_package.yaml,gold,0.8428742514970062,0.008982035928143712
b23c761625c58811,data/Los-Angeles-MIDI/LOCAL_LAMDA/Local_Lamda_midi/midi_guide/b23c761625c58811/song_package.yaml,gold,0.8297142857142862,0.004761904761904762
b2d397292484c07e,data/Los-Angeles-MIDI/LOCAL_LAMDA/Local_Lamda_midi/midi_guide/b2d397292484c07e/song_package.yaml,gold,0.573762376237623,0.06930693069306931
b2c95aa1e39203cf,data/Los-Angeles-MIDI/LOCAL_LAMDA/Local_Lamda_midi/midi_guide/b2c95aa1e39203cf/song_package.yaml,gold,0.7776243093922649,0.1270718232044199
b34d8399771d9de7,data/Los-Angeles-MIDI/LOCAL_LAMDA/Local_Lamda_midi/midi_guide/b34d8399771d9de7/song_package.yaml,gold,0.8519808306709262,0.025559105431309903
b386ff42e820def3,data/Los-Angeles-MIDI/LOCAL_LAMDA/Local_Lamda_midi/midi_guide/b386ff42e820def3/song_package.yaml,gold,0.5465573770491803,0.03278688524590164
b2d0d49cfcb16890,data/Los-Angeles-MIDI/LOCAL_LAMDA/Local_Lamda_midi/midi_guide/b2d0d49cfcb16890/song_package.yaml,gold,0.7378378378378382,0.007371007371007371
b3c7fbc0d489d153,data/Los-Angeles-MIDI/LOCAL_LAMDA/Local_Lamda_midi/midi_guide/b3c7fbc0d489d153/song_package.yaml,silver,0.5671681415929216,0.35398230088495575
b3d6d387843a1536,data/Los-Angeles-MIDI/LOCAL_LAMDA/Local_Lamda_midi/midi_guide/b3d6d387843a1536/song_package.yaml,gold,0.7736479591836753,0.11989795918367346
b40d17e332b7d73d,data/Los-Angeles-MIDI/LOCAL_LAMDA/Local_Lamda_midi/midi_guide/b40d17e332b7d73d/song_package.yaml,gold,0.5058762886597938,0.14432989690721648
b3dcd6165c6c62bb,data/Los-Angeles-MIDI/LOCAL_LAMDA/Local_Lamda_midi/midi_guide/b3dcd6165c6c62bb/song_package.yaml,gold,0.7676199616122819,0.16698656429942418
b42df4e0af9346ca,data/Los-Angeles-MIDI/LOCAL_LAMDA/Local_Lamda_midi/midi_guide/b42df4e0af9346ca/song_package.yaml,gold,0.8630103806228364,0.01730103806228374
b4575eaa002eb789,data/Los-Angeles-MIDI/LOCAL_LAMDA/Local_Lamda_midi/midi_guide/b4575eaa002eb789/song_package.yaml,silver,0.5930769230769233,0.3076923076923077
b40846751a2550ed,data/Los-Angeles-MIDI/LOCAL_LAMDA/Local_Lamda_midi/midi_guide/b40846751a2550ed/song_package.yaml,gold,0.7359103641456581,0.08403361344537816
b4ad053cdac1aa11,data/Los-Angeles-MIDI/LOCAL_LAMDA/Local_Lamda_midi/midi_guide/b4ad053cdac1aa11/song_package.yaml,gold,0.5358362989323845,0.06761565836298933
b47da76fdd4db9f6,data/Los-Angeles-MIDI/LOCAL_LAMDA/Local_Lamda_midi/midi_guide/b47da76fdd4db9f6/song_package.yaml,gold,0.8943491124260364,0.0029585798816568047
b480e4d215445158,data/Los-Angeles-MIDI/LOCAL_LAMDA/Local_Lamda_midi/midi_guide/b480e4d215445158/song_package.yaml,gold,0.8446753246753256,0.005194805194805195
b45da7c94b56d2d5,data/Los-Angeles-MIDI/LOCAL_LAMDA/Local_Lamda_midi/midi_guide/b45da7c94b56d2d5/song_package.yaml,gold,0.7686111111111112,0.08333333333333333
b4af63c91c1193b3,data/Los-Angeles-MIDI/LOCAL_LAMDA/Local_Lamda_midi/midi_guide/b4af63c91c1193b3/song_package.yaml,silver,0.6191121495327102,0.37383177570093457
b4dc28276945009e,data/Los-Angeles-MIDI/LOCAL_LAMDA/Local_Lamda_midi/midi_guide/b4dc28276945009e/song_package.yaml,gold,0.7136217948717943,0.11858974358974358
b4c962a000605d32,data/Los-Angeles-MIDI/LOCAL_LAMDA/Local_Lamda_midi/midi_guide/b4c962a000605d32/song_package.yaml,gold,0.8659846547314586,0.010230179028132993
b4e96a97f8d59227,data/Los-Angeles-MIDI/LOCAL_LAMDA/Local_Lamda_midi/midi_guide/b4e96a97f8d59227/song_package.yaml,gold,0.8727812500000003,0.015625
b5067769036d7908,data/Los-Angeles-MIDI/LOCAL_LAMDA/Local_Lamda_midi/midi_guide/b5067769036d7908/song_package.yaml,gold,0.5039370078740157,0.015748031496062992
b54c5d3df23ce1b5,data/Los-Angeles-MIDI/LOCAL_LAMDA/Local_Lamda_midi/midi_guide/b54c5d3df23ce1b5/song_package.yaml,gold,0.6365866666666657,0.13333333333333333
b539865a5581894e,data/Los-Angeles-MIDI/LOCAL_LAMDA/Local_Lamda_midi/midi_guide/b539865a5581894e/song_package.yaml,gold,0.819370629370629,0.03146853146853147
b518b6650006c349,data/Los-Angeles-MIDI/LOCAL_LAMDA/Local_Lamda_midi/midi_guide/b518b6650006c349/song_package.yaml,silver,0.5548563218390817,0.3879310344827586
b5600ddfd60bed23,data/Los-Angeles-MIDI/LOCAL_LAMDA/Local_Lamda_midi/midi_guide/b5600ddfd60bed23/song_package.yaml,gold,0.6907929515418506,0.15859030837004406
b550d489d5fc0bb1,data/Los-Angeles-MIDI/LOCAL_LAMDA/Local_Lamda_midi/midi_guide/b550d489d5fc0bb1/song_package.yaml,gold,0.7903551912568307,0.060109289617486336
b550795ba5b981db,data/Los-Angeles-MIDI/LOCAL_LAMDA/Local_Lamda_midi/midi_guide/b550795ba5b981db/song_package.yaml,gold,0.7240302267002504,0.02518891687657431
b5bec536d434483c,data/Los-Angeles-MIDI/LOCAL_LAMDA/Local_Lamda_midi/midi_guide/b5bec536d434483c/song_package.yaml,gold,0.8765822784810136,0.060126582278481014
b5c7c186639b6f71,data/Los-Angeles-MIDI/LOCAL_LAMDA/Local_Lamda_midi/midi_guide/b5c7c186639b6f71/song_package.yaml,gold,0.7733522727272731,0.03409090909090909
b5e39dd0c107c1f3,data/Los-Angeles-MIDI/LOCAL_LAMDA/Local_Lamda_midi/midi_guide/b5e39dd0c107c1f3/song_package.yaml,gold,0.765117370892019,0.1267605633802817
b5ec9b4abe48180f,data/Los-Angeles-MIDI/LOCAL_LAMDA/Local_Lamda_midi/midi_guide/b5ec9b4abe48180f/song_package.yaml,gold,0.8522737306843274,0.01545253863134658
b6813c0949919326,data/Los-Angeles-MIDI/LOCAL_LAMDA/Local_Lamda_midi/midi_guide/b6813c0949919326/song_package.yaml,gold,0.8044160583941602,0.014598540145985401
b65e118fdd996265,data/Los-Angeles-MIDI/LOCAL_LAMDA/Local_Lamda_midi/midi_guide/b65e118fdd996265/song_package.yaml,gold,0.7801895734597151,0.004739336492890996
b6a94f7693e48849,data/Los-Angeles-MIDI/LOCAL_LAMDA/Local_Lamda_midi/midi_guide/b6a94f7693e48849/song_package.yaml,gold,0.5007766990291262,0.019417475728155338
b6e222d9f6219b13,data/Los-Angeles-MIDI/LOCAL_LAMDA/Local_Lamda_midi/midi_guide/b6e222d9f6219b13/song_package.yaml,gold,0.8281215469613256,0.019337016574585635
b6ebabac9bd78d1c,data/Los-Angeles-MIDI/LOCAL_LAMDA/Local_Lamda_midi/midi_guide/b6ebabac9bd78d1c/song_package.yaml,gold,0.7237226277372255,0.13138686131386862
b71159637f27175b,data/Los-Angeles-MIDI/LOCAL_LAMDA/Local_Lamda_midi/midi_guide/b71159637f27175b/song_package.yaml,gold,0.6126754385964912,0.0
b71418354a4fd2ff,data/Los-Angeles-MIDI/LOCAL_LAMDA/Local_Lamda_midi/midi_guide/b71418354a4fd2ff/song_package.yaml,gold,0.7361165048543707,0.13106796116504854
b7288ac0db536103,data/Los-Angeles-MIDI/LOCAL_LAMDA/Local_Lamda_midi/midi_guide/b7288ac0db536103/song_package.yaml,gold,0.7960945273631863,0.017412935323383085
b71aac880a868915,data/Los-Angeles-MIDI/LOCAL_LAMDA/Local_Lamda_midi/midi_guide/b71aac880a868915/song_package.yaml,gold,0.775521472392639,0.065439672801636
b74cafd205c20543,data/Los-Angeles-MIDI/LOCAL_LAMDA/Local_Lamda_midi/midi_guide/b74cafd205c20543/song_package.yaml,gold,0.8413868613138686,0.021897810218978103
b77b9a02c5004bb8,data/Los-Angeles-MIDI/LOCAL_LAMDA/Local_Lamda_midi/midi_guide/b77b9a02c5004bb8/song_package.yaml,gold,0.8404000000000003,0.04
b7e88caf7a5248f1,data/Los-Angeles-MIDI/LOCAL_LAMDA/Local_Lamda_midi/midi_guide/b7e88caf7a5248f1/song_package.yaml,gold,0.7182580645161291,0.0
b7ab285ac3cc6bf3,data/Los-Angeles-MIDI/LOCAL_LAMDA/Local_Lamda_midi/midi_guide/b7ab285ac3cc6bf3/song_package.yaml,gold,0.7969041769041763,0.08353808353808354
b7ff1ebe07e67f85,data/Los-Angeles-MIDI/LOCAL_LAMDA/Local_Lamda_midi/midi_guide/b7ff1ebe07e67f85/song_package.yaml,gold,0.593035714285714,0.14285714285714285
b845318a659daf7b,data/Los-Angeles-MIDI/LOCAL_LAMDA/Local_Lamda_midi/midi_guide/b845318a659daf7b/song_package.yaml,gold,0.6476016260162589,0.1951219512195122
b7d077036af3e41f,data/Los-Angeles-MIDI/LOCAL_LAMDA/Local_Lamda_midi/midi_guide/b7d077036af3e41f/song_package.yaml,gold,0.5442722117202271,0.054820415879017016
b87d57c21acdf3be,data/Los-Angeles-MIDI/LOCAL_LAMDA/Local_Lamda_midi/midi_guide/b87d57c21acdf3be/song_package.yaml,gold,0.8688690476190486,0.01488095238095238
b8a0c61404a6a80b,data/Los-Angeles-MIDI/LOCAL_LAMDA/Local_Lamda_midi/midi_guide/b8a0c61404a6a80b/song_package.yaml,gold,0.7787500000000005,0.0
b8abc0716dfe0108,data/Los-Angeles-MIDI/LOCAL_LAMDA/Local_Lamda_midi/midi_guide/b8abc0716dfe0108/song_package.yaml,silver,0.5959782608695653,0.3423913043478261
b8b8bf47c5dd1611,data/Los-Angeles-MIDI/LOCAL_LAMDA/Local_Lamda_midi/midi_guide/b8b8bf47c5dd1611/song_package.yaml,silver,0.6092833876221504,0.34527687296416937
b8b51fd7c58bfe16,data/Los-Angeles-MIDI/LOCAL_LAMDA/Local_Lamda_midi/midi_guide/b8b51fd7c58bfe16/song_package.yaml,gold,0.7688176352705411,0.1402805611222445
b8c1edb369d2e0bd,data/Los-Angeles-MIDI/LOCAL_LAMDA/Local_Lamda_midi/midi_guide/b8c1edb369d2e0bd/song_package.yaml,silver,0.4997352941176458,0.3382352941176471
b99f1580af2aaede,data/Los-Angeles-MIDI/LOCAL_LAMDA/Local_Lamda_midi/midi_guide/b99f1580af2aaede/song_package.yaml,gold,0.6766,0.1
b9958e0a3ff1cf0f,data/Los-Angeles-MIDI/LOCAL_LAMDA/Local_Lamda_midi/midi_guide/b9958e0a3ff1cf0f/song_package.yaml,gold,0.8152554744525552,0.072992700729927
b9b6b11328231956,data/Los-Angeles-MIDI/LOCAL_LAMDA/Local_Lamda_midi/midi_guide/b9b6b11328231956/song_package.yaml,gold,0.8468877551020412,0.002551020408163265
b9be61a7138a7e85,data/Los-Angeles-MIDI/LOCAL_LAMDA/Local_Lamda_midi/midi_guide/b9be61a7138a7e85/song_package.yaml,gold,0.8103448275862054,0.06465517241379311
b9d929a63982d508,data/Los-Angeles-MIDI/LOCAL_LAMDA/Local_Lamda_midi/midi_guide/b9d929a63982d508/song_package.yaml,gold,0.6949874055415588,0.15113350125944586
ba307e5d36202b59,data/Los-Angeles-MIDI/LOCAL_LAMDA/Local_Lamda_midi/midi_guide/ba307e5d36202b59/song_package.yaml,gold,0.8418066157760806,0.017811704834605598
baa70abdf86f6d16,data/Los-Angeles-MIDI/LOCAL_LAMDA/Local_Lamda_midi/midi_guide/baa70abdf86f6d16/song_package.yaml,gold,0.7555196304849897,0.12009237875288684
badb0d11ee9b3e9a,data/Los-Angeles-MIDI/LOCAL_LAMDA/Local_Lamda_midi/midi_guide/badb0d11ee9b3e9a/song_package.yaml,gold,0.6063636363636362,0.11764705882352941
bab511d1392cdf19,data/Los-Angeles-MIDI/LOCAL_LAMDA/Local_Lamda_midi/midi_guide/bab511d1392cdf19/song_package.yaml,gold,0.7490514905149043,0.02710027100271003
bae566220ce2da63,data/Los-Angeles-MIDI/LOCAL_LAMDA/Local_Lamda_midi/midi_guide/bae566220ce2da63/song_package.yaml,gold,0.7849999999999994,0.10773480662983426
bafc7ec8df893bdb,data/Los-Angeles-MIDI/LOCAL_LAMDA/Local_Lamda_midi/midi_guide/bafc7ec8df893bdb/song_package.yaml,silver,0.5712359550561793,0.3202247191011236
bb7898ba61c8b76f,data/Los-Angeles-MIDI/LOCAL_LAMDA/Local_Lamda_midi/midi_guide/bb7898ba61c8b76f/song_package.yaml,silver,0.5644701986755003,0.39403973509933776
bb1750fb1a5a5740,data/Los-Angeles-MIDI/LOCAL_LAMDA/Local_Lamda_midi/midi_guide/bb1750fb1a5a5740/song_package.yaml,gold,0.7307090909090919,0.06545454545454546
bb750008966c5fd5,data/Los-Angeles-MIDI/LOCAL_LAMDA/Local_Lamda_midi/midi_guide/bb750008966c5fd5/song_package.yaml,gold,0.7749425287356314,0.13793103448275862
bb07b1e5dc60766f,data/Los-Angeles-MIDI/LOCAL_LAMDA/Local_Lamda_midi/midi_guide/bb07b1e5dc60766f/song_package.yaml,gold,0.7259655172413789,0.15344827586206897
bba7e2e6849dcdb0,data/Los-Angeles-MIDI/LOCAL_LAMDA/Local_Lamda_midi/midi_guide/bba7e2e6849dcdb0/song_package.yaml,gold,0.8197215189873418,0.07848101265822785
bbe332f22767131f,data/Los-Angeles-MIDI/LOCAL_LAMDA/Local_Lamda_midi/midi_guide/bbe332f22767131f/song_package.yaml,gold,0.7375233644859812,0.13551401869158877
bbb34b5f970b470d,data/Los-Angeles-MIDI/LOCAL_LAMDA/Local_Lamda_midi/midi_guide/bbb34b5f970b470d/song_package.yaml,silver,0.6144,0.3584
bb866e8c99f9db35,data/Los-Angeles-MIDI/LOCAL_LAMDA/Local_Lamda_midi/midi_guide/bb866e8c99f9db35/song_package.yaml,gold,0.8166058394160589,0.04562043795620438
bb85efcccff0763b,data/Los-Angeles-MIDI/LOCAL_LAMDA/Local_Lamda_midi/midi_guide/bb85efcccff0763b/song_package.yaml,silver,0.6643110236220492,0.2637795275590551
bbf9f26bab27e2b8,data/Los-Angeles-MIDI/LOCAL_LAMDA/Local_Lamda_midi/midi_guide/bbf9f26bab27e2b8/song_package.yaml,gold,0.75357630979499,0.1252847380410023
bc5a66c2de7677d1,data/Los-Angeles-MIDI/LOCAL_LAMDA/Local_Lamda_midi/midi_guide/bc5a66c2de7677d1/song_package.yaml,gold,0.7167049808429125,0.034482758620689655
bc91f57391960a4b,data/Los-Angeles-MIDI/LOCAL_LAMDA/Local_Lamda_midi/midi_guide/bc91f57391960a4b/song_package.yaml,gold,0.7364406779661014,0.1423728813559322
bc1fd148b6abee28,data/Los-Angeles-MIDI/LOCAL_LAMDA/Local_Lamda_midi/midi_guide/bc1fd148b6abee28/song_package.yaml,gold,0.7936386768447841,0.030534351145038167
bc619ef037868bb1,data/Los-Angeles-MIDI/LOCAL_LAMDA/Local_Lamda_midi/midi_guide/bc619ef037868bb1/song_package.yaml,gold,0.820122199592669,0.016293279022403257
bcb9d79f47f81e89,data/Los-Angeles-MIDI/LOCAL_LAMDA/Local_Lamda_midi/midi_guide/bcb9d79f47f81e89/song_package.yaml,silver,0.5285462555066075,0.29515418502202645
bcb78e8099b1475c,data/Los-Angeles-MIDI/LOCAL_LAMDA/Local_Lamda_midi/midi_guide/bcb78e8099b1475c/song_package.yaml,silver,0.5539413680781762,0.23778501628664495
bca7b845dba8609b,data/Los-Angeles-MIDI/LOCAL_LAMDA/Local_Lamda_midi/midi_guide/bca7b845dba8609b/song_package.yaml,gold,0.785869565217391,0.10144927536231885
bd66303e3d6dcef1,data/Los-Angeles-MIDI/LOCAL_LAMDA/Local_Lamda_midi/midi_guide/bd66303e3d6dcef1/song_package.yaml,silver,0.5210900473933648,0.2796208530805687
bcbe5054417fb06d,data/Los-Angeles-MIDI/LOCAL_LAMDA/Local_Lamda_midi/midi_guide/bcbe5054417fb06d/song_package.yaml,gold,0.7478411910669972,0.10421836228287841
bd3eb3718726a690,data/Los-Angeles-MIDI/LOCAL_LAMDA/Local_Lamda_midi/midi_guide/bd3eb3718726a690/song_package.yaml,gold,0.8247142857142855,0.02857142857142857
bcf282b10f3354de,data/Los-Angeles-MIDI/LOCAL_LAMDA/Local_Lamda_midi/midi_guide/bcf282b10f3354de/song_package.yaml,gold,0.8633238636363644,0.017045454545454544
bd6d6501bca4a651,data/Los-Angeles-MIDI/LOCAL_LAMDA/Local_Lamda_midi/midi_guide/bd6d6501bca4a651/song_package.yaml,gold,0.7454527162977883,0.1488933601609658
bd71187340e51278,data/Los-Angeles-MIDI/LOCAL_LAMDA/Local_Lamda_midi/midi_guide/bd71187340e51278/song_package.yaml,gold,0.8756272401433695,0.0
bdcae26e4017ae5e,data/Los-Angeles-MIDI/LOCAL_LAMDA/Local_Lamda_midi/midi_guide/bdcae26e4017ae5e/song_package.yaml,gold,0.8521505376344084,0.024193548387096774
be014d14c086bfec,data/Los-Angeles-MIDI/LOCAL_LAMDA/Local_Lamda_midi/midi_guide/be014d14c086bfec/song_package.yaml,gold,0.6515772870662454,0.00946372239747634
be234fde9236b7e8,data/Los-Angeles-MIDI/LOCAL_LAMDA/Local_Lamda_midi/midi_guide/be234fde9236b7e8/song_package.yaml,gold,0.7732997481108334,0.11083123425692695
be1c249022821be0,data/Los-Angeles-MIDI/LOCAL_LAMDA/Local_Lamda_midi/midi_guide/be1c249022821be0/song_package.yaml,gold,0.8201812688821752,0.0030211480362537764
be9374b8abdf2d08,data/Los-Angeles-MIDI/LOCAL_LAMDA/Local_Lamda_midi/midi_guide/be9374b8abdf2d08/song_package.yaml,gold,0.8354374999999997,0.009375
becaaf2b2159321f,data/Los-Angeles-MIDI/LOCAL_LAMDA/Local_Lamda_midi/midi_guide/becaaf2b2159321f/song_package.yaml,gold,0.7700256410256402,0.11282051282051282
bedb9e67025170a8,data/Los-Angeles-MIDI/LOCAL_LAMDA/Local_Lamda_midi/midi_guide/bedb9e67025170a8/song_package.yaml,silver,0.4941208791208799,0.38461538461538464
bed15d721da5ae21,data/Los-Angeles-MIDI/LOCAL_LAMDA/Local_Lamda_midi/midi_guide/bed15d721da5ae21/song_package.yaml,gold,0.5976258992805746,0.17026378896882494
bedd2568628eeb75,data/Los-Angeles-MIDI/LOCAL_LAMDA/Local_Lamda_midi/midi_guide/bedd2568628eeb75/song_package.yaml,gold,0.7926781326781347,0.11056511056511056
bf413ffe646c88f2,data/Los-Angeles-MIDI/LOCAL_LAMDA/Local_Lamda_midi/midi_guide/bf413ffe646c88f2/song_package.yaml,silver,0.5453009259259252,0.3888888888888889
bf528e1b8fbcb4bf,data/Los-Angeles-MIDI/LOCAL_LAMDA/Local_Lamda_midi/midi_guide/bf528e1b8fbcb4bf/song_package.yaml,silver,0.4584294871794881,0.3173076923076923
bf2e2ab2be9901a2,data/Los-Angeles-MIDI/LOCAL_LAMDA/Local_Lamda_midi/midi_guide/bf2e2ab2be9901a2/song_package.yaml,gold,0.8374626865671647,0.04228855721393035
bee9e71732ed5c21,data/Los-Angeles-MIDI/LOCAL_LAMDA/Local_Lamda_midi/midi_guide/bee9e71732ed5c21/song_package.yaml,gold,0.8209069767441856,0.027906976744186046
bf6e79bcb67e7a31,data/Los-Angeles-MIDI/LOCAL_LAMDA/Local_Lamda_midi/midi_guide/bf6e79bcb67e7a31/song_package.yaml,silver,0.5929228486646886,0.20029673590504452
bf73bf92816e315a,data/Los-Angeles-MIDI/LOCAL_LAMDA/Local_Lamda_midi/midi_guide/bf73bf92816e315a/song_package.yaml,gold,0.8468407960199007,0.029850746268656716
bf8174d427062081,data/Los-Angeles-MIDI/LOCAL_LAMDA/Local_Lamda_midi/midi_guide/bf8174d427062081/song_package.yaml,gold,0.5344964028776972,0.1474820143884892
bf9a7ba30f0876d6,data/Los-Angeles-MIDI/LOCAL_LAMDA/Local_Lamda_midi/midi_guide/bf9a7ba30f0876d6/song_package.yaml,silver,0.48491379310344873,0.25646551724137934
bfb48644f1a125bd,data/Los-Angeles-MIDI/LOCAL_LAMDA/Local_Lamda_midi/midi_guide/bfb48644f1a125bd/song_package.yaml,gold,0.6959999999999996,0.17567567567567569
bfbd78a5db8a1f4e,data/Los-Angeles-MIDI/LOCAL_LAMDA/Local_Lamda_midi/midi_guide/bfbd78a5db8a1f4e/song_package.yaml,gold,0.7041744548286595,0.11526479750778816
bfd0d0e695d52ce0,data/Los-Angeles-MIDI/LOCAL_LAMDA/Local_Lamda_midi/midi_guide/bfd0d0e695d52ce0/song_package.yaml,gold,0.7860000000000013,0.11612903225806452
c014d262ceefc19b,data/Los-Angeles-MIDI/LOCAL_LAMDA/Local_Lamda_midi/midi_guide/c014d262ceefc19b/song_package.yaml,silver,0.6246703296703316,0.3489010989010989
bfd42a275c71492b,data/Los-Angeles-MIDI/LOCAL_LAMDA/Local_Lamda_midi/midi_guide/bfd42a275c71492b/song_package.yaml,gold,0.8326165803108805,0.025906735751295335
c00d8d250a5f5de0,data/Los-Angeles-MIDI/LOCAL_LAMDA/Local_Lamda_midi/midi_guide/c00d8d250a5f5de0/song_package.yaml,silver,0.4866795366795312,0.3687258687258687
c02cfd5210f3f265,data/Los-Angeles-MIDI/LOCAL_LAMDA/Local_Lamda_midi/midi_guide/c02cfd5210f3f265/song_package.yaml,gold,0.7613698630137001,0.1278538812785388
c058f5354e7eeef8,data/Los-Angeles-MIDI/LOCAL_LAMDA/Local_Lamda_midi/midi_guide/c058f5354e7eeef8/song_package.yaml,gold,0.9816101694915255,0.012711864406779662
c0c16f6f7074113c,data/Los-Angeles-MIDI/LOCAL_LAMDA/Local_Lamda_midi/midi_guide/c0c16f6f7074113c/song_package.yaml,gold,0.8589347079037798,0.0
c0a780a48f004f42,data/Los-Angeles-MIDI/LOCAL_LAMDA/Local_Lamda_midi/midi_guide/c0a780a48f004f42/song_package.yaml,gold,0.7808624708624718,0.05827505827505827
c10c143c8b11343a,data/Los-Angeles-MIDI/LOCAL_LAMDA/Local_Lamda_midi/midi_guide/c10c143c8b11343a/song_package.yaml,gold,0.8187732342007439,0.04460966542750929
c10fe61f58c5f664,data/Los-Angeles-MIDI/LOCAL_LAMDA/Local_Lamda_midi/midi_guide/c10fe61f58c5f664/song_package.yaml,silver,0.5554166666666678,0.2109375
c15c554bd7c794e3,data/Los-Angeles-MIDI/LOCAL_LAMDA/Local_Lamda_midi/midi_guide/c15c554bd7c794e3/song_package.yaml,gold,0.7134895833333333,0.0078125
c1abdf6d10f74350,data/Los-Angeles-MIDI/LOCAL_LAMDA/Local_Lamda_midi/midi_guide/c1abdf6d10f74350/song_package.yaml,silver,0.5201773049645386,0.36524822695035464
c121ad58589f1759,data/Los-Angeles-MIDI/LOCAL_LAMDA/Local_Lamda_midi/midi_guide/c121ad58589f1759/song_package.yaml,silver,0.6562068965517216,0.27011494252873564
c16695f1b87c213f,data/Los-Angeles-MIDI/LOCAL_LAMDA/Local_Lamda_midi/midi_guide/c16695f1b87c213f/song_package.yaml,gold,0.7806209150326792,0.09803921568627451
c1857b366f97be12,data/Los-Angeles-MIDI/LOCAL_LAMDA/Local_Lamda_midi/midi_guide/c1857b366f97be12/song_package.yaml,gold,0.865014326647565,0.017191977077363897
c1de49e6e55e3361,data/Los-Angeles-MIDI/LOCAL_LAMDA/Local_Lamda_midi/midi_guide/c1de49e6e55e3361/song_package.yaml,silver,0.5283650190114065,0.39923954372623577
c1dd4ed10f08696c,data/Los-Angeles-MIDI/LOCAL_LAMDA/Local_Lamda_midi/midi_guide/c1dd4ed10f08696c/song_package.yaml,gold,0.6628406466512693,0.03695150115473441
c1e6bb01c39a1408,data/Los-Angeles-MIDI/LOCAL_LAMDA/Local_Lamda_midi/midi_guide/c1e6bb01c39a1408/song_package.yaml,gold,0.6234545454545458,0.07878787878787878
c264ddae79a82b34,data/Los-Angeles-MIDI/LOCAL_LAMDA/Local_Lamda_midi/midi_guide/c264ddae79a82b34/song_package.yaml,silver,0.6614285714285717,0.3673469387755102
c26c0df8f1f10c9f,data/Los-Angeles-MIDI/LOCAL_LAMDA/Local_Lamda_midi/midi_guide/c26c0df8f1f10c9f/song_package.yaml,gold,0.5078481012658227,0.14767932489451477
c2126f274b771150,data/Los-Angeles-MIDI/LOCAL_LAMDA/Local_Lamda_midi/midi_guide/c2126f274b771150/song_package.yaml,gold,0.8283089770354903,0.014613778705636743
c2583e8ee3aeea04,data/Los-Angeles-MIDI/LOCAL_LAMDA/Local_Lamda_midi/midi_guide/c2583e8ee3aeea04/song_package.yaml,gold,0.833723404255318,0.010638297872340425
c2c517331f323059,data/Los-Angeles-MIDI/LOCAL_LAMDA/Local_Lamda_midi/midi_guide/c2c517331f323059/song_package.yaml,gold,0.5064705882352941,0.0427807486631016
c1c1843655e8fd11,data/Los-Angeles-MIDI/LOCAL_LAMDA/Local_Lamda_midi/midi_guide/c1c1843655e8fd11/song_package.yaml,gold,0.683196881091618,0.029239766081871343
c281eb1fec0937ee,data/Los-Angeles-MIDI/LOCAL_LAMDA/Local_Lamda_midi/midi_guide/c281eb1fec0937ee/song_package.yaml,gold,0.5838339920948614,0.11067193675889328
c2c8dab10288a7bf,data/Los-Angeles-MIDI/LOCAL_LAMDA/Local_Lamda_midi/midi_guide/c2c8dab10288a7bf/song_package.yaml,gold,0.8693055555555554,0.009259259259259259
c2bf5e1884c468a6,data/Los-Angeles-MIDI/LOCAL_LAMDA/Local_Lamda_midi/midi_guide/c2bf5e1884c468a6/song_package.yaml,gold,0.8804089979550104,0.032719836400818
c2d22992aaf96dbd,data/Los-Angeles-MIDI/LOCAL_LAMDA/Local_Lamda_midi/midi_guide/c2d22992aaf96dbd/song_package.yaml,gold,0.8358056265984658,0.061381074168797956
c2e013c81812df6c,data/Los-Angeles-MIDI/LOCAL_LAMDA/Local_Lamda_midi/midi_guide/c2e013c81812df6c/song_package.yaml,silver,0.6140088105726859,0.3876651982378855
c2fab528b4a16e35,data/Los-Angeles-MIDI/LOCAL_LAMDA/Local_Lamda_midi/midi_guide/c2fab528b4a16e35/song_package.yaml,gold,0.7249333333333352,0.192
c3c0f6904fc9ae0d,data/Los-Angeles-MIDI/LOCAL_LAMDA/Local_Lamda_midi/midi_guide/c3c0f6904fc9ae0d/song_package.yaml,gold,0.8498538011695915,0.03508771929824561
c3e15571fd8055ed,data/Los-Angeles-MIDI/LOCAL_LAMDA/Local_Lamda_midi/midi_guide/c3e15571fd8055ed/song_package.yaml,silver,0.5465889212828002,0.37900874635568516
c435a1085d797644,data/Los-Angeles-MIDI/LOCAL_LAMDA/Local_Lamda_midi/midi_guide/c435a1085d797644/song_package.yaml,gold,0.803823529411762,0.007352941176470588
c4520d3e8672fe1c,data/Los-Angeles-MIDI/LOCAL_LAMDA/Local_Lamda_midi/midi_guide/c4520d3e8672fe1c/song_package.yaml,gold,0.8253990610328639,0.004694835680751174
c451e00daf0d88fe,data/Los-Angeles-MIDI/LOCAL_LAMDA/Local_Lamda_midi/midi_guide/c451e00daf0d88fe/song_package.yaml,gold,0.6607058823529413,0.1323529411764706
c45322758d53894d,data/Los-Angeles-MIDI/LOCAL_LAMDA/Local_Lamda_midi/midi_guide/c45322758d53894d/song_package.yaml,gold,0.6905856832971821,0.18655097613882862
c46815d391d5ac0a,data/Los-Angeles-MIDI/LOCAL_LAMDA/Local_Lamda_midi/midi_guide/c46815d391d5ac0a/song_package.yaml,gold,0.7717804878048774,0.07317073170731707
c467f1911840502a,data/Los-Angeles-MIDI/LOCAL_LAMDA/Local_Lamda_midi/midi_guide/c467f1911840502a/song_package.yaml,gold,0.747414529914531,0.00641025641025641
c485c2f2ebfd3b8f,data/Los-Angeles-MIDI/LOCAL_LAMDA/Local_Lamda_midi/midi_guide/c485c2f2ebfd3b8f/song_package.yaml,gold,0.7870098039215683,0.09068627450980392
c4a37976669efd1a,data/Los-Angeles-MIDI/LOCAL_LAMDA/Local_Lamda_midi/midi_guide/c4a37976669efd1a/song_package.yaml,gold,0.8689203084832912,0.017994858611825194
c4a0975347f80d8c,data/Los-Angeles-MIDI/LOCAL_LAMDA/Local_Lamda_midi/midi_guide/c4a0975347f80d8c/song_package.yaml,gold,0.8379896907216499,0.02577319587628866
c4f127c63590fc0f,data/Los-Angeles-MIDI/LOCAL_LAMDA/Local_Lamda_midi/midi_guide/c4f127c63590fc0f/song_package.yaml,gold,0.7307671232876704,0.00821917808219178
c51ee6772080faac,data/Los-Angeles-MIDI/LOCAL_LAMDA/Local_Lamda_midi/midi_guide/c51ee6772080faac/song_package.yaml,gold,0.5894170403587444,0.03587443946188341
c4cc788074823bff,data/Los-Angeles-MIDI/LOCAL_LAMDA/Local_Lamda_midi/midi_guide/c4cc788074823bff/song_package.yaml,gold,0.5088163265306122,0.036734693877551024
c5138737be4bf9b2,data/Los-Angeles-MIDI/LOCAL_LAMDA/Local_Lamda_midi/midi_guide/c5138737be4bf9b2/song_package.yaml,gold,0.7671891891891874,0.14864864864864866
c55d9eb55d400cd0,data/Los-Angeles-MIDI/LOCAL_LAMDA/Local_Lamda_midi/midi_guide/c55d9eb55d400cd0/song_package.yaml,silver,0.6119298245614037,0.3128654970760234
c537d39db59497c3,data/Los-Angeles-MIDI/LOCAL_LAMDA/Local_Lamda_midi/midi_guide/c537d39db59497c3/song_package.yaml,gold,0.8045169712793747,0.0391644908616188
c5a568cf56fdacab,data/Los-Angeles-MIDI/LOCAL_LAMDA/Local_Lamda_midi/midi_guide/c5a568cf56fdacab/song_package.yaml,gold,0.7442337662337661,0.13766233766233765
c5a6d49b81496de2,data/Los-Angeles-MIDI/LOCAL_LAMDA/Local_Lamda_midi/midi_guide/c5a6d49b81496de2/song_package.yaml,gold,0.5901612903225816,0.15806451612903225
c5763b8114c86d35,data/Los-Angeles-MIDI/LOCAL_LAMDA/Local_Lamda_midi/midi_guide/c5763b8114c86d35/song_package.yaml,silver,0.6444764397905764,0.2670157068062827
c592d565ad002c70,data/Los-Angeles-MIDI/LOCAL_LAMDA/Local_Lamda_midi/midi_guide/c592d565ad002c70/song_package.yaml,silver,0.5645481927710835,0.22289156626506024
c5c7588e795d2c82,data/Los-Angeles-MIDI/LOCAL_LAMDA/Local_Lamda_midi/midi_guide/c5c7588e795d2c82/song_package.yaml,gold,0.8146456692913387,0.06561679790026247
c61e28aaedf68139,data/Los-Angeles-MIDI/LOCAL_LAMDA/Local_Lamda_midi/midi_guide/c61e28aaedf68139/song_package.yaml,gold,0.8840616246498599,0.022408963585434174
c5c7ea8a69be1bb5,data/Los-Angeles-MIDI/LOCAL_LAMDA/Local_Lamda_midi/midi_guide/c5c7ea8a69be1bb5/song_package.yaml,gold,0.7511166666666672,0.19166666666666668
c62250d48c7306d0,data/Los-Angeles-MIDI/LOCAL_LAMDA/Local_Lamda_midi/midi_guide/c62250d48c7306d0/song_package.yaml,silver,0.49587878787878875,0.34949494949494947
c68641a0e150f814,data/Los-Angeles-MIDI/LOCAL_LAMDA/Local_Lamda_midi/midi_guide/c68641a0e150f814/song_package.yaml,gold,0.7743920595533496,0.1141439205955335
c672f6b82657c1c0,data/Los-Angeles-MIDI/LOCAL_LAMDA/Local_Lamda_midi/midi_guide/c672f6b82657c1c0/song_package.yaml,gold,0.8388495575221244,0.02654867256637168
c693ee39eb9347c4,data/Los-Angeles-MIDI/LOCAL_LAMDA/Local_Lamda_midi/midi_guide/c693ee39eb9347c4/song_package.yaml,gold,0.6953442622950818,0.003278688524590164
c71de03ff070f44e,data/Los-Angeles-MIDI/LOCAL_LAMDA/Local_Lamda_midi/midi_guide/c71de03ff070f44e/song_package.yaml,gold,0.6163157894736843,0.028070175438596492
c6f616f300e43ddd,data/Los-Angeles-MIDI/LOCAL_LAMDA/Local_Lamda_midi/midi_guide/c6f616f300e43ddd/song_package.yaml,gold,0.7484796573875802,0.029978586723768737
c7231711b02f4166,data/Los-Angeles-MIDI/LOCAL_LAMDA/Local_Lamda_midi/midi_guide/c7231711b02f4166/song_package.yaml,gold,0.7436898395721946,0.16844919786096257
c73ecca213662343,data/Los-Angeles-MIDI/LOCAL_LAMDA/Local_Lamda_midi/midi_guide/c73ecca213662343/song_package.yaml,gold,0.7155772646536428,0.047957371225577264
c74dc2020811e2a3,data/Los-Angeles-MIDI/LOCAL_LAMDA/Local_Lamda_midi/midi_guide/c74dc2020811e2a3/song_package.yaml,silver,0.6865557729941265,0.273972602739726
c74b953a1d6b3f4b,data/Los-Angeles-MIDI/LOCAL_LAMDA/Local_Lamda_midi/midi_guide/c74b953a1d6b3f4b/song_package.yaml,gold,0.8573239436619725,0.036619718309859155
c75b53d95add599b,data/Los-Angeles-MIDI/LOCAL_LAMDA/Local_Lamda_midi/midi_guide/c75b53d95add599b/song_package.yaml,gold,0.6036046511627899,0.1511627906976744
c800f53935d9907c,data/Los-Angeles-MIDI/LOCAL_LAMDA/Local_Lamda_midi/midi_guide/c800f53935d9907c/song_package.yaml,gold,0.7572893772893768,0.0695970695970696
c7b580862dea521d,data/Los-Angeles-MIDI/LOCAL_LAMDA/Local_Lamda_midi/midi_guide/c7b580862dea521d/song_package.yaml,silver,0.6074630541871909,0.39655172413793105
c771dad08627c581,data/Los-Angeles-MIDI/LOCAL_LAMDA/Local_Lamda_midi/midi_guide/c771dad08627c581/song_package.yaml,silver,0.6990171990172006,0.23095823095823095
c80ce6ed61139a14,data/Los-Angeles-MIDI/LOCAL_LAMDA/Local_Lamda_midi/midi_guide/c80ce6ed61139a14/song_package.yaml,silver,0.5790853658536594,0.31910569105691056
c7a577ce05f560bc,data/Los-Angeles-MIDI/LOCAL_LAMDA/Local_Lamda_midi/midi_guide/c7a577ce05f560bc/song_package.yaml,gold,0.7683450704225344,0.014084507042253521
c83de0d5f055a656,data/Los-Angeles-MIDI/LOCAL_LAMDA/Local_Lamda_midi/midi_guide/c83de0d5f055a656/song_package.yaml,gold,0.5785623003194881,0.02875399361022364
c7f88569c187099a,data/Los-Angeles-MIDI/LOCAL_LAMDA/Local_Lamda_midi/midi_guide/c7f88569c187099a/song_package.yaml,gold,0.838504098360656,0.0020491803278688526
c891f01c79984be7,data/Los-Angeles-MIDI/LOCAL_LAMDA/Local_Lamda_midi/midi_guide/c891f01c79984be7/song_package.yaml,gold,0.6440540540540552,0.08108108108108109
c871544c218bbce3,data/Los-Angeles-MIDI/LOCAL_LAMDA/Local_Lamda_midi/midi_guide/c871544c218bbce3/song_package.yaml,gold,0.7482594936708866,0.15822784810126583
c865612dc93191be,data/Los-Angeles-MIDI/LOCAL_LAMDA/Local_Lamda_midi/midi_guide/c865612dc93191be/song_package.yaml,gold,0.830981912144703,0.0103359173126615
c89955c60e042293,data/Los-Angeles-MIDI/LOCAL_LAMDA/Local_Lamda_midi/midi_guide/c89955c60e042293/song_package.yaml,gold,0.8612957746478869,0.008450704225352112
c8b7f163be999ac2,data/Los-Angeles-MIDI/LOCAL_LAMDA/Local_Lamda_midi/midi_guide/c8b7f163be999ac2/song_package.yaml,gold,0.7181213307240716,0.003913894324853229
c8eca84e136dd6f5,data/Los-Angeles-MIDI/LOCAL_LAMDA/Local_Lamda_midi/midi_guide/c8eca84e136dd6f5/song_package.yaml,gold,0.6843251533742333,0.024539877300613498
c85ca08372b000b1,data/Los-Angeles-MIDI/LOCAL_LAMDA/Local_Lamda_midi/midi_guide/c85ca08372b000b1/song_package.yaml,gold,0.7231383855024709,0.015650741350906095
c82cc95869dd0f0a,data/Los-Angeles-MIDI/LOCAL_LAMDA/Local_Lamda_midi/midi_guide/c82cc95869dd0f0a/song_package.yaml,gold,0.7195214105793459,0.19899244332493704
c91dcb9adf2b3097,data/Los-Angeles-MIDI/LOCAL_LAMDA/Local_Lamda_midi/midi_guide/c91dcb9adf2b3097/song_package.yaml,gold,0.5929904761904747,0.09142857142857143
c9634d67da642f4c,data/Los-Angeles-MIDI/LOCAL_LAMDA/Local_Lamda_midi/midi_guide/c9634d67da642f4c/song_package.yaml,gold,0.8313276836158192,0.062146892655367235
c96fedf21cb06f06,data/Los-Angeles-MIDI/LOCAL_LAMDA/Local_Lamda_midi/midi_guide/c96fedf21cb06f06/song_package.yaml,gold,0.8331606217616588,0.007772020725388601
c9ad4113eeeed3df,data/Los-Angeles-MIDI/LOCAL_LAMDA/Local_Lamda_midi/midi_guide/c9ad4113eeeed3df/song_package.yaml,silver,0.5333333333333333,0.23333333333333334
c97b134e4022d081,data/Los-Angeles-MIDI/LOCAL_LAMDA/Local_Lamda_midi/midi_guide/c97b134e4022d081/song_package.yaml,silver,0.4963188405797089,0.34782608695652173
c99d5e80de0a5d5a,data/Los-Angeles-MIDI/LOCAL_LAMDA/Local_Lamda_midi/midi_guide/c99d5e80de0a5d5a/song_package.yaml,gold,0.837390180878554,0.031007751937984496
c997aba407bc2130,data/Los-Angeles-MIDI/LOCAL_LAMDA/Local_Lamda_midi/midi_guide/c997aba407bc2130/song_package.yaml,gold,0.585726351351351,0.07601351351351351
c9f6723cb0da2d0c,data/Los-Angeles-MIDI/LOCAL_LAMDA/Local_Lamda_midi/midi_guide/c9f6723cb0da2d0c/song_package.yaml,silver,0.4817025862068913,0.3922413793103448
ca6e31b4b5b04d51,data/Los-Angeles-MIDI/LOCAL_LAMDA/Local_Lamda_midi/midi_guide/ca6e31b4b5b04d51/song_package.yaml,silver,0.6317525773195899,0.3127147766323024
ca75b9d33a1f497e,data/Los-Angeles-MIDI/LOCAL_LAMDA/Local_Lamda_midi/midi_guide/ca75b9d33a1f497e/song_package.yaml,gold,0.8734782608695663,0.020460358056265986
ca07b7c3a4579a78,data/Los-Angeles-MIDI/LOCAL_LAMDA/Local_Lamda_midi/midi_guide/ca07b7c3a4579a78/song_package.yaml,silver,0.5946987951807239,0.20137693631669534
c9d4543648229fbe,data/Los-Angeles-MIDI/LOCAL_LAMDA/Local_Lamda_midi/midi_guide/c9d4543648229fbe/song_package.yaml,gold,0.7631717171717192,0.09292929292929293
cab32da381e2dce5,data/Los-Angeles-MIDI/LOCAL_LAMDA/Local_Lamda_midi/midi_guide/cab32da381e2dce5/song_package.yaml,gold,0.8068976897689762,0.0462046204620462
cad69e85909594d3,data/Los-Angeles-MIDI/LOCAL_LAMDA/Local_Lamda_midi/midi_guide/cad69e85909594d3/song_package.yaml,gold,0.5526910299003324,0.06312292358803986
cab0a9ae173a97b4,data/Los-Angeles-MIDI/LOCAL_LAMDA/Local_Lamda_midi/midi_guide/cab0a9ae173a97b4/song_package.yaml,gold,0.7264120370370378,0.15046296296296297
cab7a3fd51a7b5a0,data/Los-Angeles-MIDI/LOCAL_LAMDA/Local_Lamda_midi/midi_guide/cab7a3fd51a7b5a0/song_package.yaml,gold,0.7107440476190485,0.07589285714285714
cb062df1ebb069f1,data/Los-Angeles-MIDI/LOCAL_LAMDA/Local_Lamda_midi/midi_guide/cb062df1ebb069f1/song_package.yaml,silver,0.6544011976047894,0.3772455089820359
cb69d76e93b075b1,data/Los-Angeles-MIDI/LOCAL_LAMDA/Local_Lamda_midi/midi_guide/cb69d76e93b075b1/song_package.yaml,gold,0.821873278236914,0.04132231404958678
cb51d17e5da54162,data/Los-Angeles-MIDI/LOCAL_LAMDA/Local_Lamda_midi/midi_guide/cb51d17e5da54162/song_package.yaml,gold,0.6096865203761761,0.07210031347962383
cb84af12b4a47ec9,data/Los-Angeles-MIDI/LOCAL_LAMDA/Local_Lamda_midi/midi_guide/cb84af12b4a47ec9/song_package.yaml,silver,0.5527659574468083,0.2978723404255319
cba690ff9766687f,data/Los-Angeles-MIDI/LOCAL_LAMDA/Local_Lamda_midi/midi_guide/cba690ff9766687f/song_package.yaml,silver,0.4188333333333332,0.4
cb88919967303c0f,data/Los-Angeles-MIDI/LOCAL_LAMDA/Local_Lamda_midi/midi_guide/cb88919967303c0f/song_package.yaml,gold,0.7759329140461202,0.1090146750524109
cb94d92ddd0447ac,data/Los-Angeles-MIDI/LOCAL_LAMDA/Local_Lamda_midi/midi_guide/cb94d92ddd0447ac/song_package.yaml,silver,0.4711352657004836,0.3333333333333333
cb806bae28087763,data/Los-Angeles-MIDI/LOCAL_LAMDA/Local_Lamda_midi/midi_guide/cb806bae28087763/song_package.yaml,gold,0.7776344086021513,0.043010752688172046
cba09d44e3926697,data/Los-Angeles-MIDI/LOCAL_LAMDA/Local_Lamda_midi/midi_guide/cba09d44e3926697/song_package.yaml,silver,0.6962135922330115,0.20631067961165048
cbc3fa79dc207b35,data/Los-Angeles-MIDI/LOCAL_LAMDA/Local_Lamda_midi/midi_guide/cbc3fa79dc207b35/song_package.yaml,gold,0.6457986111111107,0.024305555555555556
cc652d38c68054eb,data/Los-Angeles-MIDI/LOCAL_LAMDA/Local_Lamda_midi/midi_guide/cc652d38c68054eb/song_package.yaml,gold,0.8731085043988277,0.017595307917888565
cbc563384f3469c0,data/Los-Angeles-MIDI/LOCAL_LAMDA/Local_Lamda_midi/midi_guide/cbc563384f3469c0/song_package.yaml,gold,0.6418021201413425,0.007067137809187279
cc85fce64137dc93,data/Los-Angeles-MIDI/LOCAL_LAMDA/Local_Lamda_midi/midi_guide/cc85fce64137dc93/song_package.yaml,gold,0.8181250000000004,0.00625
cbf3fdab86537175,data/Los-Angeles-MIDI/LOCAL_LAMDA/Local_Lamda_midi/midi_guide/cbf3fdab86537175/song_package.yaml,gold,0.8921130952380958,0.008928571428571428
ccade11661c2d8cf,data/Los-Angeles-MIDI/LOCAL_LAMDA/Local_Lamda_midi/midi_guide/ccade11661c2d8cf/song_package.yaml,silver,0.5685416666666663,0.3273809523809524
cc972fd17331a8d0,data/Los-Angeles-MIDI/LOCAL_LAMDA/Local_Lamda_midi/midi_guide/cc972fd17331a8d0/song_package.yaml,gold,0.7405347593582912,0.1711229946524064
cceaca893b3f957e,data/Los-Angeles-MIDI/LOCAL_LAMDA/Local_Lamda_midi/midi_guide/cceaca893b3f957e/song_package.yaml,gold,0.7813725490196052,0.0392156862745098
ccda47227143db2a,data/Los-Angeles-MIDI/LOCAL_LAMDA/Local_Lamda_midi/midi_guide/ccda47227143db2a/song_package.yaml,gold,0.7671764705882355,0.09176470588235294
ccbab25fd2f9fb10,data/Los-Angeles-MIDI/LOCAL_LAMDA/Local_Lamda_midi/midi_guide/ccbab25fd2f9fb10/song_package.yaml,gold,0.7656127450980389,0.18627450980392157
cdf94a5b44e953d8,data/Los-Angeles-MIDI/LOCAL_LAMDA/Local_Lamda_midi/midi_guide/cdf94a5b44e953d8/song_package.yaml,gold,0.9104597701149431,0.0038314176245210726
cdb9519ea319fe95,data/Los-Angeles-MIDI/LOCAL_LAMDA/Local_Lamda_midi/midi_guide/cdb9519ea319fe95/song_package.yaml,gold,0.5980952380952382,0.14285714285714285
cde30b514f138c91,data/Los-Angeles-MIDI/LOCAL_LAMDA/Local_Lamda_midi/midi_guide/cde30b514f138c91/song_package.yaml,gold,0.7577551020408158,0.0
cde8e3ce74a6af1c,data/Los-Angeles-MIDI/LOCAL_LAMDA/Local_Lamda_midi/midi_guide/cde8e3ce74a6af1c/song_package.yaml,gold,0.8039182282793875,0.06132879045996593
ce44b5c869756f44,data/Los-Angeles-MIDI/LOCAL_LAMDA/Local_Lamda_midi/midi_guide/ce44b5c869756f44/song_package.yaml,gold,0.6811764705882333,0.029411764705882353
ce3debbad95d10cb,data/Los-Angeles-MIDI/LOCAL_LAMDA/Local_Lamda_midi/midi_guide/ce3debbad95d10cb/song_package.yaml,gold,0.7874552683896624,0.09940357852882704
ce46cbba41981075,data/Los-Angeles-MIDI/LOCAL_LAMDA/Local_Lamda_midi/midi_guide/ce46cbba41981075/song_package.yaml,gold,0.7837254901960778,0.09313725490196079
ceb26244d972ba1b,data/Los-Angeles-MIDI/LOCAL_LAMDA/Local_Lamda_midi/midi_guide/ceb26244d972ba1b/song_package.yaml,silver,0.5065248226950351,0.3900709219858156
cea6287900fd2038,data/Los-Angeles-MIDI/LOCAL_LAMDA/Local_Lamda_midi/midi_guide/cea6287900fd2038/song_package.yaml,gold,0.5434482758620689,0.13479623824451412
cec7cc197365b69a,data/Los-Angeles-MIDI/LOCAL_LAMDA/Local_Lamda_midi/midi_guide/cec7cc197365b69a/song_package.yaml,gold,0.5958267716535431,0.0026246719160104987
cef31d080765b377,data/Los-Angeles-MIDI/LOCAL_LAMDA/Local_Lamda_midi/midi_guide/cef31d080765b377/song_package.yaml,gold,0.6564193548387092,0.13225806451612904
ce83887bc4c22808,data/Los-Angeles-MIDI/LOCAL_LAMDA/Local_Lamda_midi/midi_guide/ce83887bc4c22808/song_package.yaml,silver,0.5257894736842101,0.21052631578947367
cedfa462ddacdb96,data/Los-Angeles-MIDI/LOCAL_LAMDA/Local_Lamda_midi/midi_guide/cedfa462ddacdb96/song_package.yaml,gold,0.6953488372093021,0.06046511627906977
cf022d761f51efc1,data/Los-Angeles-MIDI/LOCAL_LAMDA/Local_Lamda_midi/midi_guide/cf022d761f51efc1/song_package.yaml,gold,0.6696798029556623,0.17980295566502463
cf0359ce7795b1a9,data/Los-Angeles-MIDI/LOCAL_LAMDA/Local_Lamda_midi/midi_guide/cf0359ce7795b1a9/song_package.yaml,gold,0.8287631578947379,0.021052631578947368
cf75673507b0e5bb,data/Los-Angeles-MIDI/LOCAL_LAMDA/Local_Lamda_midi/midi_guide/cf75673507b0e5bb/song_package.yaml,gold,0.7006748466257655,0.05828220858895705
cf474e9defb9b420,data/Los-Angeles-MIDI/LOCAL_LAMDA/Local_Lamda_midi/midi_guide/cf474e9defb9b420/song_package.yaml,gold,0.744880952380952,0.17857142857142858
cf65d5dc4ea0b6a8,data/Los-Angeles-MIDI/LOCAL_LAMDA/Local_Lamda_midi/midi_guide/cf65d5dc4ea0b6a8/song_package.yaml,gold,0.7409974424552426,0.0639386189258312
cfb12a2cb96589c3,data/Los-Angeles-MIDI/LOCAL_LAMDA/Local_Lamda_midi/midi_guide/cfb12a2cb96589c3/song_package.yaml,gold,0.8268055555555555,0.06944444444444445
cebe5db16bd90bb5,data/Los-Angeles-MIDI/LOCAL_LAMDA/Local_Lamda_midi/midi_guide/cebe5db16bd90bb5/song_package.yaml,gold,0.7767391304347825,0.10869565217391304
cfc5bb24877e902e,data/Los-Angeles-MIDI/LOCAL_LAMDA/Local_Lamda_midi/midi_guide/cfc5bb24877e902e/song_package.yaml,gold,0.8105822784810129,0.010126582278481013
d012b8a18f16d257,data/Los-Angeles-MIDI/LOCAL_LAMDA/Local_Lamda_midi/midi_guide/d012b8a18f16d257/song_package.yaml,gold,0.7577114427860697,0.07462686567164178
d059b5609ac21931,data/Los-Angeles-MIDI/LOCAL_LAMDA/Local_Lamda_midi/midi_guide/d059b5609ac21931/song_package.yaml,gold,0.7476000000000007,0.1623529411764706
d0429f5a8fce731c,data/Los-Angeles-MIDI/LOCAL_LAMDA/Local_Lamda_midi/midi_guide/d0429f5a8fce731c/song_package.yaml,gold,0.7235561497326204,0.1925133689839572
d0400dce7f6f90cb,data/Los-Angeles-MIDI/LOCAL_LAMDA/Local_Lamda_midi/midi_guide/d0400dce7f6f90cb/song_package.yaml,gold,0.8009280742459397,0.013921113689095127
d0a6c4aa2cec20f7,data/Los-Angeles-MIDI/LOCAL_LAMDA/Local_Lamda_midi/midi_guide/d0a6c4aa2cec20f7/song_package.yaml,gold,0.6344270833333333,0.020833333333333332
d0afa86ee3bf0fae,data/Los-Angeles-MIDI/LOCAL_LAMDA/Local_Lamda_midi/midi_guide/d0afa86ee3bf0fae/song_package.yaml,gold,0.8871216617210692,0.002967359050445104
d06a7bf7a01f61ab,data/Los-Angeles-MIDI/LOCAL_LAMDA/Local_Lamda_midi/midi_guide/d06a7bf7a01f61ab/song_package.yaml,gold,0.7378399999999998,0.04
d01674cfd1c710db,data/Los-Angeles-MIDI/LOCAL_LAMDA/Local_Lamda_midi/midi_guide/d01674cfd1c710db/song_package.yaml,gold,0.7191460674157296,0.12134831460674157
d0bff2f5078624be,data/Los-Angeles-MIDI/LOCAL_LAMDA/Local_Lamda_midi/midi_guide/d0bff2f5078624be/song_package.yaml,gold,0.7821301775147933,0.09763313609467456
d073aee42ebfc386,data/Los-Angeles-MIDI/LOCAL_LAMDA/Local_Lamda_midi/midi_guide/d073aee42ebfc386/song_package.yaml,gold,0.7198302687411583,0.039603960396039604
d0f00f5bffa1fef2,data/Los-Angeles-MIDI/LOCAL_LAMDA/Local_Lamda_midi/midi_guide/d0f00f5bffa1fef2/song_package.yaml,gold,0.786019184652278,0.10551558752997602
d0f216364351cc18,data/Los-Angeles-MIDI/LOCAL_LAMDA/Local_Lamda_midi/midi_guide/d0f216364351cc18/song_package.yaml,gold,0.6858429561200902,0.15011547344110854
d13b608cdbe88e0d,data/Los-Angeles-MIDI/LOCAL_LAMDA/Local_Lamda_midi/midi_guide/d13b608cdbe88e0d/song_package.yaml,gold,0.7014621409921667,0.1514360313315927
d13731f4bc5f9b88,data/Los-Angeles-MIDI/LOCAL_LAMDA/Local_Lamda_midi/midi_guide/d13731f4bc5f9b88/song_package.yaml,gold,0.7922297297297298,0.09684684684684684
d181f4da4c198a66,data/Los-Angeles-MIDI/LOCAL_LAMDA/Local_Lamda_midi/midi_guide/d181f4da4c198a66/song_package.yaml,gold,0.8026453488372092,0.0029069767441860465
d18e5394388aec8b,data/Los-Angeles-MIDI/LOCAL_LAMDA/Local_Lamda_midi/midi_guide/d18e5394388aec8b/song_package.yaml,silver,0.538831615120275,0.3402061855670103
d1cafd3fa04684f7,data/Los-Angeles-MIDI/LOCAL_LAMDA/Local_Lamda_midi/midi_guide/d1cafd3fa04684f7/song_package.yaml,gold,0.8310962566844924,0.026737967914438502
d1de52bf58ec82b1,data/Los-Angeles-MIDI/LOCAL_LAMDA/Local_Lamda_midi/midi_guide/d1de52bf58ec82b1/song_package.yaml,gold,0.8888101983002834,0.0084985835694051
d1d9300409097ddc,data/Los-Angeles-MIDI/LOCAL_LAMDA/Local_Lamda_midi/midi_guide/d1d9300409097ddc/song_package.yaml,gold,0.8607009345794401,0.009345794392523364
d1bc872a4ddefa61,data/Los-Angeles-MIDI/LOCAL_LAMDA/Local_Lamda_midi/midi_guide/d1bc872a4ddefa61/song_package.yaml,gold,0.8285912240184765,0.07390300230946882
d1eaf5df914ffe10,data/Los-Angeles-MIDI/LOCAL_LAMDA/Local_Lamda_midi/midi_guide/d1eaf5df914ffe10/song_package.yaml,gold,0.7206688417618269,0.0734094616639478
d1ee8273b2bef056,data/Los-Angeles-MIDI/LOCAL_LAMDA/Local_Lamda_midi/midi_guide/d1ee8273b2bef056/song_package.yaml,gold,0.8560233918128671,0.023391812865497075
d218880d57187d58,data/Los-Angeles-MIDI/LOCAL_LAMDA/Local_Lamda_midi/midi_guide/d218880d57187d58/song_package.yaml,gold,0.7912032085561492,0.07219251336898395
d21c53961278b3ad,data/Los-Angeles-MIDI/LOCAL_LAMDA/Local_Lamda_midi/midi_guide/d21c53961278b3ad/song_package.yaml,gold,0.8295095367847408,0.021798365122615803
d2c8e7da09ad828d,data/Los-Angeles-MIDI/LOCAL_LAMDA/Local_Lamda_midi/midi_guide/d2c8e7da09ad828d/song_package.yaml,gold,0.6629608938547487,0.16759776536312848
d177fcd5c817ad0e,data/Los-Angeles-MIDI/LOCAL_LAMDA/Local_Lamda_midi/midi_guide/d177fcd5c817ad0e/song_package.yaml,gold,0.7971460674157305,0.04269662921348315
d1ee425d63fcd268,data/Los-Angeles-MIDI/LOCAL_LAMDA/Local_Lamda_midi/midi_guide/d1ee425d63fcd268/song_package.yaml,silver,0.6503517587939698,0.31155778894472363
d2c13bfaa6315132,data/Los-Angeles-MIDI/LOCAL_LAMDA/Local_Lamda_midi/midi_guide/d2c13bfaa6315132/song_package.yaml,gold,0.81389175257732,0.07989690721649484
d2d4192f3ea35e7b,data/Los-Angeles-MIDI/LOCAL_LAMDA/Local_Lamda_midi/midi_guide/d2d4192f3ea35e7b/song_package.yaml,gold,0.6788713318284416,0.006772009029345372
d12f0dbd2dfbf2ed,data/Los-Angeles-MIDI/LOCAL_LAMDA/Local_Lamda_midi/midi_guide/d12f0dbd2dfbf2ed/song_package.yaml,gold,0.8158424507658655,0.02188183807439825
d2dc465034eed731,data/Los-Angeles-MIDI/LOCAL_LAMDA/Local_Lamda_midi/midi_guide/d2dc465034eed731/song_package.yaml,gold,0.746677316293929,0.08945686900958466
d2ccf720db08e007,data/Los-Angeles-MIDI/LOCAL_LAMDA/Local_Lamda_midi/midi_guide/d2ccf720db08e007/song_package.yaml,gold,0.7944846796657385,0.08913649025069638
d2dce66046cee04f,data/Los-Angeles-MIDI/LOCAL_LAMDA/Local_Lamda_midi/midi_guide/d2dce66046cee04f/song_package.yaml,gold,0.7664631043257001,0.10432569974554708
d2e845a4b1aa60d1,data/Los-Angeles-MIDI/LOCAL_LAMDA/Local_Lamda_midi/midi_guide/d2e845a4b1aa60d1/song_package.yaml,gold,0.7106417112299465,0.1711229946524064
d32df1c3d752a03a,data/Los-Angeles-MIDI/LOCAL_LAMDA/Local_Lamda_midi/midi_guide/d32df1c3d752a03a/song_package.yaml,gold,0.8257790368271957,0.019830028328611898
d2f05b7532f89378,data/Los-Angeles-MIDI/LOCAL_LAMDA/Local_Lamda_midi/midi_guide/d2f05b7532f89378/song_package.yaml,gold,0.7098656429942425,0.08253358925143954
d34c433226a840b2,data/Los-Angeles-MIDI/LOCAL_LAMDA/Local_Lamda_midi/midi_guide/d34c433226a840b2/song_package.yaml,silver,0.6612844036697239,0.27522935779816515
d3586923742537bf,data/Los-Angeles-MIDI/LOCAL_LAMDA/Local_Lamda_midi/midi_guide/d3586923742537bf/song_package.yaml,gold,0.7333250620347392,0.12406947890818859
d3640ed5b57c15d6,data/Los-Angeles-MIDI/LOCAL_LAMDA/Local_Lamda_midi/midi_guide/d3640ed5b57c15d6/song_package.yaml,gold,0.6458386411889582,0.06794055201698514
d3366c3c8c934dd2,data/Los-Angeles-MIDI/LOCAL_LAMDA/Local_Lamda_midi/midi_guide/d3366c3c8c934dd2/song_package.yaml,gold,0.7617302052785919,0.0967741935483871
d37a6a8bef23a9b2,data/Los-Angeles-MIDI/LOCAL_LAMDA/Local_Lamda_midi/midi_guide/d37a6a8bef23a9b2/song_package.yaml,gold,0.8011879049676044,0.04103671706263499
d39fbf63a7b1be8c,data/Los-Angeles-MIDI/LOCAL_LAMDA/Local_Lamda_midi/midi_guide/d39fbf63a7b1be8c/song_package.yaml,silver,0.4180341880341886,0.3974358974358974
d371862d496b2518,data/Los-Angeles-MIDI/LOCAL_LAMDA/Local_Lamda_midi/midi_guide/d371862d496b2518/song_package.yaml,silver,0.7147358490566055,0.2018867924528302
d3919fe9b44123b4,data/Los-Angeles-MIDI/LOCAL_LAMDA/Local_Lamda_midi/midi_guide/d3919fe9b44123b4/song_package.yaml,gold,0.7048253968253966,0.14285714285714285
d3bb6c9f42126537,data/Los-Angeles-MIDI/LOCAL_LAMDA/Local_Lamda_midi/midi_guide/d3bb6c9f42126537/song_package.yaml,gold,0.760054054054054,0.10810810810810811
d3d0ce19d86a92d6,data/Los-Angeles-MIDI/LOCAL_LAMDA/Local_Lamda_midi/midi_guide/d3d0ce19d86a92d6/song_package.yaml,gold,0.8498798798798797,0.015015015015015015
d3e3f4a5767f211c,data/Los-Angeles-MIDI/LOCAL_LAMDA/Local_Lamda_midi/midi_guide/d3e3f4a5767f211c/song_package.yaml,gold,0.7147447447447446,0.05405405405405406
d3b0190910bdea94,data/Los-Angeles-MIDI/LOCAL_LAMDA/Local_Lamda_midi/midi_guide/d3b0190910bdea94/song_package.yaml,silver,0.5014525139664818,0.39664804469273746
d4160ad5670650ab,data/Los-Angeles-MIDI/LOCAL_LAMDA/Local_Lamda_midi/midi_guide/d4160ad5670650ab/song_package.yaml,gold,0.88495238095238,0.03492063492063492
d3e741ddae0221cc,data/Los-Angeles-MIDI/LOCAL_LAMDA/Local_Lamda_midi/midi_guide/d3e741ddae0221cc/song_package.yaml,gold,0.8113868613138701,0.004866180048661801
d40fc5859a0d1376,data/Los-Angeles-MIDI/LOCAL_LAMDA/Local_Lamda_midi/midi_guide/d40fc5859a0d1376/song_package.yaml,gold,0.5951459854014599,0.014598540145985401
d43fc642c4c37439,data/Los-Angeles-MIDI/LOCAL_LAMDA/Local_Lamda_midi/midi_guide/d43fc642c4c37439/song_package.yaml,gold,0.8435040431266854,0.04851752021563342
d445d8bf024eab23,data/Los-Angeles-MIDI/LOCAL_LAMDA/Local_Lamda_midi/midi_guide/d445d8bf024eab23/song_package.yaml,silver,0.5658549222797928,0.30569948186528495
d50bca3d61c0d251,data/Los-Angeles-MIDI/LOCAL_LAMDA/Local_Lamda_midi/midi_guide/d50bca3d61c0d251/song_package.yaml,gold,0.876812865497077,0.017543859649122806
d57c20a03e1f98af,data/Los-Angeles-MIDI/LOCAL_LAMDA/Local_Lamda_midi/midi_guide/d57c20a03e1f98af/song_package.yaml,silver,0.5810996563573906,0.3745704467353952
d57d27f4e4a95838,data/Los-Angeles-MIDI/LOCAL_LAMDA/Local_Lamda_midi/midi_guide/d57d27f4e4a95838/song_package.yaml,gold,0.8519341563786014,0.03909465020576132
d5da3722983c8285,data/Los-Angeles-MIDI/LOCAL_LAMDA/Local_Lamda_midi/midi_guide/d5da3722983c8285/song_package.yaml,gold,0.804299065420562,0.012461059190031152
d4699e538c47d2d6,data/Los-Angeles-MIDI/LOCAL_LAMDA/Local_Lamda_midi/midi_guide/d4699e538c47d2d6/song_package.yaml,gold,0.7804988123515448,0.035629453681710214
d54043ee58e33371,data/Los-Angeles-MIDI/LOCAL_LAMDA/Local_Lamda_midi/midi_guide/d54043ee58e33371/song_package.yaml,gold,0.5760000000000002,0.13980582524271845
d5f8019c102d4cb5,data/Los-Angeles-MIDI/LOCAL_LAMDA/Local_Lamda_midi/midi_guide/d5f8019c102d4cb5/song_package.yaml,gold,0.7810803324099715,0.05817174515235457
d5d3761b34a34b9e,data/Los-Angeles-MIDI/LOCAL_LAMDA/Local_Lamda_midi/midi_guide/d5d3761b34a34b9e/song_package.yaml,gold,0.7128861788617881,0.0975609756097561
d6294e2f3a658d97,data/Los-Angeles-MIDI/LOCAL_LAMDA/Local_Lamda_midi/midi_guide/d6294e2f3a658d97/song_package.yaml,gold,0.8225301204819281,0.040160642570281124
d506ef905ecabda5,data/Los-Angeles-MIDI/LOCAL_LAMDA/Local_Lamda_midi/midi_guide/d506ef905ecabda5/song_package.yaml,silver,0.6033985330073315,0.34963325183374083
d628a8b5f3caa454,data/Los-Angeles-MIDI/LOCAL_LAMDA/Local_Lamda_midi/midi_guide/d628a8b5f3caa454/song_package.yaml,gold,0.7952450980392151,0.056372549019607844
d64fe5b765bf0eb3,data/Los-Angeles-MIDI/LOCAL_LAMDA/Local_Lamda_midi/midi_guide/d64fe5b765bf0eb3/song_package.yaml,gold,0.8537894736842111,0.018421052631578946
d68122f6107c9106,data/Los-Angeles-MIDI/LOCAL_LAMDA/Local_Lamda_midi/midi_guide/d68122f6107c9106/song_package.yaml,gold,0.6020325203252034,0.016260162601626018
d6bd303681697028,data/Los-Angeles-MIDI/LOCAL_LAMDA/Local_Lamda_midi/midi_guide/d6bd303681697028/song_package.yaml,gold,0.7158409785932714,0.0764525993883792
d672262935e0cd67,data/Los-Angeles-MIDI/LOCAL_LAMDA/Local_Lamda_midi/midi_guide/d672262935e0cd67/song_package.yaml,gold,0.7250899742930578,0.16195372750642673
d6f5e09295cc8d46,data/Los-Angeles-MIDI/LOCAL_LAMDA/Local_Lamda_midi/midi_guide/d6f5e09295cc8d46/song_package.yaml,gold,0.5995439739413677,0.1270358306188925
d701807fb97b98b7,data/Los-Angeles-MIDI/LOCAL_LAMDA/Local_Lamda_midi/midi_guide/d701807fb97b98b7/song_package.yaml,silver,0.6879569892473117,0.27956989247311825
d707ac4ca55bc784,data/Los-Angeles-MIDI/LOCAL_LAMDA/Local_Lamda_midi/midi_guide/d707ac4ca55bc784/song_package.yaml,gold,0.6721301775147936,0.01775147928994083
d72d5c0c66276192,data/Los-Angeles-MIDI/LOCAL_LAMDA/Local_Lamda_midi/midi_guide/d72d5c0c66276192/song_package.yaml,gold,0.8926339285714295,0.004464285714285714
d6fc8f04172de086,data/Los-Angeles-MIDI/LOCAL_LAMDA/Local_Lamda_midi/midi_guide/d6fc8f04172de086/song_package.yaml,gold,0.7301382488479266,0.041474654377880185
d783a3371ec334db,data/Los-Angeles-MIDI/LOCAL_LAMDA/Local_Lamda_midi/midi_guide/d783a3371ec334db/song_package.yaml,gold,0.5213469387755103,0.17551020408163265
d71381abd55ea5b7,data/Los-Angeles-MIDI/LOCAL_LAMDA/Local_Lamda_midi/midi_guide/d71381abd55ea5b7/song_package.yaml,gold,0.8156470588235292,0.03529411764705882
d7a839b500b6c3a3,data/Los-Angeles-MIDI/LOCAL_LAMDA/Local_Lamda_midi/midi_guide/d7a839b500b6c3a3/song_package.yaml,gold,0.8035813953488371,0.046511627906976744
d82ecabe2aaaecbb,data/Los-Angeles-MIDI/LOCAL_LAMDA/Local_Lamda_midi/midi_guide/d82ecabe2aaaecbb/song_package.yaml,gold,0.5153229974160213,0.08527131782945736
d8b38fa01f19848c,data/Los-Angeles-MIDI/LOCAL_LAMDA/Local_Lamda_midi/midi_guide/d8b38fa01f19848c/song_package.yaml,gold,0.7874351585014406,0.08645533141210375
d87a48ca9bf39b02,data/Los-Angeles-MIDI/LOCAL_LAMDA/Local_Lamda_midi/midi_guide/d87a48ca9bf39b02/song_package.yaml,gold,0.565745140388769,0.058315334773218146
d7e66905a8f9f7e7,data/Los-Angeles-MIDI/LOCAL_LAMDA/Local_Lamda_midi/midi_guide/d7e66905a8f9f7e7/song_package.yaml,silver,0.4764197530864205,0.36790123456790125
d955bcff83f70a59,data/Los-Angeles-MIDI/LOCAL_LAMDA/Local_Lamda_midi/midi_guide/d955bcff83f70a59/song_package.yaml,gold,0.7033067729083652,0.06374501992031872
d9254f7893be575a,data/Los-Angeles-MIDI/LOCAL_LAMDA/Local_Lamda_midi/midi_guide/d9254f7893be575a/song_package.yaml,gold,0.5981104033970279,0.09554140127388536
d9605054bff84727,data/Los-Angeles-MIDI/LOCAL_LAMDA/Local_Lamda_midi/midi_guide/d9605054bff84727/song_package.yaml,gold,0.7420707070707078,0.17424242424242425
d9aca184a605f00e,data/Los-Angeles-MIDI/LOCAL_LAMDA/Local_Lamda_midi/midi_guide/d9aca184a605f00e/song_package.yaml,gold,0.8585810810810807,0.009009009009009009
d9d12f4476db2901,data/Los-Angeles-MIDI/LOCAL_LAMDA/Local_Lamda_midi/midi_guide/d9d12f4476db2901/song_package.yaml,gold,0.7994780219780218,0.04395604395604396
d9f1559677bba48e,data/Los-Angeles-MIDI/LOCAL_LAMDA/Local_Lamda_midi/midi_guide/d9f1559677bba48e/song_package.yaml,gold,0.5596043165467626,0.050359712230215826
d9dcea67d8794ea4,data/Los-Angeles-MIDI/LOCAL_LAMDA/Local_Lamda_midi/midi_guide/d9dcea67d8794ea4/song_package.yaml,gold,0.7178116343490288,0.11080332409972299
da121e1e2d7b9e61,data/Los-Angeles-MIDI/LOCAL_LAMDA/Local_Lamda_midi/midi_guide/da121e1e2d7b9e61/song_package.yaml,gold,0.8366106442577028,0.0700280112044818
d91d6f3c4ae5ed1d,data/Los-Angeles-MIDI/LOCAL_LAMDA/Local_Lamda_midi/midi_guide/d91d6f3c4ae5ed1d/song_package.yaml,gold,0.616034712950601,0.17757009345794392
da40cbfaca3da61a,data/Los-Angeles-MIDI/LOCAL_LAMDA/Local_Lamda_midi/midi_guide/da40cbfaca3da61a/song_package.yaml,gold,0.6183056478405314,0.06976744186046512
daa30b87498eae5d,data/Los-Angeles-MIDI/LOCAL_LAMDA/Local_Lamda_midi/midi_guide/daa30b87498eae5d/song_package.yaml,silver,0.6440049140049137,0.22113022113022113
dab03077a03abacc,data/Los-Angeles-MIDI/LOCAL_LAMDA/Local_Lamda_midi/midi_guide/dab03077a03abacc/song_package.yaml,silver,0.5656043956043961,0.21978021978021978
db4796b2c284c87b,data/Los-Angeles-MIDI/LOCAL_LAMDA/Local_Lamda_midi/midi_guide/db4796b2c284c87b/song_package.yaml,gold,0.6905555555555535,0.16993464052287582
daf13eafea7150a4,data/Los-Angeles-MIDI/LOCAL_LAMDA/Local_Lamda_midi/midi_guide/daf13eafea7150a4/song_package.yaml,gold,0.6968542199488473,0.1636828644501279
db770db707dd0335,data/Los-Angeles-MIDI/LOCAL_LAMDA/Local_Lamda_midi/midi_guide/db770db707dd0335/song_package.yaml,gold,0.63462962962963,0.003703703703703704
db77526a4470bef8,data/Los-Angeles-MIDI/LOCAL_LAMDA/Local_Lamda_midi/midi_guide/db77526a4470bef8/song_package.yaml,gold,0.8468439716312056,0.0425531914893617
dbdcfe1f5b09d30c,data/Los-Angeles-MIDI/LOCAL_LAMDA/Local_Lamda_midi/midi_guide/dbdcfe1f5b09d30c/song_package.yaml,gold,0.832655367231638,0.01694915254237288
db5c7e87fcea3056,data/Los-Angeles-MIDI/LOCAL_LAMDA/Local_Lamda_midi/midi_guide/db5c7e87fcea3056/song_package.yaml,gold,0.8011076923076916,0.055384615384615386
dbead3c0f2f163f5,data/Los-Angeles-MIDI/LOCAL_LAMDA/Local_Lamda_midi/midi_guide/dbead3c0f2f163f5/song_package.yaml,gold,0.7636009732360102,0.10462287104622871
dc572667891b94ec,data/Los-Angeles-MIDI/LOCAL_LAMDA/Local_Lamda_midi/midi_guide/dc572667891b94ec/song_package.yaml,gold,0.7980071174377216,0.05693950177935943
dc697a379ef49352,data/Los-Angeles-MIDI/LOCAL_LAMDA/Local_Lamda_midi/midi_guide/dc697a379ef49352/song_package.yaml,gold,0.7926008064516122,0.08870967741935484
dc802e9243e09ab1,data/Los-Angeles-MIDI/LOCAL_LAMDA/Local_Lamda_midi/midi_guide/dc802e9243e09ab1/song_package.yaml,gold,0.7580898876404478,0.10786516853932585
dcb6e214e76de4e9,data/Los-Angeles-MIDI/LOCAL_LAMDA/Local_Lamda_midi/midi_guide/dcb6e214e76de4e9/song_package.yaml,gold,0.658354037267081,0.006211180124223602
dd01e64b37f496bc,data/Los-Angeles-MIDI/LOCAL_LAMDA/Local_Lamda_midi/midi_guide/dd01e64b37f496bc/song_package.yaml,gold,0.7823899371069184,0.08176100628930817
dcc77ac10f77f33b,data/Los-Angeles-MIDI/LOCAL_LAMDA/Local_Lamda_midi/midi_guide/dcc77ac10f77f33b/song_package.yaml,gold,0.8675953079178894,0.02932551319648094
dd02a1b8a7a37a0a,data/Los-Angeles-MIDI/LOCAL_LAMDA/Local_Lamda_midi/midi_guide/dd02a1b8a7a37a0a/song_package.yaml,silver,0.5026391096979331,0.20190779014308427
dd098cf763575b93,data/Los-Angeles-MIDI/LOCAL_LAMDA/Local_Lamda_midi/midi_guide/dd098cf763575b93/song_package.yaml,gold,0.8165740740740747,0.05324074074074074
dc8751a829e483e0,data/Los-Angeles-MIDI/LOCAL_LAMDA/Local_Lamda_midi/midi_guide/dc8751a829e483e0/song_package.yaml,gold,0.7533858267716536,0.00984251968503937
dd5cdc61b3e58cfe,data/Los-Angeles-MIDI/LOCAL_LAMDA/Local_Lamda_midi/midi_guide/dd5cdc61b3e58cfe/song_package.yaml,gold,0.8701618122977365,0.016181229773462782
dd3f553eacec0ad7,data/Los-Angeles-MIDI/LOCAL_LAMDA/Local_Lamda_midi/midi_guide/dd3f553eacec0ad7/song_package.yaml,gold,0.7932587064676621,0.09950248756218906
dd6ef970f357e47c,data/Los-Angeles-MIDI/LOCAL_LAMDA/Local_Lamda_midi/midi_guide/dd6ef970f357e47c/song_package.yaml,gold,0.7242857142857142,0.13283208020050125
ddbdcc7aeac8577b,data/Los-Angeles-MIDI/LOCAL_LAMDA/Local_Lamda_midi/midi_guide/ddbdcc7aeac8577b/song_package.yaml,gold,0.8562091503267973,0.006535947712418301
dda9391fcf447032,data/Los-Angeles-MIDI/LOCAL_LAMDA/Local_Lamda_midi/midi_guide/dda9391fcf447032/song_package.yaml,gold,0.7605291005290999,0.026455026455026454
dda7c7fbecc21ea2,data/Los-Angeles-MIDI/LOCAL_LAMDA/Local_Lamda_midi/midi_guide/dda7c7fbecc21ea2/song_package.yaml,gold,0.820662983425415,0.04696132596685083
dde47db8111ce527,data/Los-Angeles-MIDI/LOCAL_LAMDA/Local_Lamda_midi/midi_guide/dde47db8111ce527/song_package.yaml,silver,0.5883655536028128,0.22319859402460457
de2666a16f6f08ac,data/Los-Angeles-MIDI/LOCAL_LAMDA/Local_Lamda_midi/midi_guide/de2666a16f6f08ac/song_package.yaml,gold,0.6987959866220731,0.15384615384615385
de2fd983e9718218,data/Los-Angeles-MIDI/LOCAL_LAMDA/Local_Lamda_midi/midi_guide/de2fd983e9718218/song_package.yaml,gold,0.8378772378516627,0.020460358056265986
de3a089292f54d98,data/Los-Angeles-MIDI/LOCAL_LAMDA/Local_Lamda_midi/midi_guide/de3a089292f54d98/song_package.yaml,gold,0.8400000000000003,0.01569506726457399
de9ed0a50b6b85f3,data/Los-Angeles-MIDI/LOCAL_LAMDA/Local_Lamda_midi/midi_guide/de9ed0a50b6b85f3/song_package.yaml,silver,0.5819518716577554,0.29411764705882354
dea086c4eb63c8a6,data/Los-Angeles-MIDI/LOCAL_LAMDA/Local_Lamda_midi/midi_guide/dea086c4eb63c8a6/song_package.yaml,gold,0.7626562499999991,0.140625
df0016ccb433a50c,data/Los-Angeles-MIDI/LOCAL_LAMDA/Local_Lamda_midi/midi_guide/df0016ccb433a50c/song_package.yaml,gold,0.6836904761904758,0.10416666666666667
dea384b5f95161af,data/Los-Angeles-MIDI/LOCAL_LAMDA/Local_Lamda_midi/midi_guide/dea384b5f95161af/song_package.yaml,gold,0.5285509554140128,0.1592356687898089
df3c0971965951e0,data/Los-Angeles-MIDI/LOCAL_LAMDA/Local_Lamda_midi/midi_guide/df3c0971965951e0/song_package.yaml,silver,0.564402173913046,0.38315217391304346
df2a11905d74d718,data/Los-Angeles-MIDI/LOCAL_LAMDA/Local_Lamda_midi/midi_guide/df2a11905d74d718/song_package.yaml,gold,0.8011434108527151,0.01937984496124031
df5b351e0d124a21,data/Los-Angeles-MIDI/LOCAL_LAMDA/Local_Lamda_midi/midi_guide/df5b351e0d124a21/song_package.yaml,gold,0.6968644067796607,0.059322033898305086
df7b7af6dfbb8dcf,data/Los-Angeles-MIDI/LOCAL_LAMDA/Local_Lamda_midi/midi_guide/df7b7af6dfbb8dcf/song_package.yaml,gold,0.7052314814814815,0.06018518518518518
dfa90e5f3d155b1a,data/Los-Angeles-MIDI/LOCAL_LAMDA/Local_Lamda_midi/midi_guide/dfa90e5f3d155b1a/song_package.yaml,silver,0.6314193548387098,0.2645161290322581
dfb4b7891f69f6c5,data/Los-Angeles-MIDI/LOCAL_LAMDA/Local_Lamda_midi/midi_guide/dfb4b7891f69f6c5/song_package.yaml,gold,0.8113774104683197,0.049586776859504134
dfba1517f4bb7937,data/Los-Angeles-MIDI/LOCAL_LAMDA/Local_Lamda_midi/midi_guide/dfba1517f4bb7937/song_package.yaml,gold,0.8872321428571441,0.005952380952380952
df8d1d1100883b42,data/Los-Angeles-MIDI/LOCAL_LAMDA/Local_Lamda_midi/midi_guide/df8d1d1100883b42/song_package.yaml,gold,0.7961691542288558,0.06716417910447761
dfc60f6c39383e4b,data/Los-Angeles-MIDI/LOCAL_LAMDA/Local_Lamda_midi/midi_guide/dfc60f6c39383e4b/song_package.yaml,gold,0.7631283422459925,0.17379679144385027
dff070562a259bba,data/Los-Angeles-MIDI/LOCAL_LAMDA/Local_Lamda_midi/midi_guide/dff070562a259bba/song_package.yaml,gold,0.7144474393530992,0.14824797843665768
e010855f0598a3f4,data/Los-Angeles-MIDI/LOCAL_LAMDA/Local_Lamda_midi/midi_guide/e010855f0598a3f4/song_package.yaml,gold,0.6761216730038027,0.030418250950570342
e03f2434efaeb8f6,data/Los-Angeles-MIDI/LOCAL_LAMDA/Local_Lamda_midi/midi_guide/e03f2434efaeb8f6/song_package.yaml,gold,0.7584682713347927,0.030634573304157548
e057639c5a7d00c6,data/Los-Angeles-MIDI/LOCAL_LAMDA/Local_Lamda_midi/midi_guide/e057639c5a7d00c6/song_package.yaml,gold,0.7187160493827155,0.1506172839506173
e072722eb7a9dd2e,data/Los-Angeles-MIDI/LOCAL_LAMDA/Local_Lamda_midi/midi_guide/e072722eb7a9dd2e/song_package.yaml,silver,0.5761181434599154,0.37130801687763715
e05efca3907f99f2,data/Los-Angeles-MIDI/LOCAL_LAMDA/Local_Lamda_midi/midi_guide/e05efca3907f99f2/song_package.yaml,gold,0.9021072796934873,0.0038314176245210726
e0616e2577e1f88a,data/Los-Angeles-MIDI/LOCAL_LAMDA/Local_Lamda_midi/midi_guide/e0616e2577e1f88a/song_package.yaml,gold,0.6491238670694867,0.021148036253776436
e08ecd5308860217,data/Los-Angeles-MIDI/LOCAL_LAMDA/Local_Lamda_midi/midi_guide/e08ecd5308860217/song_package.yaml,gold,0.824880239520958,0.0
e09abd0ca760c9f5,data/Los-Angeles-MIDI/LOCAL_LAMDA/Local_Lamda_midi/midi_guide/e09abd0ca760c9f5/song_package.yaml,gold,0.8754401805869075,0.009029345372460496
e0a54f5166e91781,data/Los-Angeles-MIDI/LOCAL_LAMDA/Local_Lamda_midi/midi_guide/e0a54f5166e91781/song_package.yaml,silver,0.5860777385159012,0.31802120141342755
e0aa09629a969f2a,data/Los-Angeles-MIDI/LOCAL_LAMDA/Local_Lamda_midi/midi_guide/e0aa09629a969f2a/song_package.yaml,gold,0.6937248322147648,0.0
e0b855c9379c69b8,data/Los-Angeles-MIDI/LOCAL_LAMDA/Local_Lamda_midi/midi_guide/e0b855c9379c69b8/song_package.yaml,gold,0.8208724832214769,0.09395973154362416
e0ead6a18f58da9b,data/Los-Angeles-MIDI/LOCAL_LAMDA/Local_Lamda_midi/midi_guide/e0ead6a18f58da9b/song_package.yaml,silver,0.5111347517730491,0.3900709219858156
e0bf312942cd9d45,data/Los-Angeles-MIDI/LOCAL_LAMDA/Local_Lamda_midi/midi_guide/e0bf312942cd9d45/song_package.yaml,silver,0.49919354838709606,0.22580645161290322
e0f263154241beb5,data/Los-Angeles-MIDI/LOCAL_LAMDA/Local_Lamda_midi/midi_guide/e0f263154241beb5/song_package.yaml,gold,0.797745358090186,0.0610079575596817
e0ce7babd652ebbf,data/Los-Angeles-MIDI/LOCAL_LAMDA/Local_Lamda_midi/midi_guide/e0ce7babd652ebbf/song_package.yaml,gold,0.8545797101449273,0.020289855072463767
e0e603d657c56efc,data/Los-Angeles-MIDI/LOCAL_LAMDA/Local_Lamda_midi/midi_guide/e0e603d657c56efc/song_package.yaml,silver,0.6190934844192651,0.29745042492917845
e0faede61c941fb8,data/Los-Angeles-MIDI/LOCAL_LAMDA/Local_Lamda_midi/midi_guide/e0faede61c941fb8/song_package.yaml,silver,0.6611484593837547,0.20168067226890757
e0fb1fea37f80a6e,data/Los-Angeles-MIDI/LOCAL_LAMDA/Local_Lamda_midi/midi_guide/e0fb1fea37f80a6e/song_package.yaml,gold,0.7949999999999999,0.0702247191011236
e1d5ca711532c4f8,data/Los-Angeles-MIDI/LOCAL_LAMDA/Local_Lamda_midi/midi_guide/e1d5ca711532c4f8/song_package.yaml,gold,0.62,0.047619047619047616
e1457714ec305576,data/Los-Angeles-MIDI/LOCAL_LAMDA/Local_Lamda_midi/midi_guide/e1457714ec305576/song_package.yaml,silver,0.5454934210526342,0.3782894736842105
e1b0a081198f3061,data/Los-Angeles-MIDI/LOCAL_LAMDA/Local_Lamda_midi/midi_guide/e1b0a081198f3061/song_package.yaml,silver,0.5553691275167785,0.25838926174496646
e247ef051194040e,data/Los-Angeles-MIDI/LOCAL_LAMDA/Local_Lamda_midi/midi_guide/e247ef051194040e/song_package.yaml,silver,0.6325698324022343,0.24581005586592178
e1fbeeb2117aa7c1,data/Los-Angeles-MIDI/LOCAL_LAMDA/Local_Lamda_midi/midi_guide/e1fbeeb2117aa7c1/song_package.yaml,gold,0.8269791666666665,0.05555555555555555
e20cff9b53aa666e,data/Los-Angeles-MIDI/LOCAL_LAMDA/Local_Lamda_midi/midi_guide/e20cff9b53aa666e/song_package.yaml,gold,0.7743532338308466,0.10199004975124377
e1a2aedc73c5b75b,data/Los-Angeles-MIDI/LOCAL_LAMDA/Local_Lamda_midi/midi_guide/e1a2aedc73c5b75b/song_package.yaml,gold,0.7894360086767899,0.1019522776572668
e27c95c59e8ce242,data/Los-Angeles-MIDI/LOCAL_LAMDA/Local_Lamda_midi/midi_guide/e27c95c59e8ce242/song_package.yaml,gold,0.8361464968152874,0.006369426751592357
e2d91e55c55786e8,data/Los-Angeles-MIDI/LOCAL_LAMDA/Local_Lamda_midi/midi_guide/e2d91e55c55786e8/song_package.yaml,silver,0.4824358974358978,0.23076923076923078
e33236a79dcc57ae,data/Los-Angeles-MIDI/LOCAL_LAMDA/Local_Lamda_midi/midi_guide/e33236a79dcc57ae/song_package.yaml,gold,0.7864267990074458,0.10918114143920596
e2e69c13eeaa0983,data/Los-Angeles-MIDI/LOCAL_LAMDA/Local_Lamda_midi/midi_guide/e2e69c13eeaa0983/song_package.yaml,gold,0.690674698795181,0.0024096385542168677
e2ef668005807fe6,data/Los-Angeles-MIDI/LOCAL_LAMDA/Local_Lamda_midi/midi_guide/e2ef668005807fe6/song_package.yaml,gold,0.6820414201183426,0.09467455621301775
e389cbfbe851f16b,data/Los-Angeles-MIDI/LOCAL_LAMDA/Local_Lamda_midi/midi_guide/e389cbfbe851f16b/song_package.yaml,gold,0.7726984126984118,0.009523809523809525
e3725bd887ea171b,data/Los-Angeles-MIDI/LOCAL_LAMDA/Local_Lamda_midi/midi_guide/e3725bd887ea171b/song_package.yaml,gold,0.8716713881019836,0.014164305949008499
e3728038b14a50f3,data/Los-Angeles-MIDI/LOCAL_LAMDA/Local_Lamda_midi/midi_guide/e3728038b14a50f3/song_package.yaml,gold,0.8390999999999988,0.02
e37af41ff17f1e0d,data/Los-Angeles-MIDI/LOCAL_LAMDA/Local_Lamda_midi/midi_guide/e37af41ff17f1e0d/song_package.yaml,gold,0.8028834355828232,0.032719836400818
e4117d491393526e,data/Los-Angeles-MIDI/LOCAL_LAMDA/Local_Lamda_midi/midi_guide/e4117d491393526e/song_package.yaml,gold,0.5294273127753304,0.15859030837004406
e3f0133eb3e59dcb,data/Los-Angeles-MIDI/LOCAL_LAMDA/Local_Lamda_midi/midi_guide/e3f0133eb3e59dcb/song_package.yaml,gold,0.8257007125890744,0.03800475059382423
e4517945cf15bea1,data/Los-Angeles-MIDI/LOCAL_LAMDA/Local_Lamda_midi/midi_guide/e4517945cf15bea1/song_package.yaml,gold,0.8377380952380958,0.008928571428571428
e485ee255ee1e074,data/Los-Angeles-MIDI/LOCAL_LAMDA/Local_Lamda_midi/midi_guide/e485ee255ee1e074/song_package.yaml,gold,0.7993313953488371,0.0029069767441860465
e48242a618e410d4,data/Los-Angeles-MIDI/LOCAL_LAMDA/Local_Lamda_midi/midi_guide/e48242a618e410d4/song_package.yaml,silver,0.5308303249097476,0.26353790613718414
e47a519f42f68a1c,data/Los-Angeles-MIDI/LOCAL_LAMDA/Local_Lamda_midi/midi_guide/e47a519f42f68a1c/song_package.yaml,gold,0.7944989775051123,0.09202453987730061
e4e58ced98ac6e84,data/Los-Angeles-MIDI/LOCAL_LAMDA/Local_Lamda_midi/midi_guide/e4e58ced98ac6e84/song_package.yaml,gold,0.6202891566265055,0.03614457831325301
e4f0be2fbb4e8d2e,data/Los-Angeles-MIDI/LOCAL_LAMDA/Local_Lamda_midi/midi_guide/e4f0be2fbb4e8d2e/song_package.yaml,gold,0.5034332425068127,0.16348773841961853
e490888b05e9016a,data/Los-Angeles-MIDI/LOCAL_LAMDA/Local_Lamda_midi/midi_guide/e490888b05e9016a/song_package.yaml,gold,0.7399999999999989,0.0
e4fff9648c64cd65,data/Los-Angeles-MIDI/LOCAL_LAMDA/Local_Lamda_midi/midi_guide/e4fff9648c64cd65/song_package.yaml,gold,0.6207906976744184,0.004651162790697674
e4ed6b9ede663fe6,data/Los-Angeles-MIDI/LOCAL_LAMDA/Local_Lamda_midi/midi_guide/e4ed6b9ede663fe6/song_package.yaml,gold,0.8077302631578938,0.03289473684210526
e4f9347eaf0ee28b,data/Los-Angeles-MIDI/LOCAL_LAMDA/Local_Lamda_midi/midi_guide/e4f9347eaf0ee28b/song_package.yaml,gold,0.7754277286135698,0.10029498525073746
e50e1fd25bfbd4c6,data/Los-Angeles-MIDI/LOCAL_LAMDA/Local_Lamda_midi/midi_guide/e50e1fd25bfbd4c6/song_package.yaml,gold,0.8500502512562815,0.035175879396984924
e52a0b556236466e,data/Los-Angeles-MIDI/LOCAL_LAMDA/Local_Lamda_midi/midi_guide/e52a0b556236466e/song_package.yaml,gold,0.608638497652582,0.004694835680751174
e57453673e346d4f,data/Los-Angeles-MIDI/LOCAL_LAMDA/Local_Lamda_midi/midi_guide/e57453673e346d4f/song_package.yaml,gold,0.7656464379947227,0.018469656992084433
e5973fad045cdb10,data/Los-Angeles-MIDI/LOCAL_LAMDA/Local_Lamda_midi/midi_guide/e5973fad045cdb10/song_package.yaml,silver,0.5017270194986067,0.31197771587743733
e5be2dbcd7e6f5b4,data/Los-Angeles-MIDI/LOCAL_LAMDA/Local_Lamda_midi/midi_guide/e5be2dbcd7e6f5b4/song_package.yaml,gold,0.7521387283237001,0.12716763005780346
e5c0beaeb56e1e3c,data/Los-Angeles-MIDI/LOCAL_LAMDA/Local_Lamda_midi/midi_guide/e5c0beaeb56e1e3c/song_package.yaml,gold,0.7711435523114359,0.0851581508515815
e62a213760bf4667,data/Los-Angeles-MIDI/LOCAL_LAMDA/Local_Lamda_midi/midi_guide/e62a213760bf4667/song_package.yaml,silver,0.5633937823834207,0.39896373056994816
e65a89b2ca5b9a03,data/Los-Angeles-MIDI/LOCAL_LAMDA/Local_Lamda_midi/midi_guide/e65a89b2ca5b9a03/song_package.yaml,gold,0.7743086816720245,0.01607717041800643
e5e0bb5f676f0663,data/Los-Angeles-MIDI/LOCAL_LAMDA/Local_Lamda_midi/midi_guide/e5e0bb5f676f0663/song_package.yaml,silver,0.5855910543131029,0.36900958466453676
e6550e58c3c04a87,data/Los-Angeles-MIDI/LOCAL_LAMDA/Local_Lamda_midi/midi_guide/e6550e58c3c04a87/song_package.yaml,gold,0.8407990867579911,0.0410958904109589
e6cb3dca5de70b5e,data/Los-Angeles-MIDI/LOCAL_LAMDA/Local_Lamda_midi/midi_guide/e6cb3dca5de70b5e/song_package.yaml,silver,0.5479279279279277,0.3963963963963964
e6dbd73ef3832b25,data/Los-Angeles-MIDI/LOCAL_LAMDA/Local_Lamda_midi/midi_guide/e6dbd73ef3832b25/song_package.yaml,silver,0.6550159744408942,0.21725239616613418
e7227d1cf7cb2ff5,data/Los-Angeles-MIDI/LOCAL_LAMDA/Local_Lamda_midi/midi_guide/e7227d1cf7cb2ff5/song_package.yaml,gold,0.8098915989159897,0.037940379403794036
e6e4e901933d9499,data/Los-Angeles-MIDI/LOCAL_LAMDA/Local_Lamda_midi/midi_guide/e6e4e901933d9499/song_package.yaml,gold,0.7567021276595737,0.05585106382978723
e72d78d04b6c9107,data/Los-Angeles-MIDI/LOCAL_LAMDA/Local_Lamda_midi/midi_guide/e72d78d04b6c9107/song_package.yaml,gold,0.6190610328638497,0.18309859154929578
e768dd68ed9611cc,data/Los-Angeles-MIDI/LOCAL_LAMDA/Local_Lamda_midi/midi_guide/e768dd68ed9611cc/song_package.yaml,gold,0.7473809523809518,0.09126984126984126
e73c88bf0e5f6a53,data/Los-Angeles-MIDI/LOCAL_LAMDA/Local_Lamda_midi/midi_guide/e73c88bf0e5f6a53/song_package.yaml,gold,0.8173298429319379,0.0
e7868f1a72298bb4,data/Los-Angeles-MIDI/LOCAL_LAMDA/Local_Lamda_midi/midi_guide/e7868f1a72298bb4/song_package.yaml,gold,0.6382063882063889,0.18673218673218672
e76b203475f74a4e,data/Los-Angeles-MIDI/LOCAL_LAMDA/Local_Lamda_midi/midi_guide/e76b203475f74a4e/song_package.yaml,gold,0.6922244094488196,0.08267716535433071
e7b9fff37d979db2,data/Los-Angeles-MIDI/LOCAL_LAMDA/Local_Lamda_midi/midi_guide/e7b9fff37d979db2/song_package.yaml,gold,0.6903684210526307,0.07894736842105263
e80207c8abd13ecc,data/Los-Angeles-MIDI/LOCAL_LAMDA/Local_Lamda_midi/midi_guide/e80207c8abd13ecc/song_package.yaml,silver,0.6725916230366484,0.23036649214659685
e7f2d2d5d127a909,data/Los-Angeles-MIDI/LOCAL_LAMDA/Local_Lamda_midi/midi_guide/e7f2d2d5d127a909/song_package.yaml,silver,0.525441988950278,0.3287292817679558
e854d2eaf89e9178,data/Los-Angeles-MIDI/LOCAL_LAMDA/Local_Lamda_midi/midi_guide/e854d2eaf89e9178/song_package.yaml,gold,0.7647208121827407,0.04060913705583756
e845edd1d2a62816,data/Los-Angeles-MIDI/LOCAL_LAMDA/Local_Lamda_midi/midi_guide/e845edd1d2a62816/song_package.yaml,silver,0.6468807339449538,0.3302752293577982
e85767bf99e570d4,data/Los-Angeles-MIDI/LOCAL_LAMDA/Local_Lamda_midi/midi_guide/e85767bf99e570d4/song_package.yaml,silver,0.4602230483271378,0.3382899628252788
e85d7cbcdaa459ff,data/Los-Angeles-MIDI/LOCAL_LAMDA/Local_Lamda_midi/midi_guide/e85d7cbcdaa459ff/song_package.yaml,silver,0.6033043478260852,0.39420289855072466
e88c06aff6229b2c,data/Los-Angeles-MIDI/LOCAL_LAMDA/Local_Lamda_midi/midi_guide/e88c06aff6229b2c/song_package.yaml,gold,0.6439349112426039,0.1390532544378698
e8955734ad655cdd,data/Los-Angeles-MIDI/LOCAL_LAMDA/Local_Lamda_midi/midi_guide/e8955734ad655cdd/song_package.yaml,silver,0.5760386473429954,0.3719806763285024
e858e31773f0f503,data/Los-Angeles-MIDI/LOCAL_LAMDA/Local_Lamda_midi/midi_guide/e858e31773f0f503/song_package.yaml,silver,0.6634975369458129,0.29310344827586204
e8b330d20e9b986a,data/Los-Angeles-MIDI/LOCAL_LAMDA/Local_Lamda_midi/midi_guide/e8b330d20e9b986a/song_package.yaml,gold,0.8155555555555551,0.06666666666666667
e8d13a1eb007f745,data/Los-Angeles-MIDI/LOCAL_LAMDA/Local_Lamda_midi/midi_guide/e8d13a1eb007f745/song_package.yaml,silver,0.582894736842105,0.3684210526315789
e8bf55a727fbd929,data/Los-Angeles-MIDI/LOCAL_LAMDA/Local_Lamda_midi/midi_guide/e8bf55a727fbd929/song_package.yaml,gold,0.6554285714285712,0.061224489795918366
e94bcc9899a7bf15,data/Los-Angeles-MIDI/LOCAL_LAMDA/Local_Lamda_midi/midi_guide/e94bcc9899a7bf15/song_package.yaml,gold,0.5623849372384921,0.13598326359832635
e91e911343ef109b,data/Los-Angeles-MIDI/LOCAL_LAMDA/Local_Lamda_midi/midi_guide/e91e911343ef109b/song_package.yaml,gold,0.8510843373493989,0.024096385542168676
e9c09fd55dc9be65,data/Los-Angeles-MIDI/LOCAL_LAMDA/Local_Lamda_midi/midi_guide/e9c09fd55dc9be65/song_package.yaml,gold,0.8182920792079215,0.04455445544554455
e9df5bdf9dd54943,data/Los-Angeles-MIDI/LOCAL_LAMDA/Local_Lamda_midi/midi_guide/e9df5bdf9dd54943/song_package.yaml,silver,0.5218390804597707,0.26666666666666666
ea6e7a49d54f7292,data/Los-Angeles-MIDI/LOCAL_LAMDA/Local_Lamda_midi/midi_guide/ea6e7a49d54f7292/song_package.yaml,gold,0.8325981873111785,0.03323262839879154
ea172227f8c92a27,data/Los-Angeles-MIDI/LOCAL_LAMDA/Local_Lamda_midi/midi_guide/ea172227f8c92a27/song_package.yaml,gold,0.7978337531486145,0.0906801007556675
ea9caecfb865c4e7,data/Los-Angeles-MIDI/LOCAL_LAMDA/Local_Lamda_midi/midi_guide/ea9caecfb865c4e7/song_package.yaml,gold,0.8252336448598127,0.01557632398753894
ea48ee41c458b1ca,data/Los-Angeles-MIDI/LOCAL_LAMDA/Local_Lamda_midi/midi_guide/ea48ee41c458b1ca/song_package.yaml,gold,0.6328668171557561,0.01580135440180587
ea8a61d99e217099,data/Los-Angeles-MIDI/LOCAL_LAMDA/Local_Lamda_midi/midi_guide/ea8a61d99e217099/song_package.yaml,gold,0.7969829683698304,0.07785888077858881
eb53a6510c336a53,data/Los-Angeles-MIDI/LOCAL_LAMDA/Local_Lamda_midi/midi_guide/eb53a6510c336a53/song_package.yaml,gold,0.7568609865470854,0.08520179372197309
eaf415b18496ba0d,data/Los-Angeles-MIDI/LOCAL_LAMDA/Local_Lamda_midi/midi_guide/eaf415b18496ba0d/song_package.yaml,gold,0.8592987012987019,0.015584415584415584
eb6f769a77b73c68,data/Los-Angeles-MIDI/LOCAL_LAMDA/Local_Lamda_midi/midi_guide/eb6f769a77b73c68/song_package.yaml,gold,0.7189902280130285,0.04234527687296417
eb77dae76f528b54,data/Los-Angeles-MIDI/LOCAL_LAMDA/Local_Lamda_midi/midi_guide/eb77dae76f528b54/song_package.yaml,silver,0.6127319587628867,0.3865979381443299
eb69450ce549c0f8,data/Los-Angeles-MIDI/LOCAL_LAMDA/Local_Lamda_midi/midi_guide/eb69450ce549c0f8/song_package.yaml,gold,0.7920304568527933,0.08375634517766498
eb7f818444c2340d,data/Los-Angeles-MIDI/LOCAL_LAMDA/Local_Lamda_midi/midi_guide/eb7f818444c2340d/song_package.yaml,gold,0.7170398009950243,0.12437810945273632
ebac334d39c97df0,data/Los-Angeles-MIDI/LOCAL_LAMDA/Local_Lamda_midi/midi_guide/ebac334d39c97df0/song_package.yaml,gold,0.8671300448430501,0.020179372197309416
ec2197f92e20eaf5,data/Los-Angeles-MIDI/LOCAL_LAMDA/Local_Lamda_midi/midi_guide/ec2197f92e20eaf5/song_package.yaml,gold,0.6529999999999997,0.0
ec2bcae24f989bf8,data/Los-Angeles-MIDI/LOCAL_LAMDA/Local_Lamda_midi/midi_guide/ec2bcae24f989bf8/song_package.yaml,gold,0.7453161592505837,0.11475409836065574
ec345da822ff5848,data/Los-Angeles-MIDI/LOCAL_LAMDA/Local_Lamda_midi/midi_guide/ec345da822ff5848/song_package.yaml,gold,0.7579859484777529,0.02107728337236534
ec29db72973f4d1e,data/Los-Angeles-MIDI/LOCAL_LAMDA/Local_Lamda_midi/midi_guide/ec29db72973f4d1e/song_package.yaml,gold,0.8457169117647069,0.0055147058823529415
eb94104bd61542d5,data/Los-Angeles-MIDI/LOCAL_LAMDA/Local_Lamda_midi/midi_guide/eb94104bd61542d5/song_package.yaml,gold,0.8712621359223315,0.019417475728155338
ec6c2f7b1a138463,data/Los-Angeles-MIDI/LOCAL_LAMDA/Local_Lamda_midi/midi_guide/ec6c2f7b1a138463/song_package.yaml,gold,0.8198837209302324,0.046511627906976744
ec6d8d963bb7b679,data/Los-Angeles-MIDI/LOCAL_LAMDA/Local_Lamda_midi/midi_guide/ec6d8d963bb7b679/song_package.yaml,gold,0.8344827586206882,0.08836206896551724
ec77c59710e35f18,data/Los-Angeles-MIDI/LOCAL_LAMDA/Local_Lamda_midi/midi_guide/ec77c59710e35f18/song_package.yaml,gold,0.8011467889908257,0.10550458715596331
ec7f0f5d4bcae4d3,data/Los-Angeles-MIDI/LOCAL_LAMDA/Local_Lamda_midi/midi_guide/ec7f0f5d4bcae4d3/song_package.yaml,silver,0.6728616352201241,0.3742138364779874
eca6b4c87054f27f,data/Los-Angeles-MIDI/LOCAL_LAMDA/Local_Lamda_midi/midi_guide/eca6b4c87054f27f/song_package.yaml,gold,0.8730434782608696,0.005797101449275362
ecd9919d317d63ad,data/Los-Angeles-MIDI/LOCAL_LAMDA/Local_Lamda_midi/midi_guide/ecd9919d317d63ad/song_package.yaml,silver,0.5889149560117312,0.3812316715542522
ecf4eb1b4339114a,data/Los-Angeles-MIDI/LOCAL_LAMDA/Local_Lamda_midi/midi_guide/ecf4eb1b4339114a/song_package.yaml,gold,0.7763573883161529,0.054982817869415807
ed60e4ea32f95977,data/Los-Angeles-MIDI/LOCAL_LAMDA/Local_Lamda_midi/midi_guide/ed60e4ea32f95977/song_package.yaml,gold,0.8080000000000008,0.03116883116883117
ed7a1a4d9bfd4d7a,data/Los-Angeles-MIDI/LOCAL_LAMDA/Local_Lamda_midi/midi_guide/ed7a1a4d9bfd4d7a/song_package.yaml,silver,0.5418672199170124,0.3236514522821577
eceb252c7ef6f776,data/Los-Angeles-MIDI/LOCAL_LAMDA/Local_Lamda_midi/midi_guide/eceb252c7ef6f776/song_package.yaml,gold,0.6785872576177264,0.11634349030470914
ed8e7744659e9b63,data/Los-Angeles-MIDI/LOCAL_LAMDA/Local_Lamda_midi/midi_guide/ed8e7744659e9b63/song_package.yaml,silver,0.6340670859538801,0.25157232704402516
edbc540e8e5e2102,data/Los-Angeles-MIDI/LOCAL_LAMDA/Local_Lamda_midi/midi_guide/edbc540e8e5e2102/song_package.yaml,gold,0.8231683168316818,0.0231023102310231
ee021d3e026fe985,data/Los-Angeles-MIDI/LOCAL_LAMDA/Local_Lamda_midi/midi_guide/ee021d3e026fe985/song_package.yaml,gold,0.6704395604395613,0.09523809523809523
edf093c67c471ed0,data/Los-Angeles-MIDI/LOCAL_LAMDA/Local_Lamda_midi/midi_guide/edf093c67c471ed0/song_package.yaml,gold,0.7701086956521739,0.016304347826086956
ede883590084ec5a,data/Los-Angeles-MIDI/LOCAL_LAMDA/Local_Lamda_midi/midi_guide/ede883590084ec5a/song_package.yaml,gold,0.8548628428927671,0.00997506234413965
ee705d3724715ce3,data/Los-Angeles-MIDI/LOCAL_LAMDA/Local_Lamda_midi/midi_guide/ee705d3724715ce3/song_package.yaml,silver,0.6905673758865244,0.3049645390070922
ee60dc9035eab62d,data/Los-Angeles-MIDI/LOCAL_LAMDA/Local_Lamda_midi/midi_guide/ee60dc9035eab62d/song_package.yaml,gold,0.7178228782287817,0.01107011070110701
ee689fd0e5cb714e,data/Los-Angeles-MIDI/LOCAL_LAMDA/Local_Lamda_midi/midi_guide/ee689fd0e5cb714e/song_package.yaml,gold,0.8681413612565458,0.013089005235602094
ee03fd3828a3fd78,data/Los-Angeles-MIDI/LOCAL_LAMDA/Local_Lamda_midi/midi_guide/ee03fd3828a3fd78/song_package.yaml,gold,0.6763797468354426,0.05063291139240506
ee649b16a3d0a8d8,data/Los-Angeles-MIDI/LOCAL_LAMDA/Local_Lamda_midi/midi_guide/ee649b16a3d0a8d8/song_package.yaml,silver,0.4710955710955732,0.36596736596736595
ef0c435b9de3522d,data/Los-Angeles-MIDI/LOCAL_LAMDA/Local_Lamda_midi/midi_guide/ef0c435b9de3522d/song_package.yaml,silver,0.6712790697674418,0.25
eecadd75749d2f4e,data/Los-Angeles-MIDI/LOCAL_LAMDA/Local_Lamda_midi/midi_guide/eecadd75749d2f4e/song_package.yaml,gold,0.8128571428571439,0.04945054945054945
ee9bfc26b84e2944,data/Los-Angeles-MIDI/LOCAL_LAMDA/Local_Lamda_midi/midi_guide/ee9bfc26b84e2944/song_package.yaml,silver,0.5715022421524676,0.2914798206278027
eefe2805721871b4,data/Los-Angeles-MIDI/LOCAL_LAMDA/Local_Lamda_midi/midi_guide/eefe2805721871b4/song_package.yaml,gold,0.8326150121065377,0.031476997578692496
ef525b98e3b746f6,data/Los-Angeles-MIDI/LOCAL_LAMDA/Local_Lamda_midi/midi_guide/ef525b98e3b746f6/song_package.yaml,gold,0.7956357388316148,0.08934707903780069
ef18a16423e54416,data/Los-Angeles-MIDI/LOCAL_LAMDA/Local_Lamda_midi/midi_guide/ef18a16423e54416/song_package.yaml,gold,0.8147859922179009,0.01556420233463035
ef559ac7c9febf84,data/Los-Angeles-MIDI/LOCAL_LAMDA/Local_Lamda_midi/midi_guide/ef559ac7c9febf84/song_package.yaml,silver,0.535514018691589,0.3130841121495327
ef94fccba66132b0,data/Los-Angeles-MIDI/LOCAL_LAMDA/Local_Lamda_midi/midi_guide/ef94fccba66132b0/song_package.yaml,silver,0.588838383838384,0.3181818181818182
ef58c13bba95350f,data/Los-Angeles-MIDI/LOCAL_LAMDA/Local_Lamda_midi/midi_guide/ef58c13bba95350f/song_package.yaml,silver,0.6839215686274537,0.29411764705882354
ef71a45e75c5d525,data/Los-Angeles-MIDI/LOCAL_LAMDA/Local_Lamda_midi/midi_guide/ef71a45e75c5d525/song_package.yaml,gold,0.8356962025316449,0.02278481012658228
efd1a347c4a80b48,data/Los-Angeles-MIDI/LOCAL_LAMDA/Local_Lamda_midi/midi_guide/efd1a347c4a80b48/song_package.yaml,silver,0.7118629550321194,0.32548179871520344
efe092d5b112aefc,data/Los-Angeles-MIDI/LOCAL_LAMDA/Local_Lamda_midi/midi_guide/efe092d5b112aefc/song_package.yaml,gold,0.798338983050847,0.0
efdba86329da8fc5,data/Los-Angeles-MIDI/LOCAL_LAMDA/Local_Lamda_midi/midi_guide/efdba86329da8fc5/song_package.yaml,gold,0.7255646817248461,0.006160164271047228
efeb92b482369a3d,data/Los-Angeles-MIDI/LOCAL_LAMDA/Local_Lamda_midi/midi_guide/efeb92b482369a3d/song_package.yaml,gold,0.6987365591397828,0.04838709677419355
f016339681d0bbee,data/Los-Angeles-MIDI/LOCAL_LAMDA/Local_Lamda_midi/midi_guide/f016339681d0bbee/song_package.yaml,silver,0.6138674033149111,0.34806629834254144
effe98bd7c3bad29,data/Los-Angeles-MIDI/LOCAL_LAMDA/Local_Lamda_midi/midi_guide/effe98bd7c3bad29/song_package.yaml,gold,0.7875433070866132,0.01732283464566929
f01cfb4addbe21f1,data/Los-Angeles-MIDI/LOCAL_LAMDA/Local_Lamda_midi/midi_guide/f01cfb4addbe21f1/song_package.yaml,gold,0.8183333333333337,0.04411764705882353
f027856ea12ec25e,data/Los-Angeles-MIDI/LOCAL_LAMDA/Local_Lamda_midi/midi_guide/f027856ea12ec25e/song_package.yaml,silver,0.6513529411764726,0.2607843137254902
f039ac29b581a496,data/Los-Angeles-MIDI/LOCAL_LAMDA/Local_Lamda_midi/midi_guide/f039ac29b581a496/song_package.yaml,silver,0.488191721132898,0.3311546840958606
f0a1f5bded7a4410,data/Los-Angeles-MIDI/LOCAL_LAMDA/Local_Lamda_midi/midi_guide/f0a1f5bded7a4410/song_package.yaml,gold,0.8459943181818186,0.03125
f0ec2edf840f4b46,data/Los-Angeles-MIDI/LOCAL_LAMDA/Local_Lamda_midi/midi_guide/f0ec2edf840f4b46/song_package.yaml,gold,0.77561797752809,0.11235955056179775
f0d361c04b41e899,data/Los-Angeles-MIDI/LOCAL_LAMDA/Local_Lamda_midi/midi_guide/f0d361c04b41e899/song_package.yaml,gold,0.7525181598062937,0.15980629539951574
f0bdad64c37ff58a,data/Los-Angeles-MIDI/LOCAL_LAMDA/Local_Lamda_midi/midi_guide/f0bdad64c37ff58a/song_package.yaml,gold,0.8343589743589734,0.02849002849002849
f0523823bb34ac50,data/Los-Angeles-MIDI/LOCAL_LAMDA/Local_Lamda_midi/midi_guide/f0523823bb34ac50/song_package.yaml,gold,0.7367139959432053,0.02231237322515213
f0d701e6a734ae9f,data/Los-Angeles-MIDI/LOCAL_LAMDA/Local_Lamda_midi/midi_guide/f0d701e6a734ae9f/song_package.yaml,silver,0.7239732142857154,0.20535714285714285
f0d8b77c527a7cf6,data/Los-Angeles-MIDI/LOCAL_LAMDA/Local_Lamda_midi/midi_guide/f0d8b77c527a7cf6/song_package.yaml,gold,0.827359050445104,0.032640949554896145
f13e1f23d747ab51,data/Los-Angeles-MIDI/LOCAL_LAMDA/Local_Lamda_midi/midi_guide/f13e1f23d747ab51/song_package.yaml,gold,0.8031102362204723,0.011811023622047244
f165f6466dbb3d79,data/Los-Angeles-MIDI/LOCAL_LAMDA/Local_Lamda_midi/midi_guide/f165f6466dbb3d79/song_package.yaml,silver,0.48341463414634017,0.18292682926829268
f197561de46410c7,data/Los-Angeles-MIDI/LOCAL_LAMDA/Local_Lamda_midi/midi_guide/f197561de46410c7/song_package.yaml,gold,0.6369230769230767,0.03076923076923077
f1649f38b25d51c6,data/Los-Angeles-MIDI/LOCAL_LAMDA/Local_Lamda_midi/midi_guide/f1649f38b25d51c6/song_package.yaml,gold,0.8220967741935492,0.008064516129032258
f1750ebf9cfffbbd,data/Los-Angeles-MIDI/LOCAL_LAMDA/Local_Lamda_midi/midi_guide/f1750ebf9cfffbbd/song_package.yaml,gold,0.8125078369905967,0.0
f20b7652b8b68a70,data/Los-Angeles-MIDI/LOCAL_LAMDA/Local_Lamda_midi/midi_guide/f20b7652b8b68a70/song_package.yaml,gold,0.8024783861671471,0.02881844380403458
f25a9ebc937a0f7d,data/Los-Angeles-MIDI/LOCAL_LAMDA/Local_Lamda_midi/midi_guide/f25a9ebc937a0f7d/song_package.yaml,silver,0.4276190476190476,0.38095238095238093
f173502c7c3aaed6,data/Los-Angeles-MIDI/LOCAL_LAMDA/Local_Lamda_midi/midi_guide/f173502c7c3aaed6/song_package.yaml,gold,0.5739393939393924,0.03282828282828283
f3336e19e48f52b2,data/Los-Angeles-MIDI/LOCAL_LAMDA/Local_Lamda_midi/midi_guide/f3336e19e48f52b2/song_package.yaml,gold,0.6746819338422398,0.19338422391857507
f2b2438112c06b9d,data/Los-Angeles-MIDI/LOCAL_LAMDA/Local_Lamda_midi/midi_guide/f2b2438112c06b9d/song_package.yaml,gold,0.8382539682539697,0.04126984126984127
f3bd794490aa0f6f,data/Los-Angeles-MIDI/LOCAL_LAMDA/Local_Lamda_midi/midi_guide/f3bd794490aa0f6f/song_package.yaml,silver,0.5632467532467536,0.33766233766233766
f2dab0be131f58ea,data/Los-Angeles-MIDI/LOCAL_LAMDA/Local_Lamda_midi/midi_guide/f2dab0be131f58ea/song_package.yaml,gold,0.5640590405904055,0.16605166051660517
f3ae24a973d792e8,data/Los-Angeles-MIDI/LOCAL_LAMDA/Local_Lamda_midi/midi_guide/f3ae24a973d792e8/song_package.yaml,gold,0.643906976744187,0.19767441860465115
f3c3b4c745c4a235,data/Los-Angeles-MIDI/LOCAL_LAMDA/Local_Lamda_midi/midi_guide/f3c3b4c745c4a235/song_package.yaml,gold,0.8436423841059592,0.09050772626931568
f3e72b772f48936a,data/Los-Angeles-MIDI/LOCAL_LAMDA/Local_Lamda_midi/midi_guide/f3e72b772f48936a/song_package.yaml,gold,0.8524934383202099,0.015748031496062992
f3e6e72084211f45,data/Los-Angeles-MIDI/LOCAL_LAMDA/Local_Lamda_midi/midi_guide/f3e6e72084211f45/song_package.yaml,gold,0.7258205689277898,0.13347921225382933
f4398549be3e531e,data/Los-Angeles-MIDI/LOCAL_LAMDA/Local_Lamda_midi/midi_guide/f4398549be3e531e/song_package.yaml,silver,0.6771976401179925,0.336283185840708
f4121700a4b92c0f,data/Los-Angeles-MIDI/LOCAL_LAMDA/Local_Lamda_midi/midi_guide/f4121700a4b92c0f/song_package.yaml,gold,0.7412608695652173,0.07608695652173914
f447952c0eaadcc5,data/Los-Angeles-MIDI/LOCAL_LAMDA/Local_Lamda_midi/midi_guide/f447952c0eaadcc5/song_package.yaml,gold,0.8523834196891195,0.02849740932642487
f4461fc66f51f2a2,data/Los-Angeles-MIDI/LOCAL_LAMDA/Local_Lamda_midi/midi_guide/f4461fc66f51f2a2/song_package.yaml,silver,0.6077500000000007,0.30625
f48e3909443823f5,data/Los-Angeles-MIDI/LOCAL_LAMDA/Local_Lamda_midi/midi_guide/f48e3909443823f5/song_package.yaml,gold,0.5255411255411256,0.017316017316017316
f452711ffd15290a,data/Los-Angeles-MIDI/LOCAL_LAMDA/Local_Lamda_midi/midi_guide/f452711ffd15290a/song_package.yaml,gold,0.8112342569269522,0.0
f484652178226901,data/Los-Angeles-MIDI/LOCAL_LAMDA/Local_Lamda_midi/midi_guide/f484652178226901/song_package.yaml,gold,0.7485193621867877,0.11389521640091116
f535d9e6362a2a2a,data/Los-Angeles-MIDI/LOCAL_LAMDA/Local_Lamda_midi/midi_guide/f535d9e6362a2a2a/song_package.yaml,gold,0.8475833333333339,0.016666666666666666
f5a77545a56198b6,data/Los-Angeles-MIDI/LOCAL_LAMDA/Local_Lamda_midi/midi_guide/f5a77545a56198b6/song_package.yaml,gold,0.650666666666666,0.15555555555555556
f53490438afd2215,data/Los-Angeles-MIDI/LOCAL_LAMDA/Local_Lamda_midi/midi_guide/f53490438afd2215/song_package.yaml,gold,0.7415337423312848,0.05521472392638037
f5b54d41d7c1e770,data/Los-Angeles-MIDI/LOCAL_LAMDA/Local_Lamda_midi/midi_guide/f5b54d41d7c1e770/song_package.yaml,gold,0.7322222222222216,0.018912529550827423
f56da875357be0b9,data/Los-Angeles-MIDI/LOCAL_LAMDA/Local_Lamda_midi/midi_guide/f56da875357be0b9/song_package.yaml,gold,0.7539917695473248,0.012345679012345678
f624482930723e48,data/Los-Angeles-MIDI/LOCAL_LAMDA/Local_Lamda_midi/midi_guide/f624482930723e48/song_package.yaml,gold,0.6490510948905114,0.0535279805352798
f65e8633f3486280,data/Los-Angeles-MIDI/LOCAL_LAMDA/Local_Lamda_midi/midi_guide/f65e8633f3486280/song_package.yaml,gold,0.7899264705882352,0.08088235294117647
f657cec3845bdb68,data/Los-Angeles-MIDI/LOCAL_LAMDA/Local_Lamda_midi/midi_guide/f657cec3845bdb68/song_package.yaml,gold,0.7682900432900427,0.170995670995671
f68187b1488d4c16,data/Los-Angeles-MIDI/LOCAL_LAMDA/Local_Lamda_midi/midi_guide/f68187b1488d4c16/song_package.yaml,gold,0.8332044198895036,0.024861878453038673
f6211709f960f29c,data/Los-Angeles-MIDI/LOCAL_LAMDA/Local_Lamda_midi/midi_guide/f6211709f960f29c/song_package.yaml,gold,0.8417708333333335,0.020833333333333332
f62d9c675499b090,data/Los-Angeles-MIDI/LOCAL_LAMDA/Local_Lamda_midi/midi_guide/f62d9c675499b090/song_package.yaml,gold,0.8204958677685946,0.04132231404958678
f6abcd36f7dd7ede,data/Los-Angeles-MIDI/LOCAL_LAMDA/Local_Lamda_midi/midi_guide/f6abcd36f7dd7ede/song_package.yaml,silver,0.6571034482758619,0.20689655172413793
f69947e2cf0fa116,data/Los-Angeles-MIDI/LOCAL_LAMDA/Local_Lamda_midi/midi_guide/f69947e2cf0fa116/song_package.yaml,silver,0.5142639593908624,0.3401015228426396
f6ab7bc73c9be39b,data/Los-Angeles-MIDI/LOCAL_LAMDA/Local_Lamda_midi/midi_guide/f6ab7bc73c9be39b/song_package.yaml,gold,0.5494392523364484,0.0
f69f9805736c0ce7,data/Los-Angeles-MIDI/LOCAL_LAMDA/Local_Lamda_midi/midi_guide/f69f9805736c0ce7/song_package.yaml,gold,0.8140519480519492,0.033766233766233764
f6f6b48f62948a8e,data/Los-Angeles-MIDI/LOCAL_LAMDA/Local_Lamda_midi/midi_guide/f6f6b48f62948a8e/song_package.yaml,gold,0.6950282485875707,0.04519774011299435
f6c565af5ec9da53,data/Los-Angeles-MIDI/LOCAL_LAMDA/Local_Lamda_midi/midi_guide/f6c565af5ec9da53/song_package.yaml,gold,0.8163972286374134,0.09006928406466513
f6d7fdaa02b9173e,data/Los-Angeles-MIDI/LOCAL_LAMDA/Local_Lamda_midi/midi_guide/f6d7fdaa02b9173e/song_package.yaml,gold,0.7340292275574118,0.0020876826722338203
f6769f1c2e18d2a2,data/Los-Angeles-MIDI/LOCAL_LAMDA/Local_Lamda_midi/midi_guide/f6769f1c2e18d2a2/song_package.yaml,gold,0.8244767441860459,0.011627906976744186
f714783b3dea1362,data/Los-Angeles-MIDI/LOCAL_LAMDA/Local_Lamda_midi/midi_guide/f714783b3dea1362/song_package.yaml,gold,0.6192506459948318,0.007751937984496124
f7245b1134eb8ada,data/Los-Angeles-MIDI/LOCAL_LAMDA/Local_Lamda_midi/midi_guide/f7245b1134eb8ada/song_package.yaml,gold,0.8789655172413791,0.003134796238244514
f7294bd0d79edf5e,data/Los-Angeles-MIDI/LOCAL_LAMDA/Local_Lamda_midi/midi_guide/f7294bd0d79edf5e/song_package.yaml,gold,0.7386926605504569,0.13073394495412843
f7eab6bc4b6927fa,data/Los-Angeles-MIDI/LOCAL_LAMDA/Local_Lamda_midi/midi_guide/f7eab6bc4b6927fa/song_package.yaml,gold,0.8960458452722065,0.0057306590257879654
f7f33b229f646a40,data/Los-Angeles-MIDI/LOCAL_LAMDA/Local_Lamda_midi/midi_guide/f7f33b229f646a40/song_package.yaml,gold,0.7526287262872634,0.07588075880758807
f81d803782b15e0e,data/Los-Angeles-MIDI/LOCAL_LAMDA/Local_Lamda_midi/midi_guide/f81d803782b15e0e/song_package.yaml,silver,0.45423664122137375,0.3320610687022901
f863c65b1bf62aac,data/Los-Angeles-MIDI/LOCAL_LAMDA/Local_Lamda_midi/midi_guide/f863c65b1bf62aac/song_package.yaml,gold,0.526367713004484,0.17488789237668162
f868ef081fd42188,data/Los-Angeles-MIDI/LOCAL_LAMDA/Local_Lamda_midi/midi_guide/f868ef081fd42188/song_package.yaml,silver,0.5907453416149069,0.35403726708074534
f9015c6ea25da63f,data/Los-Angeles-MIDI/LOCAL_LAMDA/Local_Lamda_midi/midi_guide/f9015c6ea25da63f/song_package.yaml,silver,0.4592682926829268,0.1951219512195122
f881d24c647d9f64,data/Los-Angeles-MIDI/LOCAL_LAMDA/Local_Lamda_midi/midi_guide/f881d24c647d9f64/song_package.yaml,silver,0.6255688622754491,0.3473053892215569
f90b111610ed2c0b,data/Los-Angeles-MIDI/LOCAL_LAMDA/Local_Lamda_midi/midi_guide/f90b111610ed2c0b/song_package.yaml,gold,0.7218691588785043,0.037383177570093455
f8f44d572d20be61,data/Los-Angeles-MIDI/LOCAL_LAMDA/Local_Lamda_midi/midi_guide/f8f44d572d20be61/song_package.yaml,gold,0.8361425061425072,0.002457002457002457
f9032ef871dad878,data/Los-Angeles-MIDI/LOCAL_LAMDA/Local_Lamda_midi/midi_guide/f9032ef871dad878/song_package.yaml,gold,0.7154518072289159,0.04216867469879518
f92742c9a26cb927,data/Los-Angeles-MIDI/LOCAL_LAMDA/Local_Lamda_midi/midi_guide/f92742c9a26cb927/song_package.yaml,silver,0.529812030075188,0.2744360902255639
f99590ea78b667c3,data/Los-Angeles-MIDI/LOCAL_LAMDA/Local_Lamda_midi/midi_guide/f99590ea78b667c3/song_package.yaml,gold,0.8309912536443146,0.05830903790087463
f93e1df4ff195aa1,data/Los-Angeles-MIDI/LOCAL_LAMDA/Local_Lamda_midi/midi_guide/f93e1df4ff195aa1/song_package.yaml,gold,0.8788010204081643,0.02040816326530612
f93eccd2e2e7e89f,data/Los-Angeles-MIDI/LOCAL_LAMDA/Local_Lamda_midi/midi_guide/f93eccd2e2e7e89f/song_package.yaml,gold,0.8412982456140358,0.0456140350877193
f96fda099a644c86,data/Los-Angeles-MIDI/LOCAL_LAMDA/Local_Lamda_midi/midi_guide/f96fda099a644c86/song_package.yaml,gold,0.6865562913907282,0.07947019867549669
f965d9dd09dc2803,data/Los-Angeles-MIDI/LOCAL_LAMDA/Local_Lamda_midi/midi_guide/f965d9dd09dc2803/song_package.yaml,gold,0.8496808510638303,0.03900709219858156
f99ee9c0368d39d4,data/Los-Angeles-MIDI/LOCAL_LAMDA/Local_Lamda_midi/midi_guide/f99ee9c0368d39d4/song_package.yaml,gold,0.8209198813056374,0.05934718100890208
f9a7b006743dea54,data/Los-Angeles-MIDI/LOCAL_LAMDA/Local_Lamda_midi/midi_guide/f9a7b006743dea54/song_package.yaml,silver,0.6726847290640393,0.22660098522167488
f9b5b415feb74dbd,data/Los-Angeles-MIDI/LOCAL_LAMDA/Local_Lamda_midi/midi_guide/f9b5b415feb74dbd/song_package.yaml,gold,0.6762893081761,0.03459119496855346
f9c1795b5941cc1f,data/Los-Angeles-MIDI/LOCAL_LAMDA/Local_Lamda_midi/midi_guide/f9c1795b5941cc1f/song_package.yaml,gold,0.5305769230769232,0.028846153846153848
f9dbdc1a8f3431f2,data/Los-Angeles-MIDI/LOCAL_LAMDA/Local_Lamda_midi/midi_guide/f9dbdc1a8f3431f2/song_package.yaml,gold,0.6813043478260874,0.18414322250639387
f9b78e006ffd98e4,data/Los-Angeles-MIDI/LOCAL_LAMDA/Local_Lamda_midi/midi_guide/f9b78e006ffd98e4/song_package.yaml,silver,0.5460499999999998,0.26
f9fe6a9ccf6f478f,data/Los-Angeles-MIDI/LOCAL_LAMDA/Local_Lamda_midi/midi_guide/f9fe6a9ccf6f478f/song_package.yaml,gold,0.6303144654088051,0.0
fa70231f75c4d4e6,data/Los-Angeles-MIDI/LOCAL_LAMDA/Local_Lamda_midi/midi_guide/fa70231f75c4d4e6/song_package.yaml,gold,0.7301843317972351,0.041474654377880185
fab844bafad77b4d,data/Los-Angeles-MIDI/LOCAL_LAMDA/Local_Lamda_midi/midi_guide/fab844bafad77b4d/song_package.yaml,silver,0.5915810276679846,0.2134387351778656
faf6079d0c6b4362,data/Los-Angeles-MIDI/LOCAL_LAMDA/Local_Lamda_midi/midi_guide/faf6079d0c6b4362/song_package.yaml,silver,0.4767003367003366,0.3333333333333333
fafd09e326716af6,data/Los-Angeles-MIDI/LOCAL_LAMDA/Local_Lamda_midi/midi_guide/fafd09e326716af6/song_package.yaml,silver,0.6056223175965667,0.26609442060085836
faa14741c36f6f57,data/Los-Angeles-MIDI/LOCAL_LAMDA/Local_Lamda_midi/midi_guide/faa14741c36f6f57/song_package.yaml,gold,0.8424044943820227,0.006741573033707865
fb0730132ba631eb,data/Los-Angeles-MIDI/LOCAL_LAMDA/Local_Lamda_midi/midi_guide/fb0730132ba631eb/song_package.yaml,gold,0.8431297709923673,0.04071246819338423
fb62a4b0cf3145f7,data/Los-Angeles-MIDI/LOCAL_LAMDA/Local_Lamda_midi/midi_guide/fb62a4b0cf3145f7/song_package.yaml,silver,0.4896264367816092,0.3132183908045977
fb9e9437996d2ee4,data/Los-Angeles-MIDI/LOCAL_LAMDA/Local_Lamda_midi/midi_guide/fb9e9437996d2ee4/song_package.yaml,silver,0.7259707724425861,0.21294363256784968
fc020115bad466dc,data/Los-Angeles-MIDI/LOCAL_LAMDA/Local_Lamda_midi/midi_guide/fc020115bad466dc/song_package.yaml,silver,0.5371875000000004,0.234375
fb434ac3726ca1f7,data/Los-Angeles-MIDI/LOCAL_LAMDA/Local_Lamda_midi/midi_guide/fb434ac3726ca1f7/song_package.yaml,gold,0.8668449197860976,0.008021390374331552
fbdc55470bbd9adf,data/Los-Angeles-MIDI/LOCAL_LAMDA/Local_Lamda_midi/midi_guide/fbdc55470bbd9adf/song_package.yaml,silver,0.5384331797235026,0.2903225806451613
fc068b338b9c94f1,data/Los-Angeles-MIDI/LOCAL_LAMDA/Local_Lamda_midi/midi_guide/fc068b338b9c94f1/song_package.yaml,gold,0.5471684587813614,0.08602150537634409
fbcd7240d55a874a,data/Los-Angeles-MIDI/LOCAL_LAMDA/Local_Lamda_midi/midi_guide/fbcd7240d55a874a/song_package.yaml,silver,0.5860362694300512,0.36787564766839376
fcbdc5df18f41816,data/Los-Angeles-MIDI/LOCAL_LAMDA/Local_Lamda_midi/midi_guide/fcbdc5df18f41816/song_package.yaml,silver,0.6285512367491158,0.392226148409894
fc8b1af1bbdebad7,data/Los-Angeles-MIDI/LOCAL_LAMDA/Local_Lamda_midi/midi_guide/fc8b1af1bbdebad7/song_package.yaml,silver,0.4981159420289859,0.32463768115942027
fc832801186edcc2,data/Los-Angeles-MIDI/LOCAL_LAMDA/Local_Lamda_midi/midi_guide/fc832801186edcc2/song_package.yaml,silver,0.6366921898928012,0.25880551301684535
fcd9ba4a7a3d6320,data/Los-Angeles-MIDI/LOCAL_LAMDA/Local_Lamda_midi/midi_guide/fcd9ba4a7a3d6320/song_package.yaml,gold,0.7739682539682534,0.006349206349206349
fd175e4c65f8457f,data/Los-Angeles-MIDI/LOCAL_LAMDA/Local_Lamda_midi/midi_guide/fd175e4c65f8457f/song_package.yaml,gold,0.78435,0.02
fd2e8e522f088742,data/Los-Angeles-MIDI/LOCAL_LAMDA/Local_Lamda_midi/midi_guide/fd2e8e522f088742/song_package.yaml,gold,0.7479040404040401,0.047979797979797977
fc51f3491a3667a3,data/Los-Angeles-MIDI/LOCAL_LAMDA/Local_Lamda_midi/midi_guide/fc51f3491a3667a3/song_package.yaml,gold,0.8267021276595756,0.034574468085106384
fd316083e37000fc,data/Los-Angeles-MIDI/LOCAL_LAMDA/Local_Lamda_midi/midi_guide/fd316083e37000fc/song_package.yaml,gold,0.7148275862068976,0.10837438423645321
fd3cdbe691c4f6b3,data/Los-Angeles-MIDI/LOCAL_LAMDA/Local_Lamda_midi/midi_guide/fd3cdbe691c4f6b3/song_package.yaml,gold,0.6996969696969697,0.007575757575757576
fd5939910996989f,data/Los-Angeles-MIDI/LOCAL_LAMDA/Local_Lamda_midi/midi_guide/fd5939910996989f/song_package.yaml,silver,0.5811379310344832,0.2827586206896552
fc26a463a6c70a08,data/Los-Angeles-MIDI/LOCAL_LAMDA/Local_Lamda_midi/midi_guide/fc26a463a6c70a08/song_package.yaml,gold,0.7892132505175988,0.07039337474120083
fd67a78cbcbaf2fd,data/Los-Angeles-MIDI/LOCAL_LAMDA/Local_Lamda_midi/midi_guide/fd67a78cbcbaf2fd/song_package.yaml,gold,0.594345047923323,0.12779552715654952
fd5dc8593739705c,data/Los-Angeles-MIDI/LOCAL_LAMDA/Local_Lamda_midi/midi_guide/fd5dc8593739705c/song_package.yaml,gold,0.7777291666666665,0.10625
fd7b80745f9a69c7,data/Los-Angeles-MIDI/LOCAL_LAMDA/Local_Lamda_midi/midi_guide/fd7b80745f9a69c7/song_package.yaml,gold,0.8880049261083744,0.012315270935960592
fdbc4873c3bb870d,data/Los-Angeles-MIDI/LOCAL_LAMDA/Local_Lamda_midi/midi_guide/fdbc4873c3bb870d/song_package.yaml,gold,0.8350276243093927,0.013812154696132596
fdbfd2f08d214cfd,data/Los-Angeles-MIDI/LOCAL_LAMDA/Local_Lamda_midi/midi_guide/fdbfd2f08d214cfd/song_package.yaml,gold,0.8080821917808221,0.01643835616438356
fdb440d88e6047e5,data/Los-Angeles-MIDI/LOCAL_LAMDA/Local_Lamda_midi/midi_guide/fdb440d88e6047e5/song_package.yaml,gold,0.6817253121452912,0.0011350737797956867
fdc3420d2157fb4c,data/Los-Angeles-MIDI/LOCAL_LAMDA/Local_Lamda_midi/midi_guide/fdc3420d2157fb4c/song_package.yaml,silver,0.5780634920634931,0.33650793650793653
fdd761aafb06cd94,data/Los-Angeles-MIDI/LOCAL_LAMDA/Local_Lamda_midi/midi_guide/fdd761aafb06cd94/song_package.yaml,silver,0.47980830670926594,0.3738019169329074
fe3547cc4e902a21,data/Los-Angeles-MIDI/LOCAL_LAMDA/Local_Lamda_midi/midi_guide/fe3547cc4e902a21/song_package.yaml,gold,0.7720195439739403,0.06514657980456026
fdc95c98c90811af,data/Los-Angeles-MIDI/LOCAL_LAMDA/Local_Lamda_midi/midi_guide/fdc95c98c90811af/song_package.yaml,gold,0.829090909090911,0.0
fe53c9995520781b,data/Los-Angeles-MIDI/LOCAL_LAMDA/Local_Lamda_midi/midi_guide/fe53c9995520781b/song_package.yaml,gold,0.6463585434173661,0.19887955182072828
feb1598b5316d1e0,data/Los-Angeles-MIDI/LOCAL_LAMDA/Local_Lamda_midi/midi_guide/feb1598b5316d1e0/song_package.yaml,gold,0.7875906735751297,0.10103626943005181
fe49c54d2a007798,data/Los-Angeles-MIDI/LOCAL_LAMDA/Local_Lamda_midi/midi_guide/fe49c54d2a007798/song_package.yaml,silver,0.6247506561679788,0.2152230971128609
fec67c858f35f1ac,data/Los-Angeles-MIDI/LOCAL_LAMDA/Local_Lamda_midi/midi_guide/fec67c858f35f1ac/song_package.yaml,gold,0.8575616438356156,0.010958904109589041
fecfc29e62e3274a,data/Los-Angeles-MIDI/LOCAL_LAMDA/Local_Lamda_midi/midi_guide/fecfc29e62e3274a/song_package.yaml,gold,0.5453994490358128,0.0027548209366391185
fe4b70b21faed175,data/Los-Angeles-MIDI/LOCAL_LAMDA/Local_Lamda_midi/midi_guide/fe4b70b21faed175/song_package.yaml,gold,0.7791252955082737,0.004728132387706856
fed73df7e3e9e28f,data/Los-Angeles-MIDI/LOCAL_LAMDA/Local_Lamda_midi/midi_guide/fed73df7e3e9e28f/song_package.yaml,gold,0.7848394004282655,0.09421841541755889
fee752cdb341f6ae,data/Los-Angeles-MIDI/LOCAL_LAMDA/Local_Lamda_midi/midi_guide/fee752cdb341f6ae/song_package.yaml,gold,0.7535315315315334,0.16576576576576577
fef6a8e7f81ddced,data/Los-Angeles-MIDI/LOCAL_LAMDA/Local_Lamda_midi/midi_guide/fef6a8e7f81ddced/song_package.yaml,gold,0.8568502202643176,0.00881057268722467
ff126847066e7971,data/Los-Angeles-MIDI/LOCAL_LAMDA/Local_Lamda_midi/midi_guide/ff126847066e7971/song_package.yaml,gold,0.6530769230769231,0.15384615384615385
fe072b11472ad9b8,data/Los-Angeles-MIDI/LOCAL_LAMDA/Local_Lamda_midi/midi_guide/fe072b11472ad9b8/song_package.yaml,gold,0.7078644763860367,0.004106776180698152
ff57515a9cc8bcd0,data/Los-Angeles-MIDI/LOCAL_LAMDA/Local_Lamda_midi/midi_guide/ff57515a9cc8bcd0/song_package.yaml,silver,0.5818015665796351,0.2193211488250653
ff36e2a46852b94b,data/Los-Angeles-MIDI/LOCAL_LAMDA/Local_Lamda_midi/midi_guide/ff36e2a46852b94b/song_package.yaml,gold,0.5753050847457626,0.07966101694915254
ff83240e30679abd,data/Los-Angeles-MIDI/LOCAL_LAMDA/Local_Lamda_midi/midi_guide/ff83240e30679abd/song_package.yaml,silver,0.43282700421941017,0.3755274261603376
ffbca0ba038aebe6,data/Los-Angeles-MIDI/LOCAL_LAMDA/Local_Lamda_midi/midi_guide/ffbca0ba038aebe6/song_package.yaml,gold,0.7234745762711862,0.046610169491525424
ffbea9c0d1a00e85,data/Los-Angeles-MIDI/LOCAL_LAMDA/Local_Lamda_midi/midi_guide/ffbea9c0d1a00e85/song_package.yaml,silver,0.41828571428571454,0.2857142857142857
ffad9a0faa3902bc,data/Los-Angeles-MIDI/LOCAL_LAMDA/Local_Lamda_midi/midi_guide/ffad9a0faa3902bc/song_package.yaml,gold,0.8113994169096205,0.061224489795918366
ffc04fb5f5a4979e,data/Los-Angeles-MIDI/LOCAL_LAMDA/Local_Lamda_midi/midi_guide/ffc04fb5f5a4979e/song_package.yaml,gold,0.7567519181585675,0.1815856777493606
fff9a2de016f7026,data/Los-Angeles-MIDI/LOCAL_LAMDA/Local_Lamda_midi/midi_guide/fff9a2de016f7026/song_package.yaml,silver,0.4704325699745555,0.3511450381679389
