2025-10-26 14:05:01 [INFO] Loaded 2104 Gold/Silver songs from QA report
2025-10-26 14:05:01 [INFO]   Gold: 1669, Silver: 435
2025-10-26 14:05:01 [INFO] Backed up existing package to data/Los-Angeles-MIDI/LOCAL_LAMDA/Local_Lamda_midi/midi_guide/0033461d8b877d3d/song_package.yaml.bak
2025-10-26 14:05:01 [INFO] ✓ Created: data/Los-Angeles-MIDI/LOCAL_LAMDA/Local_Lamda_midi/midi_guide/0033461d8b877d3d/song_package.yaml
2025-10-26 14:05:01 [INFO] Backed up existing package to data/Los-Angeles-MIDI/LOCAL_LAMDA/Local_Lamda_midi/midi_guide/004677bb4446ee2b/song_package.yaml.bak
2025-10-26 14:05:01 [INFO] ✓ Created: data/Los-Angeles-MIDI/LOCAL_LAMDA/Local_Lamda_midi/midi_guide/004677bb4446ee2b/song_package.yaml
2025-10-26 14:05:01 [INFO] Backed up existing package to data/Los-Angeles-MIDI/LOCAL_LAMDA/Local_Lamda_midi/midi_guide/00101b2d2f01f814/song_package.yaml.bak
2025-10-26 14:05:01 [INFO] ✓ Created: data/Los-Angeles-MIDI/LOCAL_LAMDA/Local_Lamda_midi/midi_guide/00101b2d2f01f814/song_package.yaml
2025-10-26 14:05:01 [INFO] Backed up existing package to data/Los-Angeles-MIDI/LOCAL_LAMDA/Local_Lamda_midi/midi_guide/00181439f65d43ff/song_package.yaml.bak
2025-10-26 14:05:01 [INFO] ✓ Created: data/Los-Angeles-MIDI/LOCAL_LAMDA/Local_Lamda_midi/midi_guide/00181439f65d43ff/song_package.yaml
2025-10-26 14:05:02 [INFO] Backed up existing package to data/Los-Angeles-MIDI/LOCAL_LAMDA/Local_Lamda_midi/midi_guide/0050f9a4cbb9c8f0/song_package.yaml.bak
2025-10-26 14:05:02 [INFO] ✓ Created: data/Los-Angeles-MIDI/LOCAL_LAMDA/Local_Lamda_midi/midi_guide/0050f9a4cbb9c8f0/song_package.yaml
2025-10-26 14:05:02 [INFO] Backed up existing package to data/Los-Angeles-MIDI/LOCAL_LAMDA/Local_Lamda_midi/midi_guide/0057b96738675aef/song_package.yaml.bak
2025-10-26 14:05:02 [INFO] ✓ Created: data/Los-Angeles-MIDI/LOCAL_LAMDA/Local_Lamda_midi/midi_guide/0057b96738675aef/song_package.yaml
2025-10-26 14:05:02 [INFO] Backed up existing package to data/Los-Angeles-MIDI/LOCAL_LAMDA/Local_Lamda_midi/midi_guide/00c75c11d27b9a33/song_package.yaml.bak
2025-10-26 14:05:02 [INFO] ✓ Created: data/Los-Angeles-MIDI/LOCAL_LAMDA/Local_Lamda_midi/midi_guide/00c75c11d27b9a33/song_package.yaml
2025-10-26 14:05:02 [INFO] Backed up existing package to data/Los-Angeles-MIDI/LOCAL_LAMDA/Local_Lamda_midi/midi_guide/00e97f124858a5fb/song_package.yaml.bak
2025-10-26 14:05:02 [INFO] ✓ Created: data/Los-Angeles-MIDI/LOCAL_LAMDA/Local_Lamda_midi/midi_guide/00e97f124858a5fb/song_package.yaml
2025-10-26 14:05:02 [INFO] Backed up existing package to data/Los-Angeles-MIDI/LOCAL_LAMDA/Local_Lamda_midi/midi_guide/00b4078dff936c88/song_package.yaml.bak
2025-10-26 14:05:02 [INFO] ✓ Created: data/Los-Angeles-MIDI/LOCAL_LAMDA/Local_Lamda_midi/midi_guide/00b4078dff936c88/song_package.yaml
2025-10-26 14:05:02 [INFO] Backed up existing package to data/Los-Angeles-MIDI/LOCAL_LAMDA/Local_Lamda_midi/midi_guide/00a4a346f9ddc086/song_package.yaml.bak
2025-10-26 14:05:02 [INFO] ✓ Created: data/Los-Angeles-MIDI/LOCAL_LAMDA/Local_Lamda_midi/midi_guide/00a4a346f9ddc086/song_package.yaml
2025-10-26 14:05:02 [INFO] Backed up existing package to data/Los-Angeles-MIDI/LOCAL_LAMDA/Local_Lamda_midi/midi_guide/010038c71708e312/song_package.yaml.bak
2025-10-26 14:05:02 [INFO] ✓ Created: data/Los-Angeles-MIDI/LOCAL_LAMDA/Local_Lamda_midi/midi_guide/010038c71708e312/song_package.yaml
2025-10-26 14:05:02 [INFO] Backed up existing package to data/Los-Angeles-MIDI/LOCAL_LAMDA/Local_Lamda_midi/midi_guide/010cc0bb6656b2e0/song_package.yaml.bak
2025-10-26 14:05:02 [INFO] ✓ Created: data/Los-Angeles-MIDI/LOCAL_LAMDA/Local_Lamda_midi/midi_guide/010cc0bb6656b2e0/song_package.yaml
2025-10-26 14:05:02 [INFO] Backed up existing package to data/Los-Angeles-MIDI/LOCAL_LAMDA/Local_Lamda_midi/midi_guide/0130398caf9956ae/song_package.yaml.bak
2025-10-26 14:05:02 [INFO] ✓ Created: data/Los-Angeles-MIDI/LOCAL_LAMDA/Local_Lamda_midi/midi_guide/0130398caf9956ae/song_package.yaml
2025-10-26 14:05:02 [INFO] Backed up existing package to data/Los-Angeles-MIDI/LOCAL_LAMDA/Local_Lamda_midi/midi_guide/0115e8af2722fd10/song_package.yaml.bak
2025-10-26 14:05:02 [INFO] ✓ Created: data/Los-Angeles-MIDI/LOCAL_LAMDA/Local_Lamda_midi/midi_guide/0115e8af2722fd10/song_package.yaml
2025-10-26 14:05:02 [INFO] Backed up existing package to data/Los-Angeles-MIDI/LOCAL_LAMDA/Local_Lamda_midi/midi_guide/014a229cb5165497/song_package.yaml.bak
2025-10-26 14:05:02 [INFO] ✓ Created: data/Los-Angeles-MIDI/LOCAL_LAMDA/Local_Lamda_midi/midi_guide/014a229cb5165497/song_package.yaml
2025-10-26 14:05:02 [INFO] Backed up existing package to data/Los-Angeles-MIDI/LOCAL_LAMDA/Local_Lamda_midi/midi_guide/014328074e5b4d2f/song_package.yaml.bak
2025-10-26 14:05:02 [INFO] ✓ Created: data/Los-Angeles-MIDI/LOCAL_LAMDA/Local_Lamda_midi/midi_guide/014328074e5b4d2f/song_package.yaml
2025-10-26 14:05:02 [INFO] Backed up existing package to data/Los-Angeles-MIDI/LOCAL_LAMDA/Local_Lamda_midi/midi_guide/016e36c19b566253/song_package.yaml.bak
2025-10-26 14:05:02 [INFO] ✓ Created: data/Los-Angeles-MIDI/LOCAL_LAMDA/Local_Lamda_midi/midi_guide/016e36c19b566253/song_package.yaml
2025-10-26 14:05:02 [INFO] Backed up existing package to data/Los-Angeles-MIDI/LOCAL_LAMDA/Local_Lamda_midi/midi_guide/017c5ad061cd03c2/song_package.yaml.bak
2025-10-26 14:05:02 [INFO] ✓ Created: data/Los-Angeles-MIDI/LOCAL_LAMDA/Local_Lamda_midi/midi_guide/017c5ad061cd03c2/song_package.yaml
2025-10-26 14:05:02 [INFO] Backed up existing package to data/Los-Angeles-MIDI/LOCAL_LAMDA/Local_Lamda_midi/midi_guide/015b521c466b4714/song_package.yaml.bak
2025-10-26 14:05:02 [INFO] ✓ Created: data/Los-Angeles-MIDI/LOCAL_LAMDA/Local_Lamda_midi/midi_guide/015b521c466b4714/song_package.yaml
2025-10-26 14:05:02 [INFO] Backed up existing package to data/Los-Angeles-MIDI/LOCAL_LAMDA/Local_Lamda_midi/midi_guide/018b188de1a29ea6/song_package.yaml.bak
2025-10-26 14:05:02 [INFO] ✓ Created: data/Los-Angeles-MIDI/LOCAL_LAMDA/Local_Lamda_midi/midi_guide/018b188de1a29ea6/song_package.yaml
2025-10-26 14:05:02 [INFO] Backed up existing package to data/Los-Angeles-MIDI/LOCAL_LAMDA/Local_Lamda_midi/midi_guide/01ac2076d5a09ff7/song_package.yaml.bak
2025-10-26 14:05:02 [INFO] ✓ Created: data/Los-Angeles-MIDI/LOCAL_LAMDA/Local_Lamda_midi/midi_guide/01ac2076d5a09ff7/song_package.yaml
2025-10-26 14:05:02 [INFO] Backed up existing package to data/Los-Angeles-MIDI/LOCAL_LAMDA/Local_Lamda_midi/midi_guide/01dc657890f9c6f0/song_package.yaml.bak
2025-10-26 14:05:02 [INFO] ✓ Created: data/Los-Angeles-MIDI/LOCAL_LAMDA/Local_Lamda_midi/midi_guide/01dc657890f9c6f0/song_package.yaml
2025-10-26 14:05:02 [INFO] Backed up existing package to data/Los-Angeles-MIDI/LOCAL_LAMDA/Local_Lamda_midi/midi_guide/01eb2d2b8a4d0b45/song_package.yaml.bak
2025-10-26 14:05:02 [INFO] ✓ Created: data/Los-Angeles-MIDI/LOCAL_LAMDA/Local_Lamda_midi/midi_guide/01eb2d2b8a4d0b45/song_package.yaml
2025-10-26 14:05:02 [INFO] Backed up existing package to data/Los-Angeles-MIDI/LOCAL_LAMDA/Local_Lamda_midi/midi_guide/0218c75e7027b36a/song_package.yaml.bak
2025-10-26 14:05:02 [INFO] ✓ Created: data/Los-Angeles-MIDI/LOCAL_LAMDA/Local_Lamda_midi/midi_guide/0218c75e7027b36a/song_package.yaml
2025-10-26 14:05:02 [INFO] Backed up existing package to data/Los-Angeles-MIDI/LOCAL_LAMDA/Local_Lamda_midi/midi_guide/01fd7a08b9830fdd/song_package.yaml.bak
2025-10-26 14:05:02 [INFO] ✓ Created: data/Los-Angeles-MIDI/LOCAL_LAMDA/Local_Lamda_midi/midi_guide/01fd7a08b9830fdd/song_package.yaml
2025-10-26 14:05:02 [INFO] Backed up existing package to data/Los-Angeles-MIDI/LOCAL_LAMDA/Local_Lamda_midi/midi_guide/025fb6cccede5ab0/song_package.yaml.bak
2025-10-26 14:05:02 [INFO] ✓ Created: data/Los-Angeles-MIDI/LOCAL_LAMDA/Local_Lamda_midi/midi_guide/025fb6cccede5ab0/song_package.yaml
2025-10-26 14:05:02 [INFO] Backed up existing package to data/Los-Angeles-MIDI/LOCAL_LAMDA/Local_Lamda_midi/midi_guide/0221cd6e97fb7b0f/song_package.yaml.bak
2025-10-26 14:05:02 [INFO] ✓ Created: data/Los-Angeles-MIDI/LOCAL_LAMDA/Local_Lamda_midi/midi_guide/0221cd6e97fb7b0f/song_package.yaml
2025-10-26 14:05:02 [INFO] Backed up existing package to data/Los-Angeles-MIDI/LOCAL_LAMDA/Local_Lamda_midi/midi_guide/02542b866290d5f2/song_package.yaml.bak
2025-10-26 14:05:02 [INFO] ✓ Created: data/Los-Angeles-MIDI/LOCAL_LAMDA/Local_Lamda_midi/midi_guide/02542b866290d5f2/song_package.yaml
2025-10-26 14:05:02 [INFO] Backed up existing package to data/Los-Angeles-MIDI/LOCAL_LAMDA/Local_Lamda_midi/midi_guide/028a5cc68fc2f359/song_package.yaml.bak
2025-10-26 14:05:02 [INFO] ✓ Created: data/Los-Angeles-MIDI/LOCAL_LAMDA/Local_Lamda_midi/midi_guide/028a5cc68fc2f359/song_package.yaml
2025-10-26 14:05:02 [INFO] Backed up existing package to data/Los-Angeles-MIDI/LOCAL_LAMDA/Local_Lamda_midi/midi_guide/029afbb520c6cd39/song_package.yaml.bak
2025-10-26 14:05:02 [INFO] ✓ Created: data/Los-Angeles-MIDI/LOCAL_LAMDA/Local_Lamda_midi/midi_guide/029afbb520c6cd39/song_package.yaml
2025-10-26 14:05:02 [INFO] Backed up existing package to data/Los-Angeles-MIDI/LOCAL_LAMDA/Local_Lamda_midi/midi_guide/02a51de9333d767f/song_package.yaml.bak
2025-10-26 14:05:02 [INFO] ✓ Created: data/Los-Angeles-MIDI/LOCAL_LAMDA/Local_Lamda_midi/midi_guide/02a51de9333d767f/song_package.yaml
2025-10-26 14:05:02 [INFO] Backed up existing package to data/Los-Angeles-MIDI/LOCAL_LAMDA/Local_Lamda_midi/midi_guide/02e16bf5b619ba14/song_package.yaml.bak
2025-10-26 14:05:02 [INFO] ✓ Created: data/Los-Angeles-MIDI/LOCAL_LAMDA/Local_Lamda_midi/midi_guide/02e16bf5b619ba14/song_package.yaml
2025-10-26 14:05:02 [INFO] Backed up existing package to data/Los-Angeles-MIDI/LOCAL_LAMDA/Local_Lamda_midi/midi_guide/03a338c4446f1967/song_package.yaml.bak
2025-10-26 14:05:02 [INFO] ✓ Created: data/Los-Angeles-MIDI/LOCAL_LAMDA/Local_Lamda_midi/midi_guide/03a338c4446f1967/song_package.yaml
2025-10-26 14:05:02 [INFO] Backed up existing package to data/Los-Angeles-MIDI/LOCAL_LAMDA/Local_Lamda_midi/midi_guide/03a4f84a3e0886b5/song_package.yaml.bak
2025-10-26 14:05:02 [INFO] ✓ Created: data/Los-Angeles-MIDI/LOCAL_LAMDA/Local_Lamda_midi/midi_guide/03a4f84a3e0886b5/song_package.yaml
2025-10-26 14:05:02 [INFO] Backed up existing package to data/Los-Angeles-MIDI/LOCAL_LAMDA/Local_Lamda_midi/midi_guide/03d33cfce84f8a03/song_package.yaml.bak
2025-10-26 14:05:02 [INFO] ✓ Created: data/Los-Angeles-MIDI/LOCAL_LAMDA/Local_Lamda_midi/midi_guide/03d33cfce84f8a03/song_package.yaml
2025-10-26 14:05:02 [INFO] Backed up existing package to data/Los-Angeles-MIDI/LOCAL_LAMDA/Local_Lamda_midi/midi_guide/03e18b15a0a3ae19/song_package.yaml.bak
2025-10-26 14:05:02 [INFO] ✓ Created: data/Los-Angeles-MIDI/LOCAL_LAMDA/Local_Lamda_midi/midi_guide/03e18b15a0a3ae19/song_package.yaml
2025-10-26 14:05:02 [INFO] Backed up existing package to data/Los-Angeles-MIDI/LOCAL_LAMDA/Local_Lamda_midi/midi_guide/042801c8bf0ba8d8/song_package.yaml.bak
2025-10-26 14:05:02 [INFO] ✓ Created: data/Los-Angeles-MIDI/LOCAL_LAMDA/Local_Lamda_midi/midi_guide/042801c8bf0ba8d8/song_package.yaml
2025-10-26 14:05:02 [INFO] Backed up existing package to data/Los-Angeles-MIDI/LOCAL_LAMDA/Local_Lamda_midi/midi_guide/03c912a35a35dda1/song_package.yaml.bak
2025-10-26 14:05:02 [INFO] ✓ Created: data/Los-Angeles-MIDI/LOCAL_LAMDA/Local_Lamda_midi/midi_guide/03c912a35a35dda1/song_package.yaml
2025-10-26 14:05:02 [INFO] Backed up existing package to data/Los-Angeles-MIDI/LOCAL_LAMDA/Local_Lamda_midi/midi_guide/0440c6590f3e86a1/song_package.yaml.bak
2025-10-26 14:05:02 [INFO] ✓ Created: data/Los-Angeles-MIDI/LOCAL_LAMDA/Local_Lamda_midi/midi_guide/0440c6590f3e86a1/song_package.yaml
2025-10-26 14:05:02 [INFO] Backed up existing package to data/Los-Angeles-MIDI/LOCAL_LAMDA/Local_Lamda_midi/midi_guide/0431a284a55c62ba/song_package.yaml.bak
2025-10-26 14:05:02 [INFO] ✓ Created: data/Los-Angeles-MIDI/LOCAL_LAMDA/Local_Lamda_midi/midi_guide/0431a284a55c62ba/song_package.yaml
2025-10-26 14:05:02 [INFO] Backed up existing package to data/Los-Angeles-MIDI/LOCAL_LAMDA/Local_Lamda_midi/midi_guide/0481f550aa142288/song_package.yaml.bak
2025-10-26 14:05:02 [INFO] ✓ Created: data/Los-Angeles-MIDI/LOCAL_LAMDA/Local_Lamda_midi/midi_guide/0481f550aa142288/song_package.yaml
2025-10-26 14:05:03 [INFO] Backed up existing package to data/Los-Angeles-MIDI/LOCAL_LAMDA/Local_Lamda_midi/midi_guide/04bb603b471f954e/song_package.yaml.bak
2025-10-26 14:05:03 [INFO] ✓ Created: data/Los-Angeles-MIDI/LOCAL_LAMDA/Local_Lamda_midi/midi_guide/04bb603b471f954e/song_package.yaml
2025-10-26 14:05:03 [INFO] Backed up existing package to data/Los-Angeles-MIDI/LOCAL_LAMDA/Local_Lamda_midi/midi_guide/048a0a441a8636a2/song_package.yaml.bak
2025-10-26 14:05:03 [INFO] ✓ Created: data/Los-Angeles-MIDI/LOCAL_LAMDA/Local_Lamda_midi/midi_guide/048a0a441a8636a2/song_package.yaml
2025-10-26 14:05:03 [INFO] Backed up existing package to data/Los-Angeles-MIDI/LOCAL_LAMDA/Local_Lamda_midi/midi_guide/04d0dc846d8ec085/song_package.yaml.bak
2025-10-26 14:05:03 [INFO] ✓ Created: data/Los-Angeles-MIDI/LOCAL_LAMDA/Local_Lamda_midi/midi_guide/04d0dc846d8ec085/song_package.yaml
2025-10-26 14:05:03 [INFO] Backed up existing package to data/Los-Angeles-MIDI/LOCAL_LAMDA/Local_Lamda_midi/midi_guide/04e199a6de6b7b34/song_package.yaml.bak
2025-10-26 14:05:03 [INFO] ✓ Created: data/Los-Angeles-MIDI/LOCAL_LAMDA/Local_Lamda_midi/midi_guide/04e199a6de6b7b34/song_package.yaml
2025-10-26 14:05:03 [INFO] Backed up existing package to data/Los-Angeles-MIDI/LOCAL_LAMDA/Local_Lamda_midi/midi_guide/04dfd4e3aafd5f15/song_package.yaml.bak
2025-10-26 14:05:03 [INFO] ✓ Created: data/Los-Angeles-MIDI/LOCAL_LAMDA/Local_Lamda_midi/midi_guide/04dfd4e3aafd5f15/song_package.yaml
2025-10-26 14:05:03 [INFO] Backed up existing package to data/Los-Angeles-MIDI/LOCAL_LAMDA/Local_Lamda_midi/midi_guide/04fb086192130a34/song_package.yaml.bak
2025-10-26 14:05:03 [INFO] ✓ Created: data/Los-Angeles-MIDI/LOCAL_LAMDA/Local_Lamda_midi/midi_guide/04fb086192130a34/song_package.yaml
2025-10-26 14:05:03 [INFO] Backed up existing package to data/Los-Angeles-MIDI/LOCAL_LAMDA/Local_Lamda_midi/midi_guide/04f93eccd589dbb9/song_package.yaml.bak
2025-10-26 14:05:03 [INFO] ✓ Created: data/Los-Angeles-MIDI/LOCAL_LAMDA/Local_Lamda_midi/midi_guide/04f93eccd589dbb9/song_package.yaml
2025-10-26 14:05:03 [INFO] Backed up existing package to data/Los-Angeles-MIDI/LOCAL_LAMDA/Local_Lamda_midi/midi_guide/04e8a40d18c4afc4/song_package.yaml.bak
2025-10-26 14:05:03 [INFO] ✓ Created: data/Los-Angeles-MIDI/LOCAL_LAMDA/Local_Lamda_midi/midi_guide/04e8a40d18c4afc4/song_package.yaml
2025-10-26 14:05:03 [INFO] Backed up existing package to data/Los-Angeles-MIDI/LOCAL_LAMDA/Local_Lamda_midi/midi_guide/05298f426f65ed83/song_package.yaml.bak
2025-10-26 14:05:03 [INFO] ✓ Created: data/Los-Angeles-MIDI/LOCAL_LAMDA/Local_Lamda_midi/midi_guide/05298f426f65ed83/song_package.yaml
2025-10-26 14:05:03 [INFO] Backed up existing package to data/Los-Angeles-MIDI/LOCAL_LAMDA/Local_Lamda_midi/midi_guide/055191341ae66ff4/song_package.yaml.bak
2025-10-26 14:05:03 [INFO] ✓ Created: data/Los-Angeles-MIDI/LOCAL_LAMDA/Local_Lamda_midi/midi_guide/055191341ae66ff4/song_package.yaml
2025-10-26 14:05:03 [INFO] Backed up existing package to data/Los-Angeles-MIDI/LOCAL_LAMDA/Local_Lamda_midi/midi_guide/052b49bbd21bb90a/song_package.yaml.bak
2025-10-26 14:05:03 [INFO] ✓ Created: data/Los-Angeles-MIDI/LOCAL_LAMDA/Local_Lamda_midi/midi_guide/052b49bbd21bb90a/song_package.yaml
2025-10-26 14:05:03 [INFO] Backed up existing package to data/Los-Angeles-MIDI/LOCAL_LAMDA/Local_Lamda_midi/midi_guide/05b5ef8aeb6c7330/song_package.yaml.bak
2025-10-26 14:05:03 [INFO] ✓ Created: data/Los-Angeles-MIDI/LOCAL_LAMDA/Local_Lamda_midi/midi_guide/05b5ef8aeb6c7330/song_package.yaml
2025-10-26 14:05:03 [INFO] Backed up existing package to data/Los-Angeles-MIDI/LOCAL_LAMDA/Local_Lamda_midi/midi_guide/05864be73f5304a3/song_package.yaml.bak
2025-10-26 14:05:03 [INFO] ✓ Created: data/Los-Angeles-MIDI/LOCAL_LAMDA/Local_Lamda_midi/midi_guide/05864be73f5304a3/song_package.yaml
2025-10-26 14:05:03 [INFO] Backed up existing package to data/Los-Angeles-MIDI/LOCAL_LAMDA/Local_Lamda_midi/midi_guide/05d9a129ec0c8a95/song_package.yaml.bak
2025-10-26 14:05:03 [INFO] ✓ Created: data/Los-Angeles-MIDI/LOCAL_LAMDA/Local_Lamda_midi/midi_guide/05d9a129ec0c8a95/song_package.yaml
2025-10-26 14:05:03 [INFO] Backed up existing package to data/Los-Angeles-MIDI/LOCAL_LAMDA/Local_Lamda_midi/midi_guide/062c8c96a6e79937/song_package.yaml.bak
2025-10-26 14:05:03 [INFO] ✓ Created: data/Los-Angeles-MIDI/LOCAL_LAMDA/Local_Lamda_midi/midi_guide/062c8c96a6e79937/song_package.yaml
2025-10-26 14:05:03 [INFO] Backed up existing package to data/Los-Angeles-MIDI/LOCAL_LAMDA/Local_Lamda_midi/midi_guide/05922ae1363fdc2c/song_package.yaml.bak
2025-10-26 14:05:03 [INFO] ✓ Created: data/Los-Angeles-MIDI/LOCAL_LAMDA/Local_Lamda_midi/midi_guide/05922ae1363fdc2c/song_package.yaml
2025-10-26 14:05:03 [INFO] Backed up existing package to data/Los-Angeles-MIDI/LOCAL_LAMDA/Local_Lamda_midi/midi_guide/05ead9cba7dc8919/song_package.yaml.bak
2025-10-26 14:05:03 [INFO] ✓ Created: data/Los-Angeles-MIDI/LOCAL_LAMDA/Local_Lamda_midi/midi_guide/05ead9cba7dc8919/song_package.yaml
2025-10-26 14:05:03 [INFO] Backed up existing package to data/Los-Angeles-MIDI/LOCAL_LAMDA/Local_Lamda_midi/midi_guide/05f46529b30638b1/song_package.yaml.bak
2025-10-26 14:05:03 [INFO] ✓ Created: data/Los-Angeles-MIDI/LOCAL_LAMDA/Local_Lamda_midi/midi_guide/05f46529b30638b1/song_package.yaml
2025-10-26 14:05:03 [INFO] Backed up existing package to data/Los-Angeles-MIDI/LOCAL_LAMDA/Local_Lamda_midi/midi_guide/06438148d44620cc/song_package.yaml.bak
2025-10-26 14:05:03 [INFO] ✓ Created: data/Los-Angeles-MIDI/LOCAL_LAMDA/Local_Lamda_midi/midi_guide/06438148d44620cc/song_package.yaml
2025-10-26 14:05:03 [INFO] Backed up existing package to data/Los-Angeles-MIDI/LOCAL_LAMDA/Local_Lamda_midi/midi_guide/064c6f6d701b4f04/song_package.yaml.bak
2025-10-26 14:05:03 [INFO] ✓ Created: data/Los-Angeles-MIDI/LOCAL_LAMDA/Local_Lamda_midi/midi_guide/064c6f6d701b4f04/song_package.yaml
2025-10-26 14:05:03 [INFO] Backed up existing package to data/Los-Angeles-MIDI/LOCAL_LAMDA/Local_Lamda_midi/midi_guide/063c1dfbe6dd35e5/song_package.yaml.bak
2025-10-26 14:05:03 [INFO] ✓ Created: data/Los-Angeles-MIDI/LOCAL_LAMDA/Local_Lamda_midi/midi_guide/063c1dfbe6dd35e5/song_package.yaml
2025-10-26 14:05:03 [INFO] Backed up existing package to data/Los-Angeles-MIDI/LOCAL_LAMDA/Local_Lamda_midi/midi_guide/067ee32fe3ea7915/song_package.yaml.bak
2025-10-26 14:05:03 [INFO] ✓ Created: data/Los-Angeles-MIDI/LOCAL_LAMDA/Local_Lamda_midi/midi_guide/067ee32fe3ea7915/song_package.yaml
2025-10-26 14:05:03 [INFO] Backed up existing package to data/Los-Angeles-MIDI/LOCAL_LAMDA/Local_Lamda_midi/midi_guide/0643979ab09ea16f/song_package.yaml.bak
2025-10-26 14:05:03 [INFO] ✓ Created: data/Los-Angeles-MIDI/LOCAL_LAMDA/Local_Lamda_midi/midi_guide/0643979ab09ea16f/song_package.yaml
2025-10-26 14:05:03 [INFO] Backed up existing package to data/Los-Angeles-MIDI/LOCAL_LAMDA/Local_Lamda_midi/midi_guide/067fbe69550beb4d/song_package.yaml.bak
2025-10-26 14:05:03 [INFO] ✓ Created: data/Los-Angeles-MIDI/LOCAL_LAMDA/Local_Lamda_midi/midi_guide/067fbe69550beb4d/song_package.yaml
2025-10-26 14:05:03 [INFO] Backed up existing package to data/Los-Angeles-MIDI/LOCAL_LAMDA/Local_Lamda_midi/midi_guide/06a07f438677e1b4/song_package.yaml.bak
2025-10-26 14:05:03 [INFO] ✓ Created: data/Los-Angeles-MIDI/LOCAL_LAMDA/Local_Lamda_midi/midi_guide/06a07f438677e1b4/song_package.yaml
2025-10-26 14:05:03 [INFO] Backed up existing package to data/Los-Angeles-MIDI/LOCAL_LAMDA/Local_Lamda_midi/midi_guide/06c197abd9d3f922/song_package.yaml.bak
2025-10-26 14:05:03 [INFO] ✓ Created: data/Los-Angeles-MIDI/LOCAL_LAMDA/Local_Lamda_midi/midi_guide/06c197abd9d3f922/song_package.yaml
2025-10-26 14:05:03 [INFO] Backed up existing package to data/Los-Angeles-MIDI/LOCAL_LAMDA/Local_Lamda_midi/midi_guide/069811c583e50b84/song_package.yaml.bak
2025-10-26 14:05:03 [INFO] ✓ Created: data/Los-Angeles-MIDI/LOCAL_LAMDA/Local_Lamda_midi/midi_guide/069811c583e50b84/song_package.yaml
2025-10-26 14:05:03 [INFO] Backed up existing package to data/Los-Angeles-MIDI/LOCAL_LAMDA/Local_Lamda_midi/midi_guide/06bbb5d2503c1501/song_package.yaml.bak
2025-10-26 14:05:03 [INFO] ✓ Created: data/Los-Angeles-MIDI/LOCAL_LAMDA/Local_Lamda_midi/midi_guide/06bbb5d2503c1501/song_package.yaml
2025-10-26 14:05:03 [INFO] Backed up existing package to data/Los-Angeles-MIDI/LOCAL_LAMDA/Local_Lamda_midi/midi_guide/06f0e7a75923d9b9/song_package.yaml.bak
2025-10-26 14:05:03 [INFO] ✓ Created: data/Los-Angeles-MIDI/LOCAL_LAMDA/Local_Lamda_midi/midi_guide/06f0e7a75923d9b9/song_package.yaml
2025-10-26 14:05:03 [INFO] Backed up existing package to data/Los-Angeles-MIDI/LOCAL_LAMDA/Local_Lamda_midi/midi_guide/06f45551883f5b02/song_package.yaml.bak
2025-10-26 14:05:03 [INFO] ✓ Created: data/Los-Angeles-MIDI/LOCAL_LAMDA/Local_Lamda_midi/midi_guide/06f45551883f5b02/song_package.yaml
2025-10-26 14:05:03 [INFO] Backed up existing package to data/Los-Angeles-MIDI/LOCAL_LAMDA/Local_Lamda_midi/midi_guide/0711a4c3a581702a/song_package.yaml.bak
2025-10-26 14:05:03 [INFO] ✓ Created: data/Los-Angeles-MIDI/LOCAL_LAMDA/Local_Lamda_midi/midi_guide/0711a4c3a581702a/song_package.yaml
2025-10-26 14:05:03 [INFO] Backed up existing package to data/Los-Angeles-MIDI/LOCAL_LAMDA/Local_Lamda_midi/midi_guide/07033807a7dc258e/song_package.yaml.bak
2025-10-26 14:05:03 [INFO] ✓ Created: data/Los-Angeles-MIDI/LOCAL_LAMDA/Local_Lamda_midi/midi_guide/07033807a7dc258e/song_package.yaml
2025-10-26 14:05:03 [INFO] Backed up existing package to data/Los-Angeles-MIDI/LOCAL_LAMDA/Local_Lamda_midi/midi_guide/075cfa9652de0d13/song_package.yaml.bak
2025-10-26 14:05:03 [INFO] ✓ Created: data/Los-Angeles-MIDI/LOCAL_LAMDA/Local_Lamda_midi/midi_guide/075cfa9652de0d13/song_package.yaml
2025-10-26 14:05:03 [INFO] Backed up existing package to data/Los-Angeles-MIDI/LOCAL_LAMDA/Local_Lamda_midi/midi_guide/06d61e94d377ca86/song_package.yaml.bak
2025-10-26 14:05:03 [INFO] ✓ Created: data/Los-Angeles-MIDI/LOCAL_LAMDA/Local_Lamda_midi/midi_guide/06d61e94d377ca86/song_package.yaml
2025-10-26 14:05:03 [INFO] Backed up existing package to data/Los-Angeles-MIDI/LOCAL_LAMDA/Local_Lamda_midi/midi_guide/07089e7cee76e6a7/song_package.yaml.bak
2025-10-26 14:05:03 [INFO] ✓ Created: data/Los-Angeles-MIDI/LOCAL_LAMDA/Local_Lamda_midi/midi_guide/07089e7cee76e6a7/song_package.yaml
2025-10-26 14:05:03 [INFO] Backed up existing package to data/Los-Angeles-MIDI/LOCAL_LAMDA/Local_Lamda_midi/midi_guide/076893e1539b4ae1/song_package.yaml.bak
2025-10-26 14:05:03 [INFO] ✓ Created: data/Los-Angeles-MIDI/LOCAL_LAMDA/Local_Lamda_midi/midi_guide/076893e1539b4ae1/song_package.yaml
2025-10-26 14:05:03 [INFO] Backed up existing package to data/Los-Angeles-MIDI/LOCAL_LAMDA/Local_Lamda_midi/midi_guide/07a85232ba5264fc/song_package.yaml.bak
2025-10-26 14:05:03 [INFO] ✓ Created: data/Los-Angeles-MIDI/LOCAL_LAMDA/Local_Lamda_midi/midi_guide/07a85232ba5264fc/song_package.yaml
2025-10-26 14:05:03 [INFO] Backed up existing package to data/Los-Angeles-MIDI/LOCAL_LAMDA/Local_Lamda_midi/midi_guide/07c6cd427f048f80/song_package.yaml.bak
2025-10-26 14:05:03 [INFO] ✓ Created: data/Los-Angeles-MIDI/LOCAL_LAMDA/Local_Lamda_midi/midi_guide/07c6cd427f048f80/song_package.yaml
2025-10-26 14:05:03 [INFO] Backed up existing package to data/Los-Angeles-MIDI/LOCAL_LAMDA/Local_Lamda_midi/midi_guide/07cc56f62f11f0ad/song_package.yaml.bak
2025-10-26 14:05:03 [INFO] ✓ Created: data/Los-Angeles-MIDI/LOCAL_LAMDA/Local_Lamda_midi/midi_guide/07cc56f62f11f0ad/song_package.yaml
2025-10-26 14:05:04 [INFO] Backed up existing package to data/Los-Angeles-MIDI/LOCAL_LAMDA/Local_Lamda_midi/midi_guide/07ab4440ad3a2e14/song_package.yaml.bak
2025-10-26 14:05:04 [INFO] ✓ Created: data/Los-Angeles-MIDI/LOCAL_LAMDA/Local_Lamda_midi/midi_guide/07ab4440ad3a2e14/song_package.yaml
2025-10-26 14:05:04 [INFO] Backed up existing package to data/Los-Angeles-MIDI/LOCAL_LAMDA/Local_Lamda_midi/midi_guide/07d794cc48581202/song_package.yaml.bak
2025-10-26 14:05:04 [INFO] ✓ Created: data/Los-Angeles-MIDI/LOCAL_LAMDA/Local_Lamda_midi/midi_guide/07d794cc48581202/song_package.yaml
2025-10-26 14:05:04 [INFO] Backed up existing package to data/Los-Angeles-MIDI/LOCAL_LAMDA/Local_Lamda_midi/midi_guide/07d6e10f7e8783e3/song_package.yaml.bak
2025-10-26 14:05:04 [INFO] ✓ Created: data/Los-Angeles-MIDI/LOCAL_LAMDA/Local_Lamda_midi/midi_guide/07d6e10f7e8783e3/song_package.yaml
2025-10-26 14:05:04 [INFO] Backed up existing package to data/Los-Angeles-MIDI/LOCAL_LAMDA/Local_Lamda_midi/midi_guide/07f979daed1c9994/song_package.yaml.bak
2025-10-26 14:05:04 [INFO] ✓ Created: data/Los-Angeles-MIDI/LOCAL_LAMDA/Local_Lamda_midi/midi_guide/07f979daed1c9994/song_package.yaml
2025-10-26 14:05:04 [INFO] Backed up existing package to data/Los-Angeles-MIDI/LOCAL_LAMDA/Local_Lamda_midi/midi_guide/0880a72dce3e54c8/song_package.yaml.bak
2025-10-26 14:05:04 [INFO] ✓ Created: data/Los-Angeles-MIDI/LOCAL_LAMDA/Local_Lamda_midi/midi_guide/0880a72dce3e54c8/song_package.yaml
2025-10-26 14:05:04 [INFO] Backed up existing package to data/Los-Angeles-MIDI/LOCAL_LAMDA/Local_Lamda_midi/midi_guide/083e69dd97d8ab69/song_package.yaml.bak
2025-10-26 14:05:04 [INFO] ✓ Created: data/Los-Angeles-MIDI/LOCAL_LAMDA/Local_Lamda_midi/midi_guide/083e69dd97d8ab69/song_package.yaml
2025-10-26 14:05:04 [INFO] Backed up existing package to data/Los-Angeles-MIDI/LOCAL_LAMDA/Local_Lamda_midi/midi_guide/087286c7acecf72f/song_package.yaml.bak
2025-10-26 14:05:04 [INFO] ✓ Created: data/Los-Angeles-MIDI/LOCAL_LAMDA/Local_Lamda_midi/midi_guide/087286c7acecf72f/song_package.yaml
2025-10-26 14:05:04 [INFO] Backed up existing package to data/Los-Angeles-MIDI/LOCAL_LAMDA/Local_Lamda_midi/midi_guide/08a7b7961128f3c1/song_package.yaml.bak
2025-10-26 14:05:04 [INFO] ✓ Created: data/Los-Angeles-MIDI/LOCAL_LAMDA/Local_Lamda_midi/midi_guide/08a7b7961128f3c1/song_package.yaml
2025-10-26 14:05:04 [INFO] Backed up existing package to data/Los-Angeles-MIDI/LOCAL_LAMDA/Local_Lamda_midi/midi_guide/08708fda7dd8224b/song_package.yaml.bak
2025-10-26 14:05:04 [INFO] ✓ Created: data/Los-Angeles-MIDI/LOCAL_LAMDA/Local_Lamda_midi/midi_guide/08708fda7dd8224b/song_package.yaml
2025-10-26 14:05:04 [INFO] Backed up existing package to data/Los-Angeles-MIDI/LOCAL_LAMDA/Local_Lamda_midi/midi_guide/08f5b2d7a13c1ee9/song_package.yaml.bak
2025-10-26 14:05:04 [INFO] ✓ Created: data/Los-Angeles-MIDI/LOCAL_LAMDA/Local_Lamda_midi/midi_guide/08f5b2d7a13c1ee9/song_package.yaml
2025-10-26 14:05:04 [INFO] Backed up existing package to data/Los-Angeles-MIDI/LOCAL_LAMDA/Local_Lamda_midi/midi_guide/08e0a6d478140a98/song_package.yaml.bak
2025-10-26 14:05:04 [INFO] ✓ Created: data/Los-Angeles-MIDI/LOCAL_LAMDA/Local_Lamda_midi/midi_guide/08e0a6d478140a98/song_package.yaml
2025-10-26 14:05:04 [INFO] Backed up existing package to data/Los-Angeles-MIDI/LOCAL_LAMDA/Local_Lamda_midi/midi_guide/08ef718edf237b1c/song_package.yaml.bak
2025-10-26 14:05:04 [INFO] ✓ Created: data/Los-Angeles-MIDI/LOCAL_LAMDA/Local_Lamda_midi/midi_guide/08ef718edf237b1c/song_package.yaml
2025-10-26 14:05:04 [INFO] Backed up existing package to data/Los-Angeles-MIDI/LOCAL_LAMDA/Local_Lamda_midi/midi_guide/08f67cb839a6d138/song_package.yaml.bak
2025-10-26 14:05:04 [INFO] ✓ Created: data/Los-Angeles-MIDI/LOCAL_LAMDA/Local_Lamda_midi/midi_guide/08f67cb839a6d138/song_package.yaml
2025-10-26 14:05:04 [INFO] Backed up existing package to data/Los-Angeles-MIDI/LOCAL_LAMDA/Local_Lamda_midi/midi_guide/092b132eea71a8d4/song_package.yaml.bak
2025-10-26 14:05:04 [INFO] ✓ Created: data/Los-Angeles-MIDI/LOCAL_LAMDA/Local_Lamda_midi/midi_guide/092b132eea71a8d4/song_package.yaml
2025-10-26 14:05:04 [INFO] Backed up existing package to data/Los-Angeles-MIDI/LOCAL_LAMDA/Local_Lamda_midi/midi_guide/094b7dc7f82d5d7d/song_package.yaml.bak
2025-10-26 14:05:04 [INFO] ✓ Created: data/Los-Angeles-MIDI/LOCAL_LAMDA/Local_Lamda_midi/midi_guide/094b7dc7f82d5d7d/song_package.yaml
2025-10-26 14:05:04 [INFO] Backed up existing package to data/Los-Angeles-MIDI/LOCAL_LAMDA/Local_Lamda_midi/midi_guide/096a5076b442ff8e/song_package.yaml.bak
2025-10-26 14:05:04 [INFO] ✓ Created: data/Los-Angeles-MIDI/LOCAL_LAMDA/Local_Lamda_midi/midi_guide/096a5076b442ff8e/song_package.yaml
2025-10-26 14:05:04 [INFO] Backed up existing package to data/Los-Angeles-MIDI/LOCAL_LAMDA/Local_Lamda_midi/midi_guide/097a18911608a510/song_package.yaml.bak
2025-10-26 14:05:04 [INFO] ✓ Created: data/Los-Angeles-MIDI/LOCAL_LAMDA/Local_Lamda_midi/midi_guide/097a18911608a510/song_package.yaml
2025-10-26 14:05:04 [INFO] Backed up existing package to data/Los-Angeles-MIDI/LOCAL_LAMDA/Local_Lamda_midi/midi_guide/09bdf47ca29005ae/song_package.yaml.bak
2025-10-26 14:05:04 [INFO] ✓ Created: data/Los-Angeles-MIDI/LOCAL_LAMDA/Local_Lamda_midi/midi_guide/09bdf47ca29005ae/song_package.yaml
2025-10-26 14:05:04 [INFO] Backed up existing package to data/Los-Angeles-MIDI/LOCAL_LAMDA/Local_Lamda_midi/midi_guide/0a3603e3748a0a66/song_package.yaml.bak
2025-10-26 14:05:04 [INFO] ✓ Created: data/Los-Angeles-MIDI/LOCAL_LAMDA/Local_Lamda_midi/midi_guide/0a3603e3748a0a66/song_package.yaml
2025-10-26 14:05:04 [INFO] Backed up existing package to data/Los-Angeles-MIDI/LOCAL_LAMDA/Local_Lamda_midi/midi_guide/0a440e6ddc5d9733/song_package.yaml.bak
2025-10-26 14:05:04 [INFO] ✓ Created: data/Los-Angeles-MIDI/LOCAL_LAMDA/Local_Lamda_midi/midi_guide/0a440e6ddc5d9733/song_package.yaml
2025-10-26 14:05:04 [INFO] Backed up existing package to data/Los-Angeles-MIDI/LOCAL_LAMDA/Local_Lamda_midi/midi_guide/0a09548dec8c4043/song_package.yaml.bak
2025-10-26 14:05:04 [INFO] ✓ Created: data/Los-Angeles-MIDI/LOCAL_LAMDA/Local_Lamda_midi/midi_guide/0a09548dec8c4043/song_package.yaml
2025-10-26 14:05:04 [INFO] Backed up existing package to data/Los-Angeles-MIDI/LOCAL_LAMDA/Local_Lamda_midi/midi_guide/0a805ed9e67f19ce/song_package.yaml.bak
2025-10-26 14:05:04 [INFO] ✓ Created: data/Los-Angeles-MIDI/LOCAL_LAMDA/Local_Lamda_midi/midi_guide/0a805ed9e67f19ce/song_package.yaml
2025-10-26 14:05:04 [INFO] Backed up existing package to data/Los-Angeles-MIDI/LOCAL_LAMDA/Local_Lamda_midi/midi_guide/0aad894455c3b9f7/song_package.yaml.bak
2025-10-26 14:05:04 [INFO] ✓ Created: data/Los-Angeles-MIDI/LOCAL_LAMDA/Local_Lamda_midi/midi_guide/0aad894455c3b9f7/song_package.yaml
2025-10-26 14:05:04 [INFO] Backed up existing package to data/Los-Angeles-MIDI/LOCAL_LAMDA/Local_Lamda_midi/midi_guide/0ae82c8bc5fdb573/song_package.yaml.bak
2025-10-26 14:05:04 [INFO] ✓ Created: data/Los-Angeles-MIDI/LOCAL_LAMDA/Local_Lamda_midi/midi_guide/0ae82c8bc5fdb573/song_package.yaml
2025-10-26 14:05:04 [INFO] Backed up existing package to data/Los-Angeles-MIDI/LOCAL_LAMDA/Local_Lamda_midi/midi_guide/0ae0f2309e1c6b5d/song_package.yaml.bak
2025-10-26 14:05:04 [INFO] ✓ Created: data/Los-Angeles-MIDI/LOCAL_LAMDA/Local_Lamda_midi/midi_guide/0ae0f2309e1c6b5d/song_package.yaml
2025-10-26 14:05:04 [INFO] Backed up existing package to data/Los-Angeles-MIDI/LOCAL_LAMDA/Local_Lamda_midi/midi_guide/0afb8624264b3165/song_package.yaml.bak
2025-10-26 14:05:04 [INFO] ✓ Created: data/Los-Angeles-MIDI/LOCAL_LAMDA/Local_Lamda_midi/midi_guide/0afb8624264b3165/song_package.yaml
2025-10-26 14:05:04 [INFO] Backed up existing package to data/Los-Angeles-MIDI/LOCAL_LAMDA/Local_Lamda_midi/midi_guide/0ac22e18e8abe587/song_package.yaml.bak
2025-10-26 14:05:04 [INFO] ✓ Created: data/Los-Angeles-MIDI/LOCAL_LAMDA/Local_Lamda_midi/midi_guide/0ac22e18e8abe587/song_package.yaml
2025-10-26 14:05:04 [INFO] Backed up existing package to data/Los-Angeles-MIDI/LOCAL_LAMDA/Local_Lamda_midi/midi_guide/0b3444a463d78b0e/song_package.yaml.bak
2025-10-26 14:05:04 [INFO] ✓ Created: data/Los-Angeles-MIDI/LOCAL_LAMDA/Local_Lamda_midi/midi_guide/0b3444a463d78b0e/song_package.yaml
2025-10-26 14:05:04 [INFO] Backed up existing package to data/Los-Angeles-MIDI/LOCAL_LAMDA/Local_Lamda_midi/midi_guide/0b23aaecdd4783df/song_package.yaml.bak
2025-10-26 14:05:04 [INFO] ✓ Created: data/Los-Angeles-MIDI/LOCAL_LAMDA/Local_Lamda_midi/midi_guide/0b23aaecdd4783df/song_package.yaml
2025-10-26 14:05:04 [INFO] Backed up existing package to data/Los-Angeles-MIDI/LOCAL_LAMDA/Local_Lamda_midi/midi_guide/0b3ac0bdccfc507e/song_package.yaml.bak
2025-10-26 14:05:04 [INFO] ✓ Created: data/Los-Angeles-MIDI/LOCAL_LAMDA/Local_Lamda_midi/midi_guide/0b3ac0bdccfc507e/song_package.yaml
2025-10-26 14:05:04 [INFO] Backed up existing package to data/Los-Angeles-MIDI/LOCAL_LAMDA/Local_Lamda_midi/midi_guide/0b558aa21d5894d1/song_package.yaml.bak
2025-10-26 14:05:04 [INFO] ✓ Created: data/Los-Angeles-MIDI/LOCAL_LAMDA/Local_Lamda_midi/midi_guide/0b558aa21d5894d1/song_package.yaml
2025-10-26 14:05:04 [INFO] Backed up existing package to data/Los-Angeles-MIDI/LOCAL_LAMDA/Local_Lamda_midi/midi_guide/0b5955776c5088ef/song_package.yaml.bak
2025-10-26 14:05:04 [INFO] ✓ Created: data/Los-Angeles-MIDI/LOCAL_LAMDA/Local_Lamda_midi/midi_guide/0b5955776c5088ef/song_package.yaml
2025-10-26 14:05:04 [INFO] Backed up existing package to data/Los-Angeles-MIDI/LOCAL_LAMDA/Local_Lamda_midi/midi_guide/0b5c7fa41547e8e3/song_package.yaml.bak
2025-10-26 14:05:04 [INFO] ✓ Created: data/Los-Angeles-MIDI/LOCAL_LAMDA/Local_Lamda_midi/midi_guide/0b5c7fa41547e8e3/song_package.yaml
2025-10-26 14:05:04 [INFO] Backed up existing package to data/Los-Angeles-MIDI/LOCAL_LAMDA/Local_Lamda_midi/midi_guide/0b3602ff1894abac/song_package.yaml.bak
2025-10-26 14:05:04 [INFO] ✓ Created: data/Los-Angeles-MIDI/LOCAL_LAMDA/Local_Lamda_midi/midi_guide/0b3602ff1894abac/song_package.yaml
2025-10-26 14:05:04 [INFO] Backed up existing package to data/Los-Angeles-MIDI/LOCAL_LAMDA/Local_Lamda_midi/midi_guide/0bf1c20fc233adb7/song_package.yaml.bak
2025-10-26 14:05:04 [INFO] ✓ Created: data/Los-Angeles-MIDI/LOCAL_LAMDA/Local_Lamda_midi/midi_guide/0bf1c20fc233adb7/song_package.yaml
2025-10-26 14:05:04 [INFO] Backed up existing package to data/Los-Angeles-MIDI/LOCAL_LAMDA/Local_Lamda_midi/midi_guide/0ba8fe62beddbf44/song_package.yaml.bak
2025-10-26 14:05:04 [INFO] ✓ Created: data/Los-Angeles-MIDI/LOCAL_LAMDA/Local_Lamda_midi/midi_guide/0ba8fe62beddbf44/song_package.yaml
2025-10-26 14:05:04 [INFO] Backed up existing package to data/Los-Angeles-MIDI/LOCAL_LAMDA/Local_Lamda_midi/midi_guide/0bc258e46ed35554/song_package.yaml.bak
2025-10-26 14:05:04 [INFO] ✓ Created: data/Los-Angeles-MIDI/LOCAL_LAMDA/Local_Lamda_midi/midi_guide/0bc258e46ed35554/song_package.yaml
2025-10-26 14:05:04 [INFO] Backed up existing package to data/Los-Angeles-MIDI/LOCAL_LAMDA/Local_Lamda_midi/midi_guide/0b71e028545645f9/song_package.yaml.bak
2025-10-26 14:05:04 [INFO] ✓ Created: data/Los-Angeles-MIDI/LOCAL_LAMDA/Local_Lamda_midi/midi_guide/0b71e028545645f9/song_package.yaml
2025-10-26 14:05:04 [INFO] Backed up existing package to data/Los-Angeles-MIDI/LOCAL_LAMDA/Local_Lamda_midi/midi_guide/0bec2c17ef826a3c/song_package.yaml.bak
2025-10-26 14:05:04 [INFO] ✓ Created: data/Los-Angeles-MIDI/LOCAL_LAMDA/Local_Lamda_midi/midi_guide/0bec2c17ef826a3c/song_package.yaml
2025-10-26 14:05:05 [INFO] Backed up existing package to data/Los-Angeles-MIDI/LOCAL_LAMDA/Local_Lamda_midi/midi_guide/0c0d5aeb10b031e8/song_package.yaml.bak
2025-10-26 14:05:05 [INFO] ✓ Created: data/Los-Angeles-MIDI/LOCAL_LAMDA/Local_Lamda_midi/midi_guide/0c0d5aeb10b031e8/song_package.yaml
2025-10-26 14:05:05 [INFO] Backed up existing package to data/Los-Angeles-MIDI/LOCAL_LAMDA/Local_Lamda_midi/midi_guide/0c2cf3eb4c27f5d9/song_package.yaml.bak
2025-10-26 14:05:05 [INFO] ✓ Created: data/Los-Angeles-MIDI/LOCAL_LAMDA/Local_Lamda_midi/midi_guide/0c2cf3eb4c27f5d9/song_package.yaml
2025-10-26 14:05:05 [INFO] Backed up existing package to data/Los-Angeles-MIDI/LOCAL_LAMDA/Local_Lamda_midi/midi_guide/0c387c9818903cdd/song_package.yaml.bak
2025-10-26 14:05:05 [INFO] ✓ Created: data/Los-Angeles-MIDI/LOCAL_LAMDA/Local_Lamda_midi/midi_guide/0c387c9818903cdd/song_package.yaml
2025-10-26 14:05:05 [INFO] Backed up existing package to data/Los-Angeles-MIDI/LOCAL_LAMDA/Local_Lamda_midi/midi_guide/0c06d689277daa49/song_package.yaml.bak
2025-10-26 14:05:05 [INFO] ✓ Created: data/Los-Angeles-MIDI/LOCAL_LAMDA/Local_Lamda_midi/midi_guide/0c06d689277daa49/song_package.yaml
2025-10-26 14:05:05 [INFO] Backed up existing package to data/Los-Angeles-MIDI/LOCAL_LAMDA/Local_Lamda_midi/midi_guide/0c38caf9637ffc94/song_package.yaml.bak
2025-10-26 14:05:05 [INFO] ✓ Created: data/Los-Angeles-MIDI/LOCAL_LAMDA/Local_Lamda_midi/midi_guide/0c38caf9637ffc94/song_package.yaml
2025-10-26 14:05:05 [INFO] Backed up existing package to data/Los-Angeles-MIDI/LOCAL_LAMDA/Local_Lamda_midi/midi_guide/0c6ca7372016703a/song_package.yaml.bak
2025-10-26 14:05:05 [INFO] ✓ Created: data/Los-Angeles-MIDI/LOCAL_LAMDA/Local_Lamda_midi/midi_guide/0c6ca7372016703a/song_package.yaml
2025-10-26 14:05:05 [INFO] Backed up existing package to data/Los-Angeles-MIDI/LOCAL_LAMDA/Local_Lamda_midi/midi_guide/0c50d3e722376330/song_package.yaml.bak
2025-10-26 14:05:05 [INFO] ✓ Created: data/Los-Angeles-MIDI/LOCAL_LAMDA/Local_Lamda_midi/midi_guide/0c50d3e722376330/song_package.yaml
2025-10-26 14:05:05 [INFO] Backed up existing package to data/Los-Angeles-MIDI/LOCAL_LAMDA/Local_Lamda_midi/midi_guide/0cd9511758f738d9/song_package.yaml.bak
2025-10-26 14:05:05 [INFO] ✓ Created: data/Los-Angeles-MIDI/LOCAL_LAMDA/Local_Lamda_midi/midi_guide/0cd9511758f738d9/song_package.yaml
2025-10-26 14:05:05 [INFO] Backed up existing package to data/Los-Angeles-MIDI/LOCAL_LAMDA/Local_Lamda_midi/midi_guide/0caa8dd86e0b3650/song_package.yaml.bak
2025-10-26 14:05:05 [INFO] ✓ Created: data/Los-Angeles-MIDI/LOCAL_LAMDA/Local_Lamda_midi/midi_guide/0caa8dd86e0b3650/song_package.yaml
2025-10-26 14:05:05 [INFO] Backed up existing package to data/Los-Angeles-MIDI/LOCAL_LAMDA/Local_Lamda_midi/midi_guide/0d1ff5fd8be9367d/song_package.yaml.bak
2025-10-26 14:05:05 [INFO] ✓ Created: data/Los-Angeles-MIDI/LOCAL_LAMDA/Local_Lamda_midi/midi_guide/0d1ff5fd8be9367d/song_package.yaml
2025-10-26 14:05:05 [INFO] Backed up existing package to data/Los-Angeles-MIDI/LOCAL_LAMDA/Local_Lamda_midi/midi_guide/0cee0de2a7237c3d/song_package.yaml.bak
2025-10-26 14:05:05 [INFO] ✓ Created: data/Los-Angeles-MIDI/LOCAL_LAMDA/Local_Lamda_midi/midi_guide/0cee0de2a7237c3d/song_package.yaml
2025-10-26 14:05:05 [INFO] Backed up existing package to data/Los-Angeles-MIDI/LOCAL_LAMDA/Local_Lamda_midi/midi_guide/0d51efb802a65489/song_package.yaml.bak
2025-10-26 14:05:05 [INFO] ✓ Created: data/Los-Angeles-MIDI/LOCAL_LAMDA/Local_Lamda_midi/midi_guide/0d51efb802a65489/song_package.yaml
2025-10-26 14:05:05 [INFO] Backed up existing package to data/Los-Angeles-MIDI/LOCAL_LAMDA/Local_Lamda_midi/midi_guide/0d21a54bf5ac27ff/song_package.yaml.bak
2025-10-26 14:05:05 [INFO] ✓ Created: data/Los-Angeles-MIDI/LOCAL_LAMDA/Local_Lamda_midi/midi_guide/0d21a54bf5ac27ff/song_package.yaml
2025-10-26 14:05:05 [INFO] Backed up existing package to data/Los-Angeles-MIDI/LOCAL_LAMDA/Local_Lamda_midi/midi_guide/0d53c489115355e8/song_package.yaml.bak
2025-10-26 14:05:05 [INFO] ✓ Created: data/Los-Angeles-MIDI/LOCAL_LAMDA/Local_Lamda_midi/midi_guide/0d53c489115355e8/song_package.yaml
2025-10-26 14:05:05 [INFO] Backed up existing package to data/Los-Angeles-MIDI/LOCAL_LAMDA/Local_Lamda_midi/midi_guide/0d4f5b6ddca06923/song_package.yaml.bak
2025-10-26 14:05:05 [INFO] ✓ Created: data/Los-Angeles-MIDI/LOCAL_LAMDA/Local_Lamda_midi/midi_guide/0d4f5b6ddca06923/song_package.yaml
2025-10-26 14:05:05 [INFO] Backed up existing package to data/Los-Angeles-MIDI/LOCAL_LAMDA/Local_Lamda_midi/midi_guide/0d88e994d4239ce0/song_package.yaml.bak
2025-10-26 14:05:05 [INFO] ✓ Created: data/Los-Angeles-MIDI/LOCAL_LAMDA/Local_Lamda_midi/midi_guide/0d88e994d4239ce0/song_package.yaml
2025-10-26 14:05:05 [INFO] Backed up existing package to data/Los-Angeles-MIDI/LOCAL_LAMDA/Local_Lamda_midi/midi_guide/0d9bc099dba91c13/song_package.yaml.bak
2025-10-26 14:05:05 [INFO] ✓ Created: data/Los-Angeles-MIDI/LOCAL_LAMDA/Local_Lamda_midi/midi_guide/0d9bc099dba91c13/song_package.yaml
2025-10-26 14:05:05 [INFO] Backed up existing package to data/Los-Angeles-MIDI/LOCAL_LAMDA/Local_Lamda_midi/midi_guide/0dbd14b23ec03922/song_package.yaml.bak
2025-10-26 14:05:05 [INFO] ✓ Created: data/Los-Angeles-MIDI/LOCAL_LAMDA/Local_Lamda_midi/midi_guide/0dbd14b23ec03922/song_package.yaml
2025-10-26 14:05:05 [INFO] Backed up existing package to data/Los-Angeles-MIDI/LOCAL_LAMDA/Local_Lamda_midi/midi_guide/0da49cddedb98d46/song_package.yaml.bak
2025-10-26 14:05:05 [INFO] ✓ Created: data/Los-Angeles-MIDI/LOCAL_LAMDA/Local_Lamda_midi/midi_guide/0da49cddedb98d46/song_package.yaml
2025-10-26 14:05:05 [INFO] Backed up existing package to data/Los-Angeles-MIDI/LOCAL_LAMDA/Local_Lamda_midi/midi_guide/0dcea62c92b61186/song_package.yaml.bak
2025-10-26 14:05:05 [INFO] ✓ Created: data/Los-Angeles-MIDI/LOCAL_LAMDA/Local_Lamda_midi/midi_guide/0dcea62c92b61186/song_package.yaml
2025-10-26 14:05:05 [INFO] Backed up existing package to data/Los-Angeles-MIDI/LOCAL_LAMDA/Local_Lamda_midi/midi_guide/0dbd0fd072934179/song_package.yaml.bak
2025-10-26 14:05:05 [INFO] ✓ Created: data/Los-Angeles-MIDI/LOCAL_LAMDA/Local_Lamda_midi/midi_guide/0dbd0fd072934179/song_package.yaml
2025-10-26 14:05:05 [INFO] Backed up existing package to data/Los-Angeles-MIDI/LOCAL_LAMDA/Local_Lamda_midi/midi_guide/0e15e4dbce23f364/song_package.yaml.bak
2025-10-26 14:05:05 [INFO] ✓ Created: data/Los-Angeles-MIDI/LOCAL_LAMDA/Local_Lamda_midi/midi_guide/0e15e4dbce23f364/song_package.yaml
2025-10-26 14:05:05 [INFO] Backed up existing package to data/Los-Angeles-MIDI/LOCAL_LAMDA/Local_Lamda_midi/midi_guide/0e6e46807c5967ad/song_package.yaml.bak
2025-10-26 14:05:05 [INFO] ✓ Created: data/Los-Angeles-MIDI/LOCAL_LAMDA/Local_Lamda_midi/midi_guide/0e6e46807c5967ad/song_package.yaml
2025-10-26 14:05:05 [INFO] Backed up existing package to data/Los-Angeles-MIDI/LOCAL_LAMDA/Local_Lamda_midi/midi_guide/0eb0d5e50610719d/song_package.yaml.bak
2025-10-26 14:05:05 [INFO] ✓ Created: data/Los-Angeles-MIDI/LOCAL_LAMDA/Local_Lamda_midi/midi_guide/0eb0d5e50610719d/song_package.yaml
2025-10-26 14:05:05 [INFO] Backed up existing package to data/Los-Angeles-MIDI/LOCAL_LAMDA/Local_Lamda_midi/midi_guide/0e50c3b2e21efd63/song_package.yaml.bak
2025-10-26 14:05:05 [INFO] ✓ Created: data/Los-Angeles-MIDI/LOCAL_LAMDA/Local_Lamda_midi/midi_guide/0e50c3b2e21efd63/song_package.yaml
2025-10-26 14:05:05 [INFO] Backed up existing package to data/Los-Angeles-MIDI/LOCAL_LAMDA/Local_Lamda_midi/midi_guide/0ef02484935e2498/song_package.yaml.bak
2025-10-26 14:05:05 [INFO] ✓ Created: data/Los-Angeles-MIDI/LOCAL_LAMDA/Local_Lamda_midi/midi_guide/0ef02484935e2498/song_package.yaml
2025-10-26 14:05:05 [INFO] Backed up existing package to data/Los-Angeles-MIDI/LOCAL_LAMDA/Local_Lamda_midi/midi_guide/0f0eaac33a887c33/song_package.yaml.bak
2025-10-26 14:05:05 [INFO] ✓ Created: data/Los-Angeles-MIDI/LOCAL_LAMDA/Local_Lamda_midi/midi_guide/0f0eaac33a887c33/song_package.yaml
2025-10-26 14:05:05 [INFO] Backed up existing package to data/Los-Angeles-MIDI/LOCAL_LAMDA/Local_Lamda_midi/midi_guide/0f0d51fcaf3d7a88/song_package.yaml.bak
2025-10-26 14:05:05 [INFO] ✓ Created: data/Los-Angeles-MIDI/LOCAL_LAMDA/Local_Lamda_midi/midi_guide/0f0d51fcaf3d7a88/song_package.yaml
2025-10-26 14:05:05 [INFO] Backed up existing package to data/Los-Angeles-MIDI/LOCAL_LAMDA/Local_Lamda_midi/midi_guide/0f325e23b8e035de/song_package.yaml.bak
2025-10-26 14:05:05 [INFO] ✓ Created: data/Los-Angeles-MIDI/LOCAL_LAMDA/Local_Lamda_midi/midi_guide/0f325e23b8e035de/song_package.yaml
2025-10-26 14:05:05 [INFO] Backed up existing package to data/Los-Angeles-MIDI/LOCAL_LAMDA/Local_Lamda_midi/midi_guide/0f43035e77110272/song_package.yaml.bak
2025-10-26 14:05:05 [INFO] ✓ Created: data/Los-Angeles-MIDI/LOCAL_LAMDA/Local_Lamda_midi/midi_guide/0f43035e77110272/song_package.yaml
2025-10-26 14:05:05 [INFO] Backed up existing package to data/Los-Angeles-MIDI/LOCAL_LAMDA/Local_Lamda_midi/midi_guide/0fc6e252d853adf6/song_package.yaml.bak
2025-10-26 14:05:05 [INFO] ✓ Created: data/Los-Angeles-MIDI/LOCAL_LAMDA/Local_Lamda_midi/midi_guide/0fc6e252d853adf6/song_package.yaml
2025-10-26 14:05:05 [INFO] Backed up existing package to data/Los-Angeles-MIDI/LOCAL_LAMDA/Local_Lamda_midi/midi_guide/0f8cf3b7a45b3d6a/song_package.yaml.bak
2025-10-26 14:05:05 [INFO] ✓ Created: data/Los-Angeles-MIDI/LOCAL_LAMDA/Local_Lamda_midi/midi_guide/0f8cf3b7a45b3d6a/song_package.yaml
2025-10-26 14:05:05 [INFO] Backed up existing package to data/Los-Angeles-MIDI/LOCAL_LAMDA/Local_Lamda_midi/midi_guide/0f7687531f5a5811/song_package.yaml.bak
2025-10-26 14:05:05 [INFO] ✓ Created: data/Los-Angeles-MIDI/LOCAL_LAMDA/Local_Lamda_midi/midi_guide/0f7687531f5a5811/song_package.yaml
2025-10-26 14:05:05 [INFO] Backed up existing package to data/Los-Angeles-MIDI/LOCAL_LAMDA/Local_Lamda_midi/midi_guide/0fd2e0b45143a5d4/song_package.yaml.bak
2025-10-26 14:05:05 [INFO] ✓ Created: data/Los-Angeles-MIDI/LOCAL_LAMDA/Local_Lamda_midi/midi_guide/0fd2e0b45143a5d4/song_package.yaml
2025-10-26 14:05:05 [INFO] Backed up existing package to data/Los-Angeles-MIDI/LOCAL_LAMDA/Local_Lamda_midi/midi_guide/101879dddf5f4191/song_package.yaml.bak
2025-10-26 14:05:05 [INFO] ✓ Created: data/Los-Angeles-MIDI/LOCAL_LAMDA/Local_Lamda_midi/midi_guide/101879dddf5f4191/song_package.yaml
2025-10-26 14:05:05 [INFO] Backed up existing package to data/Los-Angeles-MIDI/LOCAL_LAMDA/Local_Lamda_midi/midi_guide/10010bc1fd0a3adb/song_package.yaml.bak
2025-10-26 14:05:05 [INFO] ✓ Created: data/Los-Angeles-MIDI/LOCAL_LAMDA/Local_Lamda_midi/midi_guide/10010bc1fd0a3adb/song_package.yaml
2025-10-26 14:05:06 [INFO] Backed up existing package to data/Los-Angeles-MIDI/LOCAL_LAMDA/Local_Lamda_midi/midi_guide/1045ac25f7d9f6c4/song_package.yaml.bak
2025-10-26 14:05:06 [INFO] ✓ Created: data/Los-Angeles-MIDI/LOCAL_LAMDA/Local_Lamda_midi/midi_guide/1045ac25f7d9f6c4/song_package.yaml
2025-10-26 14:05:06 [INFO] Backed up existing package to data/Los-Angeles-MIDI/LOCAL_LAMDA/Local_Lamda_midi/midi_guide/10662ff03224d4d2/song_package.yaml.bak
2025-10-26 14:05:06 [INFO] ✓ Created: data/Los-Angeles-MIDI/LOCAL_LAMDA/Local_Lamda_midi/midi_guide/10662ff03224d4d2/song_package.yaml
2025-10-26 14:05:06 [INFO] Backed up existing package to data/Los-Angeles-MIDI/LOCAL_LAMDA/Local_Lamda_midi/midi_guide/10724f9de66f0ba8/song_package.yaml.bak
2025-10-26 14:05:06 [INFO] ✓ Created: data/Los-Angeles-MIDI/LOCAL_LAMDA/Local_Lamda_midi/midi_guide/10724f9de66f0ba8/song_package.yaml
2025-10-26 14:05:06 [INFO] Backed up existing package to data/Los-Angeles-MIDI/LOCAL_LAMDA/Local_Lamda_midi/midi_guide/113d21c9d0f1df61/song_package.yaml.bak
2025-10-26 14:05:06 [INFO] ✓ Created: data/Los-Angeles-MIDI/LOCAL_LAMDA/Local_Lamda_midi/midi_guide/113d21c9d0f1df61/song_package.yaml
2025-10-26 14:05:06 [INFO] Backed up existing package to data/Los-Angeles-MIDI/LOCAL_LAMDA/Local_Lamda_midi/midi_guide/11179c3f16d7daad/song_package.yaml.bak
2025-10-26 14:05:06 [INFO] ✓ Created: data/Los-Angeles-MIDI/LOCAL_LAMDA/Local_Lamda_midi/midi_guide/11179c3f16d7daad/song_package.yaml
2025-10-26 14:05:06 [INFO] Backed up existing package to data/Los-Angeles-MIDI/LOCAL_LAMDA/Local_Lamda_midi/midi_guide/1138a1fae0876528/song_package.yaml.bak
2025-10-26 14:05:06 [INFO] ✓ Created: data/Los-Angeles-MIDI/LOCAL_LAMDA/Local_Lamda_midi/midi_guide/1138a1fae0876528/song_package.yaml
2025-10-26 14:05:06 [INFO] Backed up existing package to data/Los-Angeles-MIDI/LOCAL_LAMDA/Local_Lamda_midi/midi_guide/114ca857e0485806/song_package.yaml.bak
2025-10-26 14:05:06 [INFO] ✓ Created: data/Los-Angeles-MIDI/LOCAL_LAMDA/Local_Lamda_midi/midi_guide/114ca857e0485806/song_package.yaml
2025-10-26 14:05:06 [INFO] Backed up existing package to data/Los-Angeles-MIDI/LOCAL_LAMDA/Local_Lamda_midi/midi_guide/1156b2263ad704c1/song_package.yaml.bak
2025-10-26 14:05:06 [INFO] ✓ Created: data/Los-Angeles-MIDI/LOCAL_LAMDA/Local_Lamda_midi/midi_guide/1156b2263ad704c1/song_package.yaml
2025-10-26 14:05:06 [INFO] Backed up existing package to data/Los-Angeles-MIDI/LOCAL_LAMDA/Local_Lamda_midi/midi_guide/11c7ed478546076d/song_package.yaml.bak
2025-10-26 14:05:06 [INFO] ✓ Created: data/Los-Angeles-MIDI/LOCAL_LAMDA/Local_Lamda_midi/midi_guide/11c7ed478546076d/song_package.yaml
2025-10-26 14:05:06 [INFO] Backed up existing package to data/Los-Angeles-MIDI/LOCAL_LAMDA/Local_Lamda_midi/midi_guide/11940b7b29c0db13/song_package.yaml.bak
2025-10-26 14:05:06 [INFO] ✓ Created: data/Los-Angeles-MIDI/LOCAL_LAMDA/Local_Lamda_midi/midi_guide/11940b7b29c0db13/song_package.yaml
2025-10-26 14:05:06 [INFO] Backed up existing package to data/Los-Angeles-MIDI/LOCAL_LAMDA/Local_Lamda_midi/midi_guide/11c8e697550d1c81/song_package.yaml.bak
2025-10-26 14:05:06 [INFO] ✓ Created: data/Los-Angeles-MIDI/LOCAL_LAMDA/Local_Lamda_midi/midi_guide/11c8e697550d1c81/song_package.yaml
2025-10-26 14:05:06 [INFO] Backed up existing package to data/Los-Angeles-MIDI/LOCAL_LAMDA/Local_Lamda_midi/midi_guide/11f9e8a977122ec1/song_package.yaml.bak
2025-10-26 14:05:06 [INFO] ✓ Created: data/Los-Angeles-MIDI/LOCAL_LAMDA/Local_Lamda_midi/midi_guide/11f9e8a977122ec1/song_package.yaml
2025-10-26 14:05:06 [INFO] Backed up existing package to data/Los-Angeles-MIDI/LOCAL_LAMDA/Local_Lamda_midi/midi_guide/11e4b8a031fc5dff/song_package.yaml.bak
2025-10-26 14:05:06 [INFO] ✓ Created: data/Los-Angeles-MIDI/LOCAL_LAMDA/Local_Lamda_midi/midi_guide/11e4b8a031fc5dff/song_package.yaml
2025-10-26 14:05:06 [INFO] Backed up existing package to data/Los-Angeles-MIDI/LOCAL_LAMDA/Local_Lamda_midi/midi_guide/1220d5fd9e67a417/song_package.yaml.bak
2025-10-26 14:05:06 [INFO] ✓ Created: data/Los-Angeles-MIDI/LOCAL_LAMDA/Local_Lamda_midi/midi_guide/1220d5fd9e67a417/song_package.yaml
2025-10-26 14:05:06 [INFO] Backed up existing package to data/Los-Angeles-MIDI/LOCAL_LAMDA/Local_Lamda_midi/midi_guide/12407b43685b6ccf/song_package.yaml.bak
2025-10-26 14:05:06 [INFO] ✓ Created: data/Los-Angeles-MIDI/LOCAL_LAMDA/Local_Lamda_midi/midi_guide/12407b43685b6ccf/song_package.yaml
2025-10-26 14:05:06 [INFO] Backed up existing package to data/Los-Angeles-MIDI/LOCAL_LAMDA/Local_Lamda_midi/midi_guide/1245fd1db77f9dff/song_package.yaml.bak
2025-10-26 14:05:06 [INFO] ✓ Created: data/Los-Angeles-MIDI/LOCAL_LAMDA/Local_Lamda_midi/midi_guide/1245fd1db77f9dff/song_package.yaml
2025-10-26 14:05:06 [INFO] Backed up existing package to data/Los-Angeles-MIDI/LOCAL_LAMDA/Local_Lamda_midi/midi_guide/12d1e22daf754006/song_package.yaml.bak
2025-10-26 14:05:06 [INFO] ✓ Created: data/Los-Angeles-MIDI/LOCAL_LAMDA/Local_Lamda_midi/midi_guide/12d1e22daf754006/song_package.yaml
2025-10-26 14:05:06 [INFO] Backed up existing package to data/Los-Angeles-MIDI/LOCAL_LAMDA/Local_Lamda_midi/midi_guide/12a0d133325583d1/song_package.yaml.bak
2025-10-26 14:05:06 [INFO] ✓ Created: data/Los-Angeles-MIDI/LOCAL_LAMDA/Local_Lamda_midi/midi_guide/12a0d133325583d1/song_package.yaml
2025-10-26 14:05:06 [INFO] Backed up existing package to data/Los-Angeles-MIDI/LOCAL_LAMDA/Local_Lamda_midi/midi_guide/12f5fef2a0e84c09/song_package.yaml.bak
2025-10-26 14:05:06 [INFO] ✓ Created: data/Los-Angeles-MIDI/LOCAL_LAMDA/Local_Lamda_midi/midi_guide/12f5fef2a0e84c09/song_package.yaml
2025-10-26 14:05:06 [INFO] Backed up existing package to data/Los-Angeles-MIDI/LOCAL_LAMDA/Local_Lamda_midi/midi_guide/1330a8ab4484d456/song_package.yaml.bak
2025-10-26 14:05:06 [INFO] ✓ Created: data/Los-Angeles-MIDI/LOCAL_LAMDA/Local_Lamda_midi/midi_guide/1330a8ab4484d456/song_package.yaml
2025-10-26 14:05:06 [INFO] Backed up existing package to data/Los-Angeles-MIDI/LOCAL_LAMDA/Local_Lamda_midi/midi_guide/131c2b9304364055/song_package.yaml.bak
2025-10-26 14:05:06 [INFO] ✓ Created: data/Los-Angeles-MIDI/LOCAL_LAMDA/Local_Lamda_midi/midi_guide/131c2b9304364055/song_package.yaml
2025-10-26 14:05:06 [INFO] Backed up existing package to data/Los-Angeles-MIDI/LOCAL_LAMDA/Local_Lamda_midi/midi_guide/137240fc2b233c7f/song_package.yaml.bak
2025-10-26 14:05:06 [INFO] ✓ Created: data/Los-Angeles-MIDI/LOCAL_LAMDA/Local_Lamda_midi/midi_guide/137240fc2b233c7f/song_package.yaml
2025-10-26 14:05:06 [INFO] Backed up existing package to data/Los-Angeles-MIDI/LOCAL_LAMDA/Local_Lamda_midi/midi_guide/143a013f5a7946a1/song_package.yaml.bak
2025-10-26 14:05:06 [INFO] ✓ Created: data/Los-Angeles-MIDI/LOCAL_LAMDA/Local_Lamda_midi/midi_guide/143a013f5a7946a1/song_package.yaml
2025-10-26 14:05:06 [INFO] Backed up existing package to data/Los-Angeles-MIDI/LOCAL_LAMDA/Local_Lamda_midi/midi_guide/1448b8f3d65f9d83/song_package.yaml.bak
2025-10-26 14:05:06 [INFO] ✓ Created: data/Los-Angeles-MIDI/LOCAL_LAMDA/Local_Lamda_midi/midi_guide/1448b8f3d65f9d83/song_package.yaml
2025-10-26 14:05:06 [INFO] Backed up existing package to data/Los-Angeles-MIDI/LOCAL_LAMDA/Local_Lamda_midi/midi_guide/13f95f609f8539f4/song_package.yaml.bak
2025-10-26 14:05:06 [INFO] ✓ Created: data/Los-Angeles-MIDI/LOCAL_LAMDA/Local_Lamda_midi/midi_guide/13f95f609f8539f4/song_package.yaml
2025-10-26 14:05:06 [INFO] Backed up existing package to data/Los-Angeles-MIDI/LOCAL_LAMDA/Local_Lamda_midi/midi_guide/143d99b1d7179dfc/song_package.yaml.bak
2025-10-26 14:05:06 [INFO] ✓ Created: data/Los-Angeles-MIDI/LOCAL_LAMDA/Local_Lamda_midi/midi_guide/143d99b1d7179dfc/song_package.yaml
2025-10-26 14:05:06 [INFO] Backed up existing package to data/Los-Angeles-MIDI/LOCAL_LAMDA/Local_Lamda_midi/midi_guide/14656318e71caa20/song_package.yaml.bak
2025-10-26 14:05:06 [INFO] ✓ Created: data/Los-Angeles-MIDI/LOCAL_LAMDA/Local_Lamda_midi/midi_guide/14656318e71caa20/song_package.yaml
2025-10-26 14:05:06 [INFO] Backed up existing package to data/Los-Angeles-MIDI/LOCAL_LAMDA/Local_Lamda_midi/midi_guide/1465f12e53e3df61/song_package.yaml.bak
2025-10-26 14:05:06 [INFO] ✓ Created: data/Los-Angeles-MIDI/LOCAL_LAMDA/Local_Lamda_midi/midi_guide/1465f12e53e3df61/song_package.yaml
2025-10-26 14:05:06 [INFO] Backed up existing package to data/Los-Angeles-MIDI/LOCAL_LAMDA/Local_Lamda_midi/midi_guide/1477c8af8d810ccc/song_package.yaml.bak
2025-10-26 14:05:06 [INFO] ✓ Created: data/Los-Angeles-MIDI/LOCAL_LAMDA/Local_Lamda_midi/midi_guide/1477c8af8d810ccc/song_package.yaml
2025-10-26 14:05:06 [INFO] Backed up existing package to data/Los-Angeles-MIDI/LOCAL_LAMDA/Local_Lamda_midi/midi_guide/14de42167d68e969/song_package.yaml.bak
2025-10-26 14:05:06 [INFO] ✓ Created: data/Los-Angeles-MIDI/LOCAL_LAMDA/Local_Lamda_midi/midi_guide/14de42167d68e969/song_package.yaml
2025-10-26 14:05:06 [INFO] Backed up existing package to data/Los-Angeles-MIDI/LOCAL_LAMDA/Local_Lamda_midi/midi_guide/14d6ac85b5ef9bc3/song_package.yaml.bak
2025-10-26 14:05:06 [INFO] ✓ Created: data/Los-Angeles-MIDI/LOCAL_LAMDA/Local_Lamda_midi/midi_guide/14d6ac85b5ef9bc3/song_package.yaml
2025-10-26 14:05:06 [INFO] Backed up existing package to data/Los-Angeles-MIDI/LOCAL_LAMDA/Local_Lamda_midi/midi_guide/152857216ba00396/song_package.yaml.bak
2025-10-26 14:05:06 [INFO] ✓ Created: data/Los-Angeles-MIDI/LOCAL_LAMDA/Local_Lamda_midi/midi_guide/152857216ba00396/song_package.yaml
2025-10-26 14:05:06 [INFO] Backed up existing package to data/Los-Angeles-MIDI/LOCAL_LAMDA/Local_Lamda_midi/midi_guide/1564f0f937963019/song_package.yaml.bak
2025-10-26 14:05:06 [INFO] ✓ Created: data/Los-Angeles-MIDI/LOCAL_LAMDA/Local_Lamda_midi/midi_guide/1564f0f937963019/song_package.yaml
2025-10-26 14:05:06 [INFO] Backed up existing package to data/Los-Angeles-MIDI/LOCAL_LAMDA/Local_Lamda_midi/midi_guide/152fd05c0e56bf56/song_package.yaml.bak
2025-10-26 14:05:06 [INFO] ✓ Created: data/Los-Angeles-MIDI/LOCAL_LAMDA/Local_Lamda_midi/midi_guide/152fd05c0e56bf56/song_package.yaml
2025-10-26 14:05:06 [INFO] Backed up existing package to data/Los-Angeles-MIDI/LOCAL_LAMDA/Local_Lamda_midi/midi_guide/15c3836854281783/song_package.yaml.bak
2025-10-26 14:05:06 [INFO] ✓ Created: data/Los-Angeles-MIDI/LOCAL_LAMDA/Local_Lamda_midi/midi_guide/15c3836854281783/song_package.yaml
2025-10-26 14:05:07 [INFO] Backed up existing package to data/Los-Angeles-MIDI/LOCAL_LAMDA/Local_Lamda_midi/midi_guide/15deb7a510630833/song_package.yaml.bak
2025-10-26 14:05:07 [INFO] ✓ Created: data/Los-Angeles-MIDI/LOCAL_LAMDA/Local_Lamda_midi/midi_guide/15deb7a510630833/song_package.yaml
2025-10-26 14:05:07 [INFO] Backed up existing package to data/Los-Angeles-MIDI/LOCAL_LAMDA/Local_Lamda_midi/midi_guide/15d03d3d0e68a01c/song_package.yaml.bak
2025-10-26 14:05:07 [INFO] ✓ Created: data/Los-Angeles-MIDI/LOCAL_LAMDA/Local_Lamda_midi/midi_guide/15d03d3d0e68a01c/song_package.yaml
2025-10-26 14:05:07 [INFO] Backed up existing package to data/Los-Angeles-MIDI/LOCAL_LAMDA/Local_Lamda_midi/midi_guide/1631508f7c9b22a7/song_package.yaml.bak
2025-10-26 14:05:07 [INFO] ✓ Created: data/Los-Angeles-MIDI/LOCAL_LAMDA/Local_Lamda_midi/midi_guide/1631508f7c9b22a7/song_package.yaml
2025-10-26 14:05:07 [INFO] Backed up existing package to data/Los-Angeles-MIDI/LOCAL_LAMDA/Local_Lamda_midi/midi_guide/15f4964c4cc9e8cb/song_package.yaml.bak
2025-10-26 14:05:07 [INFO] ✓ Created: data/Los-Angeles-MIDI/LOCAL_LAMDA/Local_Lamda_midi/midi_guide/15f4964c4cc9e8cb/song_package.yaml
2025-10-26 14:05:07 [INFO] Backed up existing package to data/Los-Angeles-MIDI/LOCAL_LAMDA/Local_Lamda_midi/midi_guide/164b27caa554ebea/song_package.yaml.bak
2025-10-26 14:05:07 [INFO] ✓ Created: data/Los-Angeles-MIDI/LOCAL_LAMDA/Local_Lamda_midi/midi_guide/164b27caa554ebea/song_package.yaml
2025-10-26 14:05:07 [INFO] Backed up existing package to data/Los-Angeles-MIDI/LOCAL_LAMDA/Local_Lamda_midi/midi_guide/16567312dcda72cd/song_package.yaml.bak
2025-10-26 14:05:07 [INFO] ✓ Created: data/Los-Angeles-MIDI/LOCAL_LAMDA/Local_Lamda_midi/midi_guide/16567312dcda72cd/song_package.yaml
2025-10-26 14:05:07 [INFO] Backed up existing package to data/Los-Angeles-MIDI/LOCAL_LAMDA/Local_Lamda_midi/midi_guide/16993f4ebf0df238/song_package.yaml.bak
2025-10-26 14:05:07 [INFO] ✓ Created: data/Los-Angeles-MIDI/LOCAL_LAMDA/Local_Lamda_midi/midi_guide/16993f4ebf0df238/song_package.yaml
2025-10-26 14:05:07 [INFO] Backed up existing package to data/Los-Angeles-MIDI/LOCAL_LAMDA/Local_Lamda_midi/midi_guide/16c43e4d75fc0062/song_package.yaml.bak
2025-10-26 14:05:07 [INFO] ✓ Created: data/Los-Angeles-MIDI/LOCAL_LAMDA/Local_Lamda_midi/midi_guide/16c43e4d75fc0062/song_package.yaml
2025-10-26 14:05:07 [INFO] Backed up existing package to data/Los-Angeles-MIDI/LOCAL_LAMDA/Local_Lamda_midi/midi_guide/16b26816234b13c3/song_package.yaml.bak
2025-10-26 14:05:07 [INFO] ✓ Created: data/Los-Angeles-MIDI/LOCAL_LAMDA/Local_Lamda_midi/midi_guide/16b26816234b13c3/song_package.yaml
2025-10-26 14:05:07 [INFO] Backed up existing package to data/Los-Angeles-MIDI/LOCAL_LAMDA/Local_Lamda_midi/midi_guide/16d350bee4e64845/song_package.yaml.bak
2025-10-26 14:05:07 [INFO] ✓ Created: data/Los-Angeles-MIDI/LOCAL_LAMDA/Local_Lamda_midi/midi_guide/16d350bee4e64845/song_package.yaml
2025-10-26 14:05:07 [INFO] Backed up existing package to data/Los-Angeles-MIDI/LOCAL_LAMDA/Local_Lamda_midi/midi_guide/17056024a1cf3113/song_package.yaml.bak
2025-10-26 14:05:07 [INFO] ✓ Created: data/Los-Angeles-MIDI/LOCAL_LAMDA/Local_Lamda_midi/midi_guide/17056024a1cf3113/song_package.yaml
2025-10-26 14:05:07 [INFO] Backed up existing package to data/Los-Angeles-MIDI/LOCAL_LAMDA/Local_Lamda_midi/midi_guide/17362bfc04dbb1d4/song_package.yaml.bak
2025-10-26 14:05:07 [INFO] ✓ Created: data/Los-Angeles-MIDI/LOCAL_LAMDA/Local_Lamda_midi/midi_guide/17362bfc04dbb1d4/song_package.yaml
2025-10-26 14:05:07 [INFO] Backed up existing package to data/Los-Angeles-MIDI/LOCAL_LAMDA/Local_Lamda_midi/midi_guide/1721b23031b95b69/song_package.yaml.bak
2025-10-26 14:05:07 [INFO] ✓ Created: data/Los-Angeles-MIDI/LOCAL_LAMDA/Local_Lamda_midi/midi_guide/1721b23031b95b69/song_package.yaml
2025-10-26 14:05:07 [INFO] Backed up existing package to data/Los-Angeles-MIDI/LOCAL_LAMDA/Local_Lamda_midi/midi_guide/173573dc77b2d59b/song_package.yaml.bak
2025-10-26 14:05:07 [INFO] ✓ Created: data/Los-Angeles-MIDI/LOCAL_LAMDA/Local_Lamda_midi/midi_guide/173573dc77b2d59b/song_package.yaml
2025-10-26 14:05:07 [INFO] Backed up existing package to data/Los-Angeles-MIDI/LOCAL_LAMDA/Local_Lamda_midi/midi_guide/1749d025d0f9c882/song_package.yaml.bak
2025-10-26 14:05:07 [INFO] ✓ Created: data/Los-Angeles-MIDI/LOCAL_LAMDA/Local_Lamda_midi/midi_guide/1749d025d0f9c882/song_package.yaml
2025-10-26 14:05:07 [INFO] Backed up existing package to data/Los-Angeles-MIDI/LOCAL_LAMDA/Local_Lamda_midi/midi_guide/17514d732ef8002a/song_package.yaml.bak
2025-10-26 14:05:07 [INFO] ✓ Created: data/Los-Angeles-MIDI/LOCAL_LAMDA/Local_Lamda_midi/midi_guide/17514d732ef8002a/song_package.yaml
2025-10-26 14:05:07 [INFO] Backed up existing package to data/Los-Angeles-MIDI/LOCAL_LAMDA/Local_Lamda_midi/midi_guide/17736fa36b99987e/song_package.yaml.bak
2025-10-26 14:05:07 [INFO] ✓ Created: data/Los-Angeles-MIDI/LOCAL_LAMDA/Local_Lamda_midi/midi_guide/17736fa36b99987e/song_package.yaml
2025-10-26 14:05:07 [INFO] Backed up existing package to data/Los-Angeles-MIDI/LOCAL_LAMDA/Local_Lamda_midi/midi_guide/176e89653b9b7e30/song_package.yaml.bak
2025-10-26 14:05:07 [INFO] ✓ Created: data/Los-Angeles-MIDI/LOCAL_LAMDA/Local_Lamda_midi/midi_guide/176e89653b9b7e30/song_package.yaml
2025-10-26 14:05:07 [INFO] Backed up existing package to data/Los-Angeles-MIDI/LOCAL_LAMDA/Local_Lamda_midi/midi_guide/17a6ffd501b5d8db/song_package.yaml.bak
2025-10-26 14:05:07 [INFO] ✓ Created: data/Los-Angeles-MIDI/LOCAL_LAMDA/Local_Lamda_midi/midi_guide/17a6ffd501b5d8db/song_package.yaml
2025-10-26 14:05:07 [INFO] Backed up existing package to data/Los-Angeles-MIDI/LOCAL_LAMDA/Local_Lamda_midi/midi_guide/17fd818310a9be0d/song_package.yaml.bak
2025-10-26 14:05:07 [INFO] ✓ Created: data/Los-Angeles-MIDI/LOCAL_LAMDA/Local_Lamda_midi/midi_guide/17fd818310a9be0d/song_package.yaml
2025-10-26 14:05:07 [INFO] Backed up existing package to data/Los-Angeles-MIDI/LOCAL_LAMDA/Local_Lamda_midi/midi_guide/1835d0c09000ab49/song_package.yaml.bak
2025-10-26 14:05:07 [INFO] ✓ Created: data/Los-Angeles-MIDI/LOCAL_LAMDA/Local_Lamda_midi/midi_guide/1835d0c09000ab49/song_package.yaml
2025-10-26 14:05:07 [INFO] Backed up existing package to data/Los-Angeles-MIDI/LOCAL_LAMDA/Local_Lamda_midi/midi_guide/183f5e554a7830f9/song_package.yaml.bak
2025-10-26 14:05:07 [INFO] ✓ Created: data/Los-Angeles-MIDI/LOCAL_LAMDA/Local_Lamda_midi/midi_guide/183f5e554a7830f9/song_package.yaml
2025-10-26 14:05:07 [INFO] Backed up existing package to data/Los-Angeles-MIDI/LOCAL_LAMDA/Local_Lamda_midi/midi_guide/185e10fbf1748c13/song_package.yaml.bak
2025-10-26 14:05:07 [INFO] ✓ Created: data/Los-Angeles-MIDI/LOCAL_LAMDA/Local_Lamda_midi/midi_guide/185e10fbf1748c13/song_package.yaml
2025-10-26 14:05:07 [INFO] Backed up existing package to data/Los-Angeles-MIDI/LOCAL_LAMDA/Local_Lamda_midi/midi_guide/189cf00e56efd358/song_package.yaml.bak
2025-10-26 14:05:07 [INFO] ✓ Created: data/Los-Angeles-MIDI/LOCAL_LAMDA/Local_Lamda_midi/midi_guide/189cf00e56efd358/song_package.yaml
2025-10-26 14:05:07 [INFO] Backed up existing package to data/Los-Angeles-MIDI/LOCAL_LAMDA/Local_Lamda_midi/midi_guide/185353e3503f25db/song_package.yaml.bak
2025-10-26 14:05:07 [INFO] ✓ Created: data/Los-Angeles-MIDI/LOCAL_LAMDA/Local_Lamda_midi/midi_guide/185353e3503f25db/song_package.yaml
2025-10-26 14:05:07 [INFO] Backed up existing package to data/Los-Angeles-MIDI/LOCAL_LAMDA/Local_Lamda_midi/midi_guide/18bc3df9430cb024/song_package.yaml.bak
2025-10-26 14:05:07 [INFO] ✓ Created: data/Los-Angeles-MIDI/LOCAL_LAMDA/Local_Lamda_midi/midi_guide/18bc3df9430cb024/song_package.yaml
2025-10-26 14:05:07 [INFO] Backed up existing package to data/Los-Angeles-MIDI/LOCAL_LAMDA/Local_Lamda_midi/midi_guide/18d254da8997ad50/song_package.yaml.bak
2025-10-26 14:05:07 [INFO] ✓ Created: data/Los-Angeles-MIDI/LOCAL_LAMDA/Local_Lamda_midi/midi_guide/18d254da8997ad50/song_package.yaml
2025-10-26 14:05:07 [INFO] Backed up existing package to data/Los-Angeles-MIDI/LOCAL_LAMDA/Local_Lamda_midi/midi_guide/18c5751a75ef566e/song_package.yaml.bak
2025-10-26 14:05:07 [INFO] ✓ Created: data/Los-Angeles-MIDI/LOCAL_LAMDA/Local_Lamda_midi/midi_guide/18c5751a75ef566e/song_package.yaml
2025-10-26 14:05:07 [INFO] Backed up existing package to data/Los-Angeles-MIDI/LOCAL_LAMDA/Local_Lamda_midi/midi_guide/192c4a7fba9e2d56/song_package.yaml.bak
2025-10-26 14:05:07 [INFO] ✓ Created: data/Los-Angeles-MIDI/LOCAL_LAMDA/Local_Lamda_midi/midi_guide/192c4a7fba9e2d56/song_package.yaml
2025-10-26 14:05:07 [INFO] Backed up existing package to data/Los-Angeles-MIDI/LOCAL_LAMDA/Local_Lamda_midi/midi_guide/19e62c0b18dea41a/song_package.yaml.bak
2025-10-26 14:05:07 [INFO] ✓ Created: data/Los-Angeles-MIDI/LOCAL_LAMDA/Local_Lamda_midi/midi_guide/19e62c0b18dea41a/song_package.yaml
2025-10-26 14:05:07 [INFO] Backed up existing package to data/Los-Angeles-MIDI/LOCAL_LAMDA/Local_Lamda_midi/midi_guide/19a62367dddd0bb8/song_package.yaml.bak
2025-10-26 14:05:07 [INFO] ✓ Created: data/Los-Angeles-MIDI/LOCAL_LAMDA/Local_Lamda_midi/midi_guide/19a62367dddd0bb8/song_package.yaml
2025-10-26 14:05:07 [INFO] Backed up existing package to data/Los-Angeles-MIDI/LOCAL_LAMDA/Local_Lamda_midi/midi_guide/19e9976510a244f4/song_package.yaml.bak
2025-10-26 14:05:07 [INFO] ✓ Created: data/Los-Angeles-MIDI/LOCAL_LAMDA/Local_Lamda_midi/midi_guide/19e9976510a244f4/song_package.yaml
2025-10-26 14:05:07 [INFO] Backed up existing package to data/Los-Angeles-MIDI/LOCAL_LAMDA/Local_Lamda_midi/midi_guide/19d328340b913fc4/song_package.yaml.bak
2025-10-26 14:05:07 [INFO] ✓ Created: data/Los-Angeles-MIDI/LOCAL_LAMDA/Local_Lamda_midi/midi_guide/19d328340b913fc4/song_package.yaml
2025-10-26 14:05:07 [INFO] Backed up existing package to data/Los-Angeles-MIDI/LOCAL_LAMDA/Local_Lamda_midi/midi_guide/1a11426fa8cfe785/song_package.yaml.bak
2025-10-26 14:05:07 [INFO] ✓ Created: data/Los-Angeles-MIDI/LOCAL_LAMDA/Local_Lamda_midi/midi_guide/1a11426fa8cfe785/song_package.yaml
2025-10-26 14:05:07 [INFO] Backed up existing package to data/Los-Angeles-MIDI/LOCAL_LAMDA/Local_Lamda_midi/midi_guide/1a7c130038a06ebd/song_package.yaml.bak
2025-10-26 14:05:07 [INFO] ✓ Created: data/Los-Angeles-MIDI/LOCAL_LAMDA/Local_Lamda_midi/midi_guide/1a7c130038a06ebd/song_package.yaml
2025-10-26 14:05:07 [INFO] Backed up existing package to data/Los-Angeles-MIDI/LOCAL_LAMDA/Local_Lamda_midi/midi_guide/1aa5d2f269b02ed1/song_package.yaml.bak
2025-10-26 14:05:07 [INFO] ✓ Created: data/Los-Angeles-MIDI/LOCAL_LAMDA/Local_Lamda_midi/midi_guide/1aa5d2f269b02ed1/song_package.yaml
2025-10-26 14:05:08 [INFO] Backed up existing package to data/Los-Angeles-MIDI/LOCAL_LAMDA/Local_Lamda_midi/midi_guide/1ab0ba2fefabc8dc/song_package.yaml.bak
2025-10-26 14:05:08 [INFO] ✓ Created: data/Los-Angeles-MIDI/LOCAL_LAMDA/Local_Lamda_midi/midi_guide/1ab0ba2fefabc8dc/song_package.yaml
2025-10-26 14:05:08 [INFO] Backed up existing package to data/Los-Angeles-MIDI/LOCAL_LAMDA/Local_Lamda_midi/midi_guide/1ad396b91ec5ccdb/song_package.yaml.bak
2025-10-26 14:05:08 [INFO] ✓ Created: data/Los-Angeles-MIDI/LOCAL_LAMDA/Local_Lamda_midi/midi_guide/1ad396b91ec5ccdb/song_package.yaml
2025-10-26 14:05:08 [INFO] Backed up existing package to data/Los-Angeles-MIDI/LOCAL_LAMDA/Local_Lamda_midi/midi_guide/1ad9d7bd51f7df08/song_package.yaml.bak
2025-10-26 14:05:08 [INFO] ✓ Created: data/Los-Angeles-MIDI/LOCAL_LAMDA/Local_Lamda_midi/midi_guide/1ad9d7bd51f7df08/song_package.yaml
2025-10-26 14:05:08 [INFO] Backed up existing package to data/Los-Angeles-MIDI/LOCAL_LAMDA/Local_Lamda_midi/midi_guide/1aba82a1aa9e5cea/song_package.yaml.bak
2025-10-26 14:05:08 [INFO] ✓ Created: data/Los-Angeles-MIDI/LOCAL_LAMDA/Local_Lamda_midi/midi_guide/1aba82a1aa9e5cea/song_package.yaml
2025-10-26 14:05:08 [INFO] Backed up existing package to data/Los-Angeles-MIDI/LOCAL_LAMDA/Local_Lamda_midi/midi_guide/1ae084ff6255c917/song_package.yaml.bak
2025-10-26 14:05:08 [INFO] ✓ Created: data/Los-Angeles-MIDI/LOCAL_LAMDA/Local_Lamda_midi/midi_guide/1ae084ff6255c917/song_package.yaml
2025-10-26 14:05:08 [INFO] Backed up existing package to data/Los-Angeles-MIDI/LOCAL_LAMDA/Local_Lamda_midi/midi_guide/1ad5a09daf6bca3d/song_package.yaml.bak
2025-10-26 14:05:08 [INFO] ✓ Created: data/Los-Angeles-MIDI/LOCAL_LAMDA/Local_Lamda_midi/midi_guide/1ad5a09daf6bca3d/song_package.yaml
2025-10-26 14:05:08 [INFO] Backed up existing package to data/Los-Angeles-MIDI/LOCAL_LAMDA/Local_Lamda_midi/midi_guide/1ae4c9f5d9871d66/song_package.yaml.bak
2025-10-26 14:05:08 [INFO] ✓ Created: data/Los-Angeles-MIDI/LOCAL_LAMDA/Local_Lamda_midi/midi_guide/1ae4c9f5d9871d66/song_package.yaml
2025-10-26 14:05:08 [INFO] Backed up existing package to data/Los-Angeles-MIDI/LOCAL_LAMDA/Local_Lamda_midi/midi_guide/1afe50fd580f07d4/song_package.yaml.bak
2025-10-26 14:05:08 [INFO] ✓ Created: data/Los-Angeles-MIDI/LOCAL_LAMDA/Local_Lamda_midi/midi_guide/1afe50fd580f07d4/song_package.yaml
2025-10-26 14:05:08 [INFO] Backed up existing package to data/Los-Angeles-MIDI/LOCAL_LAMDA/Local_Lamda_midi/midi_guide/1ae6c7557969d1e8/song_package.yaml.bak
2025-10-26 14:05:08 [INFO] ✓ Created: data/Los-Angeles-MIDI/LOCAL_LAMDA/Local_Lamda_midi/midi_guide/1ae6c7557969d1e8/song_package.yaml
2025-10-26 14:05:08 [INFO] Backed up existing package to data/Los-Angeles-MIDI/LOCAL_LAMDA/Local_Lamda_midi/midi_guide/1b1a56926aa63c30/song_package.yaml.bak
2025-10-26 14:05:08 [INFO] ✓ Created: data/Los-Angeles-MIDI/LOCAL_LAMDA/Local_Lamda_midi/midi_guide/1b1a56926aa63c30/song_package.yaml
2025-10-26 14:05:08 [INFO] Backed up existing package to data/Los-Angeles-MIDI/LOCAL_LAMDA/Local_Lamda_midi/midi_guide/1b29804e74a34b49/song_package.yaml.bak
2025-10-26 14:05:08 [INFO] ✓ Created: data/Los-Angeles-MIDI/LOCAL_LAMDA/Local_Lamda_midi/midi_guide/1b29804e74a34b49/song_package.yaml
2025-10-26 14:05:08 [INFO] Backed up existing package to data/Los-Angeles-MIDI/LOCAL_LAMDA/Local_Lamda_midi/midi_guide/1b322f22a684aa7b/song_package.yaml.bak
2025-10-26 14:05:08 [INFO] ✓ Created: data/Los-Angeles-MIDI/LOCAL_LAMDA/Local_Lamda_midi/midi_guide/1b322f22a684aa7b/song_package.yaml
2025-10-26 14:05:08 [INFO] Backed up existing package to data/Los-Angeles-MIDI/LOCAL_LAMDA/Local_Lamda_midi/midi_guide/1b5bb4125321689b/song_package.yaml.bak
2025-10-26 14:05:08 [INFO] ✓ Created: data/Los-Angeles-MIDI/LOCAL_LAMDA/Local_Lamda_midi/midi_guide/1b5bb4125321689b/song_package.yaml
2025-10-26 14:05:08 [INFO] Backed up existing package to data/Los-Angeles-MIDI/LOCAL_LAMDA/Local_Lamda_midi/midi_guide/1b595689396d9fb4/song_package.yaml.bak
2025-10-26 14:05:08 [INFO] ✓ Created: data/Los-Angeles-MIDI/LOCAL_LAMDA/Local_Lamda_midi/midi_guide/1b595689396d9fb4/song_package.yaml
2025-10-26 14:05:08 [INFO] Backed up existing package to data/Los-Angeles-MIDI/LOCAL_LAMDA/Local_Lamda_midi/midi_guide/1bde4b689c0d8e8b/song_package.yaml.bak
2025-10-26 14:05:08 [INFO] ✓ Created: data/Los-Angeles-MIDI/LOCAL_LAMDA/Local_Lamda_midi/midi_guide/1bde4b689c0d8e8b/song_package.yaml
2025-10-26 14:05:08 [INFO] Backed up existing package to data/Los-Angeles-MIDI/LOCAL_LAMDA/Local_Lamda_midi/midi_guide/1c077e7250e10458/song_package.yaml.bak
2025-10-26 14:05:08 [INFO] ✓ Created: data/Los-Angeles-MIDI/LOCAL_LAMDA/Local_Lamda_midi/midi_guide/1c077e7250e10458/song_package.yaml
2025-10-26 14:05:08 [INFO] Backed up existing package to data/Los-Angeles-MIDI/LOCAL_LAMDA/Local_Lamda_midi/midi_guide/1c464fb041737c0c/song_package.yaml.bak
2025-10-26 14:05:08 [INFO] ✓ Created: data/Los-Angeles-MIDI/LOCAL_LAMDA/Local_Lamda_midi/midi_guide/1c464fb041737c0c/song_package.yaml
2025-10-26 14:05:08 [INFO] Backed up existing package to data/Los-Angeles-MIDI/LOCAL_LAMDA/Local_Lamda_midi/midi_guide/1bd74aed1b325b97/song_package.yaml.bak
2025-10-26 14:05:08 [INFO] ✓ Created: data/Los-Angeles-MIDI/LOCAL_LAMDA/Local_Lamda_midi/midi_guide/1bd74aed1b325b97/song_package.yaml
2025-10-26 14:05:08 [INFO] Backed up existing package to data/Los-Angeles-MIDI/LOCAL_LAMDA/Local_Lamda_midi/midi_guide/1c73680f805b6107/song_package.yaml.bak
2025-10-26 14:05:08 [INFO] ✓ Created: data/Los-Angeles-MIDI/LOCAL_LAMDA/Local_Lamda_midi/midi_guide/1c73680f805b6107/song_package.yaml
2025-10-26 14:05:08 [INFO] Backed up existing package to data/Los-Angeles-MIDI/LOCAL_LAMDA/Local_Lamda_midi/midi_guide/1c4b757e85e8108d/song_package.yaml.bak
2025-10-26 14:05:08 [INFO] ✓ Created: data/Los-Angeles-MIDI/LOCAL_LAMDA/Local_Lamda_midi/midi_guide/1c4b757e85e8108d/song_package.yaml
2025-10-26 14:05:08 [INFO] Backed up existing package to data/Los-Angeles-MIDI/LOCAL_LAMDA/Local_Lamda_midi/midi_guide/1c4e1d23f34b6231/song_package.yaml.bak
2025-10-26 14:05:08 [INFO] ✓ Created: data/Los-Angeles-MIDI/LOCAL_LAMDA/Local_Lamda_midi/midi_guide/1c4e1d23f34b6231/song_package.yaml
2025-10-26 14:05:08 [INFO] Backed up existing package to data/Los-Angeles-MIDI/LOCAL_LAMDA/Local_Lamda_midi/midi_guide/1c95d612dcca466e/song_package.yaml.bak
2025-10-26 14:05:08 [INFO] ✓ Created: data/Los-Angeles-MIDI/LOCAL_LAMDA/Local_Lamda_midi/midi_guide/1c95d612dcca466e/song_package.yaml
2025-10-26 14:05:08 [INFO] Backed up existing package to data/Los-Angeles-MIDI/LOCAL_LAMDA/Local_Lamda_midi/midi_guide/1c8bd2f57a4bba9c/song_package.yaml.bak
2025-10-26 14:05:08 [INFO] ✓ Created: data/Los-Angeles-MIDI/LOCAL_LAMDA/Local_Lamda_midi/midi_guide/1c8bd2f57a4bba9c/song_package.yaml
2025-10-26 14:05:08 [INFO] Backed up existing package to data/Los-Angeles-MIDI/LOCAL_LAMDA/Local_Lamda_midi/midi_guide/1cd73bae05092864/song_package.yaml.bak
2025-10-26 14:05:08 [INFO] ✓ Created: data/Los-Angeles-MIDI/LOCAL_LAMDA/Local_Lamda_midi/midi_guide/1cd73bae05092864/song_package.yaml
2025-10-26 14:05:08 [INFO] Backed up existing package to data/Los-Angeles-MIDI/LOCAL_LAMDA/Local_Lamda_midi/midi_guide/1c9d7d0962ced3f3/song_package.yaml.bak
2025-10-26 14:05:08 [INFO] ✓ Created: data/Los-Angeles-MIDI/LOCAL_LAMDA/Local_Lamda_midi/midi_guide/1c9d7d0962ced3f3/song_package.yaml
2025-10-26 14:05:08 [INFO] Backed up existing package to data/Los-Angeles-MIDI/LOCAL_LAMDA/Local_Lamda_midi/midi_guide/1cf5017e6fe20c14/song_package.yaml.bak
2025-10-26 14:05:08 [INFO] ✓ Created: data/Los-Angeles-MIDI/LOCAL_LAMDA/Local_Lamda_midi/midi_guide/1cf5017e6fe20c14/song_package.yaml
2025-10-26 14:05:08 [INFO] Backed up existing package to data/Los-Angeles-MIDI/LOCAL_LAMDA/Local_Lamda_midi/midi_guide/1d1b2afc3ed8deb7/song_package.yaml.bak
2025-10-26 14:05:08 [INFO] ✓ Created: data/Los-Angeles-MIDI/LOCAL_LAMDA/Local_Lamda_midi/midi_guide/1d1b2afc3ed8deb7/song_package.yaml
2025-10-26 14:05:08 [INFO] Backed up existing package to data/Los-Angeles-MIDI/LOCAL_LAMDA/Local_Lamda_midi/midi_guide/1d362e636aee90b5/song_package.yaml.bak
2025-10-26 14:05:08 [INFO] ✓ Created: data/Los-Angeles-MIDI/LOCAL_LAMDA/Local_Lamda_midi/midi_guide/1d362e636aee90b5/song_package.yaml
2025-10-26 14:05:08 [INFO] Backed up existing package to data/Los-Angeles-MIDI/LOCAL_LAMDA/Local_Lamda_midi/midi_guide/1d8928d4592ffcf4/song_package.yaml.bak
2025-10-26 14:05:08 [INFO] ✓ Created: data/Los-Angeles-MIDI/LOCAL_LAMDA/Local_Lamda_midi/midi_guide/1d8928d4592ffcf4/song_package.yaml
2025-10-26 14:05:08 [INFO] Backed up existing package to data/Los-Angeles-MIDI/LOCAL_LAMDA/Local_Lamda_midi/midi_guide/1db44bcafed21ce5/song_package.yaml.bak
2025-10-26 14:05:08 [INFO] ✓ Created: data/Los-Angeles-MIDI/LOCAL_LAMDA/Local_Lamda_midi/midi_guide/1db44bcafed21ce5/song_package.yaml
2025-10-26 14:05:08 [INFO] Backed up existing package to data/Los-Angeles-MIDI/LOCAL_LAMDA/Local_Lamda_midi/midi_guide/1d018d4c7b82344a/song_package.yaml.bak
2025-10-26 14:05:08 [INFO] ✓ Created: data/Los-Angeles-MIDI/LOCAL_LAMDA/Local_Lamda_midi/midi_guide/1d018d4c7b82344a/song_package.yaml
2025-10-26 14:05:08 [INFO] Backed up existing package to data/Los-Angeles-MIDI/LOCAL_LAMDA/Local_Lamda_midi/midi_guide/1d9566cc2e095c44/song_package.yaml.bak
2025-10-26 14:05:08 [INFO] ✓ Created: data/Los-Angeles-MIDI/LOCAL_LAMDA/Local_Lamda_midi/midi_guide/1d9566cc2e095c44/song_package.yaml
2025-10-26 14:05:08 [INFO] Backed up existing package to data/Los-Angeles-MIDI/LOCAL_LAMDA/Local_Lamda_midi/midi_guide/1e160deb927df43e/song_package.yaml.bak
2025-10-26 14:05:08 [INFO] ✓ Created: data/Los-Angeles-MIDI/LOCAL_LAMDA/Local_Lamda_midi/midi_guide/1e160deb927df43e/song_package.yaml
2025-10-26 14:05:08 [INFO] Backed up existing package to data/Los-Angeles-MIDI/LOCAL_LAMDA/Local_Lamda_midi/midi_guide/1e36b2085929fe0d/song_package.yaml.bak
2025-10-26 14:05:08 [INFO] ✓ Created: data/Los-Angeles-MIDI/LOCAL_LAMDA/Local_Lamda_midi/midi_guide/1e36b2085929fe0d/song_package.yaml
2025-10-26 14:05:08 [INFO] Backed up existing package to data/Los-Angeles-MIDI/LOCAL_LAMDA/Local_Lamda_midi/midi_guide/1dfea146cb89d586/song_package.yaml.bak
2025-10-26 14:05:08 [INFO] ✓ Created: data/Los-Angeles-MIDI/LOCAL_LAMDA/Local_Lamda_midi/midi_guide/1dfea146cb89d586/song_package.yaml
2025-10-26 14:05:08 [INFO] Backed up existing package to data/Los-Angeles-MIDI/LOCAL_LAMDA/Local_Lamda_midi/midi_guide/1dc4d34c15491b6a/song_package.yaml.bak
2025-10-26 14:05:08 [INFO] ✓ Created: data/Los-Angeles-MIDI/LOCAL_LAMDA/Local_Lamda_midi/midi_guide/1dc4d34c15491b6a/song_package.yaml
2025-10-26 14:05:08 [INFO] Backed up existing package to data/Los-Angeles-MIDI/LOCAL_LAMDA/Local_Lamda_midi/midi_guide/1e19ba76ff590bc8/song_package.yaml.bak
2025-10-26 14:05:08 [INFO] ✓ Created: data/Los-Angeles-MIDI/LOCAL_LAMDA/Local_Lamda_midi/midi_guide/1e19ba76ff590bc8/song_package.yaml
2025-10-26 14:05:08 [INFO] Backed up existing package to data/Los-Angeles-MIDI/LOCAL_LAMDA/Local_Lamda_midi/midi_guide/1e32d774faa1d9b2/song_package.yaml.bak
2025-10-26 14:05:08 [INFO] ✓ Created: data/Los-Angeles-MIDI/LOCAL_LAMDA/Local_Lamda_midi/midi_guide/1e32d774faa1d9b2/song_package.yaml
2025-10-26 14:05:08 [INFO] Backed up existing package to data/Los-Angeles-MIDI/LOCAL_LAMDA/Local_Lamda_midi/midi_guide/1e4aa2b4a362af38/song_package.yaml.bak
2025-10-26 14:05:08 [INFO] ✓ Created: data/Los-Angeles-MIDI/LOCAL_LAMDA/Local_Lamda_midi/midi_guide/1e4aa2b4a362af38/song_package.yaml
2025-10-26 14:05:08 [INFO] Backed up existing package to data/Los-Angeles-MIDI/LOCAL_LAMDA/Local_Lamda_midi/midi_guide/1e512ae7f599517d/song_package.yaml.bak
2025-10-26 14:05:08 [INFO] ✓ Created: data/Los-Angeles-MIDI/LOCAL_LAMDA/Local_Lamda_midi/midi_guide/1e512ae7f599517d/song_package.yaml
2025-10-26 14:05:08 [INFO] Backed up existing package to data/Los-Angeles-MIDI/LOCAL_LAMDA/Local_Lamda_midi/midi_guide/1e82f322d356e925/song_package.yaml.bak
2025-10-26 14:05:08 [INFO] ✓ Created: data/Los-Angeles-MIDI/LOCAL_LAMDA/Local_Lamda_midi/midi_guide/1e82f322d356e925/song_package.yaml
2025-10-26 14:05:08 [INFO] Backed up existing package to data/Los-Angeles-MIDI/LOCAL_LAMDA/Local_Lamda_midi/midi_guide/1ef588d657c94d50/song_package.yaml.bak
2025-10-26 14:05:08 [INFO] ✓ Created: data/Los-Angeles-MIDI/LOCAL_LAMDA/Local_Lamda_midi/midi_guide/1ef588d657c94d50/song_package.yaml
2025-10-26 14:05:08 [INFO] Backed up existing package to data/Los-Angeles-MIDI/LOCAL_LAMDA/Local_Lamda_midi/midi_guide/1eb1fec1a92d0b57/song_package.yaml.bak
2025-10-26 14:05:08 [INFO] ✓ Created: data/Los-Angeles-MIDI/LOCAL_LAMDA/Local_Lamda_midi/midi_guide/1eb1fec1a92d0b57/song_package.yaml
2025-10-26 14:05:08 [INFO] Backed up existing package to data/Los-Angeles-MIDI/LOCAL_LAMDA/Local_Lamda_midi/midi_guide/1e7a2be36e643c72/song_package.yaml.bak
2025-10-26 14:05:08 [INFO] ✓ Created: data/Los-Angeles-MIDI/LOCAL_LAMDA/Local_Lamda_midi/midi_guide/1e7a2be36e643c72/song_package.yaml
2025-10-26 14:05:08 [INFO] Backed up existing package to data/Los-Angeles-MIDI/LOCAL_LAMDA/Local_Lamda_midi/midi_guide/1ef16a847b92792f/song_package.yaml.bak
2025-10-26 14:05:08 [INFO] ✓ Created: data/Los-Angeles-MIDI/LOCAL_LAMDA/Local_Lamda_midi/midi_guide/1ef16a847b92792f/song_package.yaml
2025-10-26 14:05:08 [INFO] Backed up existing package to data/Los-Angeles-MIDI/LOCAL_LAMDA/Local_Lamda_midi/midi_guide/1f50e89d128dcc69/song_package.yaml.bak
2025-10-26 14:05:08 [INFO] ✓ Created: data/Los-Angeles-MIDI/LOCAL_LAMDA/Local_Lamda_midi/midi_guide/1f50e89d128dcc69/song_package.yaml
2025-10-26 14:05:08 [INFO] Backed up existing package to data/Los-Angeles-MIDI/LOCAL_LAMDA/Local_Lamda_midi/midi_guide/1f5e1bae06855bdf/song_package.yaml.bak
2025-10-26 14:05:08 [INFO] ✓ Created: data/Los-Angeles-MIDI/LOCAL_LAMDA/Local_Lamda_midi/midi_guide/1f5e1bae06855bdf/song_package.yaml
2025-10-26 14:05:08 [INFO] Backed up existing package to data/Los-Angeles-MIDI/LOCAL_LAMDA/Local_Lamda_midi/midi_guide/1f259fcf0204fdf2/song_package.yaml.bak
2025-10-26 14:05:08 [INFO] ✓ Created: data/Los-Angeles-MIDI/LOCAL_LAMDA/Local_Lamda_midi/midi_guide/1f259fcf0204fdf2/song_package.yaml
2025-10-26 14:05:08 [INFO] Backed up existing package to data/Los-Angeles-MIDI/LOCAL_LAMDA/Local_Lamda_midi/midi_guide/1f3edb5b4c622510/song_package.yaml.bak
2025-10-26 14:05:08 [INFO] ✓ Created: data/Los-Angeles-MIDI/LOCAL_LAMDA/Local_Lamda_midi/midi_guide/1f3edb5b4c622510/song_package.yaml
2025-10-26 14:05:09 [INFO] Backed up existing package to data/Los-Angeles-MIDI/LOCAL_LAMDA/Local_Lamda_midi/midi_guide/1f8e68f84a7c031f/song_package.yaml.bak
2025-10-26 14:05:09 [INFO] ✓ Created: data/Los-Angeles-MIDI/LOCAL_LAMDA/Local_Lamda_midi/midi_guide/1f8e68f84a7c031f/song_package.yaml
2025-10-26 14:05:09 [INFO] Backed up existing package to data/Los-Angeles-MIDI/LOCAL_LAMDA/Local_Lamda_midi/midi_guide/1f9715682cbc568b/song_package.yaml.bak
2025-10-26 14:05:09 [INFO] ✓ Created: data/Los-Angeles-MIDI/LOCAL_LAMDA/Local_Lamda_midi/midi_guide/1f9715682cbc568b/song_package.yaml
2025-10-26 14:05:09 [INFO] Backed up existing package to data/Los-Angeles-MIDI/LOCAL_LAMDA/Local_Lamda_midi/midi_guide/1f9309ed323d075b/song_package.yaml.bak
2025-10-26 14:05:09 [INFO] ✓ Created: data/Los-Angeles-MIDI/LOCAL_LAMDA/Local_Lamda_midi/midi_guide/1f9309ed323d075b/song_package.yaml
2025-10-26 14:05:09 [INFO] Backed up existing package to data/Los-Angeles-MIDI/LOCAL_LAMDA/Local_Lamda_midi/midi_guide/1f611b833db85a80/song_package.yaml.bak
2025-10-26 14:05:09 [INFO] ✓ Created: data/Los-Angeles-MIDI/LOCAL_LAMDA/Local_Lamda_midi/midi_guide/1f611b833db85a80/song_package.yaml
2025-10-26 14:05:09 [INFO] Backed up existing package to data/Los-Angeles-MIDI/LOCAL_LAMDA/Local_Lamda_midi/midi_guide/1f63248f4fea16da/song_package.yaml.bak
2025-10-26 14:05:09 [INFO] ✓ Created: data/Los-Angeles-MIDI/LOCAL_LAMDA/Local_Lamda_midi/midi_guide/1f63248f4fea16da/song_package.yaml
2025-10-26 14:05:09 [INFO] Backed up existing package to data/Los-Angeles-MIDI/LOCAL_LAMDA/Local_Lamda_midi/midi_guide/1fd4894d743499f3/song_package.yaml.bak
2025-10-26 14:05:09 [INFO] ✓ Created: data/Los-Angeles-MIDI/LOCAL_LAMDA/Local_Lamda_midi/midi_guide/1fd4894d743499f3/song_package.yaml
2025-10-26 14:05:09 [INFO] Backed up existing package to data/Los-Angeles-MIDI/LOCAL_LAMDA/Local_Lamda_midi/midi_guide/203dd6a0a88d54fa/song_package.yaml.bak
2025-10-26 14:05:09 [INFO] ✓ Created: data/Los-Angeles-MIDI/LOCAL_LAMDA/Local_Lamda_midi/midi_guide/203dd6a0a88d54fa/song_package.yaml
2025-10-26 14:05:09 [INFO] Backed up existing package to data/Los-Angeles-MIDI/LOCAL_LAMDA/Local_Lamda_midi/midi_guide/2071e519cd0523c8/song_package.yaml.bak
2025-10-26 14:05:09 [INFO] ✓ Created: data/Los-Angeles-MIDI/LOCAL_LAMDA/Local_Lamda_midi/midi_guide/2071e519cd0523c8/song_package.yaml
2025-10-26 14:05:09 [INFO] Backed up existing package to data/Los-Angeles-MIDI/LOCAL_LAMDA/Local_Lamda_midi/midi_guide/20a3f5285c001a4f/song_package.yaml.bak
2025-10-26 14:05:09 [INFO] ✓ Created: data/Los-Angeles-MIDI/LOCAL_LAMDA/Local_Lamda_midi/midi_guide/20a3f5285c001a4f/song_package.yaml
2025-10-26 14:05:09 [INFO] Backed up existing package to data/Los-Angeles-MIDI/LOCAL_LAMDA/Local_Lamda_midi/midi_guide/20cb08dd60eebede/song_package.yaml.bak
2025-10-26 14:05:09 [INFO] ✓ Created: data/Los-Angeles-MIDI/LOCAL_LAMDA/Local_Lamda_midi/midi_guide/20cb08dd60eebede/song_package.yaml
2025-10-26 14:05:09 [INFO] Backed up existing package to data/Los-Angeles-MIDI/LOCAL_LAMDA/Local_Lamda_midi/midi_guide/201eda695c0a9984/song_package.yaml.bak
2025-10-26 14:05:09 [INFO] ✓ Created: data/Los-Angeles-MIDI/LOCAL_LAMDA/Local_Lamda_midi/midi_guide/201eda695c0a9984/song_package.yaml
2025-10-26 14:05:09 [INFO] Backed up existing package to data/Los-Angeles-MIDI/LOCAL_LAMDA/Local_Lamda_midi/midi_guide/20cd95bda26e872f/song_package.yaml.bak
2025-10-26 14:05:09 [INFO] ✓ Created: data/Los-Angeles-MIDI/LOCAL_LAMDA/Local_Lamda_midi/midi_guide/20cd95bda26e872f/song_package.yaml
2025-10-26 14:05:09 [INFO] Backed up existing package to data/Los-Angeles-MIDI/LOCAL_LAMDA/Local_Lamda_midi/midi_guide/20febe60f8da3c7e/song_package.yaml.bak
2025-10-26 14:05:09 [INFO] ✓ Created: data/Los-Angeles-MIDI/LOCAL_LAMDA/Local_Lamda_midi/midi_guide/20febe60f8da3c7e/song_package.yaml
2025-10-26 14:05:09 [INFO] Backed up existing package to data/Los-Angeles-MIDI/LOCAL_LAMDA/Local_Lamda_midi/midi_guide/2067e975d16e85a6/song_package.yaml.bak
2025-10-26 14:05:09 [INFO] ✓ Created: data/Los-Angeles-MIDI/LOCAL_LAMDA/Local_Lamda_midi/midi_guide/2067e975d16e85a6/song_package.yaml
2025-10-26 14:05:09 [INFO] Backed up existing package to data/Los-Angeles-MIDI/LOCAL_LAMDA/Local_Lamda_midi/midi_guide/2115e248a47deff7/song_package.yaml.bak
2025-10-26 14:05:09 [INFO] ✓ Created: data/Los-Angeles-MIDI/LOCAL_LAMDA/Local_Lamda_midi/midi_guide/2115e248a47deff7/song_package.yaml
2025-10-26 14:05:09 [INFO] Backed up existing package to data/Los-Angeles-MIDI/LOCAL_LAMDA/Local_Lamda_midi/midi_guide/210531fe631c2b6e/song_package.yaml.bak
2025-10-26 14:05:09 [INFO] ✓ Created: data/Los-Angeles-MIDI/LOCAL_LAMDA/Local_Lamda_midi/midi_guide/210531fe631c2b6e/song_package.yaml
2025-10-26 14:05:09 [INFO] Backed up existing package to data/Los-Angeles-MIDI/LOCAL_LAMDA/Local_Lamda_midi/midi_guide/21423a815c6288b8/song_package.yaml.bak
2025-10-26 14:05:09 [INFO] ✓ Created: data/Los-Angeles-MIDI/LOCAL_LAMDA/Local_Lamda_midi/midi_guide/21423a815c6288b8/song_package.yaml
2025-10-26 14:05:09 [INFO] Backed up existing package to data/Los-Angeles-MIDI/LOCAL_LAMDA/Local_Lamda_midi/midi_guide/214e965d3ac39fb5/song_package.yaml.bak
2025-10-26 14:05:09 [INFO] ✓ Created: data/Los-Angeles-MIDI/LOCAL_LAMDA/Local_Lamda_midi/midi_guide/214e965d3ac39fb5/song_package.yaml
2025-10-26 14:05:09 [INFO] Backed up existing package to data/Los-Angeles-MIDI/LOCAL_LAMDA/Local_Lamda_midi/midi_guide/21b1c44574b20131/song_package.yaml.bak
2025-10-26 14:05:09 [INFO] ✓ Created: data/Los-Angeles-MIDI/LOCAL_LAMDA/Local_Lamda_midi/midi_guide/21b1c44574b20131/song_package.yaml
2025-10-26 14:05:09 [INFO] Backed up existing package to data/Los-Angeles-MIDI/LOCAL_LAMDA/Local_Lamda_midi/midi_guide/219b9c3441d5e1a1/song_package.yaml.bak
2025-10-26 14:05:09 [INFO] ✓ Created: data/Los-Angeles-MIDI/LOCAL_LAMDA/Local_Lamda_midi/midi_guide/219b9c3441d5e1a1/song_package.yaml
2025-10-26 14:05:09 [INFO] Backed up existing package to data/Los-Angeles-MIDI/LOCAL_LAMDA/Local_Lamda_midi/midi_guide/21d62c26160d785b/song_package.yaml.bak
2025-10-26 14:05:09 [INFO] ✓ Created: data/Los-Angeles-MIDI/LOCAL_LAMDA/Local_Lamda_midi/midi_guide/21d62c26160d785b/song_package.yaml
2025-10-26 14:05:09 [INFO] Backed up existing package to data/Los-Angeles-MIDI/LOCAL_LAMDA/Local_Lamda_midi/midi_guide/21e656c3292b2a5b/song_package.yaml.bak
2025-10-26 14:05:09 [INFO] ✓ Created: data/Los-Angeles-MIDI/LOCAL_LAMDA/Local_Lamda_midi/midi_guide/21e656c3292b2a5b/song_package.yaml
2025-10-26 14:05:09 [INFO] Backed up existing package to data/Los-Angeles-MIDI/LOCAL_LAMDA/Local_Lamda_midi/midi_guide/2210ebfa337e591a/song_package.yaml.bak
2025-10-26 14:05:09 [INFO] ✓ Created: data/Los-Angeles-MIDI/LOCAL_LAMDA/Local_Lamda_midi/midi_guide/2210ebfa337e591a/song_package.yaml
2025-10-26 14:05:09 [INFO] Backed up existing package to data/Los-Angeles-MIDI/LOCAL_LAMDA/Local_Lamda_midi/midi_guide/220f4484d318fbf7/song_package.yaml.bak
2025-10-26 14:05:09 [INFO] ✓ Created: data/Los-Angeles-MIDI/LOCAL_LAMDA/Local_Lamda_midi/midi_guide/220f4484d318fbf7/song_package.yaml
2025-10-26 14:05:09 [INFO] Backed up existing package to data/Los-Angeles-MIDI/LOCAL_LAMDA/Local_Lamda_midi/midi_guide/2218626bc4927cfb/song_package.yaml.bak
2025-10-26 14:05:09 [INFO] ✓ Created: data/Los-Angeles-MIDI/LOCAL_LAMDA/Local_Lamda_midi/midi_guide/2218626bc4927cfb/song_package.yaml
2025-10-26 14:05:09 [INFO] Backed up existing package to data/Los-Angeles-MIDI/LOCAL_LAMDA/Local_Lamda_midi/midi_guide/2222293c3436ae70/song_package.yaml.bak
2025-10-26 14:05:09 [INFO] ✓ Created: data/Los-Angeles-MIDI/LOCAL_LAMDA/Local_Lamda_midi/midi_guide/2222293c3436ae70/song_package.yaml
2025-10-26 14:05:09 [INFO] Backed up existing package to data/Los-Angeles-MIDI/LOCAL_LAMDA/Local_Lamda_midi/midi_guide/22174d1017b903af/song_package.yaml.bak
2025-10-26 14:05:09 [INFO] ✓ Created: data/Los-Angeles-MIDI/LOCAL_LAMDA/Local_Lamda_midi/midi_guide/22174d1017b903af/song_package.yaml
2025-10-26 14:05:09 [INFO] Backed up existing package to data/Los-Angeles-MIDI/LOCAL_LAMDA/Local_Lamda_midi/midi_guide/223959e3601cd166/song_package.yaml.bak
2025-10-26 14:05:09 [INFO] ✓ Created: data/Los-Angeles-MIDI/LOCAL_LAMDA/Local_Lamda_midi/midi_guide/223959e3601cd166/song_package.yaml
2025-10-26 14:05:09 [INFO] Backed up existing package to data/Los-Angeles-MIDI/LOCAL_LAMDA/Local_Lamda_midi/midi_guide/227fe9f050191bcc/song_package.yaml.bak
2025-10-26 14:05:09 [INFO] ✓ Created: data/Los-Angeles-MIDI/LOCAL_LAMDA/Local_Lamda_midi/midi_guide/227fe9f050191bcc/song_package.yaml
2025-10-26 14:05:09 [INFO] Backed up existing package to data/Los-Angeles-MIDI/LOCAL_LAMDA/Local_Lamda_midi/midi_guide/2202cd6a9937ac3c/song_package.yaml.bak
2025-10-26 14:05:09 [INFO] ✓ Created: data/Los-Angeles-MIDI/LOCAL_LAMDA/Local_Lamda_midi/midi_guide/2202cd6a9937ac3c/song_package.yaml
2025-10-26 14:05:09 [INFO] Backed up existing package to data/Los-Angeles-MIDI/LOCAL_LAMDA/Local_Lamda_midi/midi_guide/228b694024e0bedf/song_package.yaml.bak
2025-10-26 14:05:09 [INFO] ✓ Created: data/Los-Angeles-MIDI/LOCAL_LAMDA/Local_Lamda_midi/midi_guide/228b694024e0bedf/song_package.yaml
2025-10-26 14:05:09 [INFO] Backed up existing package to data/Los-Angeles-MIDI/LOCAL_LAMDA/Local_Lamda_midi/midi_guide/22edd0f1f12e1d7d/song_package.yaml.bak
2025-10-26 14:05:09 [INFO] ✓ Created: data/Los-Angeles-MIDI/LOCAL_LAMDA/Local_Lamda_midi/midi_guide/22edd0f1f12e1d7d/song_package.yaml
2025-10-26 14:05:09 [INFO] Backed up existing package to data/Los-Angeles-MIDI/LOCAL_LAMDA/Local_Lamda_midi/midi_guide/2306c9759c53dbd8/song_package.yaml.bak
2025-10-26 14:05:09 [INFO] ✓ Created: data/Los-Angeles-MIDI/LOCAL_LAMDA/Local_Lamda_midi/midi_guide/2306c9759c53dbd8/song_package.yaml
2025-10-26 14:05:09 [INFO] Backed up existing package to data/Los-Angeles-MIDI/LOCAL_LAMDA/Local_Lamda_midi/midi_guide/2357eaf1140aa27e/song_package.yaml.bak
2025-10-26 14:05:09 [INFO] ✓ Created: data/Los-Angeles-MIDI/LOCAL_LAMDA/Local_Lamda_midi/midi_guide/2357eaf1140aa27e/song_package.yaml
2025-10-26 14:05:09 [INFO] Backed up existing package to data/Los-Angeles-MIDI/LOCAL_LAMDA/Local_Lamda_midi/midi_guide/2320fce218d12c29/song_package.yaml.bak
2025-10-26 14:05:09 [INFO] ✓ Created: data/Los-Angeles-MIDI/LOCAL_LAMDA/Local_Lamda_midi/midi_guide/2320fce218d12c29/song_package.yaml
2025-10-26 14:05:09 [INFO] Backed up existing package to data/Los-Angeles-MIDI/LOCAL_LAMDA/Local_Lamda_midi/midi_guide/240e4c6b55281835/song_package.yaml.bak
2025-10-26 14:05:09 [INFO] ✓ Created: data/Los-Angeles-MIDI/LOCAL_LAMDA/Local_Lamda_midi/midi_guide/240e4c6b55281835/song_package.yaml
2025-10-26 14:05:09 [INFO] Backed up existing package to data/Los-Angeles-MIDI/LOCAL_LAMDA/Local_Lamda_midi/midi_guide/2406ff0132ea9c72/song_package.yaml.bak
2025-10-26 14:05:09 [INFO] ✓ Created: data/Los-Angeles-MIDI/LOCAL_LAMDA/Local_Lamda_midi/midi_guide/2406ff0132ea9c72/song_package.yaml
2025-10-26 14:05:09 [INFO] Backed up existing package to data/Los-Angeles-MIDI/LOCAL_LAMDA/Local_Lamda_midi/midi_guide/23f9b06e52a616b7/song_package.yaml.bak
2025-10-26 14:05:09 [INFO] ✓ Created: data/Los-Angeles-MIDI/LOCAL_LAMDA/Local_Lamda_midi/midi_guide/23f9b06e52a616b7/song_package.yaml
2025-10-26 14:05:09 [INFO] Backed up existing package to data/Los-Angeles-MIDI/LOCAL_LAMDA/Local_Lamda_midi/midi_guide/2427c907282e9106/song_package.yaml.bak
2025-10-26 14:05:09 [INFO] ✓ Created: data/Los-Angeles-MIDI/LOCAL_LAMDA/Local_Lamda_midi/midi_guide/2427c907282e9106/song_package.yaml
2025-10-26 14:05:09 [INFO] Backed up existing package to data/Los-Angeles-MIDI/LOCAL_LAMDA/Local_Lamda_midi/midi_guide/2471d60a69384e91/song_package.yaml.bak
2025-10-26 14:05:09 [INFO] ✓ Created: data/Los-Angeles-MIDI/LOCAL_LAMDA/Local_Lamda_midi/midi_guide/2471d60a69384e91/song_package.yaml
2025-10-26 14:05:09 [INFO] Backed up existing package to data/Los-Angeles-MIDI/LOCAL_LAMDA/Local_Lamda_midi/midi_guide/249ac23b9d7421f5/song_package.yaml.bak
2025-10-26 14:05:09 [INFO] ✓ Created: data/Los-Angeles-MIDI/LOCAL_LAMDA/Local_Lamda_midi/midi_guide/249ac23b9d7421f5/song_package.yaml
2025-10-26 14:05:09 [INFO] Backed up existing package to data/Los-Angeles-MIDI/LOCAL_LAMDA/Local_Lamda_midi/midi_guide/24a6fe8d44cfccff/song_package.yaml.bak
2025-10-26 14:05:09 [INFO] ✓ Created: data/Los-Angeles-MIDI/LOCAL_LAMDA/Local_Lamda_midi/midi_guide/24a6fe8d44cfccff/song_package.yaml
2025-10-26 14:05:09 [INFO] Backed up existing package to data/Los-Angeles-MIDI/LOCAL_LAMDA/Local_Lamda_midi/midi_guide/24a471ab9c3b8546/song_package.yaml.bak
2025-10-26 14:05:09 [INFO] ✓ Created: data/Los-Angeles-MIDI/LOCAL_LAMDA/Local_Lamda_midi/midi_guide/24a471ab9c3b8546/song_package.yaml
2025-10-26 14:05:09 [INFO] Backed up existing package to data/Los-Angeles-MIDI/LOCAL_LAMDA/Local_Lamda_midi/midi_guide/24bc0e6a4289600c/song_package.yaml.bak
2025-10-26 14:05:09 [INFO] ✓ Created: data/Los-Angeles-MIDI/LOCAL_LAMDA/Local_Lamda_midi/midi_guide/24bc0e6a4289600c/song_package.yaml
2025-10-26 14:05:09 [INFO] Backed up existing package to data/Los-Angeles-MIDI/LOCAL_LAMDA/Local_Lamda_midi/midi_guide/24dd88ae273c38d5/song_package.yaml.bak
2025-10-26 14:05:09 [INFO] ✓ Created: data/Los-Angeles-MIDI/LOCAL_LAMDA/Local_Lamda_midi/midi_guide/24dd88ae273c38d5/song_package.yaml
2025-10-26 14:05:09 [INFO] Backed up existing package to data/Los-Angeles-MIDI/LOCAL_LAMDA/Local_Lamda_midi/midi_guide/25325fdebfe61e8f/song_package.yaml.bak
2025-10-26 14:05:09 [INFO] ✓ Created: data/Los-Angeles-MIDI/LOCAL_LAMDA/Local_Lamda_midi/midi_guide/25325fdebfe61e8f/song_package.yaml
2025-10-26 14:05:09 [INFO] Backed up existing package to data/Los-Angeles-MIDI/LOCAL_LAMDA/Local_Lamda_midi/midi_guide/252f965fcaaa2a7f/song_package.yaml.bak
2025-10-26 14:05:09 [INFO] ✓ Created: data/Los-Angeles-MIDI/LOCAL_LAMDA/Local_Lamda_midi/midi_guide/252f965fcaaa2a7f/song_package.yaml
2025-10-26 14:05:09 [INFO] Backed up existing package to data/Los-Angeles-MIDI/LOCAL_LAMDA/Local_Lamda_midi/midi_guide/2589bbeabc66018c/song_package.yaml.bak
2025-10-26 14:05:09 [INFO] ✓ Created: data/Los-Angeles-MIDI/LOCAL_LAMDA/Local_Lamda_midi/midi_guide/2589bbeabc66018c/song_package.yaml
2025-10-26 14:05:09 [INFO] Backed up existing package to data/Los-Angeles-MIDI/LOCAL_LAMDA/Local_Lamda_midi/midi_guide/25841f064c20073b/song_package.yaml.bak
2025-10-26 14:05:09 [INFO] ✓ Created: data/Los-Angeles-MIDI/LOCAL_LAMDA/Local_Lamda_midi/midi_guide/25841f064c20073b/song_package.yaml
2025-10-26 14:05:09 [INFO] Backed up existing package to data/Los-Angeles-MIDI/LOCAL_LAMDA/Local_Lamda_midi/midi_guide/25c75259f81c092f/song_package.yaml.bak
2025-10-26 14:05:09 [INFO] ✓ Created: data/Los-Angeles-MIDI/LOCAL_LAMDA/Local_Lamda_midi/midi_guide/25c75259f81c092f/song_package.yaml
2025-10-26 14:05:09 [INFO] Backed up existing package to data/Los-Angeles-MIDI/LOCAL_LAMDA/Local_Lamda_midi/midi_guide/25d9a65594ec7df1/song_package.yaml.bak
2025-10-26 14:05:09 [INFO] ✓ Created: data/Los-Angeles-MIDI/LOCAL_LAMDA/Local_Lamda_midi/midi_guide/25d9a65594ec7df1/song_package.yaml
2025-10-26 14:05:09 [INFO] Backed up existing package to data/Los-Angeles-MIDI/LOCAL_LAMDA/Local_Lamda_midi/midi_guide/25b63dbfc68244c6/song_package.yaml.bak
2025-10-26 14:05:09 [INFO] ✓ Created: data/Los-Angeles-MIDI/LOCAL_LAMDA/Local_Lamda_midi/midi_guide/25b63dbfc68244c6/song_package.yaml
2025-10-26 14:05:09 [INFO] Backed up existing package to data/Los-Angeles-MIDI/LOCAL_LAMDA/Local_Lamda_midi/midi_guide/25b50fdbca0f016e/song_package.yaml.bak
2025-10-26 14:05:09 [INFO] ✓ Created: data/Los-Angeles-MIDI/LOCAL_LAMDA/Local_Lamda_midi/midi_guide/25b50fdbca0f016e/song_package.yaml
2025-10-26 14:05:09 [INFO] Backed up existing package to data/Los-Angeles-MIDI/LOCAL_LAMDA/Local_Lamda_midi/midi_guide/25927b70234cb1d1/song_package.yaml.bak
2025-10-26 14:05:09 [INFO] ✓ Created: data/Los-Angeles-MIDI/LOCAL_LAMDA/Local_Lamda_midi/midi_guide/25927b70234cb1d1/song_package.yaml
2025-10-26 14:05:09 [INFO] Backed up existing package to data/Los-Angeles-MIDI/LOCAL_LAMDA/Local_Lamda_midi/midi_guide/25e4a9add16fd94a/song_package.yaml.bak
2025-10-26 14:05:09 [INFO] ✓ Created: data/Los-Angeles-MIDI/LOCAL_LAMDA/Local_Lamda_midi/midi_guide/25e4a9add16fd94a/song_package.yaml
2025-10-26 14:05:09 [INFO] Backed up existing package to data/Los-Angeles-MIDI/LOCAL_LAMDA/Local_Lamda_midi/midi_guide/25ec75be03e6400a/song_package.yaml.bak
2025-10-26 14:05:09 [INFO] ✓ Created: data/Los-Angeles-MIDI/LOCAL_LAMDA/Local_Lamda_midi/midi_guide/25ec75be03e6400a/song_package.yaml
2025-10-26 14:05:09 [INFO] Backed up existing package to data/Los-Angeles-MIDI/LOCAL_LAMDA/Local_Lamda_midi/midi_guide/264ef533889bb308/song_package.yaml.bak
2025-10-26 14:05:09 [INFO] ✓ Created: data/Los-Angeles-MIDI/LOCAL_LAMDA/Local_Lamda_midi/midi_guide/264ef533889bb308/song_package.yaml
2025-10-26 14:05:09 [INFO] Backed up existing package to data/Los-Angeles-MIDI/LOCAL_LAMDA/Local_Lamda_midi/midi_guide/2631daf743833361/song_package.yaml.bak
2025-10-26 14:05:09 [INFO] ✓ Created: data/Los-Angeles-MIDI/LOCAL_LAMDA/Local_Lamda_midi/midi_guide/2631daf743833361/song_package.yaml
2025-10-26 14:05:09 [INFO] Backed up existing package to data/Los-Angeles-MIDI/LOCAL_LAMDA/Local_Lamda_midi/midi_guide/263cfe3620391f5e/song_package.yaml.bak
2025-10-26 14:05:09 [INFO] ✓ Created: data/Los-Angeles-MIDI/LOCAL_LAMDA/Local_Lamda_midi/midi_guide/263cfe3620391f5e/song_package.yaml
2025-10-26 14:05:09 [INFO] Backed up existing package to data/Los-Angeles-MIDI/LOCAL_LAMDA/Local_Lamda_midi/midi_guide/2647bf52639d0924/song_package.yaml.bak
2025-10-26 14:05:09 [INFO] ✓ Created: data/Los-Angeles-MIDI/LOCAL_LAMDA/Local_Lamda_midi/midi_guide/2647bf52639d0924/song_package.yaml
2025-10-26 14:05:09 [INFO] Backed up existing package to data/Los-Angeles-MIDI/LOCAL_LAMDA/Local_Lamda_midi/midi_guide/26788c11a4f2ae15/song_package.yaml.bak
2025-10-26 14:05:09 [INFO] ✓ Created: data/Los-Angeles-MIDI/LOCAL_LAMDA/Local_Lamda_midi/midi_guide/26788c11a4f2ae15/song_package.yaml
2025-10-26 14:05:09 [INFO] Backed up existing package to data/Los-Angeles-MIDI/LOCAL_LAMDA/Local_Lamda_midi/midi_guide/26cb2e75237b0694/song_package.yaml.bak
2025-10-26 14:05:09 [INFO] ✓ Created: data/Los-Angeles-MIDI/LOCAL_LAMDA/Local_Lamda_midi/midi_guide/26cb2e75237b0694/song_package.yaml
2025-10-26 14:05:09 [INFO] Backed up existing package to data/Los-Angeles-MIDI/LOCAL_LAMDA/Local_Lamda_midi/midi_guide/271f4b82c7de3f14/song_package.yaml.bak
2025-10-26 14:05:09 [INFO] ✓ Created: data/Los-Angeles-MIDI/LOCAL_LAMDA/Local_Lamda_midi/midi_guide/271f4b82c7de3f14/song_package.yaml
2025-10-26 14:05:09 [INFO] Backed up existing package to data/Los-Angeles-MIDI/LOCAL_LAMDA/Local_Lamda_midi/midi_guide/2751f03ab4dd3d09/song_package.yaml.bak
2025-10-26 14:05:09 [INFO] ✓ Created: data/Los-Angeles-MIDI/LOCAL_LAMDA/Local_Lamda_midi/midi_guide/2751f03ab4dd3d09/song_package.yaml
2025-10-26 14:05:09 [INFO] Backed up existing package to data/Los-Angeles-MIDI/LOCAL_LAMDA/Local_Lamda_midi/midi_guide/2738549574d7a9e1/song_package.yaml.bak
2025-10-26 14:05:09 [INFO] ✓ Created: data/Los-Angeles-MIDI/LOCAL_LAMDA/Local_Lamda_midi/midi_guide/2738549574d7a9e1/song_package.yaml
2025-10-26 14:05:09 [INFO] Backed up existing package to data/Los-Angeles-MIDI/LOCAL_LAMDA/Local_Lamda_midi/midi_guide/279f86f4e00b7e2a/song_package.yaml.bak
2025-10-26 14:05:09 [INFO] ✓ Created: data/Los-Angeles-MIDI/LOCAL_LAMDA/Local_Lamda_midi/midi_guide/279f86f4e00b7e2a/song_package.yaml
2025-10-26 14:05:09 [INFO] Backed up existing package to data/Los-Angeles-MIDI/LOCAL_LAMDA/Local_Lamda_midi/midi_guide/27f2f6493570ab5b/song_package.yaml.bak
2025-10-26 14:05:09 [INFO] ✓ Created: data/Los-Angeles-MIDI/LOCAL_LAMDA/Local_Lamda_midi/midi_guide/27f2f6493570ab5b/song_package.yaml
2025-10-26 14:05:09 [INFO] Backed up existing package to data/Los-Angeles-MIDI/LOCAL_LAMDA/Local_Lamda_midi/midi_guide/27d10aeb8c1aeb18/song_package.yaml.bak
2025-10-26 14:05:09 [INFO] ✓ Created: data/Los-Angeles-MIDI/LOCAL_LAMDA/Local_Lamda_midi/midi_guide/27d10aeb8c1aeb18/song_package.yaml
2025-10-26 14:05:09 [INFO] Backed up existing package to data/Los-Angeles-MIDI/LOCAL_LAMDA/Local_Lamda_midi/midi_guide/27f53ccfdc3f9d04/song_package.yaml.bak
2025-10-26 14:05:09 [INFO] ✓ Created: data/Los-Angeles-MIDI/LOCAL_LAMDA/Local_Lamda_midi/midi_guide/27f53ccfdc3f9d04/song_package.yaml
2025-10-26 14:05:09 [INFO] Backed up existing package to data/Los-Angeles-MIDI/LOCAL_LAMDA/Local_Lamda_midi/midi_guide/27c056543f1f3989/song_package.yaml.bak
2025-10-26 14:05:09 [INFO] ✓ Created: data/Los-Angeles-MIDI/LOCAL_LAMDA/Local_Lamda_midi/midi_guide/27c056543f1f3989/song_package.yaml
2025-10-26 14:05:09 [INFO] Backed up existing package to data/Los-Angeles-MIDI/LOCAL_LAMDA/Local_Lamda_midi/midi_guide/27553c6f99fe788e/song_package.yaml.bak
2025-10-26 14:05:09 [INFO] ✓ Created: data/Los-Angeles-MIDI/LOCAL_LAMDA/Local_Lamda_midi/midi_guide/27553c6f99fe788e/song_package.yaml
2025-10-26 14:05:09 [INFO] Backed up existing package to data/Los-Angeles-MIDI/LOCAL_LAMDA/Local_Lamda_midi/midi_guide/27f1ec079ed3b7a2/song_package.yaml.bak
2025-10-26 14:05:09 [INFO] ✓ Created: data/Los-Angeles-MIDI/LOCAL_LAMDA/Local_Lamda_midi/midi_guide/27f1ec079ed3b7a2/song_package.yaml
2025-10-26 14:05:09 [INFO] Backed up existing package to data/Los-Angeles-MIDI/LOCAL_LAMDA/Local_Lamda_midi/midi_guide/2845227663703a3e/song_package.yaml.bak
2025-10-26 14:05:09 [INFO] ✓ Created: data/Los-Angeles-MIDI/LOCAL_LAMDA/Local_Lamda_midi/midi_guide/2845227663703a3e/song_package.yaml
2025-10-26 14:05:09 [INFO] Backed up existing package to data/Los-Angeles-MIDI/LOCAL_LAMDA/Local_Lamda_midi/midi_guide/2821584af1e5d23a/song_package.yaml.bak
2025-10-26 14:05:09 [INFO] ✓ Created: data/Los-Angeles-MIDI/LOCAL_LAMDA/Local_Lamda_midi/midi_guide/2821584af1e5d23a/song_package.yaml
2025-10-26 14:05:09 [INFO] Backed up existing package to data/Los-Angeles-MIDI/LOCAL_LAMDA/Local_Lamda_midi/midi_guide/28556fa7c6d6c17f/song_package.yaml.bak
2025-10-26 14:05:09 [INFO] ✓ Created: data/Los-Angeles-MIDI/LOCAL_LAMDA/Local_Lamda_midi/midi_guide/28556fa7c6d6c17f/song_package.yaml
2025-10-26 14:05:09 [INFO] Backed up existing package to data/Los-Angeles-MIDI/LOCAL_LAMDA/Local_Lamda_midi/midi_guide/289928962ac9d3fb/song_package.yaml.bak
2025-10-26 14:05:09 [INFO] ✓ Created: data/Los-Angeles-MIDI/LOCAL_LAMDA/Local_Lamda_midi/midi_guide/289928962ac9d3fb/song_package.yaml
2025-10-26 14:05:09 [INFO] Backed up existing package to data/Los-Angeles-MIDI/LOCAL_LAMDA/Local_Lamda_midi/midi_guide/285855f419bc096e/song_package.yaml.bak
2025-10-26 14:05:09 [INFO] ✓ Created: data/Los-Angeles-MIDI/LOCAL_LAMDA/Local_Lamda_midi/midi_guide/285855f419bc096e/song_package.yaml
2025-10-26 14:05:09 [INFO] Backed up existing package to data/Los-Angeles-MIDI/LOCAL_LAMDA/Local_Lamda_midi/midi_guide/28c6ccbc528681f3/song_package.yaml.bak
2025-10-26 14:05:09 [INFO] ✓ Created: data/Los-Angeles-MIDI/LOCAL_LAMDA/Local_Lamda_midi/midi_guide/28c6ccbc528681f3/song_package.yaml
2025-10-26 14:05:09 [INFO] Backed up existing package to data/Los-Angeles-MIDI/LOCAL_LAMDA/Local_Lamda_midi/midi_guide/28d4e61d11c33ca3/song_package.yaml.bak
2025-10-26 14:05:09 [INFO] ✓ Created: data/Los-Angeles-MIDI/LOCAL_LAMDA/Local_Lamda_midi/midi_guide/28d4e61d11c33ca3/song_package.yaml
2025-10-26 14:05:09 [INFO] Backed up existing package to data/Los-Angeles-MIDI/LOCAL_LAMDA/Local_Lamda_midi/midi_guide/28ff18f65908d00e/song_package.yaml.bak
2025-10-26 14:05:09 [INFO] ✓ Created: data/Los-Angeles-MIDI/LOCAL_LAMDA/Local_Lamda_midi/midi_guide/28ff18f65908d00e/song_package.yaml
2025-10-26 14:05:09 [INFO] Backed up existing package to data/Los-Angeles-MIDI/LOCAL_LAMDA/Local_Lamda_midi/midi_guide/293279891009ab22/song_package.yaml.bak
2025-10-26 14:05:09 [INFO] ✓ Created: data/Los-Angeles-MIDI/LOCAL_LAMDA/Local_Lamda_midi/midi_guide/293279891009ab22/song_package.yaml
2025-10-26 14:05:09 [INFO] Backed up existing package to data/Los-Angeles-MIDI/LOCAL_LAMDA/Local_Lamda_midi/midi_guide/291d6b7689a6d4d8/song_package.yaml.bak
2025-10-26 14:05:09 [INFO] ✓ Created: data/Los-Angeles-MIDI/LOCAL_LAMDA/Local_Lamda_midi/midi_guide/291d6b7689a6d4d8/song_package.yaml
2025-10-26 14:05:09 [INFO] Backed up existing package to data/Los-Angeles-MIDI/LOCAL_LAMDA/Local_Lamda_midi/midi_guide/29348441b0a7cb12/song_package.yaml.bak
2025-10-26 14:05:09 [INFO] ✓ Created: data/Los-Angeles-MIDI/LOCAL_LAMDA/Local_Lamda_midi/midi_guide/29348441b0a7cb12/song_package.yaml
2025-10-26 14:05:09 [INFO] Backed up existing package to data/Los-Angeles-MIDI/LOCAL_LAMDA/Local_Lamda_midi/midi_guide/295525b928078750/song_package.yaml.bak
2025-10-26 14:05:09 [INFO] ✓ Created: data/Los-Angeles-MIDI/LOCAL_LAMDA/Local_Lamda_midi/midi_guide/295525b928078750/song_package.yaml
2025-10-26 14:05:09 [INFO] Backed up existing package to data/Los-Angeles-MIDI/LOCAL_LAMDA/Local_Lamda_midi/midi_guide/292283306b0c38f2/song_package.yaml.bak
2025-10-26 14:05:09 [INFO] ✓ Created: data/Los-Angeles-MIDI/LOCAL_LAMDA/Local_Lamda_midi/midi_guide/292283306b0c38f2/song_package.yaml
2025-10-26 14:05:09 [INFO] Backed up existing package to data/Los-Angeles-MIDI/LOCAL_LAMDA/Local_Lamda_midi/midi_guide/298b31a525559766/song_package.yaml.bak
2025-10-26 14:05:09 [INFO] ✓ Created: data/Los-Angeles-MIDI/LOCAL_LAMDA/Local_Lamda_midi/midi_guide/298b31a525559766/song_package.yaml
2025-10-26 14:05:09 [INFO] Backed up existing package to data/Los-Angeles-MIDI/LOCAL_LAMDA/Local_Lamda_midi/midi_guide/299d5287b7fe9474/song_package.yaml.bak
2025-10-26 14:05:09 [INFO] ✓ Created: data/Los-Angeles-MIDI/LOCAL_LAMDA/Local_Lamda_midi/midi_guide/299d5287b7fe9474/song_package.yaml
2025-10-26 14:05:09 [INFO] Backed up existing package to data/Los-Angeles-MIDI/LOCAL_LAMDA/Local_Lamda_midi/midi_guide/29a2a46c4ef42fe8/song_package.yaml.bak
2025-10-26 14:05:09 [INFO] ✓ Created: data/Los-Angeles-MIDI/LOCAL_LAMDA/Local_Lamda_midi/midi_guide/29a2a46c4ef42fe8/song_package.yaml
2025-10-26 14:05:09 [INFO] Backed up existing package to data/Los-Angeles-MIDI/LOCAL_LAMDA/Local_Lamda_midi/midi_guide/29a8268ae45921f2/song_package.yaml.bak
2025-10-26 14:05:09 [INFO] ✓ Created: data/Los-Angeles-MIDI/LOCAL_LAMDA/Local_Lamda_midi/midi_guide/29a8268ae45921f2/song_package.yaml
2025-10-26 14:05:09 [INFO] Backed up existing package to data/Los-Angeles-MIDI/LOCAL_LAMDA/Local_Lamda_midi/midi_guide/2997d0cdcc47471a/song_package.yaml.bak
2025-10-26 14:05:09 [INFO] ✓ Created: data/Los-Angeles-MIDI/LOCAL_LAMDA/Local_Lamda_midi/midi_guide/2997d0cdcc47471a/song_package.yaml
2025-10-26 14:05:09 [INFO] Backed up existing package to data/Los-Angeles-MIDI/LOCAL_LAMDA/Local_Lamda_midi/midi_guide/2a124427511a1935/song_package.yaml.bak
2025-10-26 14:05:09 [INFO] ✓ Created: data/Los-Angeles-MIDI/LOCAL_LAMDA/Local_Lamda_midi/midi_guide/2a124427511a1935/song_package.yaml
2025-10-26 14:05:09 [INFO] Backed up existing package to data/Los-Angeles-MIDI/LOCAL_LAMDA/Local_Lamda_midi/midi_guide/29a9bd50f02ce3ec/song_package.yaml.bak
2025-10-26 14:05:09 [INFO] ✓ Created: data/Los-Angeles-MIDI/LOCAL_LAMDA/Local_Lamda_midi/midi_guide/29a9bd50f02ce3ec/song_package.yaml
2025-10-26 14:05:09 [INFO] Backed up existing package to data/Los-Angeles-MIDI/LOCAL_LAMDA/Local_Lamda_midi/midi_guide/2a0c57e4c115e3e4/song_package.yaml.bak
2025-10-26 14:05:09 [INFO] ✓ Created: data/Los-Angeles-MIDI/LOCAL_LAMDA/Local_Lamda_midi/midi_guide/2a0c57e4c115e3e4/song_package.yaml
2025-10-26 14:05:09 [INFO] Backed up existing package to data/Los-Angeles-MIDI/LOCAL_LAMDA/Local_Lamda_midi/midi_guide/2a38e96b9b69cb68/song_package.yaml.bak
2025-10-26 14:05:09 [INFO] ✓ Created: data/Los-Angeles-MIDI/LOCAL_LAMDA/Local_Lamda_midi/midi_guide/2a38e96b9b69cb68/song_package.yaml
2025-10-26 14:05:09 [INFO] Backed up existing package to data/Los-Angeles-MIDI/LOCAL_LAMDA/Local_Lamda_midi/midi_guide/2a2ce4aaa734a76a/song_package.yaml.bak
2025-10-26 14:05:09 [INFO] ✓ Created: data/Los-Angeles-MIDI/LOCAL_LAMDA/Local_Lamda_midi/midi_guide/2a2ce4aaa734a76a/song_package.yaml
2025-10-26 14:05:09 [INFO] Backed up existing package to data/Los-Angeles-MIDI/LOCAL_LAMDA/Local_Lamda_midi/midi_guide/2a5b47ec9c0a1708/song_package.yaml.bak
2025-10-26 14:05:09 [INFO] ✓ Created: data/Los-Angeles-MIDI/LOCAL_LAMDA/Local_Lamda_midi/midi_guide/2a5b47ec9c0a1708/song_package.yaml
2025-10-26 14:05:09 [INFO] Backed up existing package to data/Los-Angeles-MIDI/LOCAL_LAMDA/Local_Lamda_midi/midi_guide/2a3cd916fe7bfeee/song_package.yaml.bak
2025-10-26 14:05:09 [INFO] ✓ Created: data/Los-Angeles-MIDI/LOCAL_LAMDA/Local_Lamda_midi/midi_guide/2a3cd916fe7bfeee/song_package.yaml
2025-10-26 14:05:09 [INFO] Backed up existing package to data/Los-Angeles-MIDI/LOCAL_LAMDA/Local_Lamda_midi/midi_guide/2ae2740002f18847/song_package.yaml.bak
2025-10-26 14:05:09 [INFO] ✓ Created: data/Los-Angeles-MIDI/LOCAL_LAMDA/Local_Lamda_midi/midi_guide/2ae2740002f18847/song_package.yaml
2025-10-26 14:05:09 [INFO] Backed up existing package to data/Los-Angeles-MIDI/LOCAL_LAMDA/Local_Lamda_midi/midi_guide/2a8f06244c660336/song_package.yaml.bak
2025-10-26 14:05:09 [INFO] ✓ Created: data/Los-Angeles-MIDI/LOCAL_LAMDA/Local_Lamda_midi/midi_guide/2a8f06244c660336/song_package.yaml
2025-10-26 14:05:09 [INFO] Backed up existing package to data/Los-Angeles-MIDI/LOCAL_LAMDA/Local_Lamda_midi/midi_guide/2b11b12ebd1192ac/song_package.yaml.bak
2025-10-26 14:05:09 [INFO] ✓ Created: data/Los-Angeles-MIDI/LOCAL_LAMDA/Local_Lamda_midi/midi_guide/2b11b12ebd1192ac/song_package.yaml
2025-10-26 14:05:09 [INFO] Backed up existing package to data/Los-Angeles-MIDI/LOCAL_LAMDA/Local_Lamda_midi/midi_guide/2b37bca8ea2397fc/song_package.yaml.bak
2025-10-26 14:05:09 [INFO] ✓ Created: data/Los-Angeles-MIDI/LOCAL_LAMDA/Local_Lamda_midi/midi_guide/2b37bca8ea2397fc/song_package.yaml
2025-10-26 14:05:09 [INFO] Backed up existing package to data/Los-Angeles-MIDI/LOCAL_LAMDA/Local_Lamda_midi/midi_guide/2b5bec3043ae5f28/song_package.yaml.bak
2025-10-26 14:05:09 [INFO] ✓ Created: data/Los-Angeles-MIDI/LOCAL_LAMDA/Local_Lamda_midi/midi_guide/2b5bec3043ae5f28/song_package.yaml
2025-10-26 14:05:09 [INFO] Backed up existing package to data/Los-Angeles-MIDI/LOCAL_LAMDA/Local_Lamda_midi/midi_guide/2b88f55aadc080a1/song_package.yaml.bak
2025-10-26 14:05:09 [INFO] ✓ Created: data/Los-Angeles-MIDI/LOCAL_LAMDA/Local_Lamda_midi/midi_guide/2b88f55aadc080a1/song_package.yaml
2025-10-26 14:05:09 [INFO] Backed up existing package to data/Los-Angeles-MIDI/LOCAL_LAMDA/Local_Lamda_midi/midi_guide/2bb2875a77114ce4/song_package.yaml.bak
2025-10-26 14:05:09 [INFO] ✓ Created: data/Los-Angeles-MIDI/LOCAL_LAMDA/Local_Lamda_midi/midi_guide/2bb2875a77114ce4/song_package.yaml
2025-10-26 14:05:10 [INFO] Backed up existing package to data/Los-Angeles-MIDI/LOCAL_LAMDA/Local_Lamda_midi/midi_guide/2b9f44264cea4814/song_package.yaml.bak
2025-10-26 14:05:10 [INFO] ✓ Created: data/Los-Angeles-MIDI/LOCAL_LAMDA/Local_Lamda_midi/midi_guide/2b9f44264cea4814/song_package.yaml
2025-10-26 14:05:10 [INFO] Backed up existing package to data/Los-Angeles-MIDI/LOCAL_LAMDA/Local_Lamda_midi/midi_guide/2bae9b853b089207/song_package.yaml.bak
2025-10-26 14:05:10 [INFO] ✓ Created: data/Los-Angeles-MIDI/LOCAL_LAMDA/Local_Lamda_midi/midi_guide/2bae9b853b089207/song_package.yaml
2025-10-26 14:05:10 [INFO] Backed up existing package to data/Los-Angeles-MIDI/LOCAL_LAMDA/Local_Lamda_midi/midi_guide/2bd42d46844683a2/song_package.yaml.bak
2025-10-26 14:05:10 [INFO] ✓ Created: data/Los-Angeles-MIDI/LOCAL_LAMDA/Local_Lamda_midi/midi_guide/2bd42d46844683a2/song_package.yaml
2025-10-26 14:05:10 [INFO] Backed up existing package to data/Los-Angeles-MIDI/LOCAL_LAMDA/Local_Lamda_midi/midi_guide/2befc479db2d38bd/song_package.yaml.bak
2025-10-26 14:05:10 [INFO] ✓ Created: data/Los-Angeles-MIDI/LOCAL_LAMDA/Local_Lamda_midi/midi_guide/2befc479db2d38bd/song_package.yaml
2025-10-26 14:05:10 [INFO] Backed up existing package to data/Los-Angeles-MIDI/LOCAL_LAMDA/Local_Lamda_midi/midi_guide/2bf201c42d7f27cb/song_package.yaml.bak
2025-10-26 14:05:10 [INFO] ✓ Created: data/Los-Angeles-MIDI/LOCAL_LAMDA/Local_Lamda_midi/midi_guide/2bf201c42d7f27cb/song_package.yaml
2025-10-26 14:05:10 [INFO] Backed up existing package to data/Los-Angeles-MIDI/LOCAL_LAMDA/Local_Lamda_midi/midi_guide/2bf8ac7016fd55f0/song_package.yaml.bak
2025-10-26 14:05:10 [INFO] ✓ Created: data/Los-Angeles-MIDI/LOCAL_LAMDA/Local_Lamda_midi/midi_guide/2bf8ac7016fd55f0/song_package.yaml
2025-10-26 14:05:10 [INFO] Backed up existing package to data/Los-Angeles-MIDI/LOCAL_LAMDA/Local_Lamda_midi/midi_guide/2c06854951f1e90c/song_package.yaml.bak
2025-10-26 14:05:10 [INFO] ✓ Created: data/Los-Angeles-MIDI/LOCAL_LAMDA/Local_Lamda_midi/midi_guide/2c06854951f1e90c/song_package.yaml
2025-10-26 14:05:10 [INFO] Backed up existing package to data/Los-Angeles-MIDI/LOCAL_LAMDA/Local_Lamda_midi/midi_guide/2c28ae544d9dfef9/song_package.yaml.bak
2025-10-26 14:05:10 [INFO] ✓ Created: data/Los-Angeles-MIDI/LOCAL_LAMDA/Local_Lamda_midi/midi_guide/2c28ae544d9dfef9/song_package.yaml
2025-10-26 14:05:10 [INFO] Backed up existing package to data/Los-Angeles-MIDI/LOCAL_LAMDA/Local_Lamda_midi/midi_guide/2c2aa07b861f3c36/song_package.yaml.bak
2025-10-26 14:05:10 [INFO] ✓ Created: data/Los-Angeles-MIDI/LOCAL_LAMDA/Local_Lamda_midi/midi_guide/2c2aa07b861f3c36/song_package.yaml
2025-10-26 14:05:10 [INFO] Backed up existing package to data/Los-Angeles-MIDI/LOCAL_LAMDA/Local_Lamda_midi/midi_guide/2c51e2cfb993da7d/song_package.yaml.bak
2025-10-26 14:05:10 [INFO] ✓ Created: data/Los-Angeles-MIDI/LOCAL_LAMDA/Local_Lamda_midi/midi_guide/2c51e2cfb993da7d/song_package.yaml
2025-10-26 14:05:10 [INFO] Backed up existing package to data/Los-Angeles-MIDI/LOCAL_LAMDA/Local_Lamda_midi/midi_guide/2c85138cd169dbd7/song_package.yaml.bak
2025-10-26 14:05:10 [INFO] ✓ Created: data/Los-Angeles-MIDI/LOCAL_LAMDA/Local_Lamda_midi/midi_guide/2c85138cd169dbd7/song_package.yaml
2025-10-26 14:05:10 [INFO] Backed up existing package to data/Los-Angeles-MIDI/LOCAL_LAMDA/Local_Lamda_midi/midi_guide/2ce8c12c68d2d253/song_package.yaml.bak
2025-10-26 14:05:10 [INFO] ✓ Created: data/Los-Angeles-MIDI/LOCAL_LAMDA/Local_Lamda_midi/midi_guide/2ce8c12c68d2d253/song_package.yaml
2025-10-26 14:05:10 [INFO] Backed up existing package to data/Los-Angeles-MIDI/LOCAL_LAMDA/Local_Lamda_midi/midi_guide/2d174ece93f405a8/song_package.yaml.bak
2025-10-26 14:05:10 [INFO] ✓ Created: data/Los-Angeles-MIDI/LOCAL_LAMDA/Local_Lamda_midi/midi_guide/2d174ece93f405a8/song_package.yaml
2025-10-26 14:05:10 [INFO] Backed up existing package to data/Los-Angeles-MIDI/LOCAL_LAMDA/Local_Lamda_midi/midi_guide/2d13c7db4cb68e0e/song_package.yaml.bak
2025-10-26 14:05:10 [INFO] ✓ Created: data/Los-Angeles-MIDI/LOCAL_LAMDA/Local_Lamda_midi/midi_guide/2d13c7db4cb68e0e/song_package.yaml
2025-10-26 14:05:10 [INFO] Backed up existing package to data/Los-Angeles-MIDI/LOCAL_LAMDA/Local_Lamda_midi/midi_guide/2cb5a6ab69021d55/song_package.yaml.bak
2025-10-26 14:05:10 [INFO] ✓ Created: data/Los-Angeles-MIDI/LOCAL_LAMDA/Local_Lamda_midi/midi_guide/2cb5a6ab69021d55/song_package.yaml
2025-10-26 14:05:10 [INFO] Backed up existing package to data/Los-Angeles-MIDI/LOCAL_LAMDA/Local_Lamda_midi/midi_guide/2d5c28ed8ff0eb03/song_package.yaml.bak
2025-10-26 14:05:10 [INFO] ✓ Created: data/Los-Angeles-MIDI/LOCAL_LAMDA/Local_Lamda_midi/midi_guide/2d5c28ed8ff0eb03/song_package.yaml
2025-10-26 14:05:10 [INFO] Backed up existing package to data/Los-Angeles-MIDI/LOCAL_LAMDA/Local_Lamda_midi/midi_guide/2d70786e472d8a59/song_package.yaml.bak
2025-10-26 14:05:10 [INFO] ✓ Created: data/Los-Angeles-MIDI/LOCAL_LAMDA/Local_Lamda_midi/midi_guide/2d70786e472d8a59/song_package.yaml
2025-10-26 14:05:10 [INFO] Backed up existing package to data/Los-Angeles-MIDI/LOCAL_LAMDA/Local_Lamda_midi/midi_guide/2d42449ed3245dbe/song_package.yaml.bak
2025-10-26 14:05:10 [INFO] ✓ Created: data/Los-Angeles-MIDI/LOCAL_LAMDA/Local_Lamda_midi/midi_guide/2d42449ed3245dbe/song_package.yaml
2025-10-26 14:05:10 [INFO] Backed up existing package to data/Los-Angeles-MIDI/LOCAL_LAMDA/Local_Lamda_midi/midi_guide/2d79bdc8b38710f6/song_package.yaml.bak
2025-10-26 14:05:10 [INFO] ✓ Created: data/Los-Angeles-MIDI/LOCAL_LAMDA/Local_Lamda_midi/midi_guide/2d79bdc8b38710f6/song_package.yaml
2025-10-26 14:05:10 [INFO] Backed up existing package to data/Los-Angeles-MIDI/LOCAL_LAMDA/Local_Lamda_midi/midi_guide/2d8b900ac46a5801/song_package.yaml.bak
2025-10-26 14:05:10 [INFO] ✓ Created: data/Los-Angeles-MIDI/LOCAL_LAMDA/Local_Lamda_midi/midi_guide/2d8b900ac46a5801/song_package.yaml
2025-10-26 14:05:10 [INFO] Backed up existing package to data/Los-Angeles-MIDI/LOCAL_LAMDA/Local_Lamda_midi/midi_guide/2d92ce879eb46cef/song_package.yaml.bak
2025-10-26 14:05:10 [INFO] ✓ Created: data/Los-Angeles-MIDI/LOCAL_LAMDA/Local_Lamda_midi/midi_guide/2d92ce879eb46cef/song_package.yaml
2025-10-26 14:05:10 [INFO] Backed up existing package to data/Los-Angeles-MIDI/LOCAL_LAMDA/Local_Lamda_midi/midi_guide/2d864e7277cf4753/song_package.yaml.bak
2025-10-26 14:05:10 [INFO] ✓ Created: data/Los-Angeles-MIDI/LOCAL_LAMDA/Local_Lamda_midi/midi_guide/2d864e7277cf4753/song_package.yaml
2025-10-26 14:05:10 [INFO] Backed up existing package to data/Los-Angeles-MIDI/LOCAL_LAMDA/Local_Lamda_midi/midi_guide/2d97147f0e74310d/song_package.yaml.bak
2025-10-26 14:05:10 [INFO] ✓ Created: data/Los-Angeles-MIDI/LOCAL_LAMDA/Local_Lamda_midi/midi_guide/2d97147f0e74310d/song_package.yaml
2025-10-26 14:05:10 [INFO] Backed up existing package to data/Los-Angeles-MIDI/LOCAL_LAMDA/Local_Lamda_midi/midi_guide/2d9a71b2b38587eb/song_package.yaml.bak
2025-10-26 14:05:10 [INFO] ✓ Created: data/Los-Angeles-MIDI/LOCAL_LAMDA/Local_Lamda_midi/midi_guide/2d9a71b2b38587eb/song_package.yaml
2025-10-26 14:05:10 [INFO] Backed up existing package to data/Los-Angeles-MIDI/LOCAL_LAMDA/Local_Lamda_midi/midi_guide/2dca6ca9b2e68fee/song_package.yaml.bak
2025-10-26 14:05:10 [INFO] ✓ Created: data/Los-Angeles-MIDI/LOCAL_LAMDA/Local_Lamda_midi/midi_guide/2dca6ca9b2e68fee/song_package.yaml
2025-10-26 14:05:10 [INFO] Backed up existing package to data/Los-Angeles-MIDI/LOCAL_LAMDA/Local_Lamda_midi/midi_guide/2da1ceaa27fbaa1d/song_package.yaml.bak
2025-10-26 14:05:10 [INFO] ✓ Created: data/Los-Angeles-MIDI/LOCAL_LAMDA/Local_Lamda_midi/midi_guide/2da1ceaa27fbaa1d/song_package.yaml
2025-10-26 14:05:10 [INFO] Backed up existing package to data/Los-Angeles-MIDI/LOCAL_LAMDA/Local_Lamda_midi/midi_guide/2dd8424736061765/song_package.yaml.bak
2025-10-26 14:05:10 [INFO] ✓ Created: data/Los-Angeles-MIDI/LOCAL_LAMDA/Local_Lamda_midi/midi_guide/2dd8424736061765/song_package.yaml
2025-10-26 14:05:10 [INFO] Backed up existing package to data/Los-Angeles-MIDI/LOCAL_LAMDA/Local_Lamda_midi/midi_guide/2dde04c90c4a1a78/song_package.yaml.bak
2025-10-26 14:05:10 [INFO] ✓ Created: data/Los-Angeles-MIDI/LOCAL_LAMDA/Local_Lamda_midi/midi_guide/2dde04c90c4a1a78/song_package.yaml
2025-10-26 14:05:10 [INFO] Backed up existing package to data/Los-Angeles-MIDI/LOCAL_LAMDA/Local_Lamda_midi/midi_guide/2e327ea84eeb360c/song_package.yaml.bak
2025-10-26 14:05:10 [INFO] ✓ Created: data/Los-Angeles-MIDI/LOCAL_LAMDA/Local_Lamda_midi/midi_guide/2e327ea84eeb360c/song_package.yaml
2025-10-26 14:05:10 [INFO] Backed up existing package to data/Los-Angeles-MIDI/LOCAL_LAMDA/Local_Lamda_midi/midi_guide/2e3e6df4b2222959/song_package.yaml.bak
2025-10-26 14:05:10 [INFO] ✓ Created: data/Los-Angeles-MIDI/LOCAL_LAMDA/Local_Lamda_midi/midi_guide/2e3e6df4b2222959/song_package.yaml
2025-10-26 14:05:10 [INFO] Backed up existing package to data/Los-Angeles-MIDI/LOCAL_LAMDA/Local_Lamda_midi/midi_guide/2e3cfe3afc1dec3d/song_package.yaml.bak
2025-10-26 14:05:10 [INFO] ✓ Created: data/Los-Angeles-MIDI/LOCAL_LAMDA/Local_Lamda_midi/midi_guide/2e3cfe3afc1dec3d/song_package.yaml
2025-10-26 14:05:10 [INFO] Backed up existing package to data/Los-Angeles-MIDI/LOCAL_LAMDA/Local_Lamda_midi/midi_guide/2e51a8f18de181c6/song_package.yaml.bak
2025-10-26 14:05:10 [INFO] ✓ Created: data/Los-Angeles-MIDI/LOCAL_LAMDA/Local_Lamda_midi/midi_guide/2e51a8f18de181c6/song_package.yaml
2025-10-26 14:05:10 [INFO] Backed up existing package to data/Los-Angeles-MIDI/LOCAL_LAMDA/Local_Lamda_midi/midi_guide/2e7a4e5d315fd814/song_package.yaml.bak
2025-10-26 14:05:10 [INFO] ✓ Created: data/Los-Angeles-MIDI/LOCAL_LAMDA/Local_Lamda_midi/midi_guide/2e7a4e5d315fd814/song_package.yaml
2025-10-26 14:05:10 [INFO] Backed up existing package to data/Los-Angeles-MIDI/LOCAL_LAMDA/Local_Lamda_midi/midi_guide/2e80d960d025bc8d/song_package.yaml.bak
2025-10-26 14:05:10 [INFO] ✓ Created: data/Los-Angeles-MIDI/LOCAL_LAMDA/Local_Lamda_midi/midi_guide/2e80d960d025bc8d/song_package.yaml
2025-10-26 14:05:10 [INFO] Backed up existing package to data/Los-Angeles-MIDI/LOCAL_LAMDA/Local_Lamda_midi/midi_guide/2e6407a3645911b4/song_package.yaml.bak
2025-10-26 14:05:10 [INFO] ✓ Created: data/Los-Angeles-MIDI/LOCAL_LAMDA/Local_Lamda_midi/midi_guide/2e6407a3645911b4/song_package.yaml
2025-10-26 14:05:10 [INFO] Backed up existing package to data/Los-Angeles-MIDI/LOCAL_LAMDA/Local_Lamda_midi/midi_guide/2ec6e6d18ca81b1b/song_package.yaml.bak
2025-10-26 14:05:10 [INFO] ✓ Created: data/Los-Angeles-MIDI/LOCAL_LAMDA/Local_Lamda_midi/midi_guide/2ec6e6d18ca81b1b/song_package.yaml
2025-10-26 14:05:10 [INFO] Backed up existing package to data/Los-Angeles-MIDI/LOCAL_LAMDA/Local_Lamda_midi/midi_guide/2edca5ac2a75af4c/song_package.yaml.bak
2025-10-26 14:05:10 [INFO] ✓ Created: data/Los-Angeles-MIDI/LOCAL_LAMDA/Local_Lamda_midi/midi_guide/2edca5ac2a75af4c/song_package.yaml
2025-10-26 14:05:10 [INFO] Backed up existing package to data/Los-Angeles-MIDI/LOCAL_LAMDA/Local_Lamda_midi/midi_guide/2f03d1b3e0b0df93/song_package.yaml.bak
2025-10-26 14:05:10 [INFO] ✓ Created: data/Los-Angeles-MIDI/LOCAL_LAMDA/Local_Lamda_midi/midi_guide/2f03d1b3e0b0df93/song_package.yaml
2025-10-26 14:05:10 [INFO] Backed up existing package to data/Los-Angeles-MIDI/LOCAL_LAMDA/Local_Lamda_midi/midi_guide/2f32b7d472630c6c/song_package.yaml.bak
2025-10-26 14:05:10 [INFO] ✓ Created: data/Los-Angeles-MIDI/LOCAL_LAMDA/Local_Lamda_midi/midi_guide/2f32b7d472630c6c/song_package.yaml
2025-10-26 14:05:10 [INFO] Backed up existing package to data/Los-Angeles-MIDI/LOCAL_LAMDA/Local_Lamda_midi/midi_guide/2ed9680a41b83b40/song_package.yaml.bak
2025-10-26 14:05:10 [INFO] ✓ Created: data/Los-Angeles-MIDI/LOCAL_LAMDA/Local_Lamda_midi/midi_guide/2ed9680a41b83b40/song_package.yaml
2025-10-26 14:05:10 [INFO] Backed up existing package to data/Los-Angeles-MIDI/LOCAL_LAMDA/Local_Lamda_midi/midi_guide/2f60240b3ab2901a/song_package.yaml.bak
2025-10-26 14:05:10 [INFO] ✓ Created: data/Los-Angeles-MIDI/LOCAL_LAMDA/Local_Lamda_midi/midi_guide/2f60240b3ab2901a/song_package.yaml
2025-10-26 14:05:10 [INFO] Backed up existing package to data/Los-Angeles-MIDI/LOCAL_LAMDA/Local_Lamda_midi/midi_guide/2ee27b249b22e765/song_package.yaml.bak
2025-10-26 14:05:10 [INFO] ✓ Created: data/Los-Angeles-MIDI/LOCAL_LAMDA/Local_Lamda_midi/midi_guide/2ee27b249b22e765/song_package.yaml
2025-10-26 14:05:10 [INFO] Backed up existing package to data/Los-Angeles-MIDI/LOCAL_LAMDA/Local_Lamda_midi/midi_guide/2f3d0624320e055f/song_package.yaml.bak
2025-10-26 14:05:10 [INFO] ✓ Created: data/Los-Angeles-MIDI/LOCAL_LAMDA/Local_Lamda_midi/midi_guide/2f3d0624320e055f/song_package.yaml
2025-10-26 14:05:10 [INFO] Backed up existing package to data/Los-Angeles-MIDI/LOCAL_LAMDA/Local_Lamda_midi/midi_guide/2fbab8bb66fd8c9d/song_package.yaml.bak
2025-10-26 14:05:10 [INFO] ✓ Created: data/Los-Angeles-MIDI/LOCAL_LAMDA/Local_Lamda_midi/midi_guide/2fbab8bb66fd8c9d/song_package.yaml
2025-10-26 14:05:10 [INFO] Backed up existing package to data/Los-Angeles-MIDI/LOCAL_LAMDA/Local_Lamda_midi/midi_guide/2fe1eb3813930c15/song_package.yaml.bak
2025-10-26 14:05:10 [INFO] ✓ Created: data/Los-Angeles-MIDI/LOCAL_LAMDA/Local_Lamda_midi/midi_guide/2fe1eb3813930c15/song_package.yaml
2025-10-26 14:05:10 [INFO] Backed up existing package to data/Los-Angeles-MIDI/LOCAL_LAMDA/Local_Lamda_midi/midi_guide/303d262bf840d887/song_package.yaml.bak
2025-10-26 14:05:10 [INFO] ✓ Created: data/Los-Angeles-MIDI/LOCAL_LAMDA/Local_Lamda_midi/midi_guide/303d262bf840d887/song_package.yaml
2025-10-26 14:05:10 [INFO] Backed up existing package to data/Los-Angeles-MIDI/LOCAL_LAMDA/Local_Lamda_midi/midi_guide/300af786608c971d/song_package.yaml.bak
2025-10-26 14:05:10 [INFO] ✓ Created: data/Los-Angeles-MIDI/LOCAL_LAMDA/Local_Lamda_midi/midi_guide/300af786608c971d/song_package.yaml
2025-10-26 14:05:10 [INFO] Backed up existing package to data/Los-Angeles-MIDI/LOCAL_LAMDA/Local_Lamda_midi/midi_guide/305e919021bcb692/song_package.yaml.bak
2025-10-26 14:05:10 [INFO] ✓ Created: data/Los-Angeles-MIDI/LOCAL_LAMDA/Local_Lamda_midi/midi_guide/305e919021bcb692/song_package.yaml
2025-10-26 14:05:10 [INFO] Backed up existing package to data/Los-Angeles-MIDI/LOCAL_LAMDA/Local_Lamda_midi/midi_guide/3023edddaffdfcde/song_package.yaml.bak
2025-10-26 14:05:10 [INFO] ✓ Created: data/Los-Angeles-MIDI/LOCAL_LAMDA/Local_Lamda_midi/midi_guide/3023edddaffdfcde/song_package.yaml
2025-10-26 14:05:10 [INFO] Backed up existing package to data/Los-Angeles-MIDI/LOCAL_LAMDA/Local_Lamda_midi/midi_guide/305a364c5d2999e7/song_package.yaml.bak
2025-10-26 14:05:10 [INFO] ✓ Created: data/Los-Angeles-MIDI/LOCAL_LAMDA/Local_Lamda_midi/midi_guide/305a364c5d2999e7/song_package.yaml
2025-10-26 14:05:10 [INFO] Backed up existing package to data/Los-Angeles-MIDI/LOCAL_LAMDA/Local_Lamda_midi/midi_guide/30b09bd7c0698ef4/song_package.yaml.bak
2025-10-26 14:05:10 [INFO] ✓ Created: data/Los-Angeles-MIDI/LOCAL_LAMDA/Local_Lamda_midi/midi_guide/30b09bd7c0698ef4/song_package.yaml
2025-10-26 14:05:10 [INFO] Backed up existing package to data/Los-Angeles-MIDI/LOCAL_LAMDA/Local_Lamda_midi/midi_guide/3141e2e61bf9d453/song_package.yaml.bak
2025-10-26 14:05:10 [INFO] ✓ Created: data/Los-Angeles-MIDI/LOCAL_LAMDA/Local_Lamda_midi/midi_guide/3141e2e61bf9d453/song_package.yaml
2025-10-26 14:05:10 [INFO] Backed up existing package to data/Los-Angeles-MIDI/LOCAL_LAMDA/Local_Lamda_midi/midi_guide/3143dd265e3f17f3/song_package.yaml.bak
2025-10-26 14:05:10 [INFO] ✓ Created: data/Los-Angeles-MIDI/LOCAL_LAMDA/Local_Lamda_midi/midi_guide/3143dd265e3f17f3/song_package.yaml
2025-10-26 14:05:10 [INFO] Backed up existing package to data/Los-Angeles-MIDI/LOCAL_LAMDA/Local_Lamda_midi/midi_guide/32370efd17897c3e/song_package.yaml.bak
2025-10-26 14:05:10 [INFO] ✓ Created: data/Los-Angeles-MIDI/LOCAL_LAMDA/Local_Lamda_midi/midi_guide/32370efd17897c3e/song_package.yaml
2025-10-26 14:05:10 [INFO] Backed up existing package to data/Los-Angeles-MIDI/LOCAL_LAMDA/Local_Lamda_midi/midi_guide/3252016b3bbba597/song_package.yaml.bak
2025-10-26 14:05:10 [INFO] ✓ Created: data/Los-Angeles-MIDI/LOCAL_LAMDA/Local_Lamda_midi/midi_guide/3252016b3bbba597/song_package.yaml
2025-10-26 14:05:10 [INFO] Backed up existing package to data/Los-Angeles-MIDI/LOCAL_LAMDA/Local_Lamda_midi/midi_guide/32537fab54a73f49/song_package.yaml.bak
2025-10-26 14:05:10 [INFO] ✓ Created: data/Los-Angeles-MIDI/LOCAL_LAMDA/Local_Lamda_midi/midi_guide/32537fab54a73f49/song_package.yaml
2025-10-26 14:05:10 [INFO] Backed up existing package to data/Los-Angeles-MIDI/LOCAL_LAMDA/Local_Lamda_midi/midi_guide/31ccedcdc788dd04/song_package.yaml.bak
2025-10-26 14:05:10 [INFO] ✓ Created: data/Los-Angeles-MIDI/LOCAL_LAMDA/Local_Lamda_midi/midi_guide/31ccedcdc788dd04/song_package.yaml
2025-10-26 14:05:10 [INFO] Backed up existing package to data/Los-Angeles-MIDI/LOCAL_LAMDA/Local_Lamda_midi/midi_guide/31ef04984c3c8841/song_package.yaml.bak
2025-10-26 14:05:10 [INFO] ✓ Created: data/Los-Angeles-MIDI/LOCAL_LAMDA/Local_Lamda_midi/midi_guide/31ef04984c3c8841/song_package.yaml
2025-10-26 14:05:10 [INFO] Backed up existing package to data/Los-Angeles-MIDI/LOCAL_LAMDA/Local_Lamda_midi/midi_guide/324cd602dd507936/song_package.yaml.bak
2025-10-26 14:05:10 [INFO] ✓ Created: data/Los-Angeles-MIDI/LOCAL_LAMDA/Local_Lamda_midi/midi_guide/324cd602dd507936/song_package.yaml
2025-10-26 14:05:10 [INFO] Backed up existing package to data/Los-Angeles-MIDI/LOCAL_LAMDA/Local_Lamda_midi/midi_guide/32a771285b53e167/song_package.yaml.bak
2025-10-26 14:05:10 [INFO] ✓ Created: data/Los-Angeles-MIDI/LOCAL_LAMDA/Local_Lamda_midi/midi_guide/32a771285b53e167/song_package.yaml
2025-10-26 14:05:10 [INFO] Backed up existing package to data/Los-Angeles-MIDI/LOCAL_LAMDA/Local_Lamda_midi/midi_guide/320614edaf104089/song_package.yaml.bak
2025-10-26 14:05:10 [INFO] ✓ Created: data/Los-Angeles-MIDI/LOCAL_LAMDA/Local_Lamda_midi/midi_guide/320614edaf104089/song_package.yaml
2025-10-26 14:05:10 [INFO] Backed up existing package to data/Los-Angeles-MIDI/LOCAL_LAMDA/Local_Lamda_midi/midi_guide/32bf9fb8e3083458/song_package.yaml.bak
2025-10-26 14:05:10 [INFO] ✓ Created: data/Los-Angeles-MIDI/LOCAL_LAMDA/Local_Lamda_midi/midi_guide/32bf9fb8e3083458/song_package.yaml
2025-10-26 14:05:10 [INFO] Backed up existing package to data/Los-Angeles-MIDI/LOCAL_LAMDA/Local_Lamda_midi/midi_guide/3299acaa033453e9/song_package.yaml.bak
2025-10-26 14:05:10 [INFO] ✓ Created: data/Los-Angeles-MIDI/LOCAL_LAMDA/Local_Lamda_midi/midi_guide/3299acaa033453e9/song_package.yaml
2025-10-26 14:05:10 [INFO] Backed up existing package to data/Los-Angeles-MIDI/LOCAL_LAMDA/Local_Lamda_midi/midi_guide/32e8745f04f73dab/song_package.yaml.bak
2025-10-26 14:05:10 [INFO] ✓ Created: data/Los-Angeles-MIDI/LOCAL_LAMDA/Local_Lamda_midi/midi_guide/32e8745f04f73dab/song_package.yaml
2025-10-26 14:05:10 [INFO] Backed up existing package to data/Los-Angeles-MIDI/LOCAL_LAMDA/Local_Lamda_midi/midi_guide/32cb390d8715aace/song_package.yaml.bak
2025-10-26 14:05:10 [INFO] ✓ Created: data/Los-Angeles-MIDI/LOCAL_LAMDA/Local_Lamda_midi/midi_guide/32cb390d8715aace/song_package.yaml
2025-10-26 14:05:10 [INFO] Backed up existing package to data/Los-Angeles-MIDI/LOCAL_LAMDA/Local_Lamda_midi/midi_guide/329543cb76226bad/song_package.yaml.bak
2025-10-26 14:05:10 [INFO] ✓ Created: data/Los-Angeles-MIDI/LOCAL_LAMDA/Local_Lamda_midi/midi_guide/329543cb76226bad/song_package.yaml
2025-10-26 14:05:10 [INFO] Backed up existing package to data/Los-Angeles-MIDI/LOCAL_LAMDA/Local_Lamda_midi/midi_guide/32af1bcb4efbafc9/song_package.yaml.bak
2025-10-26 14:05:10 [INFO] ✓ Created: data/Los-Angeles-MIDI/LOCAL_LAMDA/Local_Lamda_midi/midi_guide/32af1bcb4efbafc9/song_package.yaml
2025-10-26 14:05:10 [INFO] Backed up existing package to data/Los-Angeles-MIDI/LOCAL_LAMDA/Local_Lamda_midi/midi_guide/3349c0b1958468db/song_package.yaml.bak
2025-10-26 14:05:10 [INFO] ✓ Created: data/Los-Angeles-MIDI/LOCAL_LAMDA/Local_Lamda_midi/midi_guide/3349c0b1958468db/song_package.yaml
2025-10-26 14:05:10 [INFO] Backed up existing package to data/Los-Angeles-MIDI/LOCAL_LAMDA/Local_Lamda_midi/midi_guide/335a3923300b376b/song_package.yaml.bak
2025-10-26 14:05:10 [INFO] ✓ Created: data/Los-Angeles-MIDI/LOCAL_LAMDA/Local_Lamda_midi/midi_guide/335a3923300b376b/song_package.yaml
2025-10-26 14:05:10 [INFO] Backed up existing package to data/Los-Angeles-MIDI/LOCAL_LAMDA/Local_Lamda_midi/midi_guide/33c8f006ee4af990/song_package.yaml.bak
2025-10-26 14:05:10 [INFO] ✓ Created: data/Los-Angeles-MIDI/LOCAL_LAMDA/Local_Lamda_midi/midi_guide/33c8f006ee4af990/song_package.yaml
2025-10-26 14:05:10 [INFO] Backed up existing package to data/Los-Angeles-MIDI/LOCAL_LAMDA/Local_Lamda_midi/midi_guide/3370108cc70d74f1/song_package.yaml.bak
2025-10-26 14:05:10 [INFO] ✓ Created: data/Los-Angeles-MIDI/LOCAL_LAMDA/Local_Lamda_midi/midi_guide/3370108cc70d74f1/song_package.yaml
2025-10-26 14:05:10 [INFO] Backed up existing package to data/Los-Angeles-MIDI/LOCAL_LAMDA/Local_Lamda_midi/midi_guide/33da934233d07611/song_package.yaml.bak
2025-10-26 14:05:10 [INFO] ✓ Created: data/Los-Angeles-MIDI/LOCAL_LAMDA/Local_Lamda_midi/midi_guide/33da934233d07611/song_package.yaml
2025-10-26 14:05:10 [INFO] Backed up existing package to data/Los-Angeles-MIDI/LOCAL_LAMDA/Local_Lamda_midi/midi_guide/33bbfd2d258dca5b/song_package.yaml.bak
2025-10-26 14:05:10 [INFO] ✓ Created: data/Los-Angeles-MIDI/LOCAL_LAMDA/Local_Lamda_midi/midi_guide/33bbfd2d258dca5b/song_package.yaml
2025-10-26 14:05:10 [INFO] Backed up existing package to data/Los-Angeles-MIDI/LOCAL_LAMDA/Local_Lamda_midi/midi_guide/34117c51cc52c41f/song_package.yaml.bak
2025-10-26 14:05:10 [INFO] ✓ Created: data/Los-Angeles-MIDI/LOCAL_LAMDA/Local_Lamda_midi/midi_guide/34117c51cc52c41f/song_package.yaml
2025-10-26 14:05:10 [INFO] Backed up existing package to data/Los-Angeles-MIDI/LOCAL_LAMDA/Local_Lamda_midi/midi_guide/33daf1b9ac7480ae/song_package.yaml.bak
2025-10-26 14:05:10 [INFO] ✓ Created: data/Los-Angeles-MIDI/LOCAL_LAMDA/Local_Lamda_midi/midi_guide/33daf1b9ac7480ae/song_package.yaml
2025-10-26 14:05:10 [INFO] Backed up existing package to data/Los-Angeles-MIDI/LOCAL_LAMDA/Local_Lamda_midi/midi_guide/3416c167a1f79ab6/song_package.yaml.bak
2025-10-26 14:05:10 [INFO] ✓ Created: data/Los-Angeles-MIDI/LOCAL_LAMDA/Local_Lamda_midi/midi_guide/3416c167a1f79ab6/song_package.yaml
2025-10-26 14:05:10 [INFO] Backed up existing package to data/Los-Angeles-MIDI/LOCAL_LAMDA/Local_Lamda_midi/midi_guide/34418883f26f850f/song_package.yaml.bak
2025-10-26 14:05:10 [INFO] ✓ Created: data/Los-Angeles-MIDI/LOCAL_LAMDA/Local_Lamda_midi/midi_guide/34418883f26f850f/song_package.yaml
2025-10-26 14:05:10 [INFO] Backed up existing package to data/Los-Angeles-MIDI/LOCAL_LAMDA/Local_Lamda_midi/midi_guide/346576c2fab973c7/song_package.yaml.bak
2025-10-26 14:05:10 [INFO] ✓ Created: data/Los-Angeles-MIDI/LOCAL_LAMDA/Local_Lamda_midi/midi_guide/346576c2fab973c7/song_package.yaml
2025-10-26 14:05:10 [INFO] Backed up existing package to data/Los-Angeles-MIDI/LOCAL_LAMDA/Local_Lamda_midi/midi_guide/346fffd372f86937/song_package.yaml.bak
2025-10-26 14:05:10 [INFO] ✓ Created: data/Los-Angeles-MIDI/LOCAL_LAMDA/Local_Lamda_midi/midi_guide/346fffd372f86937/song_package.yaml
2025-10-26 14:05:10 [INFO] Backed up existing package to data/Los-Angeles-MIDI/LOCAL_LAMDA/Local_Lamda_midi/midi_guide/34762c02743676b2/song_package.yaml.bak
2025-10-26 14:05:10 [INFO] ✓ Created: data/Los-Angeles-MIDI/LOCAL_LAMDA/Local_Lamda_midi/midi_guide/34762c02743676b2/song_package.yaml
2025-10-26 14:05:10 [INFO] Backed up existing package to data/Los-Angeles-MIDI/LOCAL_LAMDA/Local_Lamda_midi/midi_guide/348e7c37ab36ea10/song_package.yaml.bak
2025-10-26 14:05:10 [INFO] ✓ Created: data/Los-Angeles-MIDI/LOCAL_LAMDA/Local_Lamda_midi/midi_guide/348e7c37ab36ea10/song_package.yaml
2025-10-26 14:05:10 [INFO] Backed up existing package to data/Los-Angeles-MIDI/LOCAL_LAMDA/Local_Lamda_midi/midi_guide/34b9537a27b151f0/song_package.yaml.bak
2025-10-26 14:05:10 [INFO] ✓ Created: data/Los-Angeles-MIDI/LOCAL_LAMDA/Local_Lamda_midi/midi_guide/34b9537a27b151f0/song_package.yaml
2025-10-26 14:05:10 [INFO] Backed up existing package to data/Los-Angeles-MIDI/LOCAL_LAMDA/Local_Lamda_midi/midi_guide/34a1b520770c8b6d/song_package.yaml.bak
2025-10-26 14:05:10 [INFO] ✓ Created: data/Los-Angeles-MIDI/LOCAL_LAMDA/Local_Lamda_midi/midi_guide/34a1b520770c8b6d/song_package.yaml
2025-10-26 14:05:10 [INFO] Backed up existing package to data/Los-Angeles-MIDI/LOCAL_LAMDA/Local_Lamda_midi/midi_guide/350e77c1c2a911fc/song_package.yaml.bak
2025-10-26 14:05:10 [INFO] ✓ Created: data/Los-Angeles-MIDI/LOCAL_LAMDA/Local_Lamda_midi/midi_guide/350e77c1c2a911fc/song_package.yaml
2025-10-26 14:05:10 [INFO] Backed up existing package to data/Los-Angeles-MIDI/LOCAL_LAMDA/Local_Lamda_midi/midi_guide/3505072821838481/song_package.yaml.bak
2025-10-26 14:05:10 [INFO] ✓ Created: data/Los-Angeles-MIDI/LOCAL_LAMDA/Local_Lamda_midi/midi_guide/3505072821838481/song_package.yaml
2025-10-26 14:05:10 [INFO] Backed up existing package to data/Los-Angeles-MIDI/LOCAL_LAMDA/Local_Lamda_midi/midi_guide/357f7658d4cecfdd/song_package.yaml.bak
2025-10-26 14:05:10 [INFO] ✓ Created: data/Los-Angeles-MIDI/LOCAL_LAMDA/Local_Lamda_midi/midi_guide/357f7658d4cecfdd/song_package.yaml
2025-10-26 14:05:10 [INFO] Backed up existing package to data/Los-Angeles-MIDI/LOCAL_LAMDA/Local_Lamda_midi/midi_guide/3524ee3c0397bcc5/song_package.yaml.bak
2025-10-26 14:05:10 [INFO] ✓ Created: data/Los-Angeles-MIDI/LOCAL_LAMDA/Local_Lamda_midi/midi_guide/3524ee3c0397bcc5/song_package.yaml
2025-10-26 14:05:10 [INFO] Backed up existing package to data/Los-Angeles-MIDI/LOCAL_LAMDA/Local_Lamda_midi/midi_guide/35d65cd5d410cc42/song_package.yaml.bak
2025-10-26 14:05:10 [INFO] ✓ Created: data/Los-Angeles-MIDI/LOCAL_LAMDA/Local_Lamda_midi/midi_guide/35d65cd5d410cc42/song_package.yaml
2025-10-26 14:05:10 [INFO] Backed up existing package to data/Los-Angeles-MIDI/LOCAL_LAMDA/Local_Lamda_midi/midi_guide/35f100cf686b3685/song_package.yaml.bak
2025-10-26 14:05:10 [INFO] ✓ Created: data/Los-Angeles-MIDI/LOCAL_LAMDA/Local_Lamda_midi/midi_guide/35f100cf686b3685/song_package.yaml
2025-10-26 14:05:10 [INFO] Backed up existing package to data/Los-Angeles-MIDI/LOCAL_LAMDA/Local_Lamda_midi/midi_guide/360f4978db19ae61/song_package.yaml.bak
2025-10-26 14:05:10 [INFO] ✓ Created: data/Los-Angeles-MIDI/LOCAL_LAMDA/Local_Lamda_midi/midi_guide/360f4978db19ae61/song_package.yaml
2025-10-26 14:05:10 [INFO] Backed up existing package to data/Los-Angeles-MIDI/LOCAL_LAMDA/Local_Lamda_midi/midi_guide/36ab36ecb925d048/song_package.yaml.bak
2025-10-26 14:05:10 [INFO] ✓ Created: data/Los-Angeles-MIDI/LOCAL_LAMDA/Local_Lamda_midi/midi_guide/36ab36ecb925d048/song_package.yaml
2025-10-26 14:05:10 [INFO] Backed up existing package to data/Los-Angeles-MIDI/LOCAL_LAMDA/Local_Lamda_midi/midi_guide/3611e58f0578ec37/song_package.yaml.bak
2025-10-26 14:05:10 [INFO] ✓ Created: data/Los-Angeles-MIDI/LOCAL_LAMDA/Local_Lamda_midi/midi_guide/3611e58f0578ec37/song_package.yaml
2025-10-26 14:05:10 [INFO] Backed up existing package to data/Los-Angeles-MIDI/LOCAL_LAMDA/Local_Lamda_midi/midi_guide/36a178da73748be0/song_package.yaml.bak
2025-10-26 14:05:10 [INFO] ✓ Created: data/Los-Angeles-MIDI/LOCAL_LAMDA/Local_Lamda_midi/midi_guide/36a178da73748be0/song_package.yaml
2025-10-26 14:05:10 [INFO] Backed up existing package to data/Los-Angeles-MIDI/LOCAL_LAMDA/Local_Lamda_midi/midi_guide/36de588282a694c3/song_package.yaml.bak
2025-10-26 14:05:10 [INFO] ✓ Created: data/Los-Angeles-MIDI/LOCAL_LAMDA/Local_Lamda_midi/midi_guide/36de588282a694c3/song_package.yaml
2025-10-26 14:05:10 [INFO] Backed up existing package to data/Los-Angeles-MIDI/LOCAL_LAMDA/Local_Lamda_midi/midi_guide/373f2cfd1a77a2da/song_package.yaml.bak
2025-10-26 14:05:10 [INFO] ✓ Created: data/Los-Angeles-MIDI/LOCAL_LAMDA/Local_Lamda_midi/midi_guide/373f2cfd1a77a2da/song_package.yaml
2025-10-26 14:05:10 [INFO] Backed up existing package to data/Los-Angeles-MIDI/LOCAL_LAMDA/Local_Lamda_midi/midi_guide/371b5b39da9327d3/song_package.yaml.bak
2025-10-26 14:05:10 [INFO] ✓ Created: data/Los-Angeles-MIDI/LOCAL_LAMDA/Local_Lamda_midi/midi_guide/371b5b39da9327d3/song_package.yaml
2025-10-26 14:05:10 [INFO] Backed up existing package to data/Los-Angeles-MIDI/LOCAL_LAMDA/Local_Lamda_midi/midi_guide/3752e1823bc9c6cd/song_package.yaml.bak
2025-10-26 14:05:10 [INFO] ✓ Created: data/Los-Angeles-MIDI/LOCAL_LAMDA/Local_Lamda_midi/midi_guide/3752e1823bc9c6cd/song_package.yaml
2025-10-26 14:05:10 [INFO] Backed up existing package to data/Los-Angeles-MIDI/LOCAL_LAMDA/Local_Lamda_midi/midi_guide/377f604545c40313/song_package.yaml.bak
2025-10-26 14:05:10 [INFO] ✓ Created: data/Los-Angeles-MIDI/LOCAL_LAMDA/Local_Lamda_midi/midi_guide/377f604545c40313/song_package.yaml
2025-10-26 14:05:10 [INFO] Backed up existing package to data/Los-Angeles-MIDI/LOCAL_LAMDA/Local_Lamda_midi/midi_guide/37235c10a4f416f6/song_package.yaml.bak
2025-10-26 14:05:10 [INFO] ✓ Created: data/Los-Angeles-MIDI/LOCAL_LAMDA/Local_Lamda_midi/midi_guide/37235c10a4f416f6/song_package.yaml
2025-10-26 14:05:10 [INFO] Backed up existing package to data/Los-Angeles-MIDI/LOCAL_LAMDA/Local_Lamda_midi/midi_guide/37a90015797c1472/song_package.yaml.bak
2025-10-26 14:05:10 [INFO] ✓ Created: data/Los-Angeles-MIDI/LOCAL_LAMDA/Local_Lamda_midi/midi_guide/37a90015797c1472/song_package.yaml
2025-10-26 14:05:10 [INFO] Backed up existing package to data/Los-Angeles-MIDI/LOCAL_LAMDA/Local_Lamda_midi/midi_guide/375aff31b2dc97bf/song_package.yaml.bak
2025-10-26 14:05:10 [INFO] ✓ Created: data/Los-Angeles-MIDI/LOCAL_LAMDA/Local_Lamda_midi/midi_guide/375aff31b2dc97bf/song_package.yaml
2025-10-26 14:05:10 [INFO] Backed up existing package to data/Los-Angeles-MIDI/LOCAL_LAMDA/Local_Lamda_midi/midi_guide/3802a3867a2f08a1/song_package.yaml.bak
2025-10-26 14:05:10 [INFO] ✓ Created: data/Los-Angeles-MIDI/LOCAL_LAMDA/Local_Lamda_midi/midi_guide/3802a3867a2f08a1/song_package.yaml
2025-10-26 14:05:10 [INFO] Backed up existing package to data/Los-Angeles-MIDI/LOCAL_LAMDA/Local_Lamda_midi/midi_guide/381f7c8c142fd05c/song_package.yaml.bak
2025-10-26 14:05:10 [INFO] ✓ Created: data/Los-Angeles-MIDI/LOCAL_LAMDA/Local_Lamda_midi/midi_guide/381f7c8c142fd05c/song_package.yaml
2025-10-26 14:05:10 [INFO] Backed up existing package to data/Los-Angeles-MIDI/LOCAL_LAMDA/Local_Lamda_midi/midi_guide/38028ad1d3df2fd2/song_package.yaml.bak
2025-10-26 14:05:10 [INFO] ✓ Created: data/Los-Angeles-MIDI/LOCAL_LAMDA/Local_Lamda_midi/midi_guide/38028ad1d3df2fd2/song_package.yaml
2025-10-26 14:05:10 [INFO] Backed up existing package to data/Los-Angeles-MIDI/LOCAL_LAMDA/Local_Lamda_midi/midi_guide/38c65d0b5d7e5c87/song_package.yaml.bak
2025-10-26 14:05:10 [INFO] ✓ Created: data/Los-Angeles-MIDI/LOCAL_LAMDA/Local_Lamda_midi/midi_guide/38c65d0b5d7e5c87/song_package.yaml
2025-10-26 14:05:10 [INFO] Backed up existing package to data/Los-Angeles-MIDI/LOCAL_LAMDA/Local_Lamda_midi/midi_guide/3860a5a0b874c8db/song_package.yaml.bak
2025-10-26 14:05:10 [INFO] ✓ Created: data/Los-Angeles-MIDI/LOCAL_LAMDA/Local_Lamda_midi/midi_guide/3860a5a0b874c8db/song_package.yaml
2025-10-26 14:05:10 [INFO] Backed up existing package to data/Los-Angeles-MIDI/LOCAL_LAMDA/Local_Lamda_midi/midi_guide/38f46865d27277f1/song_package.yaml.bak
2025-10-26 14:05:10 [INFO] ✓ Created: data/Los-Angeles-MIDI/LOCAL_LAMDA/Local_Lamda_midi/midi_guide/38f46865d27277f1/song_package.yaml
2025-10-26 14:05:10 [INFO] Backed up existing package to data/Los-Angeles-MIDI/LOCAL_LAMDA/Local_Lamda_midi/midi_guide/38da362f2507c52f/song_package.yaml.bak
2025-10-26 14:05:10 [INFO] ✓ Created: data/Los-Angeles-MIDI/LOCAL_LAMDA/Local_Lamda_midi/midi_guide/38da362f2507c52f/song_package.yaml
2025-10-26 14:05:10 [INFO] Backed up existing package to data/Los-Angeles-MIDI/LOCAL_LAMDA/Local_Lamda_midi/midi_guide/38d39daec51a7743/song_package.yaml.bak
2025-10-26 14:05:10 [INFO] ✓ Created: data/Los-Angeles-MIDI/LOCAL_LAMDA/Local_Lamda_midi/midi_guide/38d39daec51a7743/song_package.yaml
2025-10-26 14:05:10 [INFO] Backed up existing package to data/Los-Angeles-MIDI/LOCAL_LAMDA/Local_Lamda_midi/midi_guide/38db6096a418eb9d/song_package.yaml.bak
2025-10-26 14:05:10 [INFO] ✓ Created: data/Los-Angeles-MIDI/LOCAL_LAMDA/Local_Lamda_midi/midi_guide/38db6096a418eb9d/song_package.yaml
2025-10-26 14:05:10 [INFO] Backed up existing package to data/Los-Angeles-MIDI/LOCAL_LAMDA/Local_Lamda_midi/midi_guide/38ea5b58ef54f9fa/song_package.yaml.bak
2025-10-26 14:05:10 [INFO] ✓ Created: data/Los-Angeles-MIDI/LOCAL_LAMDA/Local_Lamda_midi/midi_guide/38ea5b58ef54f9fa/song_package.yaml
2025-10-26 14:05:10 [INFO] Backed up existing package to data/Los-Angeles-MIDI/LOCAL_LAMDA/Local_Lamda_midi/midi_guide/38e30249dc28b311/song_package.yaml.bak
2025-10-26 14:05:10 [INFO] ✓ Created: data/Los-Angeles-MIDI/LOCAL_LAMDA/Local_Lamda_midi/midi_guide/38e30249dc28b311/song_package.yaml
2025-10-26 14:05:10 [INFO] Backed up existing package to data/Los-Angeles-MIDI/LOCAL_LAMDA/Local_Lamda_midi/midi_guide/3900127bcf2f4feb/song_package.yaml.bak
2025-10-26 14:05:10 [INFO] ✓ Created: data/Los-Angeles-MIDI/LOCAL_LAMDA/Local_Lamda_midi/midi_guide/3900127bcf2f4feb/song_package.yaml
2025-10-26 14:05:10 [INFO] Backed up existing package to data/Los-Angeles-MIDI/LOCAL_LAMDA/Local_Lamda_midi/midi_guide/3956ffa087fdc2eb/song_package.yaml.bak
2025-10-26 14:05:10 [INFO] ✓ Created: data/Los-Angeles-MIDI/LOCAL_LAMDA/Local_Lamda_midi/midi_guide/3956ffa087fdc2eb/song_package.yaml
2025-10-26 14:05:10 [INFO] Backed up existing package to data/Los-Angeles-MIDI/LOCAL_LAMDA/Local_Lamda_midi/midi_guide/39a4b8c03ac9f5df/song_package.yaml.bak
2025-10-26 14:05:10 [INFO] ✓ Created: data/Los-Angeles-MIDI/LOCAL_LAMDA/Local_Lamda_midi/midi_guide/39a4b8c03ac9f5df/song_package.yaml
2025-10-26 14:05:10 [INFO] Backed up existing package to data/Los-Angeles-MIDI/LOCAL_LAMDA/Local_Lamda_midi/midi_guide/39b43852b6b0c5c2/song_package.yaml.bak
2025-10-26 14:05:10 [INFO] ✓ Created: data/Los-Angeles-MIDI/LOCAL_LAMDA/Local_Lamda_midi/midi_guide/39b43852b6b0c5c2/song_package.yaml
2025-10-26 14:05:10 [INFO] Backed up existing package to data/Los-Angeles-MIDI/LOCAL_LAMDA/Local_Lamda_midi/midi_guide/3914cd1ecd19f357/song_package.yaml.bak
2025-10-26 14:05:10 [INFO] ✓ Created: data/Los-Angeles-MIDI/LOCAL_LAMDA/Local_Lamda_midi/midi_guide/3914cd1ecd19f357/song_package.yaml
2025-10-26 14:05:10 [INFO] Backed up existing package to data/Los-Angeles-MIDI/LOCAL_LAMDA/Local_Lamda_midi/midi_guide/39c081983841130e/song_package.yaml.bak
2025-10-26 14:05:10 [INFO] ✓ Created: data/Los-Angeles-MIDI/LOCAL_LAMDA/Local_Lamda_midi/midi_guide/39c081983841130e/song_package.yaml
2025-10-26 14:05:10 [INFO] Backed up existing package to data/Los-Angeles-MIDI/LOCAL_LAMDA/Local_Lamda_midi/midi_guide/39b92df91261d71c/song_package.yaml.bak
2025-10-26 14:05:10 [INFO] ✓ Created: data/Los-Angeles-MIDI/LOCAL_LAMDA/Local_Lamda_midi/midi_guide/39b92df91261d71c/song_package.yaml
2025-10-26 14:05:10 [INFO] Backed up existing package to data/Los-Angeles-MIDI/LOCAL_LAMDA/Local_Lamda_midi/midi_guide/3a2770a123671018/song_package.yaml.bak
2025-10-26 14:05:10 [INFO] ✓ Created: data/Los-Angeles-MIDI/LOCAL_LAMDA/Local_Lamda_midi/midi_guide/3a2770a123671018/song_package.yaml
2025-10-26 14:05:10 [INFO] Backed up existing package to data/Los-Angeles-MIDI/LOCAL_LAMDA/Local_Lamda_midi/midi_guide/39fafce4667559b0/song_package.yaml.bak
2025-10-26 14:05:10 [INFO] ✓ Created: data/Los-Angeles-MIDI/LOCAL_LAMDA/Local_Lamda_midi/midi_guide/39fafce4667559b0/song_package.yaml
2025-10-26 14:05:10 [INFO] Backed up existing package to data/Los-Angeles-MIDI/LOCAL_LAMDA/Local_Lamda_midi/midi_guide/3a1474f49683170b/song_package.yaml.bak
2025-10-26 14:05:10 [INFO] ✓ Created: data/Los-Angeles-MIDI/LOCAL_LAMDA/Local_Lamda_midi/midi_guide/3a1474f49683170b/song_package.yaml
2025-10-26 14:05:10 [INFO] Backed up existing package to data/Los-Angeles-MIDI/LOCAL_LAMDA/Local_Lamda_midi/midi_guide/3a30e817ab3611cc/song_package.yaml.bak
2025-10-26 14:05:10 [INFO] ✓ Created: data/Los-Angeles-MIDI/LOCAL_LAMDA/Local_Lamda_midi/midi_guide/3a30e817ab3611cc/song_package.yaml
2025-10-26 14:05:10 [INFO] Backed up existing package to data/Los-Angeles-MIDI/LOCAL_LAMDA/Local_Lamda_midi/midi_guide/3a5cfd7ffc27f432/song_package.yaml.bak
2025-10-26 14:05:10 [INFO] ✓ Created: data/Los-Angeles-MIDI/LOCAL_LAMDA/Local_Lamda_midi/midi_guide/3a5cfd7ffc27f432/song_package.yaml
2025-10-26 14:05:10 [INFO] Backed up existing package to data/Los-Angeles-MIDI/LOCAL_LAMDA/Local_Lamda_midi/midi_guide/3a8d5b632d7914e8/song_package.yaml.bak
2025-10-26 14:05:10 [INFO] ✓ Created: data/Los-Angeles-MIDI/LOCAL_LAMDA/Local_Lamda_midi/midi_guide/3a8d5b632d7914e8/song_package.yaml
2025-10-26 14:05:10 [INFO] Backed up existing package to data/Los-Angeles-MIDI/LOCAL_LAMDA/Local_Lamda_midi/midi_guide/3a33c2e4d8ff81ea/song_package.yaml.bak
2025-10-26 14:05:10 [INFO] ✓ Created: data/Los-Angeles-MIDI/LOCAL_LAMDA/Local_Lamda_midi/midi_guide/3a33c2e4d8ff81ea/song_package.yaml
2025-10-26 14:05:10 [INFO] Backed up existing package to data/Los-Angeles-MIDI/LOCAL_LAMDA/Local_Lamda_midi/midi_guide/3a903c140c331c43/song_package.yaml.bak
2025-10-26 14:05:10 [INFO] ✓ Created: data/Los-Angeles-MIDI/LOCAL_LAMDA/Local_Lamda_midi/midi_guide/3a903c140c331c43/song_package.yaml
2025-10-26 14:05:10 [INFO] Backed up existing package to data/Los-Angeles-MIDI/LOCAL_LAMDA/Local_Lamda_midi/midi_guide/3a6befe0120e94ee/song_package.yaml.bak
2025-10-26 14:05:10 [INFO] ✓ Created: data/Los-Angeles-MIDI/LOCAL_LAMDA/Local_Lamda_midi/midi_guide/3a6befe0120e94ee/song_package.yaml
2025-10-26 14:05:10 [INFO] Backed up existing package to data/Los-Angeles-MIDI/LOCAL_LAMDA/Local_Lamda_midi/midi_guide/3b3141bc594182db/song_package.yaml.bak
2025-10-26 14:05:10 [INFO] ✓ Created: data/Los-Angeles-MIDI/LOCAL_LAMDA/Local_Lamda_midi/midi_guide/3b3141bc594182db/song_package.yaml
2025-10-26 14:05:10 [INFO] Backed up existing package to data/Los-Angeles-MIDI/LOCAL_LAMDA/Local_Lamda_midi/midi_guide/3b6361ea2e928d5e/song_package.yaml.bak
2025-10-26 14:05:10 [INFO] ✓ Created: data/Los-Angeles-MIDI/LOCAL_LAMDA/Local_Lamda_midi/midi_guide/3b6361ea2e928d5e/song_package.yaml
2025-10-26 14:05:10 [INFO] Backed up existing package to data/Los-Angeles-MIDI/LOCAL_LAMDA/Local_Lamda_midi/midi_guide/3bacb47e5e32d4ee/song_package.yaml.bak
2025-10-26 14:05:10 [INFO] ✓ Created: data/Los-Angeles-MIDI/LOCAL_LAMDA/Local_Lamda_midi/midi_guide/3bacb47e5e32d4ee/song_package.yaml
2025-10-26 14:05:10 [INFO] Backed up existing package to data/Los-Angeles-MIDI/LOCAL_LAMDA/Local_Lamda_midi/midi_guide/3bd29d47e9a4635a/song_package.yaml.bak
2025-10-26 14:05:10 [INFO] ✓ Created: data/Los-Angeles-MIDI/LOCAL_LAMDA/Local_Lamda_midi/midi_guide/3bd29d47e9a4635a/song_package.yaml
2025-10-26 14:05:10 [INFO] Backed up existing package to data/Los-Angeles-MIDI/LOCAL_LAMDA/Local_Lamda_midi/midi_guide/3c09c70a4560ff01/song_package.yaml.bak
2025-10-26 14:05:10 [INFO] ✓ Created: data/Los-Angeles-MIDI/LOCAL_LAMDA/Local_Lamda_midi/midi_guide/3c09c70a4560ff01/song_package.yaml
2025-10-26 14:05:10 [INFO] Backed up existing package to data/Los-Angeles-MIDI/LOCAL_LAMDA/Local_Lamda_midi/midi_guide/3c01e265ab615211/song_package.yaml.bak
2025-10-26 14:05:10 [INFO] ✓ Created: data/Los-Angeles-MIDI/LOCAL_LAMDA/Local_Lamda_midi/midi_guide/3c01e265ab615211/song_package.yaml
2025-10-26 14:05:10 [INFO] Backed up existing package to data/Los-Angeles-MIDI/LOCAL_LAMDA/Local_Lamda_midi/midi_guide/3bfe30533e0e348a/song_package.yaml.bak
2025-10-26 14:05:10 [INFO] ✓ Created: data/Los-Angeles-MIDI/LOCAL_LAMDA/Local_Lamda_midi/midi_guide/3bfe30533e0e348a/song_package.yaml
2025-10-26 14:05:10 [INFO] Backed up existing package to data/Los-Angeles-MIDI/LOCAL_LAMDA/Local_Lamda_midi/midi_guide/3c3cfe417ab103cb/song_package.yaml.bak
2025-10-26 14:05:10 [INFO] ✓ Created: data/Los-Angeles-MIDI/LOCAL_LAMDA/Local_Lamda_midi/midi_guide/3c3cfe417ab103cb/song_package.yaml
2025-10-26 14:05:10 [INFO] Backed up existing package to data/Los-Angeles-MIDI/LOCAL_LAMDA/Local_Lamda_midi/midi_guide/3d02bac557350f60/song_package.yaml.bak
2025-10-26 14:05:10 [INFO] ✓ Created: data/Los-Angeles-MIDI/LOCAL_LAMDA/Local_Lamda_midi/midi_guide/3d02bac557350f60/song_package.yaml
2025-10-26 14:05:10 [INFO] Backed up existing package to data/Los-Angeles-MIDI/LOCAL_LAMDA/Local_Lamda_midi/midi_guide/3c80df134be9e288/song_package.yaml.bak
2025-10-26 14:05:10 [INFO] ✓ Created: data/Los-Angeles-MIDI/LOCAL_LAMDA/Local_Lamda_midi/midi_guide/3c80df134be9e288/song_package.yaml
2025-10-26 14:05:10 [INFO] Backed up existing package to data/Los-Angeles-MIDI/LOCAL_LAMDA/Local_Lamda_midi/midi_guide/3c528c66e1b9824f/song_package.yaml.bak
2025-10-26 14:05:10 [INFO] ✓ Created: data/Los-Angeles-MIDI/LOCAL_LAMDA/Local_Lamda_midi/midi_guide/3c528c66e1b9824f/song_package.yaml
2025-10-26 14:05:10 [INFO] Backed up existing package to data/Los-Angeles-MIDI/LOCAL_LAMDA/Local_Lamda_midi/midi_guide/3d0c2fb6d37b0d63/song_package.yaml.bak
2025-10-26 14:05:10 [INFO] ✓ Created: data/Los-Angeles-MIDI/LOCAL_LAMDA/Local_Lamda_midi/midi_guide/3d0c2fb6d37b0d63/song_package.yaml
2025-10-26 14:05:10 [INFO] Backed up existing package to data/Los-Angeles-MIDI/LOCAL_LAMDA/Local_Lamda_midi/midi_guide/3cdba5d88ba5cd57/song_package.yaml.bak
2025-10-26 14:05:10 [INFO] ✓ Created: data/Los-Angeles-MIDI/LOCAL_LAMDA/Local_Lamda_midi/midi_guide/3cdba5d88ba5cd57/song_package.yaml
2025-10-26 14:05:10 [INFO] Backed up existing package to data/Los-Angeles-MIDI/LOCAL_LAMDA/Local_Lamda_midi/midi_guide/3d1cb3764da38563/song_package.yaml.bak
2025-10-26 14:05:10 [INFO] ✓ Created: data/Los-Angeles-MIDI/LOCAL_LAMDA/Local_Lamda_midi/midi_guide/3d1cb3764da38563/song_package.yaml
2025-10-26 14:05:10 [INFO] Backed up existing package to data/Los-Angeles-MIDI/LOCAL_LAMDA/Local_Lamda_midi/midi_guide/3d211048ccccad2d/song_package.yaml.bak
2025-10-26 14:05:10 [INFO] ✓ Created: data/Los-Angeles-MIDI/LOCAL_LAMDA/Local_Lamda_midi/midi_guide/3d211048ccccad2d/song_package.yaml
2025-10-26 14:05:10 [INFO] Backed up existing package to data/Los-Angeles-MIDI/LOCAL_LAMDA/Local_Lamda_midi/midi_guide/3d41193897245ccd/song_package.yaml.bak
2025-10-26 14:05:10 [INFO] ✓ Created: data/Los-Angeles-MIDI/LOCAL_LAMDA/Local_Lamda_midi/midi_guide/3d41193897245ccd/song_package.yaml
2025-10-26 14:05:10 [INFO] Backed up existing package to data/Los-Angeles-MIDI/LOCAL_LAMDA/Local_Lamda_midi/midi_guide/3d24151b6c594cf4/song_package.yaml.bak
2025-10-26 14:05:10 [INFO] ✓ Created: data/Los-Angeles-MIDI/LOCAL_LAMDA/Local_Lamda_midi/midi_guide/3d24151b6c594cf4/song_package.yaml
2025-10-26 14:05:10 [INFO] Backed up existing package to data/Los-Angeles-MIDI/LOCAL_LAMDA/Local_Lamda_midi/midi_guide/3d3d98a50422a5be/song_package.yaml.bak
2025-10-26 14:05:10 [INFO] ✓ Created: data/Los-Angeles-MIDI/LOCAL_LAMDA/Local_Lamda_midi/midi_guide/3d3d98a50422a5be/song_package.yaml
2025-10-26 14:05:10 [INFO] Backed up existing package to data/Los-Angeles-MIDI/LOCAL_LAMDA/Local_Lamda_midi/midi_guide/3d4240ca5440f9a9/song_package.yaml.bak
2025-10-26 14:05:10 [INFO] ✓ Created: data/Los-Angeles-MIDI/LOCAL_LAMDA/Local_Lamda_midi/midi_guide/3d4240ca5440f9a9/song_package.yaml
2025-10-26 14:05:10 [INFO] Backed up existing package to data/Los-Angeles-MIDI/LOCAL_LAMDA/Local_Lamda_midi/midi_guide/3d4e8cfbf5773093/song_package.yaml.bak
2025-10-26 14:05:10 [INFO] ✓ Created: data/Los-Angeles-MIDI/LOCAL_LAMDA/Local_Lamda_midi/midi_guide/3d4e8cfbf5773093/song_package.yaml
2025-10-26 14:05:11 [INFO] Backed up existing package to data/Los-Angeles-MIDI/LOCAL_LAMDA/Local_Lamda_midi/midi_guide/3d78692661ca34b7/song_package.yaml.bak
2025-10-26 14:05:11 [INFO] ✓ Created: data/Los-Angeles-MIDI/LOCAL_LAMDA/Local_Lamda_midi/midi_guide/3d78692661ca34b7/song_package.yaml
2025-10-26 14:05:11 [INFO] Backed up existing package to data/Los-Angeles-MIDI/LOCAL_LAMDA/Local_Lamda_midi/midi_guide/3d4790002aa2dd93/song_package.yaml.bak
2025-10-26 14:05:11 [INFO] ✓ Created: data/Los-Angeles-MIDI/LOCAL_LAMDA/Local_Lamda_midi/midi_guide/3d4790002aa2dd93/song_package.yaml
2025-10-26 14:05:11 [INFO] Backed up existing package to data/Los-Angeles-MIDI/LOCAL_LAMDA/Local_Lamda_midi/midi_guide/3d7efe023071fed8/song_package.yaml.bak
2025-10-26 14:05:11 [INFO] ✓ Created: data/Los-Angeles-MIDI/LOCAL_LAMDA/Local_Lamda_midi/midi_guide/3d7efe023071fed8/song_package.yaml
2025-10-26 14:05:11 [INFO] Backed up existing package to data/Los-Angeles-MIDI/LOCAL_LAMDA/Local_Lamda_midi/midi_guide/3dc8311d36132dc8/song_package.yaml.bak
2025-10-26 14:05:11 [INFO] ✓ Created: data/Los-Angeles-MIDI/LOCAL_LAMDA/Local_Lamda_midi/midi_guide/3dc8311d36132dc8/song_package.yaml
2025-10-26 14:05:11 [INFO] Backed up existing package to data/Los-Angeles-MIDI/LOCAL_LAMDA/Local_Lamda_midi/midi_guide/3d8c97dc26a8dc9b/song_package.yaml.bak
2025-10-26 14:05:11 [INFO] ✓ Created: data/Los-Angeles-MIDI/LOCAL_LAMDA/Local_Lamda_midi/midi_guide/3d8c97dc26a8dc9b/song_package.yaml
2025-10-26 14:05:11 [INFO] Backed up existing package to data/Los-Angeles-MIDI/LOCAL_LAMDA/Local_Lamda_midi/midi_guide/3dfc3548336bc8f6/song_package.yaml.bak
2025-10-26 14:05:11 [INFO] ✓ Created: data/Los-Angeles-MIDI/LOCAL_LAMDA/Local_Lamda_midi/midi_guide/3dfc3548336bc8f6/song_package.yaml
2025-10-26 14:05:11 [INFO] Backed up existing package to data/Los-Angeles-MIDI/LOCAL_LAMDA/Local_Lamda_midi/midi_guide/3e1f6ffcbc5c5a73/song_package.yaml.bak
2025-10-26 14:05:11 [INFO] ✓ Created: data/Los-Angeles-MIDI/LOCAL_LAMDA/Local_Lamda_midi/midi_guide/3e1f6ffcbc5c5a73/song_package.yaml
2025-10-26 14:05:11 [INFO] Backed up existing package to data/Los-Angeles-MIDI/LOCAL_LAMDA/Local_Lamda_midi/midi_guide/3e158d39cbf69c75/song_package.yaml.bak
2025-10-26 14:05:11 [INFO] ✓ Created: data/Los-Angeles-MIDI/LOCAL_LAMDA/Local_Lamda_midi/midi_guide/3e158d39cbf69c75/song_package.yaml
2025-10-26 14:05:11 [INFO] Backed up existing package to data/Los-Angeles-MIDI/LOCAL_LAMDA/Local_Lamda_midi/midi_guide/3e397ce66305a324/song_package.yaml.bak
2025-10-26 14:05:11 [INFO] ✓ Created: data/Los-Angeles-MIDI/LOCAL_LAMDA/Local_Lamda_midi/midi_guide/3e397ce66305a324/song_package.yaml
2025-10-26 14:05:11 [INFO] Backed up existing package to data/Los-Angeles-MIDI/LOCAL_LAMDA/Local_Lamda_midi/midi_guide/3e6840740ef6f09b/song_package.yaml.bak
2025-10-26 14:05:11 [INFO] ✓ Created: data/Los-Angeles-MIDI/LOCAL_LAMDA/Local_Lamda_midi/midi_guide/3e6840740ef6f09b/song_package.yaml
2025-10-26 14:05:11 [INFO] Backed up existing package to data/Los-Angeles-MIDI/LOCAL_LAMDA/Local_Lamda_midi/midi_guide/3ecf97a71ed87e4d/song_package.yaml.bak
2025-10-26 14:05:11 [INFO] ✓ Created: data/Los-Angeles-MIDI/LOCAL_LAMDA/Local_Lamda_midi/midi_guide/3ecf97a71ed87e4d/song_package.yaml
2025-10-26 14:05:11 [INFO] Backed up existing package to data/Los-Angeles-MIDI/LOCAL_LAMDA/Local_Lamda_midi/midi_guide/3e95dde0ab159f28/song_package.yaml.bak
2025-10-26 14:05:11 [INFO] ✓ Created: data/Los-Angeles-MIDI/LOCAL_LAMDA/Local_Lamda_midi/midi_guide/3e95dde0ab159f28/song_package.yaml
2025-10-26 14:05:11 [INFO] Backed up existing package to data/Los-Angeles-MIDI/LOCAL_LAMDA/Local_Lamda_midi/midi_guide/3f01df0e5be594ea/song_package.yaml.bak
2025-10-26 14:05:11 [INFO] ✓ Created: data/Los-Angeles-MIDI/LOCAL_LAMDA/Local_Lamda_midi/midi_guide/3f01df0e5be594ea/song_package.yaml
2025-10-26 14:05:11 [INFO] Backed up existing package to data/Los-Angeles-MIDI/LOCAL_LAMDA/Local_Lamda_midi/midi_guide/3ee2752e358a81e3/song_package.yaml.bak
2025-10-26 14:05:11 [INFO] ✓ Created: data/Los-Angeles-MIDI/LOCAL_LAMDA/Local_Lamda_midi/midi_guide/3ee2752e358a81e3/song_package.yaml
2025-10-26 14:05:11 [INFO] Backed up existing package to data/Los-Angeles-MIDI/LOCAL_LAMDA/Local_Lamda_midi/midi_guide/3ee4bc2b8cd11efe/song_package.yaml.bak
2025-10-26 14:05:11 [INFO] ✓ Created: data/Los-Angeles-MIDI/LOCAL_LAMDA/Local_Lamda_midi/midi_guide/3ee4bc2b8cd11efe/song_package.yaml
2025-10-26 14:05:11 [INFO] Backed up existing package to data/Los-Angeles-MIDI/LOCAL_LAMDA/Local_Lamda_midi/midi_guide/3ef44dfc34871be4/song_package.yaml.bak
2025-10-26 14:05:11 [INFO] ✓ Created: data/Los-Angeles-MIDI/LOCAL_LAMDA/Local_Lamda_midi/midi_guide/3ef44dfc34871be4/song_package.yaml
2025-10-26 14:05:11 [INFO] Backed up existing package to data/Los-Angeles-MIDI/LOCAL_LAMDA/Local_Lamda_midi/midi_guide/3f10f2e6aa159847/song_package.yaml.bak
2025-10-26 14:05:11 [INFO] ✓ Created: data/Los-Angeles-MIDI/LOCAL_LAMDA/Local_Lamda_midi/midi_guide/3f10f2e6aa159847/song_package.yaml
2025-10-26 14:05:11 [INFO] Backed up existing package to data/Los-Angeles-MIDI/LOCAL_LAMDA/Local_Lamda_midi/midi_guide/3f26e99c8f456689/song_package.yaml.bak
2025-10-26 14:05:11 [INFO] ✓ Created: data/Los-Angeles-MIDI/LOCAL_LAMDA/Local_Lamda_midi/midi_guide/3f26e99c8f456689/song_package.yaml
2025-10-26 14:05:11 [INFO] Backed up existing package to data/Los-Angeles-MIDI/LOCAL_LAMDA/Local_Lamda_midi/midi_guide/3ff96ccede3266ee/song_package.yaml.bak
2025-10-26 14:05:11 [INFO] ✓ Created: data/Los-Angeles-MIDI/LOCAL_LAMDA/Local_Lamda_midi/midi_guide/3ff96ccede3266ee/song_package.yaml
2025-10-26 14:05:11 [INFO] Backed up existing package to data/Los-Angeles-MIDI/LOCAL_LAMDA/Local_Lamda_midi/midi_guide/3f6de7810a2ec21c/song_package.yaml.bak
2025-10-26 14:05:11 [INFO] ✓ Created: data/Los-Angeles-MIDI/LOCAL_LAMDA/Local_Lamda_midi/midi_guide/3f6de7810a2ec21c/song_package.yaml
2025-10-26 14:05:11 [INFO] Backed up existing package to data/Los-Angeles-MIDI/LOCAL_LAMDA/Local_Lamda_midi/midi_guide/3fd2f404f0448c49/song_package.yaml.bak
2025-10-26 14:05:11 [INFO] ✓ Created: data/Los-Angeles-MIDI/LOCAL_LAMDA/Local_Lamda_midi/midi_guide/3fd2f404f0448c49/song_package.yaml
2025-10-26 14:05:11 [INFO] Backed up existing package to data/Los-Angeles-MIDI/LOCAL_LAMDA/Local_Lamda_midi/midi_guide/4020a90bbe929236/song_package.yaml.bak
2025-10-26 14:05:11 [INFO] ✓ Created: data/Los-Angeles-MIDI/LOCAL_LAMDA/Local_Lamda_midi/midi_guide/4020a90bbe929236/song_package.yaml
2025-10-26 14:05:11 [INFO] Backed up existing package to data/Los-Angeles-MIDI/LOCAL_LAMDA/Local_Lamda_midi/midi_guide/3fa1ae3b9ca6487b/song_package.yaml.bak
2025-10-26 14:05:11 [INFO] ✓ Created: data/Los-Angeles-MIDI/LOCAL_LAMDA/Local_Lamda_midi/midi_guide/3fa1ae3b9ca6487b/song_package.yaml
2025-10-26 14:05:11 [INFO] Backed up existing package to data/Los-Angeles-MIDI/LOCAL_LAMDA/Local_Lamda_midi/midi_guide/405273c207518760/song_package.yaml.bak
2025-10-26 14:05:11 [INFO] ✓ Created: data/Los-Angeles-MIDI/LOCAL_LAMDA/Local_Lamda_midi/midi_guide/405273c207518760/song_package.yaml
2025-10-26 14:05:11 [INFO] Backed up existing package to data/Los-Angeles-MIDI/LOCAL_LAMDA/Local_Lamda_midi/midi_guide/403c4ebf95804a9f/song_package.yaml.bak
2025-10-26 14:05:11 [INFO] ✓ Created: data/Los-Angeles-MIDI/LOCAL_LAMDA/Local_Lamda_midi/midi_guide/403c4ebf95804a9f/song_package.yaml
2025-10-26 14:05:11 [INFO] Backed up existing package to data/Los-Angeles-MIDI/LOCAL_LAMDA/Local_Lamda_midi/midi_guide/4068047ef786c588/song_package.yaml.bak
2025-10-26 14:05:11 [INFO] ✓ Created: data/Los-Angeles-MIDI/LOCAL_LAMDA/Local_Lamda_midi/midi_guide/4068047ef786c588/song_package.yaml
2025-10-26 14:05:11 [INFO] Backed up existing package to data/Los-Angeles-MIDI/LOCAL_LAMDA/Local_Lamda_midi/midi_guide/404e42d8fbed94a6/song_package.yaml.bak
2025-10-26 14:05:11 [INFO] ✓ Created: data/Los-Angeles-MIDI/LOCAL_LAMDA/Local_Lamda_midi/midi_guide/404e42d8fbed94a6/song_package.yaml
2025-10-26 14:05:11 [INFO] Backed up existing package to data/Los-Angeles-MIDI/LOCAL_LAMDA/Local_Lamda_midi/midi_guide/409a5b400c226a25/song_package.yaml.bak
2025-10-26 14:05:11 [INFO] ✓ Created: data/Los-Angeles-MIDI/LOCAL_LAMDA/Local_Lamda_midi/midi_guide/409a5b400c226a25/song_package.yaml
2025-10-26 14:05:11 [INFO] Backed up existing package to data/Los-Angeles-MIDI/LOCAL_LAMDA/Local_Lamda_midi/midi_guide/40ade7becd3eab16/song_package.yaml.bak
2025-10-26 14:05:11 [INFO] ✓ Created: data/Los-Angeles-MIDI/LOCAL_LAMDA/Local_Lamda_midi/midi_guide/40ade7becd3eab16/song_package.yaml
2025-10-26 14:05:11 [INFO] Backed up existing package to data/Los-Angeles-MIDI/LOCAL_LAMDA/Local_Lamda_midi/midi_guide/40cfa3b2414d411d/song_package.yaml.bak
2025-10-26 14:05:11 [INFO] ✓ Created: data/Los-Angeles-MIDI/LOCAL_LAMDA/Local_Lamda_midi/midi_guide/40cfa3b2414d411d/song_package.yaml
2025-10-26 14:05:11 [INFO] Backed up existing package to data/Los-Angeles-MIDI/LOCAL_LAMDA/Local_Lamda_midi/midi_guide/4026016565a208e9/song_package.yaml.bak
2025-10-26 14:05:11 [INFO] ✓ Created: data/Los-Angeles-MIDI/LOCAL_LAMDA/Local_Lamda_midi/midi_guide/4026016565a208e9/song_package.yaml
2025-10-26 14:05:11 [INFO] Backed up existing package to data/Los-Angeles-MIDI/LOCAL_LAMDA/Local_Lamda_midi/midi_guide/40efb8273d56f2e2/song_package.yaml.bak
2025-10-26 14:05:11 [INFO] ✓ Created: data/Los-Angeles-MIDI/LOCAL_LAMDA/Local_Lamda_midi/midi_guide/40efb8273d56f2e2/song_package.yaml
2025-10-26 14:05:11 [INFO] Backed up existing package to data/Los-Angeles-MIDI/LOCAL_LAMDA/Local_Lamda_midi/midi_guide/40fe5e840bad42bb/song_package.yaml.bak
2025-10-26 14:05:11 [INFO] ✓ Created: data/Los-Angeles-MIDI/LOCAL_LAMDA/Local_Lamda_midi/midi_guide/40fe5e840bad42bb/song_package.yaml
2025-10-26 14:05:11 [INFO] Backed up existing package to data/Los-Angeles-MIDI/LOCAL_LAMDA/Local_Lamda_midi/midi_guide/412e715610f80036/song_package.yaml.bak
2025-10-26 14:05:11 [INFO] ✓ Created: data/Los-Angeles-MIDI/LOCAL_LAMDA/Local_Lamda_midi/midi_guide/412e715610f80036/song_package.yaml
2025-10-26 14:05:11 [INFO] Backed up existing package to data/Los-Angeles-MIDI/LOCAL_LAMDA/Local_Lamda_midi/midi_guide/4146ce48dcdc7429/song_package.yaml.bak
2025-10-26 14:05:11 [INFO] ✓ Created: data/Los-Angeles-MIDI/LOCAL_LAMDA/Local_Lamda_midi/midi_guide/4146ce48dcdc7429/song_package.yaml
2025-10-26 14:05:11 [INFO] Backed up existing package to data/Los-Angeles-MIDI/LOCAL_LAMDA/Local_Lamda_midi/midi_guide/4167fe265219c203/song_package.yaml.bak
2025-10-26 14:05:11 [INFO] ✓ Created: data/Los-Angeles-MIDI/LOCAL_LAMDA/Local_Lamda_midi/midi_guide/4167fe265219c203/song_package.yaml
2025-10-26 14:05:11 [INFO] Backed up existing package to data/Los-Angeles-MIDI/LOCAL_LAMDA/Local_Lamda_midi/midi_guide/41b1ed8ce3594f00/song_package.yaml.bak
2025-10-26 14:05:11 [INFO] ✓ Created: data/Los-Angeles-MIDI/LOCAL_LAMDA/Local_Lamda_midi/midi_guide/41b1ed8ce3594f00/song_package.yaml
2025-10-26 14:05:11 [INFO] Backed up existing package to data/Los-Angeles-MIDI/LOCAL_LAMDA/Local_Lamda_midi/midi_guide/40d423afa560940c/song_package.yaml.bak
2025-10-26 14:05:11 [INFO] ✓ Created: data/Los-Angeles-MIDI/LOCAL_LAMDA/Local_Lamda_midi/midi_guide/40d423afa560940c/song_package.yaml
2025-10-26 14:05:11 [INFO] Backed up existing package to data/Los-Angeles-MIDI/LOCAL_LAMDA/Local_Lamda_midi/midi_guide/41d9f8d8e80d23de/song_package.yaml.bak
2025-10-26 14:05:11 [INFO] ✓ Created: data/Los-Angeles-MIDI/LOCAL_LAMDA/Local_Lamda_midi/midi_guide/41d9f8d8e80d23de/song_package.yaml
2025-10-26 14:05:11 [INFO] Backed up existing package to data/Los-Angeles-MIDI/LOCAL_LAMDA/Local_Lamda_midi/midi_guide/41f6ad32d58f809d/song_package.yaml.bak
2025-10-26 14:05:11 [INFO] ✓ Created: data/Los-Angeles-MIDI/LOCAL_LAMDA/Local_Lamda_midi/midi_guide/41f6ad32d58f809d/song_package.yaml
2025-10-26 14:05:11 [INFO] Backed up existing package to data/Los-Angeles-MIDI/LOCAL_LAMDA/Local_Lamda_midi/midi_guide/420729e6313e68cc/song_package.yaml.bak
2025-10-26 14:05:11 [INFO] ✓ Created: data/Los-Angeles-MIDI/LOCAL_LAMDA/Local_Lamda_midi/midi_guide/420729e6313e68cc/song_package.yaml
2025-10-26 14:05:11 [INFO] Backed up existing package to data/Los-Angeles-MIDI/LOCAL_LAMDA/Local_Lamda_midi/midi_guide/4223a5fd6e67c7ab/song_package.yaml.bak
2025-10-26 14:05:11 [INFO] ✓ Created: data/Los-Angeles-MIDI/LOCAL_LAMDA/Local_Lamda_midi/midi_guide/4223a5fd6e67c7ab/song_package.yaml
2025-10-26 14:05:11 [INFO] Backed up existing package to data/Los-Angeles-MIDI/LOCAL_LAMDA/Local_Lamda_midi/midi_guide/421ab623d006745f/song_package.yaml.bak
2025-10-26 14:05:11 [INFO] ✓ Created: data/Los-Angeles-MIDI/LOCAL_LAMDA/Local_Lamda_midi/midi_guide/421ab623d006745f/song_package.yaml
2025-10-26 14:05:11 [INFO] Backed up existing package to data/Los-Angeles-MIDI/LOCAL_LAMDA/Local_Lamda_midi/midi_guide/422c1e2adef7162d/song_package.yaml.bak
2025-10-26 14:05:11 [INFO] ✓ Created: data/Los-Angeles-MIDI/LOCAL_LAMDA/Local_Lamda_midi/midi_guide/422c1e2adef7162d/song_package.yaml
2025-10-26 14:05:11 [INFO] Backed up existing package to data/Los-Angeles-MIDI/LOCAL_LAMDA/Local_Lamda_midi/midi_guide/427f6560c366b639/song_package.yaml.bak
2025-10-26 14:05:11 [INFO] ✓ Created: data/Los-Angeles-MIDI/LOCAL_LAMDA/Local_Lamda_midi/midi_guide/427f6560c366b639/song_package.yaml
2025-10-26 14:05:11 [INFO] Backed up existing package to data/Los-Angeles-MIDI/LOCAL_LAMDA/Local_Lamda_midi/midi_guide/42302f9b3d92fcfd/song_package.yaml.bak
2025-10-26 14:05:11 [INFO] ✓ Created: data/Los-Angeles-MIDI/LOCAL_LAMDA/Local_Lamda_midi/midi_guide/42302f9b3d92fcfd/song_package.yaml
2025-10-26 14:05:11 [INFO] Backed up existing package to data/Los-Angeles-MIDI/LOCAL_LAMDA/Local_Lamda_midi/midi_guide/42d9c712eb7859f8/song_package.yaml.bak
2025-10-26 14:05:11 [INFO] ✓ Created: data/Los-Angeles-MIDI/LOCAL_LAMDA/Local_Lamda_midi/midi_guide/42d9c712eb7859f8/song_package.yaml
2025-10-26 14:05:11 [INFO] Backed up existing package to data/Los-Angeles-MIDI/LOCAL_LAMDA/Local_Lamda_midi/midi_guide/425d3ef9c496acb1/song_package.yaml.bak
2025-10-26 14:05:11 [INFO] ✓ Created: data/Los-Angeles-MIDI/LOCAL_LAMDA/Local_Lamda_midi/midi_guide/425d3ef9c496acb1/song_package.yaml
2025-10-26 14:05:11 [INFO] Backed up existing package to data/Los-Angeles-MIDI/LOCAL_LAMDA/Local_Lamda_midi/midi_guide/42c0caae6090c011/song_package.yaml.bak
2025-10-26 14:05:11 [INFO] ✓ Created: data/Los-Angeles-MIDI/LOCAL_LAMDA/Local_Lamda_midi/midi_guide/42c0caae6090c011/song_package.yaml
2025-10-26 14:05:11 [INFO] Backed up existing package to data/Los-Angeles-MIDI/LOCAL_LAMDA/Local_Lamda_midi/midi_guide/4300cd6f72a1057f/song_package.yaml.bak
2025-10-26 14:05:11 [INFO] ✓ Created: data/Los-Angeles-MIDI/LOCAL_LAMDA/Local_Lamda_midi/midi_guide/4300cd6f72a1057f/song_package.yaml
2025-10-26 14:05:11 [INFO] Backed up existing package to data/Los-Angeles-MIDI/LOCAL_LAMDA/Local_Lamda_midi/midi_guide/432d905769ae990b/song_package.yaml.bak
2025-10-26 14:05:11 [INFO] ✓ Created: data/Los-Angeles-MIDI/LOCAL_LAMDA/Local_Lamda_midi/midi_guide/432d905769ae990b/song_package.yaml
2025-10-26 14:05:11 [INFO] Backed up existing package to data/Los-Angeles-MIDI/LOCAL_LAMDA/Local_Lamda_midi/midi_guide/43702f1f1f5c4481/song_package.yaml.bak
2025-10-26 14:05:11 [INFO] ✓ Created: data/Los-Angeles-MIDI/LOCAL_LAMDA/Local_Lamda_midi/midi_guide/43702f1f1f5c4481/song_package.yaml
2025-10-26 14:05:11 [INFO] Backed up existing package to data/Los-Angeles-MIDI/LOCAL_LAMDA/Local_Lamda_midi/midi_guide/4365814e8679460b/song_package.yaml.bak
2025-10-26 14:05:11 [INFO] ✓ Created: data/Los-Angeles-MIDI/LOCAL_LAMDA/Local_Lamda_midi/midi_guide/4365814e8679460b/song_package.yaml
2025-10-26 14:05:11 [INFO] Backed up existing package to data/Los-Angeles-MIDI/LOCAL_LAMDA/Local_Lamda_midi/midi_guide/4301363de85ba037/song_package.yaml.bak
2025-10-26 14:05:11 [INFO] ✓ Created: data/Los-Angeles-MIDI/LOCAL_LAMDA/Local_Lamda_midi/midi_guide/4301363de85ba037/song_package.yaml
2025-10-26 14:05:11 [INFO] Backed up existing package to data/Los-Angeles-MIDI/LOCAL_LAMDA/Local_Lamda_midi/midi_guide/4370b4b00c58fa58/song_package.yaml.bak
2025-10-26 14:05:11 [INFO] ✓ Created: data/Los-Angeles-MIDI/LOCAL_LAMDA/Local_Lamda_midi/midi_guide/4370b4b00c58fa58/song_package.yaml
2025-10-26 14:05:11 [INFO] Backed up existing package to data/Los-Angeles-MIDI/LOCAL_LAMDA/Local_Lamda_midi/midi_guide/439f2d79fd30e448/song_package.yaml.bak
2025-10-26 14:05:11 [INFO] ✓ Created: data/Los-Angeles-MIDI/LOCAL_LAMDA/Local_Lamda_midi/midi_guide/439f2d79fd30e448/song_package.yaml
2025-10-26 14:05:11 [INFO] Backed up existing package to data/Los-Angeles-MIDI/LOCAL_LAMDA/Local_Lamda_midi/midi_guide/43bc31edc8e3d3bb/song_package.yaml.bak
2025-10-26 14:05:11 [INFO] ✓ Created: data/Los-Angeles-MIDI/LOCAL_LAMDA/Local_Lamda_midi/midi_guide/43bc31edc8e3d3bb/song_package.yaml
2025-10-26 14:05:11 [INFO] Backed up existing package to data/Los-Angeles-MIDI/LOCAL_LAMDA/Local_Lamda_midi/midi_guide/43c3a5a5b6350151/song_package.yaml.bak
2025-10-26 14:05:11 [INFO] ✓ Created: data/Los-Angeles-MIDI/LOCAL_LAMDA/Local_Lamda_midi/midi_guide/43c3a5a5b6350151/song_package.yaml
2025-10-26 14:05:11 [INFO] Backed up existing package to data/Los-Angeles-MIDI/LOCAL_LAMDA/Local_Lamda_midi/midi_guide/43e630ebce72e875/song_package.yaml.bak
2025-10-26 14:05:11 [INFO] ✓ Created: data/Los-Angeles-MIDI/LOCAL_LAMDA/Local_Lamda_midi/midi_guide/43e630ebce72e875/song_package.yaml
2025-10-26 14:05:11 [INFO] Backed up existing package to data/Los-Angeles-MIDI/LOCAL_LAMDA/Local_Lamda_midi/midi_guide/43d3bd91772c4cc2/song_package.yaml.bak
2025-10-26 14:05:11 [INFO] ✓ Created: data/Los-Angeles-MIDI/LOCAL_LAMDA/Local_Lamda_midi/midi_guide/43d3bd91772c4cc2/song_package.yaml
2025-10-26 14:05:11 [INFO] Backed up existing package to data/Los-Angeles-MIDI/LOCAL_LAMDA/Local_Lamda_midi/midi_guide/44055a88f235644b/song_package.yaml.bak
2025-10-26 14:05:11 [INFO] ✓ Created: data/Los-Angeles-MIDI/LOCAL_LAMDA/Local_Lamda_midi/midi_guide/44055a88f235644b/song_package.yaml
2025-10-26 14:05:11 [INFO] Backed up existing package to data/Los-Angeles-MIDI/LOCAL_LAMDA/Local_Lamda_midi/midi_guide/445b139f84c160e5/song_package.yaml.bak
2025-10-26 14:05:11 [INFO] ✓ Created: data/Los-Angeles-MIDI/LOCAL_LAMDA/Local_Lamda_midi/midi_guide/445b139f84c160e5/song_package.yaml
2025-10-26 14:05:11 [INFO] Backed up existing package to data/Los-Angeles-MIDI/LOCAL_LAMDA/Local_Lamda_midi/midi_guide/448d2d575ec60386/song_package.yaml.bak
2025-10-26 14:05:11 [INFO] ✓ Created: data/Los-Angeles-MIDI/LOCAL_LAMDA/Local_Lamda_midi/midi_guide/448d2d575ec60386/song_package.yaml
2025-10-26 14:05:11 [INFO] Backed up existing package to data/Los-Angeles-MIDI/LOCAL_LAMDA/Local_Lamda_midi/midi_guide/4481eabb19db8329/song_package.yaml.bak
2025-10-26 14:05:11 [INFO] ✓ Created: data/Los-Angeles-MIDI/LOCAL_LAMDA/Local_Lamda_midi/midi_guide/4481eabb19db8329/song_package.yaml
2025-10-26 14:05:11 [INFO] Backed up existing package to data/Los-Angeles-MIDI/LOCAL_LAMDA/Local_Lamda_midi/midi_guide/447bbef95f429bcb/song_package.yaml.bak
2025-10-26 14:05:11 [INFO] ✓ Created: data/Los-Angeles-MIDI/LOCAL_LAMDA/Local_Lamda_midi/midi_guide/447bbef95f429bcb/song_package.yaml
2025-10-26 14:05:11 [INFO] Backed up existing package to data/Los-Angeles-MIDI/LOCAL_LAMDA/Local_Lamda_midi/midi_guide/448a6d8a0661b5bb/song_package.yaml.bak
2025-10-26 14:05:11 [INFO] ✓ Created: data/Los-Angeles-MIDI/LOCAL_LAMDA/Local_Lamda_midi/midi_guide/448a6d8a0661b5bb/song_package.yaml
2025-10-26 14:05:11 [INFO] Backed up existing package to data/Los-Angeles-MIDI/LOCAL_LAMDA/Local_Lamda_midi/midi_guide/4488154f3eae0e25/song_package.yaml.bak
2025-10-26 14:05:11 [INFO] ✓ Created: data/Los-Angeles-MIDI/LOCAL_LAMDA/Local_Lamda_midi/midi_guide/4488154f3eae0e25/song_package.yaml
2025-10-26 14:05:11 [INFO] Backed up existing package to data/Los-Angeles-MIDI/LOCAL_LAMDA/Local_Lamda_midi/midi_guide/44cf13eb4624814e/song_package.yaml.bak
2025-10-26 14:05:11 [INFO] ✓ Created: data/Los-Angeles-MIDI/LOCAL_LAMDA/Local_Lamda_midi/midi_guide/44cf13eb4624814e/song_package.yaml
2025-10-26 14:05:11 [INFO] Backed up existing package to data/Los-Angeles-MIDI/LOCAL_LAMDA/Local_Lamda_midi/midi_guide/44d1e10147c685d9/song_package.yaml.bak
2025-10-26 14:05:11 [INFO] ✓ Created: data/Los-Angeles-MIDI/LOCAL_LAMDA/Local_Lamda_midi/midi_guide/44d1e10147c685d9/song_package.yaml
2025-10-26 14:05:11 [INFO] Backed up existing package to data/Los-Angeles-MIDI/LOCAL_LAMDA/Local_Lamda_midi/midi_guide/4524db2fd83ddb77/song_package.yaml.bak
2025-10-26 14:05:11 [INFO] ✓ Created: data/Los-Angeles-MIDI/LOCAL_LAMDA/Local_Lamda_midi/midi_guide/4524db2fd83ddb77/song_package.yaml
2025-10-26 14:05:11 [INFO] Backed up existing package to data/Los-Angeles-MIDI/LOCAL_LAMDA/Local_Lamda_midi/midi_guide/451dd1e788dc3f4b/song_package.yaml.bak
2025-10-26 14:05:11 [INFO] ✓ Created: data/Los-Angeles-MIDI/LOCAL_LAMDA/Local_Lamda_midi/midi_guide/451dd1e788dc3f4b/song_package.yaml
2025-10-26 14:05:11 [INFO] Backed up existing package to data/Los-Angeles-MIDI/LOCAL_LAMDA/Local_Lamda_midi/midi_guide/4530205ffba5d1d9/song_package.yaml.bak
2025-10-26 14:05:11 [INFO] ✓ Created: data/Los-Angeles-MIDI/LOCAL_LAMDA/Local_Lamda_midi/midi_guide/4530205ffba5d1d9/song_package.yaml
2025-10-26 14:05:11 [INFO] Backed up existing package to data/Los-Angeles-MIDI/LOCAL_LAMDA/Local_Lamda_midi/midi_guide/455df042e9bc4561/song_package.yaml.bak
2025-10-26 14:05:11 [INFO] ✓ Created: data/Los-Angeles-MIDI/LOCAL_LAMDA/Local_Lamda_midi/midi_guide/455df042e9bc4561/song_package.yaml
2025-10-26 14:05:11 [INFO] Backed up existing package to data/Los-Angeles-MIDI/LOCAL_LAMDA/Local_Lamda_midi/midi_guide/44f21c30689ee9c1/song_package.yaml.bak
2025-10-26 14:05:11 [INFO] ✓ Created: data/Los-Angeles-MIDI/LOCAL_LAMDA/Local_Lamda_midi/midi_guide/44f21c30689ee9c1/song_package.yaml
2025-10-26 14:05:11 [INFO] Backed up existing package to data/Los-Angeles-MIDI/LOCAL_LAMDA/Local_Lamda_midi/midi_guide/45bfdf9d5d7b8cfa/song_package.yaml.bak
2025-10-26 14:05:11 [INFO] ✓ Created: data/Los-Angeles-MIDI/LOCAL_LAMDA/Local_Lamda_midi/midi_guide/45bfdf9d5d7b8cfa/song_package.yaml
2025-10-26 14:05:11 [INFO] Backed up existing package to data/Los-Angeles-MIDI/LOCAL_LAMDA/Local_Lamda_midi/midi_guide/458a026ce00a05e7/song_package.yaml.bak
2025-10-26 14:05:11 [INFO] ✓ Created: data/Los-Angeles-MIDI/LOCAL_LAMDA/Local_Lamda_midi/midi_guide/458a026ce00a05e7/song_package.yaml
2025-10-26 14:05:11 [INFO] Backed up existing package to data/Los-Angeles-MIDI/LOCAL_LAMDA/Local_Lamda_midi/midi_guide/45d629b733ce50cf/song_package.yaml.bak
2025-10-26 14:05:11 [INFO] ✓ Created: data/Los-Angeles-MIDI/LOCAL_LAMDA/Local_Lamda_midi/midi_guide/45d629b733ce50cf/song_package.yaml
2025-10-26 14:05:11 [INFO] Backed up existing package to data/Los-Angeles-MIDI/LOCAL_LAMDA/Local_Lamda_midi/midi_guide/45e4fb4adbadf309/song_package.yaml.bak
2025-10-26 14:05:11 [INFO] ✓ Created: data/Los-Angeles-MIDI/LOCAL_LAMDA/Local_Lamda_midi/midi_guide/45e4fb4adbadf309/song_package.yaml
2025-10-26 14:05:11 [INFO] Backed up existing package to data/Los-Angeles-MIDI/LOCAL_LAMDA/Local_Lamda_midi/midi_guide/45fe0270bafe526e/song_package.yaml.bak
2025-10-26 14:05:11 [INFO] ✓ Created: data/Los-Angeles-MIDI/LOCAL_LAMDA/Local_Lamda_midi/midi_guide/45fe0270bafe526e/song_package.yaml
2025-10-26 14:05:11 [INFO] Backed up existing package to data/Los-Angeles-MIDI/LOCAL_LAMDA/Local_Lamda_midi/midi_guide/45ea0a4b5e2524f0/song_package.yaml.bak
2025-10-26 14:05:11 [INFO] ✓ Created: data/Los-Angeles-MIDI/LOCAL_LAMDA/Local_Lamda_midi/midi_guide/45ea0a4b5e2524f0/song_package.yaml
2025-10-26 14:05:11 [INFO] Backed up existing package to data/Los-Angeles-MIDI/LOCAL_LAMDA/Local_Lamda_midi/midi_guide/463739d3021ac506/song_package.yaml.bak
2025-10-26 14:05:11 [INFO] ✓ Created: data/Los-Angeles-MIDI/LOCAL_LAMDA/Local_Lamda_midi/midi_guide/463739d3021ac506/song_package.yaml
2025-10-26 14:05:11 [INFO] Backed up existing package to data/Los-Angeles-MIDI/LOCAL_LAMDA/Local_Lamda_midi/midi_guide/4617d1f3628633f9/song_package.yaml.bak
2025-10-26 14:05:11 [INFO] ✓ Created: data/Los-Angeles-MIDI/LOCAL_LAMDA/Local_Lamda_midi/midi_guide/4617d1f3628633f9/song_package.yaml
2025-10-26 14:05:11 [INFO] Backed up existing package to data/Los-Angeles-MIDI/LOCAL_LAMDA/Local_Lamda_midi/midi_guide/466ebea19461a1b0/song_package.yaml.bak
2025-10-26 14:05:11 [INFO] ✓ Created: data/Los-Angeles-MIDI/LOCAL_LAMDA/Local_Lamda_midi/midi_guide/466ebea19461a1b0/song_package.yaml
2025-10-26 14:05:11 [INFO] Backed up existing package to data/Los-Angeles-MIDI/LOCAL_LAMDA/Local_Lamda_midi/midi_guide/46881b85bd22950e/song_package.yaml.bak
2025-10-26 14:05:11 [INFO] ✓ Created: data/Los-Angeles-MIDI/LOCAL_LAMDA/Local_Lamda_midi/midi_guide/46881b85bd22950e/song_package.yaml
2025-10-26 14:05:11 [INFO] Backed up existing package to data/Los-Angeles-MIDI/LOCAL_LAMDA/Local_Lamda_midi/midi_guide/466bf57834b53278/song_package.yaml.bak
2025-10-26 14:05:11 [INFO] ✓ Created: data/Los-Angeles-MIDI/LOCAL_LAMDA/Local_Lamda_midi/midi_guide/466bf57834b53278/song_package.yaml
2025-10-26 14:05:11 [INFO] Backed up existing package to data/Los-Angeles-MIDI/LOCAL_LAMDA/Local_Lamda_midi/midi_guide/46bff65b9df42721/song_package.yaml.bak
2025-10-26 14:05:11 [INFO] ✓ Created: data/Los-Angeles-MIDI/LOCAL_LAMDA/Local_Lamda_midi/midi_guide/46bff65b9df42721/song_package.yaml
2025-10-26 14:05:11 [INFO] Backed up existing package to data/Los-Angeles-MIDI/LOCAL_LAMDA/Local_Lamda_midi/midi_guide/4706648028d6fe9d/song_package.yaml.bak
2025-10-26 14:05:11 [INFO] ✓ Created: data/Los-Angeles-MIDI/LOCAL_LAMDA/Local_Lamda_midi/midi_guide/4706648028d6fe9d/song_package.yaml
2025-10-26 14:05:11 [INFO] Backed up existing package to data/Los-Angeles-MIDI/LOCAL_LAMDA/Local_Lamda_midi/midi_guide/47268f7b659ad351/song_package.yaml.bak
2025-10-26 14:05:11 [INFO] ✓ Created: data/Los-Angeles-MIDI/LOCAL_LAMDA/Local_Lamda_midi/midi_guide/47268f7b659ad351/song_package.yaml
2025-10-26 14:05:11 [INFO] Backed up existing package to data/Los-Angeles-MIDI/LOCAL_LAMDA/Local_Lamda_midi/midi_guide/47529c2dea6eb644/song_package.yaml.bak
2025-10-26 14:05:11 [INFO] ✓ Created: data/Los-Angeles-MIDI/LOCAL_LAMDA/Local_Lamda_midi/midi_guide/47529c2dea6eb644/song_package.yaml
2025-10-26 14:05:11 [INFO] Backed up existing package to data/Los-Angeles-MIDI/LOCAL_LAMDA/Local_Lamda_midi/midi_guide/478fe5d7ce88345f/song_package.yaml.bak
2025-10-26 14:05:11 [INFO] ✓ Created: data/Los-Angeles-MIDI/LOCAL_LAMDA/Local_Lamda_midi/midi_guide/478fe5d7ce88345f/song_package.yaml
2025-10-26 14:05:11 [INFO] Backed up existing package to data/Los-Angeles-MIDI/LOCAL_LAMDA/Local_Lamda_midi/midi_guide/476d65d4083ac108/song_package.yaml.bak
2025-10-26 14:05:11 [INFO] ✓ Created: data/Los-Angeles-MIDI/LOCAL_LAMDA/Local_Lamda_midi/midi_guide/476d65d4083ac108/song_package.yaml
2025-10-26 14:05:11 [INFO] Backed up existing package to data/Los-Angeles-MIDI/LOCAL_LAMDA/Local_Lamda_midi/midi_guide/472c762e91767b2e/song_package.yaml.bak
2025-10-26 14:05:11 [INFO] ✓ Created: data/Los-Angeles-MIDI/LOCAL_LAMDA/Local_Lamda_midi/midi_guide/472c762e91767b2e/song_package.yaml
2025-10-26 14:05:11 [INFO] Backed up existing package to data/Los-Angeles-MIDI/LOCAL_LAMDA/Local_Lamda_midi/midi_guide/476dc92987980505/song_package.yaml.bak
2025-10-26 14:05:11 [INFO] ✓ Created: data/Los-Angeles-MIDI/LOCAL_LAMDA/Local_Lamda_midi/midi_guide/476dc92987980505/song_package.yaml
2025-10-26 14:05:11 [INFO] Backed up existing package to data/Los-Angeles-MIDI/LOCAL_LAMDA/Local_Lamda_midi/midi_guide/47e6f5e3a705f34c/song_package.yaml.bak
2025-10-26 14:05:11 [INFO] ✓ Created: data/Los-Angeles-MIDI/LOCAL_LAMDA/Local_Lamda_midi/midi_guide/47e6f5e3a705f34c/song_package.yaml
2025-10-26 14:05:11 [INFO] Backed up existing package to data/Los-Angeles-MIDI/LOCAL_LAMDA/Local_Lamda_midi/midi_guide/479cf63beb7b67c1/song_package.yaml.bak
2025-10-26 14:05:11 [INFO] ✓ Created: data/Los-Angeles-MIDI/LOCAL_LAMDA/Local_Lamda_midi/midi_guide/479cf63beb7b67c1/song_package.yaml
2025-10-26 14:05:11 [INFO] Backed up existing package to data/Los-Angeles-MIDI/LOCAL_LAMDA/Local_Lamda_midi/midi_guide/479a421fd3b43521/song_package.yaml.bak
2025-10-26 14:05:11 [INFO] ✓ Created: data/Los-Angeles-MIDI/LOCAL_LAMDA/Local_Lamda_midi/midi_guide/479a421fd3b43521/song_package.yaml
2025-10-26 14:05:11 [INFO] Backed up existing package to data/Los-Angeles-MIDI/LOCAL_LAMDA/Local_Lamda_midi/midi_guide/479c9f5311613ea7/song_package.yaml.bak
2025-10-26 14:05:11 [INFO] ✓ Created: data/Los-Angeles-MIDI/LOCAL_LAMDA/Local_Lamda_midi/midi_guide/479c9f5311613ea7/song_package.yaml
2025-10-26 14:05:11 [INFO] Backed up existing package to data/Los-Angeles-MIDI/LOCAL_LAMDA/Local_Lamda_midi/midi_guide/4871e7cf7d29ea5a/song_package.yaml.bak
2025-10-26 14:05:11 [INFO] ✓ Created: data/Los-Angeles-MIDI/LOCAL_LAMDA/Local_Lamda_midi/midi_guide/4871e7cf7d29ea5a/song_package.yaml
2025-10-26 14:05:11 [INFO] Backed up existing package to data/Los-Angeles-MIDI/LOCAL_LAMDA/Local_Lamda_midi/midi_guide/4889c63c78faa256/song_package.yaml.bak
2025-10-26 14:05:11 [INFO] ✓ Created: data/Los-Angeles-MIDI/LOCAL_LAMDA/Local_Lamda_midi/midi_guide/4889c63c78faa256/song_package.yaml
2025-10-26 14:05:11 [INFO] Backed up existing package to data/Los-Angeles-MIDI/LOCAL_LAMDA/Local_Lamda_midi/midi_guide/48714c8cfe601623/song_package.yaml.bak
2025-10-26 14:05:11 [INFO] ✓ Created: data/Los-Angeles-MIDI/LOCAL_LAMDA/Local_Lamda_midi/midi_guide/48714c8cfe601623/song_package.yaml
2025-10-26 14:05:11 [INFO] Backed up existing package to data/Los-Angeles-MIDI/LOCAL_LAMDA/Local_Lamda_midi/midi_guide/489e601c046efdbb/song_package.yaml.bak
2025-10-26 14:05:11 [INFO] ✓ Created: data/Los-Angeles-MIDI/LOCAL_LAMDA/Local_Lamda_midi/midi_guide/489e601c046efdbb/song_package.yaml
2025-10-26 14:05:11 [INFO] Backed up existing package to data/Los-Angeles-MIDI/LOCAL_LAMDA/Local_Lamda_midi/midi_guide/48a9f102a689f710/song_package.yaml.bak
2025-10-26 14:05:11 [INFO] ✓ Created: data/Los-Angeles-MIDI/LOCAL_LAMDA/Local_Lamda_midi/midi_guide/48a9f102a689f710/song_package.yaml
2025-10-26 14:05:11 [INFO] Backed up existing package to data/Los-Angeles-MIDI/LOCAL_LAMDA/Local_Lamda_midi/midi_guide/489f5f606e32aaca/song_package.yaml.bak
2025-10-26 14:05:11 [INFO] ✓ Created: data/Los-Angeles-MIDI/LOCAL_LAMDA/Local_Lamda_midi/midi_guide/489f5f606e32aaca/song_package.yaml
2025-10-26 14:05:11 [INFO] Backed up existing package to data/Los-Angeles-MIDI/LOCAL_LAMDA/Local_Lamda_midi/midi_guide/48e15cadd01edaab/song_package.yaml.bak
2025-10-26 14:05:11 [INFO] ✓ Created: data/Los-Angeles-MIDI/LOCAL_LAMDA/Local_Lamda_midi/midi_guide/48e15cadd01edaab/song_package.yaml
2025-10-26 14:05:11 [INFO] Backed up existing package to data/Los-Angeles-MIDI/LOCAL_LAMDA/Local_Lamda_midi/midi_guide/48ba5a38f84a263d/song_package.yaml.bak
2025-10-26 14:05:11 [INFO] ✓ Created: data/Los-Angeles-MIDI/LOCAL_LAMDA/Local_Lamda_midi/midi_guide/48ba5a38f84a263d/song_package.yaml
2025-10-26 14:05:11 [INFO] Backed up existing package to data/Los-Angeles-MIDI/LOCAL_LAMDA/Local_Lamda_midi/midi_guide/4956a6d07ebe829f/song_package.yaml.bak
2025-10-26 14:05:11 [INFO] ✓ Created: data/Los-Angeles-MIDI/LOCAL_LAMDA/Local_Lamda_midi/midi_guide/4956a6d07ebe829f/song_package.yaml
2025-10-26 14:05:11 [INFO] Backed up existing package to data/Los-Angeles-MIDI/LOCAL_LAMDA/Local_Lamda_midi/midi_guide/493dc4a69cce05b7/song_package.yaml.bak
2025-10-26 14:05:11 [INFO] ✓ Created: data/Los-Angeles-MIDI/LOCAL_LAMDA/Local_Lamda_midi/midi_guide/493dc4a69cce05b7/song_package.yaml
2025-10-26 14:05:11 [INFO] Backed up existing package to data/Los-Angeles-MIDI/LOCAL_LAMDA/Local_Lamda_midi/midi_guide/49272dfe818c3c29/song_package.yaml.bak
2025-10-26 14:05:11 [INFO] ✓ Created: data/Los-Angeles-MIDI/LOCAL_LAMDA/Local_Lamda_midi/midi_guide/49272dfe818c3c29/song_package.yaml
2025-10-26 14:05:11 [INFO] Backed up existing package to data/Los-Angeles-MIDI/LOCAL_LAMDA/Local_Lamda_midi/midi_guide/497b40352458844c/song_package.yaml.bak
2025-10-26 14:05:11 [INFO] ✓ Created: data/Los-Angeles-MIDI/LOCAL_LAMDA/Local_Lamda_midi/midi_guide/497b40352458844c/song_package.yaml
2025-10-26 14:05:11 [INFO] Backed up existing package to data/Los-Angeles-MIDI/LOCAL_LAMDA/Local_Lamda_midi/midi_guide/49ee9f37e0ee59dc/song_package.yaml.bak
2025-10-26 14:05:11 [INFO] ✓ Created: data/Los-Angeles-MIDI/LOCAL_LAMDA/Local_Lamda_midi/midi_guide/49ee9f37e0ee59dc/song_package.yaml
2025-10-26 14:05:11 [INFO] Backed up existing package to data/Los-Angeles-MIDI/LOCAL_LAMDA/Local_Lamda_midi/midi_guide/4a345a2427c852fc/song_package.yaml.bak
2025-10-26 14:05:11 [INFO] ✓ Created: data/Los-Angeles-MIDI/LOCAL_LAMDA/Local_Lamda_midi/midi_guide/4a345a2427c852fc/song_package.yaml
2025-10-26 14:05:11 [INFO] Backed up existing package to data/Los-Angeles-MIDI/LOCAL_LAMDA/Local_Lamda_midi/midi_guide/49957289912ae4f4/song_package.yaml.bak
2025-10-26 14:05:11 [INFO] ✓ Created: data/Los-Angeles-MIDI/LOCAL_LAMDA/Local_Lamda_midi/midi_guide/49957289912ae4f4/song_package.yaml
2025-10-26 14:05:11 [INFO] Backed up existing package to data/Los-Angeles-MIDI/LOCAL_LAMDA/Local_Lamda_midi/midi_guide/4a47723cde0233d6/song_package.yaml.bak
2025-10-26 14:05:11 [INFO] ✓ Created: data/Los-Angeles-MIDI/LOCAL_LAMDA/Local_Lamda_midi/midi_guide/4a47723cde0233d6/song_package.yaml
2025-10-26 14:05:11 [INFO] Backed up existing package to data/Los-Angeles-MIDI/LOCAL_LAMDA/Local_Lamda_midi/midi_guide/4a6fd4624900e34f/song_package.yaml.bak
2025-10-26 14:05:11 [INFO] ✓ Created: data/Los-Angeles-MIDI/LOCAL_LAMDA/Local_Lamda_midi/midi_guide/4a6fd4624900e34f/song_package.yaml
2025-10-26 14:05:11 [INFO] Backed up existing package to data/Los-Angeles-MIDI/LOCAL_LAMDA/Local_Lamda_midi/midi_guide/4a3094754fdaa24a/song_package.yaml.bak
2025-10-26 14:05:11 [INFO] ✓ Created: data/Los-Angeles-MIDI/LOCAL_LAMDA/Local_Lamda_midi/midi_guide/4a3094754fdaa24a/song_package.yaml
2025-10-26 14:05:11 [INFO] Backed up existing package to data/Los-Angeles-MIDI/LOCAL_LAMDA/Local_Lamda_midi/midi_guide/4ab1aa57a165385e/song_package.yaml.bak
2025-10-26 14:05:11 [INFO] ✓ Created: data/Los-Angeles-MIDI/LOCAL_LAMDA/Local_Lamda_midi/midi_guide/4ab1aa57a165385e/song_package.yaml
2025-10-26 14:05:11 [INFO] Backed up existing package to data/Los-Angeles-MIDI/LOCAL_LAMDA/Local_Lamda_midi/midi_guide/4ac70a716120b4ae/song_package.yaml.bak
2025-10-26 14:05:11 [INFO] ✓ Created: data/Los-Angeles-MIDI/LOCAL_LAMDA/Local_Lamda_midi/midi_guide/4ac70a716120b4ae/song_package.yaml
2025-10-26 14:05:11 [INFO] Backed up existing package to data/Los-Angeles-MIDI/LOCAL_LAMDA/Local_Lamda_midi/midi_guide/4b03ce960596a897/song_package.yaml.bak
2025-10-26 14:05:11 [INFO] ✓ Created: data/Los-Angeles-MIDI/LOCAL_LAMDA/Local_Lamda_midi/midi_guide/4b03ce960596a897/song_package.yaml
2025-10-26 14:05:11 [INFO] Backed up existing package to data/Los-Angeles-MIDI/LOCAL_LAMDA/Local_Lamda_midi/midi_guide/4a9cf11ba8e5fa96/song_package.yaml.bak
2025-10-26 14:05:11 [INFO] ✓ Created: data/Los-Angeles-MIDI/LOCAL_LAMDA/Local_Lamda_midi/midi_guide/4a9cf11ba8e5fa96/song_package.yaml
2025-10-26 14:05:11 [INFO] Backed up existing package to data/Los-Angeles-MIDI/LOCAL_LAMDA/Local_Lamda_midi/midi_guide/4b48eaf9b96be637/song_package.yaml.bak
2025-10-26 14:05:11 [INFO] ✓ Created: data/Los-Angeles-MIDI/LOCAL_LAMDA/Local_Lamda_midi/midi_guide/4b48eaf9b96be637/song_package.yaml
2025-10-26 14:05:11 [INFO] Backed up existing package to data/Los-Angeles-MIDI/LOCAL_LAMDA/Local_Lamda_midi/midi_guide/4afc3c938cf9a1ca/song_package.yaml.bak
2025-10-26 14:05:11 [INFO] ✓ Created: data/Los-Angeles-MIDI/LOCAL_LAMDA/Local_Lamda_midi/midi_guide/4afc3c938cf9a1ca/song_package.yaml
2025-10-26 14:05:11 [INFO] Backed up existing package to data/Los-Angeles-MIDI/LOCAL_LAMDA/Local_Lamda_midi/midi_guide/4b1cfe37b5e68fc6/song_package.yaml.bak
2025-10-26 14:05:11 [INFO] ✓ Created: data/Los-Angeles-MIDI/LOCAL_LAMDA/Local_Lamda_midi/midi_guide/4b1cfe37b5e68fc6/song_package.yaml
2025-10-26 14:05:11 [INFO] Backed up existing package to data/Los-Angeles-MIDI/LOCAL_LAMDA/Local_Lamda_midi/midi_guide/4b2abd407c38dd07/song_package.yaml.bak
2025-10-26 14:05:11 [INFO] ✓ Created: data/Los-Angeles-MIDI/LOCAL_LAMDA/Local_Lamda_midi/midi_guide/4b2abd407c38dd07/song_package.yaml
2025-10-26 14:05:11 [INFO] Backed up existing package to data/Los-Angeles-MIDI/LOCAL_LAMDA/Local_Lamda_midi/midi_guide/4b44b81aea6fe6ee/song_package.yaml.bak
2025-10-26 14:05:11 [INFO] ✓ Created: data/Los-Angeles-MIDI/LOCAL_LAMDA/Local_Lamda_midi/midi_guide/4b44b81aea6fe6ee/song_package.yaml
2025-10-26 14:05:11 [INFO] Backed up existing package to data/Los-Angeles-MIDI/LOCAL_LAMDA/Local_Lamda_midi/midi_guide/4b843a6024a2d7f5/song_package.yaml.bak
2025-10-26 14:05:11 [INFO] ✓ Created: data/Los-Angeles-MIDI/LOCAL_LAMDA/Local_Lamda_midi/midi_guide/4b843a6024a2d7f5/song_package.yaml
2025-10-26 14:05:11 [INFO] Backed up existing package to data/Los-Angeles-MIDI/LOCAL_LAMDA/Local_Lamda_midi/midi_guide/4b6614a681be1ad0/song_package.yaml.bak
2025-10-26 14:05:11 [INFO] ✓ Created: data/Los-Angeles-MIDI/LOCAL_LAMDA/Local_Lamda_midi/midi_guide/4b6614a681be1ad0/song_package.yaml
2025-10-26 14:05:11 [INFO] Backed up existing package to data/Los-Angeles-MIDI/LOCAL_LAMDA/Local_Lamda_midi/midi_guide/4b6bc767fd79f712/song_package.yaml.bak
2025-10-26 14:05:11 [INFO] ✓ Created: data/Los-Angeles-MIDI/LOCAL_LAMDA/Local_Lamda_midi/midi_guide/4b6bc767fd79f712/song_package.yaml
2025-10-26 14:05:11 [INFO] Backed up existing package to data/Los-Angeles-MIDI/LOCAL_LAMDA/Local_Lamda_midi/midi_guide/4bcb99297ead67cd/song_package.yaml.bak
2025-10-26 14:05:11 [INFO] ✓ Created: data/Los-Angeles-MIDI/LOCAL_LAMDA/Local_Lamda_midi/midi_guide/4bcb99297ead67cd/song_package.yaml
2025-10-26 14:05:11 [INFO] Backed up existing package to data/Los-Angeles-MIDI/LOCAL_LAMDA/Local_Lamda_midi/midi_guide/4c1428e157376c08/song_package.yaml.bak
2025-10-26 14:05:11 [INFO] ✓ Created: data/Los-Angeles-MIDI/LOCAL_LAMDA/Local_Lamda_midi/midi_guide/4c1428e157376c08/song_package.yaml
2025-10-26 14:05:11 [INFO] Backed up existing package to data/Los-Angeles-MIDI/LOCAL_LAMDA/Local_Lamda_midi/midi_guide/4c1d84a20edfc6e0/song_package.yaml.bak
2025-10-26 14:05:11 [INFO] ✓ Created: data/Los-Angeles-MIDI/LOCAL_LAMDA/Local_Lamda_midi/midi_guide/4c1d84a20edfc6e0/song_package.yaml
2025-10-26 14:05:11 [INFO] Backed up existing package to data/Los-Angeles-MIDI/LOCAL_LAMDA/Local_Lamda_midi/midi_guide/4ba1c2801acda430/song_package.yaml.bak
2025-10-26 14:05:11 [INFO] ✓ Created: data/Los-Angeles-MIDI/LOCAL_LAMDA/Local_Lamda_midi/midi_guide/4ba1c2801acda430/song_package.yaml
2025-10-26 14:05:11 [INFO] Backed up existing package to data/Los-Angeles-MIDI/LOCAL_LAMDA/Local_Lamda_midi/midi_guide/4c5d40d320b1f1ef/song_package.yaml.bak
2025-10-26 14:05:11 [INFO] ✓ Created: data/Los-Angeles-MIDI/LOCAL_LAMDA/Local_Lamda_midi/midi_guide/4c5d40d320b1f1ef/song_package.yaml
2025-10-26 14:05:11 [INFO] Backed up existing package to data/Los-Angeles-MIDI/LOCAL_LAMDA/Local_Lamda_midi/midi_guide/4c82a131a29cc6f4/song_package.yaml.bak
2025-10-26 14:05:11 [INFO] ✓ Created: data/Los-Angeles-MIDI/LOCAL_LAMDA/Local_Lamda_midi/midi_guide/4c82a131a29cc6f4/song_package.yaml
2025-10-26 14:05:11 [INFO] Backed up existing package to data/Los-Angeles-MIDI/LOCAL_LAMDA/Local_Lamda_midi/midi_guide/4c799d3438ca4934/song_package.yaml.bak
2025-10-26 14:05:11 [INFO] ✓ Created: data/Los-Angeles-MIDI/LOCAL_LAMDA/Local_Lamda_midi/midi_guide/4c799d3438ca4934/song_package.yaml
2025-10-26 14:05:11 [INFO] Backed up existing package to data/Los-Angeles-MIDI/LOCAL_LAMDA/Local_Lamda_midi/midi_guide/4c6c8d65c39d0a31/song_package.yaml.bak
2025-10-26 14:05:11 [INFO] ✓ Created: data/Los-Angeles-MIDI/LOCAL_LAMDA/Local_Lamda_midi/midi_guide/4c6c8d65c39d0a31/song_package.yaml
2025-10-26 14:05:11 [INFO] Backed up existing package to data/Los-Angeles-MIDI/LOCAL_LAMDA/Local_Lamda_midi/midi_guide/4c9eccb068d0e0f2/song_package.yaml.bak
2025-10-26 14:05:11 [INFO] ✓ Created: data/Los-Angeles-MIDI/LOCAL_LAMDA/Local_Lamda_midi/midi_guide/4c9eccb068d0e0f2/song_package.yaml
2025-10-26 14:05:11 [INFO] Backed up existing package to data/Los-Angeles-MIDI/LOCAL_LAMDA/Local_Lamda_midi/midi_guide/4cb597e34134252d/song_package.yaml.bak
2025-10-26 14:05:11 [INFO] ✓ Created: data/Los-Angeles-MIDI/LOCAL_LAMDA/Local_Lamda_midi/midi_guide/4cb597e34134252d/song_package.yaml
2025-10-26 14:05:11 [INFO] Backed up existing package to data/Los-Angeles-MIDI/LOCAL_LAMDA/Local_Lamda_midi/midi_guide/4ca411000d9b2b03/song_package.yaml.bak
2025-10-26 14:05:11 [INFO] ✓ Created: data/Los-Angeles-MIDI/LOCAL_LAMDA/Local_Lamda_midi/midi_guide/4ca411000d9b2b03/song_package.yaml
2025-10-26 14:05:11 [INFO] Backed up existing package to data/Los-Angeles-MIDI/LOCAL_LAMDA/Local_Lamda_midi/midi_guide/4cc2175bbad44f8f/song_package.yaml.bak
2025-10-26 14:05:11 [INFO] ✓ Created: data/Los-Angeles-MIDI/LOCAL_LAMDA/Local_Lamda_midi/midi_guide/4cc2175bbad44f8f/song_package.yaml
2025-10-26 14:05:11 [INFO] Backed up existing package to data/Los-Angeles-MIDI/LOCAL_LAMDA/Local_Lamda_midi/midi_guide/4cb053dd4eb140b3/song_package.yaml.bak
2025-10-26 14:05:11 [INFO] ✓ Created: data/Los-Angeles-MIDI/LOCAL_LAMDA/Local_Lamda_midi/midi_guide/4cb053dd4eb140b3/song_package.yaml
2025-10-26 14:05:11 [INFO] Backed up existing package to data/Los-Angeles-MIDI/LOCAL_LAMDA/Local_Lamda_midi/midi_guide/4cf6e1fb092055f7/song_package.yaml.bak
2025-10-26 14:05:11 [INFO] ✓ Created: data/Los-Angeles-MIDI/LOCAL_LAMDA/Local_Lamda_midi/midi_guide/4cf6e1fb092055f7/song_package.yaml
2025-10-26 14:05:11 [INFO] Backed up existing package to data/Los-Angeles-MIDI/LOCAL_LAMDA/Local_Lamda_midi/midi_guide/4d29d352582aad70/song_package.yaml.bak
2025-10-26 14:05:11 [INFO] ✓ Created: data/Los-Angeles-MIDI/LOCAL_LAMDA/Local_Lamda_midi/midi_guide/4d29d352582aad70/song_package.yaml
2025-10-26 14:05:11 [INFO] Backed up existing package to data/Los-Angeles-MIDI/LOCAL_LAMDA/Local_Lamda_midi/midi_guide/4d4c33471f955680/song_package.yaml.bak
2025-10-26 14:05:11 [INFO] ✓ Created: data/Los-Angeles-MIDI/LOCAL_LAMDA/Local_Lamda_midi/midi_guide/4d4c33471f955680/song_package.yaml
2025-10-26 14:05:11 [INFO] Backed up existing package to data/Los-Angeles-MIDI/LOCAL_LAMDA/Local_Lamda_midi/midi_guide/4d53db00751f6244/song_package.yaml.bak
2025-10-26 14:05:11 [INFO] ✓ Created: data/Los-Angeles-MIDI/LOCAL_LAMDA/Local_Lamda_midi/midi_guide/4d53db00751f6244/song_package.yaml
2025-10-26 14:05:11 [INFO] Backed up existing package to data/Los-Angeles-MIDI/LOCAL_LAMDA/Local_Lamda_midi/midi_guide/4d9c8b5dc11165dd/song_package.yaml.bak
2025-10-26 14:05:11 [INFO] ✓ Created: data/Los-Angeles-MIDI/LOCAL_LAMDA/Local_Lamda_midi/midi_guide/4d9c8b5dc11165dd/song_package.yaml
2025-10-26 14:05:11 [INFO] Backed up existing package to data/Los-Angeles-MIDI/LOCAL_LAMDA/Local_Lamda_midi/midi_guide/4dc9ac6afb8ac92f/song_package.yaml.bak
2025-10-26 14:05:11 [INFO] ✓ Created: data/Los-Angeles-MIDI/LOCAL_LAMDA/Local_Lamda_midi/midi_guide/4dc9ac6afb8ac92f/song_package.yaml
2025-10-26 14:05:11 [INFO] Backed up existing package to data/Los-Angeles-MIDI/LOCAL_LAMDA/Local_Lamda_midi/midi_guide/4dd96fd3923ba070/song_package.yaml.bak
2025-10-26 14:05:11 [INFO] ✓ Created: data/Los-Angeles-MIDI/LOCAL_LAMDA/Local_Lamda_midi/midi_guide/4dd96fd3923ba070/song_package.yaml
2025-10-26 14:05:11 [INFO] Backed up existing package to data/Los-Angeles-MIDI/LOCAL_LAMDA/Local_Lamda_midi/midi_guide/4e4e3eb100e56023/song_package.yaml.bak
2025-10-26 14:05:11 [INFO] ✓ Created: data/Los-Angeles-MIDI/LOCAL_LAMDA/Local_Lamda_midi/midi_guide/4e4e3eb100e56023/song_package.yaml
2025-10-26 14:05:11 [INFO] Backed up existing package to data/Los-Angeles-MIDI/LOCAL_LAMDA/Local_Lamda_midi/midi_guide/4e5c56c595ad6419/song_package.yaml.bak
2025-10-26 14:05:11 [INFO] ✓ Created: data/Los-Angeles-MIDI/LOCAL_LAMDA/Local_Lamda_midi/midi_guide/4e5c56c595ad6419/song_package.yaml
2025-10-26 14:05:11 [INFO] Backed up existing package to data/Los-Angeles-MIDI/LOCAL_LAMDA/Local_Lamda_midi/midi_guide/4eab07be96624f66/song_package.yaml.bak
2025-10-26 14:05:11 [INFO] ✓ Created: data/Los-Angeles-MIDI/LOCAL_LAMDA/Local_Lamda_midi/midi_guide/4eab07be96624f66/song_package.yaml
2025-10-26 14:05:11 [INFO] Backed up existing package to data/Los-Angeles-MIDI/LOCAL_LAMDA/Local_Lamda_midi/midi_guide/4eaeb7a99f9c5627/song_package.yaml.bak
2025-10-26 14:05:11 [INFO] ✓ Created: data/Los-Angeles-MIDI/LOCAL_LAMDA/Local_Lamda_midi/midi_guide/4eaeb7a99f9c5627/song_package.yaml
2025-10-26 14:05:11 [INFO] Backed up existing package to data/Los-Angeles-MIDI/LOCAL_LAMDA/Local_Lamda_midi/midi_guide/4ec20be219c2540f/song_package.yaml.bak
2025-10-26 14:05:11 [INFO] ✓ Created: data/Los-Angeles-MIDI/LOCAL_LAMDA/Local_Lamda_midi/midi_guide/4ec20be219c2540f/song_package.yaml
2025-10-26 14:05:11 [INFO] Backed up existing package to data/Los-Angeles-MIDI/LOCAL_LAMDA/Local_Lamda_midi/midi_guide/4eb825f3a761155a/song_package.yaml.bak
2025-10-26 14:05:11 [INFO] ✓ Created: data/Los-Angeles-MIDI/LOCAL_LAMDA/Local_Lamda_midi/midi_guide/4eb825f3a761155a/song_package.yaml
2025-10-26 14:05:11 [INFO] Backed up existing package to data/Los-Angeles-MIDI/LOCAL_LAMDA/Local_Lamda_midi/midi_guide/4ef7e66007bc1082/song_package.yaml.bak
2025-10-26 14:05:11 [INFO] ✓ Created: data/Los-Angeles-MIDI/LOCAL_LAMDA/Local_Lamda_midi/midi_guide/4ef7e66007bc1082/song_package.yaml
2025-10-26 14:05:11 [INFO] Backed up existing package to data/Los-Angeles-MIDI/LOCAL_LAMDA/Local_Lamda_midi/midi_guide/4f3808c6034d38b3/song_package.yaml.bak
2025-10-26 14:05:11 [INFO] ✓ Created: data/Los-Angeles-MIDI/LOCAL_LAMDA/Local_Lamda_midi/midi_guide/4f3808c6034d38b3/song_package.yaml
2025-10-26 14:05:11 [INFO] Backed up existing package to data/Los-Angeles-MIDI/LOCAL_LAMDA/Local_Lamda_midi/midi_guide/4f6e802de03744af/song_package.yaml.bak
2025-10-26 14:05:11 [INFO] ✓ Created: data/Los-Angeles-MIDI/LOCAL_LAMDA/Local_Lamda_midi/midi_guide/4f6e802de03744af/song_package.yaml
2025-10-26 14:05:11 [INFO] Backed up existing package to data/Los-Angeles-MIDI/LOCAL_LAMDA/Local_Lamda_midi/midi_guide/4f4d3f8a3a85fc40/song_package.yaml.bak
2025-10-26 14:05:11 [INFO] ✓ Created: data/Los-Angeles-MIDI/LOCAL_LAMDA/Local_Lamda_midi/midi_guide/4f4d3f8a3a85fc40/song_package.yaml
2025-10-26 14:05:11 [INFO] Backed up existing package to data/Los-Angeles-MIDI/LOCAL_LAMDA/Local_Lamda_midi/midi_guide/4f0ef9bdfffdee41/song_package.yaml.bak
2025-10-26 14:05:11 [INFO] ✓ Created: data/Los-Angeles-MIDI/LOCAL_LAMDA/Local_Lamda_midi/midi_guide/4f0ef9bdfffdee41/song_package.yaml
2025-10-26 14:05:11 [INFO] Backed up existing package to data/Los-Angeles-MIDI/LOCAL_LAMDA/Local_Lamda_midi/midi_guide/4f2689f05291b0ce/song_package.yaml.bak
2025-10-26 14:05:11 [INFO] ✓ Created: data/Los-Angeles-MIDI/LOCAL_LAMDA/Local_Lamda_midi/midi_guide/4f2689f05291b0ce/song_package.yaml
2025-10-26 14:05:11 [INFO] Backed up existing package to data/Los-Angeles-MIDI/LOCAL_LAMDA/Local_Lamda_midi/midi_guide/4f8f6a9b46a4fdbb/song_package.yaml.bak
2025-10-26 14:05:11 [INFO] ✓ Created: data/Los-Angeles-MIDI/LOCAL_LAMDA/Local_Lamda_midi/midi_guide/4f8f6a9b46a4fdbb/song_package.yaml
2025-10-26 14:05:11 [INFO] Backed up existing package to data/Los-Angeles-MIDI/LOCAL_LAMDA/Local_Lamda_midi/midi_guide/4f9d2caf04976e21/song_package.yaml.bak
2025-10-26 14:05:11 [INFO] ✓ Created: data/Los-Angeles-MIDI/LOCAL_LAMDA/Local_Lamda_midi/midi_guide/4f9d2caf04976e21/song_package.yaml
2025-10-26 14:05:11 [INFO] Backed up existing package to data/Los-Angeles-MIDI/LOCAL_LAMDA/Local_Lamda_midi/midi_guide/4fd9f7aa3d8fab0c/song_package.yaml.bak
2025-10-26 14:05:11 [INFO] ✓ Created: data/Los-Angeles-MIDI/LOCAL_LAMDA/Local_Lamda_midi/midi_guide/4fd9f7aa3d8fab0c/song_package.yaml
2025-10-26 14:05:11 [INFO] Backed up existing package to data/Los-Angeles-MIDI/LOCAL_LAMDA/Local_Lamda_midi/midi_guide/4f90320805f6413f/song_package.yaml.bak
2025-10-26 14:05:11 [INFO] ✓ Created: data/Los-Angeles-MIDI/LOCAL_LAMDA/Local_Lamda_midi/midi_guide/4f90320805f6413f/song_package.yaml
2025-10-26 14:05:12 [INFO] Backed up existing package to data/Los-Angeles-MIDI/LOCAL_LAMDA/Local_Lamda_midi/midi_guide/50102d070b7493b0/song_package.yaml.bak
2025-10-26 14:05:12 [INFO] ✓ Created: data/Los-Angeles-MIDI/LOCAL_LAMDA/Local_Lamda_midi/midi_guide/50102d070b7493b0/song_package.yaml
2025-10-26 14:05:12 [INFO] Backed up existing package to data/Los-Angeles-MIDI/LOCAL_LAMDA/Local_Lamda_midi/midi_guide/503d2ceb251d1062/song_package.yaml.bak
2025-10-26 14:05:12 [INFO] ✓ Created: data/Los-Angeles-MIDI/LOCAL_LAMDA/Local_Lamda_midi/midi_guide/503d2ceb251d1062/song_package.yaml
2025-10-26 14:05:12 [INFO] Backed up existing package to data/Los-Angeles-MIDI/LOCAL_LAMDA/Local_Lamda_midi/midi_guide/5021b7251bea2115/song_package.yaml.bak
2025-10-26 14:05:12 [INFO] ✓ Created: data/Los-Angeles-MIDI/LOCAL_LAMDA/Local_Lamda_midi/midi_guide/5021b7251bea2115/song_package.yaml
2025-10-26 14:05:12 [INFO] Backed up existing package to data/Los-Angeles-MIDI/LOCAL_LAMDA/Local_Lamda_midi/midi_guide/5054254a4319414d/song_package.yaml.bak
2025-10-26 14:05:12 [INFO] ✓ Created: data/Los-Angeles-MIDI/LOCAL_LAMDA/Local_Lamda_midi/midi_guide/5054254a4319414d/song_package.yaml
2025-10-26 14:05:12 [INFO] Backed up existing package to data/Los-Angeles-MIDI/LOCAL_LAMDA/Local_Lamda_midi/midi_guide/506a7aa855259f53/song_package.yaml.bak
2025-10-26 14:05:12 [INFO] ✓ Created: data/Los-Angeles-MIDI/LOCAL_LAMDA/Local_Lamda_midi/midi_guide/506a7aa855259f53/song_package.yaml
2025-10-26 14:05:12 [INFO] Backed up existing package to data/Los-Angeles-MIDI/LOCAL_LAMDA/Local_Lamda_midi/midi_guide/50affeba3ea227b9/song_package.yaml.bak
2025-10-26 14:05:12 [INFO] ✓ Created: data/Los-Angeles-MIDI/LOCAL_LAMDA/Local_Lamda_midi/midi_guide/50affeba3ea227b9/song_package.yaml
2025-10-26 14:05:12 [INFO] Backed up existing package to data/Los-Angeles-MIDI/LOCAL_LAMDA/Local_Lamda_midi/midi_guide/50efdbc93b8abf48/song_package.yaml.bak
2025-10-26 14:05:12 [INFO] ✓ Created: data/Los-Angeles-MIDI/LOCAL_LAMDA/Local_Lamda_midi/midi_guide/50efdbc93b8abf48/song_package.yaml
2025-10-26 14:05:12 [INFO] Backed up existing package to data/Los-Angeles-MIDI/LOCAL_LAMDA/Local_Lamda_midi/midi_guide/50f359b66c211ba9/song_package.yaml.bak
2025-10-26 14:05:12 [INFO] ✓ Created: data/Los-Angeles-MIDI/LOCAL_LAMDA/Local_Lamda_midi/midi_guide/50f359b66c211ba9/song_package.yaml
2025-10-26 14:05:12 [INFO] Backed up existing package to data/Los-Angeles-MIDI/LOCAL_LAMDA/Local_Lamda_midi/midi_guide/516b759e53d1c991/song_package.yaml.bak
2025-10-26 14:05:12 [INFO] ✓ Created: data/Los-Angeles-MIDI/LOCAL_LAMDA/Local_Lamda_midi/midi_guide/516b759e53d1c991/song_package.yaml
2025-10-26 14:05:12 [INFO] Backed up existing package to data/Los-Angeles-MIDI/LOCAL_LAMDA/Local_Lamda_midi/midi_guide/519fac33cbcc72cc/song_package.yaml.bak
2025-10-26 14:05:12 [INFO] ✓ Created: data/Los-Angeles-MIDI/LOCAL_LAMDA/Local_Lamda_midi/midi_guide/519fac33cbcc72cc/song_package.yaml
2025-10-26 14:05:12 [INFO] Backed up existing package to data/Los-Angeles-MIDI/LOCAL_LAMDA/Local_Lamda_midi/midi_guide/5195e4a5dca8325c/song_package.yaml.bak
2025-10-26 14:05:12 [INFO] ✓ Created: data/Los-Angeles-MIDI/LOCAL_LAMDA/Local_Lamda_midi/midi_guide/5195e4a5dca8325c/song_package.yaml
2025-10-26 14:05:12 [INFO] Backed up existing package to data/Los-Angeles-MIDI/LOCAL_LAMDA/Local_Lamda_midi/midi_guide/51f1c8c70f8a6a86/song_package.yaml.bak
2025-10-26 14:05:12 [INFO] ✓ Created: data/Los-Angeles-MIDI/LOCAL_LAMDA/Local_Lamda_midi/midi_guide/51f1c8c70f8a6a86/song_package.yaml
2025-10-26 14:05:12 [INFO] Backed up existing package to data/Los-Angeles-MIDI/LOCAL_LAMDA/Local_Lamda_midi/midi_guide/520c35f6a4984ecc/song_package.yaml.bak
2025-10-26 14:05:12 [INFO] ✓ Created: data/Los-Angeles-MIDI/LOCAL_LAMDA/Local_Lamda_midi/midi_guide/520c35f6a4984ecc/song_package.yaml
2025-10-26 14:05:12 [INFO] Backed up existing package to data/Los-Angeles-MIDI/LOCAL_LAMDA/Local_Lamda_midi/midi_guide/5244d7e05522bb3d/song_package.yaml.bak
2025-10-26 14:05:12 [INFO] ✓ Created: data/Los-Angeles-MIDI/LOCAL_LAMDA/Local_Lamda_midi/midi_guide/5244d7e05522bb3d/song_package.yaml
2025-10-26 14:05:12 [INFO] Backed up existing package to data/Los-Angeles-MIDI/LOCAL_LAMDA/Local_Lamda_midi/midi_guide/521f9d8b8d0d7dab/song_package.yaml.bak
2025-10-26 14:05:12 [INFO] ✓ Created: data/Los-Angeles-MIDI/LOCAL_LAMDA/Local_Lamda_midi/midi_guide/521f9d8b8d0d7dab/song_package.yaml
2025-10-26 14:05:12 [INFO] Backed up existing package to data/Los-Angeles-MIDI/LOCAL_LAMDA/Local_Lamda_midi/midi_guide/51f9c0b0b1cc74d6/song_package.yaml.bak
2025-10-26 14:05:12 [INFO] ✓ Created: data/Los-Angeles-MIDI/LOCAL_LAMDA/Local_Lamda_midi/midi_guide/51f9c0b0b1cc74d6/song_package.yaml
2025-10-26 14:05:12 [INFO] Backed up existing package to data/Los-Angeles-MIDI/LOCAL_LAMDA/Local_Lamda_midi/midi_guide/522b24f793977012/song_package.yaml.bak
2025-10-26 14:05:12 [INFO] ✓ Created: data/Los-Angeles-MIDI/LOCAL_LAMDA/Local_Lamda_midi/midi_guide/522b24f793977012/song_package.yaml
2025-10-26 14:05:12 [INFO] Backed up existing package to data/Los-Angeles-MIDI/LOCAL_LAMDA/Local_Lamda_midi/midi_guide/5294008fd7f6c704/song_package.yaml.bak
2025-10-26 14:05:12 [INFO] ✓ Created: data/Los-Angeles-MIDI/LOCAL_LAMDA/Local_Lamda_midi/midi_guide/5294008fd7f6c704/song_package.yaml
2025-10-26 14:05:12 [INFO] Backed up existing package to data/Los-Angeles-MIDI/LOCAL_LAMDA/Local_Lamda_midi/midi_guide/53020b44f0c8f8ef/song_package.yaml.bak
2025-10-26 14:05:12 [INFO] ✓ Created: data/Los-Angeles-MIDI/LOCAL_LAMDA/Local_Lamda_midi/midi_guide/53020b44f0c8f8ef/song_package.yaml
2025-10-26 14:05:12 [INFO] Backed up existing package to data/Los-Angeles-MIDI/LOCAL_LAMDA/Local_Lamda_midi/midi_guide/52e42f6b9ed95872/song_package.yaml.bak
2025-10-26 14:05:12 [INFO] ✓ Created: data/Los-Angeles-MIDI/LOCAL_LAMDA/Local_Lamda_midi/midi_guide/52e42f6b9ed95872/song_package.yaml
2025-10-26 14:05:12 [INFO] Backed up existing package to data/Los-Angeles-MIDI/LOCAL_LAMDA/Local_Lamda_midi/midi_guide/530bda5b2b746504/song_package.yaml.bak
2025-10-26 14:05:12 [INFO] ✓ Created: data/Los-Angeles-MIDI/LOCAL_LAMDA/Local_Lamda_midi/midi_guide/530bda5b2b746504/song_package.yaml
2025-10-26 14:05:12 [INFO] Backed up existing package to data/Los-Angeles-MIDI/LOCAL_LAMDA/Local_Lamda_midi/midi_guide/53055809dc06bce2/song_package.yaml.bak
2025-10-26 14:05:12 [INFO] ✓ Created: data/Los-Angeles-MIDI/LOCAL_LAMDA/Local_Lamda_midi/midi_guide/53055809dc06bce2/song_package.yaml
2025-10-26 14:05:12 [INFO] Backed up existing package to data/Los-Angeles-MIDI/LOCAL_LAMDA/Local_Lamda_midi/midi_guide/533d5cf0273388aa/song_package.yaml.bak
2025-10-26 14:05:12 [INFO] ✓ Created: data/Los-Angeles-MIDI/LOCAL_LAMDA/Local_Lamda_midi/midi_guide/533d5cf0273388aa/song_package.yaml
2025-10-26 14:05:12 [INFO] Backed up existing package to data/Los-Angeles-MIDI/LOCAL_LAMDA/Local_Lamda_midi/midi_guide/5350b8572d8f4312/song_package.yaml.bak
2025-10-26 14:05:12 [INFO] ✓ Created: data/Los-Angeles-MIDI/LOCAL_LAMDA/Local_Lamda_midi/midi_guide/5350b8572d8f4312/song_package.yaml
2025-10-26 14:05:12 [INFO] Backed up existing package to data/Los-Angeles-MIDI/LOCAL_LAMDA/Local_Lamda_midi/midi_guide/536f549af761e64e/song_package.yaml.bak
2025-10-26 14:05:12 [INFO] ✓ Created: data/Los-Angeles-MIDI/LOCAL_LAMDA/Local_Lamda_midi/midi_guide/536f549af761e64e/song_package.yaml
2025-10-26 14:05:12 [INFO] Backed up existing package to data/Los-Angeles-MIDI/LOCAL_LAMDA/Local_Lamda_midi/midi_guide/53cbf9dd9fcf66a9/song_package.yaml.bak
2025-10-26 14:05:12 [INFO] ✓ Created: data/Los-Angeles-MIDI/LOCAL_LAMDA/Local_Lamda_midi/midi_guide/53cbf9dd9fcf66a9/song_package.yaml
2025-10-26 14:05:12 [INFO] Backed up existing package to data/Los-Angeles-MIDI/LOCAL_LAMDA/Local_Lamda_midi/midi_guide/538b77638a56671f/song_package.yaml.bak
2025-10-26 14:05:12 [INFO] ✓ Created: data/Los-Angeles-MIDI/LOCAL_LAMDA/Local_Lamda_midi/midi_guide/538b77638a56671f/song_package.yaml
2025-10-26 14:05:12 [INFO] Backed up existing package to data/Los-Angeles-MIDI/LOCAL_LAMDA/Local_Lamda_midi/midi_guide/53889496a89d5328/song_package.yaml.bak
2025-10-26 14:05:12 [INFO] ✓ Created: data/Los-Angeles-MIDI/LOCAL_LAMDA/Local_Lamda_midi/midi_guide/53889496a89d5328/song_package.yaml
2025-10-26 14:05:12 [INFO] Backed up existing package to data/Los-Angeles-MIDI/LOCAL_LAMDA/Local_Lamda_midi/midi_guide/5370bdd8bfb5c091/song_package.yaml.bak
2025-10-26 14:05:12 [INFO] ✓ Created: data/Los-Angeles-MIDI/LOCAL_LAMDA/Local_Lamda_midi/midi_guide/5370bdd8bfb5c091/song_package.yaml
2025-10-26 14:05:12 [INFO] Backed up existing package to data/Los-Angeles-MIDI/LOCAL_LAMDA/Local_Lamda_midi/midi_guide/540f4c8fc583c5b6/song_package.yaml.bak
2025-10-26 14:05:12 [INFO] ✓ Created: data/Los-Angeles-MIDI/LOCAL_LAMDA/Local_Lamda_midi/midi_guide/540f4c8fc583c5b6/song_package.yaml
2025-10-26 14:05:12 [INFO] Backed up existing package to data/Los-Angeles-MIDI/LOCAL_LAMDA/Local_Lamda_midi/midi_guide/53fa44c2478844c4/song_package.yaml.bak
2025-10-26 14:05:12 [INFO] ✓ Created: data/Los-Angeles-MIDI/LOCAL_LAMDA/Local_Lamda_midi/midi_guide/53fa44c2478844c4/song_package.yaml
2025-10-26 14:05:12 [INFO] Backed up existing package to data/Los-Angeles-MIDI/LOCAL_LAMDA/Local_Lamda_midi/midi_guide/53da143d8ccfbf30/song_package.yaml.bak
2025-10-26 14:05:12 [INFO] ✓ Created: data/Los-Angeles-MIDI/LOCAL_LAMDA/Local_Lamda_midi/midi_guide/53da143d8ccfbf30/song_package.yaml
2025-10-26 14:05:12 [INFO] Backed up existing package to data/Los-Angeles-MIDI/LOCAL_LAMDA/Local_Lamda_midi/midi_guide/53a119d57f243430/song_package.yaml.bak
2025-10-26 14:05:12 [INFO] ✓ Created: data/Los-Angeles-MIDI/LOCAL_LAMDA/Local_Lamda_midi/midi_guide/53a119d57f243430/song_package.yaml
2025-10-26 14:05:12 [INFO] Backed up existing package to data/Los-Angeles-MIDI/LOCAL_LAMDA/Local_Lamda_midi/midi_guide/5425598b9a1063eb/song_package.yaml.bak
2025-10-26 14:05:12 [INFO] ✓ Created: data/Los-Angeles-MIDI/LOCAL_LAMDA/Local_Lamda_midi/midi_guide/5425598b9a1063eb/song_package.yaml
2025-10-26 14:05:12 [INFO] Backed up existing package to data/Los-Angeles-MIDI/LOCAL_LAMDA/Local_Lamda_midi/midi_guide/545dd431afa1faea/song_package.yaml.bak
2025-10-26 14:05:12 [INFO] ✓ Created: data/Los-Angeles-MIDI/LOCAL_LAMDA/Local_Lamda_midi/midi_guide/545dd431afa1faea/song_package.yaml
2025-10-26 14:05:12 [INFO] Backed up existing package to data/Los-Angeles-MIDI/LOCAL_LAMDA/Local_Lamda_midi/midi_guide/54673cf55709e8e2/song_package.yaml.bak
2025-10-26 14:05:12 [INFO] ✓ Created: data/Los-Angeles-MIDI/LOCAL_LAMDA/Local_Lamda_midi/midi_guide/54673cf55709e8e2/song_package.yaml
2025-10-26 14:05:12 [INFO] Backed up existing package to data/Los-Angeles-MIDI/LOCAL_LAMDA/Local_Lamda_midi/midi_guide/549e7054f50dc811/song_package.yaml.bak
2025-10-26 14:05:12 [INFO] ✓ Created: data/Los-Angeles-MIDI/LOCAL_LAMDA/Local_Lamda_midi/midi_guide/549e7054f50dc811/song_package.yaml
2025-10-26 14:05:12 [INFO] Backed up existing package to data/Los-Angeles-MIDI/LOCAL_LAMDA/Local_Lamda_midi/midi_guide/54a68ed576999d3e/song_package.yaml.bak
2025-10-26 14:05:12 [INFO] ✓ Created: data/Los-Angeles-MIDI/LOCAL_LAMDA/Local_Lamda_midi/midi_guide/54a68ed576999d3e/song_package.yaml
2025-10-26 14:05:12 [INFO] Backed up existing package to data/Los-Angeles-MIDI/LOCAL_LAMDA/Local_Lamda_midi/midi_guide/54aa70612576f680/song_package.yaml.bak
2025-10-26 14:05:12 [INFO] ✓ Created: data/Los-Angeles-MIDI/LOCAL_LAMDA/Local_Lamda_midi/midi_guide/54aa70612576f680/song_package.yaml
2025-10-26 14:05:12 [INFO] Backed up existing package to data/Los-Angeles-MIDI/LOCAL_LAMDA/Local_Lamda_midi/midi_guide/54f1cf62a792f316/song_package.yaml.bak
2025-10-26 14:05:12 [INFO] ✓ Created: data/Los-Angeles-MIDI/LOCAL_LAMDA/Local_Lamda_midi/midi_guide/54f1cf62a792f316/song_package.yaml
2025-10-26 14:05:12 [INFO] Backed up existing package to data/Los-Angeles-MIDI/LOCAL_LAMDA/Local_Lamda_midi/midi_guide/541b1a4a9db0b771/song_package.yaml.bak
2025-10-26 14:05:12 [INFO] ✓ Created: data/Los-Angeles-MIDI/LOCAL_LAMDA/Local_Lamda_midi/midi_guide/541b1a4a9db0b771/song_package.yaml
2025-10-26 14:05:12 [INFO] Backed up existing package to data/Los-Angeles-MIDI/LOCAL_LAMDA/Local_Lamda_midi/midi_guide/54dabb44feb289d3/song_package.yaml.bak
2025-10-26 14:05:12 [INFO] ✓ Created: data/Los-Angeles-MIDI/LOCAL_LAMDA/Local_Lamda_midi/midi_guide/54dabb44feb289d3/song_package.yaml
2025-10-26 14:05:12 [INFO] Backed up existing package to data/Los-Angeles-MIDI/LOCAL_LAMDA/Local_Lamda_midi/midi_guide/553e2a0e80db3c8f/song_package.yaml.bak
2025-10-26 14:05:12 [INFO] ✓ Created: data/Los-Angeles-MIDI/LOCAL_LAMDA/Local_Lamda_midi/midi_guide/553e2a0e80db3c8f/song_package.yaml
2025-10-26 14:05:12 [INFO] Backed up existing package to data/Los-Angeles-MIDI/LOCAL_LAMDA/Local_Lamda_midi/midi_guide/551793498a016db1/song_package.yaml.bak
2025-10-26 14:05:12 [INFO] ✓ Created: data/Los-Angeles-MIDI/LOCAL_LAMDA/Local_Lamda_midi/midi_guide/551793498a016db1/song_package.yaml
2025-10-26 14:05:12 [INFO] Backed up existing package to data/Los-Angeles-MIDI/LOCAL_LAMDA/Local_Lamda_midi/midi_guide/5573e3149a96cdef/song_package.yaml.bak
2025-10-26 14:05:12 [INFO] ✓ Created: data/Los-Angeles-MIDI/LOCAL_LAMDA/Local_Lamda_midi/midi_guide/5573e3149a96cdef/song_package.yaml
2025-10-26 14:05:12 [INFO] Backed up existing package to data/Los-Angeles-MIDI/LOCAL_LAMDA/Local_Lamda_midi/midi_guide/5578f95cac2f5189/song_package.yaml.bak
2025-10-26 14:05:12 [INFO] ✓ Created: data/Los-Angeles-MIDI/LOCAL_LAMDA/Local_Lamda_midi/midi_guide/5578f95cac2f5189/song_package.yaml
2025-10-26 14:05:12 [INFO] Backed up existing package to data/Los-Angeles-MIDI/LOCAL_LAMDA/Local_Lamda_midi/midi_guide/55a36ba835c3cf9c/song_package.yaml.bak
2025-10-26 14:05:12 [INFO] ✓ Created: data/Los-Angeles-MIDI/LOCAL_LAMDA/Local_Lamda_midi/midi_guide/55a36ba835c3cf9c/song_package.yaml
2025-10-26 14:05:12 [INFO] Backed up existing package to data/Los-Angeles-MIDI/LOCAL_LAMDA/Local_Lamda_midi/midi_guide/5625eb26c4a075fe/song_package.yaml.bak
2025-10-26 14:05:12 [INFO] ✓ Created: data/Los-Angeles-MIDI/LOCAL_LAMDA/Local_Lamda_midi/midi_guide/5625eb26c4a075fe/song_package.yaml
2025-10-26 14:05:12 [INFO] Backed up existing package to data/Los-Angeles-MIDI/LOCAL_LAMDA/Local_Lamda_midi/midi_guide/55fc19ad073bbac3/song_package.yaml.bak
2025-10-26 14:05:12 [INFO] ✓ Created: data/Los-Angeles-MIDI/LOCAL_LAMDA/Local_Lamda_midi/midi_guide/55fc19ad073bbac3/song_package.yaml
2025-10-26 14:05:12 [INFO] Backed up existing package to data/Los-Angeles-MIDI/LOCAL_LAMDA/Local_Lamda_midi/midi_guide/566ac2e452df1b48/song_package.yaml.bak
2025-10-26 14:05:12 [INFO] ✓ Created: data/Los-Angeles-MIDI/LOCAL_LAMDA/Local_Lamda_midi/midi_guide/566ac2e452df1b48/song_package.yaml
2025-10-26 14:05:12 [INFO] Backed up existing package to data/Los-Angeles-MIDI/LOCAL_LAMDA/Local_Lamda_midi/midi_guide/56956b1221cc3199/song_package.yaml.bak
2025-10-26 14:05:12 [INFO] ✓ Created: data/Los-Angeles-MIDI/LOCAL_LAMDA/Local_Lamda_midi/midi_guide/56956b1221cc3199/song_package.yaml
2025-10-26 14:05:12 [INFO] Backed up existing package to data/Los-Angeles-MIDI/LOCAL_LAMDA/Local_Lamda_midi/midi_guide/5653b3a4f54352f8/song_package.yaml.bak
2025-10-26 14:05:12 [INFO] ✓ Created: data/Los-Angeles-MIDI/LOCAL_LAMDA/Local_Lamda_midi/midi_guide/5653b3a4f54352f8/song_package.yaml
2025-10-26 14:05:12 [INFO] Backed up existing package to data/Los-Angeles-MIDI/LOCAL_LAMDA/Local_Lamda_midi/midi_guide/56ab56bb07708933/song_package.yaml.bak
2025-10-26 14:05:12 [INFO] ✓ Created: data/Los-Angeles-MIDI/LOCAL_LAMDA/Local_Lamda_midi/midi_guide/56ab56bb07708933/song_package.yaml
2025-10-26 14:05:12 [INFO] Backed up existing package to data/Los-Angeles-MIDI/LOCAL_LAMDA/Local_Lamda_midi/midi_guide/568a12728c6dc8c7/song_package.yaml.bak
2025-10-26 14:05:12 [INFO] ✓ Created: data/Los-Angeles-MIDI/LOCAL_LAMDA/Local_Lamda_midi/midi_guide/568a12728c6dc8c7/song_package.yaml
2025-10-26 14:05:12 [INFO] Backed up existing package to data/Los-Angeles-MIDI/LOCAL_LAMDA/Local_Lamda_midi/midi_guide/56e7c3374b689231/song_package.yaml.bak
2025-10-26 14:05:12 [INFO] ✓ Created: data/Los-Angeles-MIDI/LOCAL_LAMDA/Local_Lamda_midi/midi_guide/56e7c3374b689231/song_package.yaml
2025-10-26 14:05:12 [INFO] Backed up existing package to data/Los-Angeles-MIDI/LOCAL_LAMDA/Local_Lamda_midi/midi_guide/56f2d71dcbd93308/song_package.yaml.bak
2025-10-26 14:05:12 [INFO] ✓ Created: data/Los-Angeles-MIDI/LOCAL_LAMDA/Local_Lamda_midi/midi_guide/56f2d71dcbd93308/song_package.yaml
2025-10-26 14:05:12 [INFO] Backed up existing package to data/Los-Angeles-MIDI/LOCAL_LAMDA/Local_Lamda_midi/midi_guide/56d110d904a9fb73/song_package.yaml.bak
2025-10-26 14:05:12 [INFO] ✓ Created: data/Los-Angeles-MIDI/LOCAL_LAMDA/Local_Lamda_midi/midi_guide/56d110d904a9fb73/song_package.yaml
2025-10-26 14:05:12 [INFO] Backed up existing package to data/Los-Angeles-MIDI/LOCAL_LAMDA/Local_Lamda_midi/midi_guide/570648d5acc97174/song_package.yaml.bak
2025-10-26 14:05:12 [INFO] ✓ Created: data/Los-Angeles-MIDI/LOCAL_LAMDA/Local_Lamda_midi/midi_guide/570648d5acc97174/song_package.yaml
2025-10-26 14:05:12 [INFO] Backed up existing package to data/Los-Angeles-MIDI/LOCAL_LAMDA/Local_Lamda_midi/midi_guide/57120b526919e9db/song_package.yaml.bak
2025-10-26 14:05:12 [INFO] ✓ Created: data/Los-Angeles-MIDI/LOCAL_LAMDA/Local_Lamda_midi/midi_guide/57120b526919e9db/song_package.yaml
2025-10-26 14:05:12 [INFO] Backed up existing package to data/Los-Angeles-MIDI/LOCAL_LAMDA/Local_Lamda_midi/midi_guide/57249e08af8ecfb8/song_package.yaml.bak
2025-10-26 14:05:12 [INFO] ✓ Created: data/Los-Angeles-MIDI/LOCAL_LAMDA/Local_Lamda_midi/midi_guide/57249e08af8ecfb8/song_package.yaml
2025-10-26 14:05:12 [INFO] Backed up existing package to data/Los-Angeles-MIDI/LOCAL_LAMDA/Local_Lamda_midi/midi_guide/57383609c5680633/song_package.yaml.bak
2025-10-26 14:05:12 [INFO] ✓ Created: data/Los-Angeles-MIDI/LOCAL_LAMDA/Local_Lamda_midi/midi_guide/57383609c5680633/song_package.yaml
2025-10-26 14:05:12 [INFO] Backed up existing package to data/Los-Angeles-MIDI/LOCAL_LAMDA/Local_Lamda_midi/midi_guide/572b896c6864097f/song_package.yaml.bak
2025-10-26 14:05:12 [INFO] ✓ Created: data/Los-Angeles-MIDI/LOCAL_LAMDA/Local_Lamda_midi/midi_guide/572b896c6864097f/song_package.yaml
2025-10-26 14:05:12 [INFO] Backed up existing package to data/Los-Angeles-MIDI/LOCAL_LAMDA/Local_Lamda_midi/midi_guide/5778aed7b014c9d9/song_package.yaml.bak
2025-10-26 14:05:12 [INFO] ✓ Created: data/Los-Angeles-MIDI/LOCAL_LAMDA/Local_Lamda_midi/midi_guide/5778aed7b014c9d9/song_package.yaml
2025-10-26 14:05:12 [INFO] Backed up existing package to data/Los-Angeles-MIDI/LOCAL_LAMDA/Local_Lamda_midi/midi_guide/57442360f281bf6a/song_package.yaml.bak
2025-10-26 14:05:12 [INFO] ✓ Created: data/Los-Angeles-MIDI/LOCAL_LAMDA/Local_Lamda_midi/midi_guide/57442360f281bf6a/song_package.yaml
2025-10-26 14:05:12 [INFO] Backed up existing package to data/Los-Angeles-MIDI/LOCAL_LAMDA/Local_Lamda_midi/midi_guide/57a0bac3287f38b4/song_package.yaml.bak
2025-10-26 14:05:12 [INFO] ✓ Created: data/Los-Angeles-MIDI/LOCAL_LAMDA/Local_Lamda_midi/midi_guide/57a0bac3287f38b4/song_package.yaml
2025-10-26 14:05:12 [INFO] Backed up existing package to data/Los-Angeles-MIDI/LOCAL_LAMDA/Local_Lamda_midi/midi_guide/57b1ddabf1fc857e/song_package.yaml.bak
2025-10-26 14:05:12 [INFO] ✓ Created: data/Los-Angeles-MIDI/LOCAL_LAMDA/Local_Lamda_midi/midi_guide/57b1ddabf1fc857e/song_package.yaml
2025-10-26 14:05:12 [INFO] Backed up existing package to data/Los-Angeles-MIDI/LOCAL_LAMDA/Local_Lamda_midi/midi_guide/57f0e818d1b0cd2a/song_package.yaml.bak
2025-10-26 14:05:12 [INFO] ✓ Created: data/Los-Angeles-MIDI/LOCAL_LAMDA/Local_Lamda_midi/midi_guide/57f0e818d1b0cd2a/song_package.yaml
2025-10-26 14:05:12 [INFO] Backed up existing package to data/Los-Angeles-MIDI/LOCAL_LAMDA/Local_Lamda_midi/midi_guide/57ca293168e17e3b/song_package.yaml.bak
2025-10-26 14:05:12 [INFO] ✓ Created: data/Los-Angeles-MIDI/LOCAL_LAMDA/Local_Lamda_midi/midi_guide/57ca293168e17e3b/song_package.yaml
2025-10-26 14:05:12 [INFO] Backed up existing package to data/Los-Angeles-MIDI/LOCAL_LAMDA/Local_Lamda_midi/midi_guide/57eed294fcddb575/song_package.yaml.bak
2025-10-26 14:05:12 [INFO] ✓ Created: data/Los-Angeles-MIDI/LOCAL_LAMDA/Local_Lamda_midi/midi_guide/57eed294fcddb575/song_package.yaml
2025-10-26 14:05:12 [INFO] Backed up existing package to data/Los-Angeles-MIDI/LOCAL_LAMDA/Local_Lamda_midi/midi_guide/57eca6a3ff3402a2/song_package.yaml.bak
2025-10-26 14:05:12 [INFO] ✓ Created: data/Los-Angeles-MIDI/LOCAL_LAMDA/Local_Lamda_midi/midi_guide/57eca6a3ff3402a2/song_package.yaml
2025-10-26 14:05:12 [INFO] Backed up existing package to data/Los-Angeles-MIDI/LOCAL_LAMDA/Local_Lamda_midi/midi_guide/580f95b12f8b2498/song_package.yaml.bak
2025-10-26 14:05:12 [INFO] ✓ Created: data/Los-Angeles-MIDI/LOCAL_LAMDA/Local_Lamda_midi/midi_guide/580f95b12f8b2498/song_package.yaml
2025-10-26 14:05:12 [INFO] Backed up existing package to data/Los-Angeles-MIDI/LOCAL_LAMDA/Local_Lamda_midi/midi_guide/5843d116856df353/song_package.yaml.bak
2025-10-26 14:05:12 [INFO] ✓ Created: data/Los-Angeles-MIDI/LOCAL_LAMDA/Local_Lamda_midi/midi_guide/5843d116856df353/song_package.yaml
2025-10-26 14:05:12 [INFO] Backed up existing package to data/Los-Angeles-MIDI/LOCAL_LAMDA/Local_Lamda_midi/midi_guide/581a167e20c0a17e/song_package.yaml.bak
2025-10-26 14:05:12 [INFO] ✓ Created: data/Los-Angeles-MIDI/LOCAL_LAMDA/Local_Lamda_midi/midi_guide/581a167e20c0a17e/song_package.yaml
2025-10-26 14:05:12 [INFO] Backed up existing package to data/Los-Angeles-MIDI/LOCAL_LAMDA/Local_Lamda_midi/midi_guide/5858f56dcc00681f/song_package.yaml.bak
2025-10-26 14:05:12 [INFO] ✓ Created: data/Los-Angeles-MIDI/LOCAL_LAMDA/Local_Lamda_midi/midi_guide/5858f56dcc00681f/song_package.yaml
2025-10-26 14:05:12 [INFO] Backed up existing package to data/Los-Angeles-MIDI/LOCAL_LAMDA/Local_Lamda_midi/midi_guide/5895581fa398445c/song_package.yaml.bak
2025-10-26 14:05:12 [INFO] ✓ Created: data/Los-Angeles-MIDI/LOCAL_LAMDA/Local_Lamda_midi/midi_guide/5895581fa398445c/song_package.yaml
2025-10-26 14:05:12 [INFO] Backed up existing package to data/Los-Angeles-MIDI/LOCAL_LAMDA/Local_Lamda_midi/midi_guide/590f1d7d044c7c83/song_package.yaml.bak
2025-10-26 14:05:12 [INFO] ✓ Created: data/Los-Angeles-MIDI/LOCAL_LAMDA/Local_Lamda_midi/midi_guide/590f1d7d044c7c83/song_package.yaml
2025-10-26 14:05:12 [INFO] Backed up existing package to data/Los-Angeles-MIDI/LOCAL_LAMDA/Local_Lamda_midi/midi_guide/58d891f3d404bcad/song_package.yaml.bak
2025-10-26 14:05:12 [INFO] ✓ Created: data/Los-Angeles-MIDI/LOCAL_LAMDA/Local_Lamda_midi/midi_guide/58d891f3d404bcad/song_package.yaml
2025-10-26 14:05:12 [INFO] Backed up existing package to data/Los-Angeles-MIDI/LOCAL_LAMDA/Local_Lamda_midi/midi_guide/5917ed3235a3d389/song_package.yaml.bak
2025-10-26 14:05:12 [INFO] ✓ Created: data/Los-Angeles-MIDI/LOCAL_LAMDA/Local_Lamda_midi/midi_guide/5917ed3235a3d389/song_package.yaml
2025-10-26 14:05:12 [INFO] Backed up existing package to data/Los-Angeles-MIDI/LOCAL_LAMDA/Local_Lamda_midi/midi_guide/598670fc3074cfea/song_package.yaml.bak
2025-10-26 14:05:12 [INFO] ✓ Created: data/Los-Angeles-MIDI/LOCAL_LAMDA/Local_Lamda_midi/midi_guide/598670fc3074cfea/song_package.yaml
2025-10-26 14:05:12 [INFO] Backed up existing package to data/Los-Angeles-MIDI/LOCAL_LAMDA/Local_Lamda_midi/midi_guide/597c0186eab14e4b/song_package.yaml.bak
2025-10-26 14:05:12 [INFO] ✓ Created: data/Los-Angeles-MIDI/LOCAL_LAMDA/Local_Lamda_midi/midi_guide/597c0186eab14e4b/song_package.yaml
2025-10-26 14:05:12 [INFO] Backed up existing package to data/Los-Angeles-MIDI/LOCAL_LAMDA/Local_Lamda_midi/midi_guide/59f321e3588599dd/song_package.yaml.bak
2025-10-26 14:05:12 [INFO] ✓ Created: data/Los-Angeles-MIDI/LOCAL_LAMDA/Local_Lamda_midi/midi_guide/59f321e3588599dd/song_package.yaml
2025-10-26 14:05:12 [INFO] Backed up existing package to data/Los-Angeles-MIDI/LOCAL_LAMDA/Local_Lamda_midi/midi_guide/59dd7bf27f5a300f/song_package.yaml.bak
2025-10-26 14:05:12 [INFO] ✓ Created: data/Los-Angeles-MIDI/LOCAL_LAMDA/Local_Lamda_midi/midi_guide/59dd7bf27f5a300f/song_package.yaml
2025-10-26 14:05:12 [INFO] Backed up existing package to data/Los-Angeles-MIDI/LOCAL_LAMDA/Local_Lamda_midi/midi_guide/5a4595ef505a6cb9/song_package.yaml.bak
2025-10-26 14:05:12 [INFO] ✓ Created: data/Los-Angeles-MIDI/LOCAL_LAMDA/Local_Lamda_midi/midi_guide/5a4595ef505a6cb9/song_package.yaml
2025-10-26 14:05:12 [INFO] Backed up existing package to data/Los-Angeles-MIDI/LOCAL_LAMDA/Local_Lamda_midi/midi_guide/5ab02768ed83db59/song_package.yaml.bak
2025-10-26 14:05:12 [INFO] ✓ Created: data/Los-Angeles-MIDI/LOCAL_LAMDA/Local_Lamda_midi/midi_guide/5ab02768ed83db59/song_package.yaml
2025-10-26 14:05:12 [INFO] Backed up existing package to data/Los-Angeles-MIDI/LOCAL_LAMDA/Local_Lamda_midi/midi_guide/5a678c653412f9d9/song_package.yaml.bak
2025-10-26 14:05:12 [INFO] ✓ Created: data/Los-Angeles-MIDI/LOCAL_LAMDA/Local_Lamda_midi/midi_guide/5a678c653412f9d9/song_package.yaml
2025-10-26 14:05:12 [INFO] Backed up existing package to data/Los-Angeles-MIDI/LOCAL_LAMDA/Local_Lamda_midi/midi_guide/5a3370dec8676162/song_package.yaml.bak
2025-10-26 14:05:12 [INFO] ✓ Created: data/Los-Angeles-MIDI/LOCAL_LAMDA/Local_Lamda_midi/midi_guide/5a3370dec8676162/song_package.yaml
2025-10-26 14:05:12 [INFO] Backed up existing package to data/Los-Angeles-MIDI/LOCAL_LAMDA/Local_Lamda_midi/midi_guide/5a9349af0a1f0661/song_package.yaml.bak
2025-10-26 14:05:12 [INFO] ✓ Created: data/Los-Angeles-MIDI/LOCAL_LAMDA/Local_Lamda_midi/midi_guide/5a9349af0a1f0661/song_package.yaml
2025-10-26 14:05:12 [INFO] Backed up existing package to data/Los-Angeles-MIDI/LOCAL_LAMDA/Local_Lamda_midi/midi_guide/5a8f6758b011e1ef/song_package.yaml.bak
2025-10-26 14:05:12 [INFO] ✓ Created: data/Los-Angeles-MIDI/LOCAL_LAMDA/Local_Lamda_midi/midi_guide/5a8f6758b011e1ef/song_package.yaml
2025-10-26 14:05:12 [INFO] Backed up existing package to data/Los-Angeles-MIDI/LOCAL_LAMDA/Local_Lamda_midi/midi_guide/5abb03a6750351b6/song_package.yaml.bak
2025-10-26 14:05:12 [INFO] ✓ Created: data/Los-Angeles-MIDI/LOCAL_LAMDA/Local_Lamda_midi/midi_guide/5abb03a6750351b6/song_package.yaml
2025-10-26 14:05:12 [INFO] Backed up existing package to data/Los-Angeles-MIDI/LOCAL_LAMDA/Local_Lamda_midi/midi_guide/5b10eab78191d8ce/song_package.yaml.bak
2025-10-26 14:05:12 [INFO] ✓ Created: data/Los-Angeles-MIDI/LOCAL_LAMDA/Local_Lamda_midi/midi_guide/5b10eab78191d8ce/song_package.yaml
2025-10-26 14:05:12 [INFO] Backed up existing package to data/Los-Angeles-MIDI/LOCAL_LAMDA/Local_Lamda_midi/midi_guide/5aeff74a052b2d33/song_package.yaml.bak
2025-10-26 14:05:12 [INFO] ✓ Created: data/Los-Angeles-MIDI/LOCAL_LAMDA/Local_Lamda_midi/midi_guide/5aeff74a052b2d33/song_package.yaml
2025-10-26 14:05:12 [INFO] Backed up existing package to data/Los-Angeles-MIDI/LOCAL_LAMDA/Local_Lamda_midi/midi_guide/5b1db0858a2cfdde/song_package.yaml.bak
2025-10-26 14:05:12 [INFO] ✓ Created: data/Los-Angeles-MIDI/LOCAL_LAMDA/Local_Lamda_midi/midi_guide/5b1db0858a2cfdde/song_package.yaml
2025-10-26 14:05:12 [INFO] Backed up existing package to data/Los-Angeles-MIDI/LOCAL_LAMDA/Local_Lamda_midi/midi_guide/5b8110caed35ff58/song_package.yaml.bak
2025-10-26 14:05:12 [INFO] ✓ Created: data/Los-Angeles-MIDI/LOCAL_LAMDA/Local_Lamda_midi/midi_guide/5b8110caed35ff58/song_package.yaml
2025-10-26 14:05:12 [INFO] Backed up existing package to data/Los-Angeles-MIDI/LOCAL_LAMDA/Local_Lamda_midi/midi_guide/5bac12b84ddec400/song_package.yaml.bak
2025-10-26 14:05:12 [INFO] ✓ Created: data/Los-Angeles-MIDI/LOCAL_LAMDA/Local_Lamda_midi/midi_guide/5bac12b84ddec400/song_package.yaml
2025-10-26 14:05:12 [INFO] Backed up existing package to data/Los-Angeles-MIDI/LOCAL_LAMDA/Local_Lamda_midi/midi_guide/5b96a4b85a169790/song_package.yaml.bak
2025-10-26 14:05:12 [INFO] ✓ Created: data/Los-Angeles-MIDI/LOCAL_LAMDA/Local_Lamda_midi/midi_guide/5b96a4b85a169790/song_package.yaml
2025-10-26 14:05:12 [INFO] Backed up existing package to data/Los-Angeles-MIDI/LOCAL_LAMDA/Local_Lamda_midi/midi_guide/5ba02552a0ac4fe9/song_package.yaml.bak
2025-10-26 14:05:12 [INFO] ✓ Created: data/Los-Angeles-MIDI/LOCAL_LAMDA/Local_Lamda_midi/midi_guide/5ba02552a0ac4fe9/song_package.yaml
2025-10-26 14:05:12 [INFO] Backed up existing package to data/Los-Angeles-MIDI/LOCAL_LAMDA/Local_Lamda_midi/midi_guide/5c0dd7004b649269/song_package.yaml.bak
2025-10-26 14:05:12 [INFO] ✓ Created: data/Los-Angeles-MIDI/LOCAL_LAMDA/Local_Lamda_midi/midi_guide/5c0dd7004b649269/song_package.yaml
2025-10-26 14:05:12 [INFO] Backed up existing package to data/Los-Angeles-MIDI/LOCAL_LAMDA/Local_Lamda_midi/midi_guide/5bb219f4dbd2049d/song_package.yaml.bak
2025-10-26 14:05:12 [INFO] ✓ Created: data/Los-Angeles-MIDI/LOCAL_LAMDA/Local_Lamda_midi/midi_guide/5bb219f4dbd2049d/song_package.yaml
2025-10-26 14:05:12 [INFO] Backed up existing package to data/Los-Angeles-MIDI/LOCAL_LAMDA/Local_Lamda_midi/midi_guide/5c1c9fa8c9180050/song_package.yaml.bak
2025-10-26 14:05:12 [INFO] ✓ Created: data/Los-Angeles-MIDI/LOCAL_LAMDA/Local_Lamda_midi/midi_guide/5c1c9fa8c9180050/song_package.yaml
2025-10-26 14:05:12 [INFO] Backed up existing package to data/Los-Angeles-MIDI/LOCAL_LAMDA/Local_Lamda_midi/midi_guide/5c415bfedd655f8a/song_package.yaml.bak
2025-10-26 14:05:12 [INFO] ✓ Created: data/Los-Angeles-MIDI/LOCAL_LAMDA/Local_Lamda_midi/midi_guide/5c415bfedd655f8a/song_package.yaml
2025-10-26 14:05:12 [INFO] Backed up existing package to data/Los-Angeles-MIDI/LOCAL_LAMDA/Local_Lamda_midi/midi_guide/5beb567e907ab890/song_package.yaml.bak
2025-10-26 14:05:12 [INFO] ✓ Created: data/Los-Angeles-MIDI/LOCAL_LAMDA/Local_Lamda_midi/midi_guide/5beb567e907ab890/song_package.yaml
2025-10-26 14:05:12 [INFO] Backed up existing package to data/Los-Angeles-MIDI/LOCAL_LAMDA/Local_Lamda_midi/midi_guide/5c4ba26b02bf911a/song_package.yaml.bak
2025-10-26 14:05:12 [INFO] ✓ Created: data/Los-Angeles-MIDI/LOCAL_LAMDA/Local_Lamda_midi/midi_guide/5c4ba26b02bf911a/song_package.yaml
2025-10-26 14:05:12 [INFO] Backed up existing package to data/Los-Angeles-MIDI/LOCAL_LAMDA/Local_Lamda_midi/midi_guide/5c9b6c89db0b56cb/song_package.yaml.bak
2025-10-26 14:05:12 [INFO] ✓ Created: data/Los-Angeles-MIDI/LOCAL_LAMDA/Local_Lamda_midi/midi_guide/5c9b6c89db0b56cb/song_package.yaml
2025-10-26 14:05:12 [INFO] Backed up existing package to data/Los-Angeles-MIDI/LOCAL_LAMDA/Local_Lamda_midi/midi_guide/5cb023e5a8c2df3a/song_package.yaml.bak
2025-10-26 14:05:12 [INFO] ✓ Created: data/Los-Angeles-MIDI/LOCAL_LAMDA/Local_Lamda_midi/midi_guide/5cb023e5a8c2df3a/song_package.yaml
2025-10-26 14:05:12 [INFO] Backed up existing package to data/Los-Angeles-MIDI/LOCAL_LAMDA/Local_Lamda_midi/midi_guide/5c9db9d03d085f0c/song_package.yaml.bak
2025-10-26 14:05:12 [INFO] ✓ Created: data/Los-Angeles-MIDI/LOCAL_LAMDA/Local_Lamda_midi/midi_guide/5c9db9d03d085f0c/song_package.yaml
2025-10-26 14:05:12 [INFO] Backed up existing package to data/Los-Angeles-MIDI/LOCAL_LAMDA/Local_Lamda_midi/midi_guide/5d2eff047effa1d9/song_package.yaml.bak
2025-10-26 14:05:12 [INFO] ✓ Created: data/Los-Angeles-MIDI/LOCAL_LAMDA/Local_Lamda_midi/midi_guide/5d2eff047effa1d9/song_package.yaml
2025-10-26 14:05:12 [INFO] Backed up existing package to data/Los-Angeles-MIDI/LOCAL_LAMDA/Local_Lamda_midi/midi_guide/5d2f0fffb6cde4d6/song_package.yaml.bak
2025-10-26 14:05:12 [INFO] ✓ Created: data/Los-Angeles-MIDI/LOCAL_LAMDA/Local_Lamda_midi/midi_guide/5d2f0fffb6cde4d6/song_package.yaml
2025-10-26 14:05:12 [INFO] Backed up existing package to data/Los-Angeles-MIDI/LOCAL_LAMDA/Local_Lamda_midi/midi_guide/5d7939d1ab290405/song_package.yaml.bak
2025-10-26 14:05:12 [INFO] ✓ Created: data/Los-Angeles-MIDI/LOCAL_LAMDA/Local_Lamda_midi/midi_guide/5d7939d1ab290405/song_package.yaml
2025-10-26 14:05:12 [INFO] Backed up existing package to data/Los-Angeles-MIDI/LOCAL_LAMDA/Local_Lamda_midi/midi_guide/5cebbe61a33d3406/song_package.yaml.bak
2025-10-26 14:05:12 [INFO] ✓ Created: data/Los-Angeles-MIDI/LOCAL_LAMDA/Local_Lamda_midi/midi_guide/5cebbe61a33d3406/song_package.yaml
2025-10-26 14:05:12 [INFO] Backed up existing package to data/Los-Angeles-MIDI/LOCAL_LAMDA/Local_Lamda_midi/midi_guide/5d73041def8f8471/song_package.yaml.bak
2025-10-26 14:05:12 [INFO] ✓ Created: data/Los-Angeles-MIDI/LOCAL_LAMDA/Local_Lamda_midi/midi_guide/5d73041def8f8471/song_package.yaml
2025-10-26 14:05:12 [INFO] Backed up existing package to data/Los-Angeles-MIDI/LOCAL_LAMDA/Local_Lamda_midi/midi_guide/5d707cf82b9f623c/song_package.yaml.bak
2025-10-26 14:05:12 [INFO] ✓ Created: data/Los-Angeles-MIDI/LOCAL_LAMDA/Local_Lamda_midi/midi_guide/5d707cf82b9f623c/song_package.yaml
2025-10-26 14:05:12 [INFO] Backed up existing package to data/Los-Angeles-MIDI/LOCAL_LAMDA/Local_Lamda_midi/midi_guide/5d85d1d516054523/song_package.yaml.bak
2025-10-26 14:05:12 [INFO] ✓ Created: data/Los-Angeles-MIDI/LOCAL_LAMDA/Local_Lamda_midi/midi_guide/5d85d1d516054523/song_package.yaml
2025-10-26 14:05:12 [INFO] Backed up existing package to data/Los-Angeles-MIDI/LOCAL_LAMDA/Local_Lamda_midi/midi_guide/5d79575ff696fb2e/song_package.yaml.bak
2025-10-26 14:05:12 [INFO] ✓ Created: data/Los-Angeles-MIDI/LOCAL_LAMDA/Local_Lamda_midi/midi_guide/5d79575ff696fb2e/song_package.yaml
2025-10-26 14:05:12 [INFO] Backed up existing package to data/Los-Angeles-MIDI/LOCAL_LAMDA/Local_Lamda_midi/midi_guide/5dbecda23de6f763/song_package.yaml.bak
2025-10-26 14:05:12 [INFO] ✓ Created: data/Los-Angeles-MIDI/LOCAL_LAMDA/Local_Lamda_midi/midi_guide/5dbecda23de6f763/song_package.yaml
2025-10-26 14:05:12 [INFO] Backed up existing package to data/Los-Angeles-MIDI/LOCAL_LAMDA/Local_Lamda_midi/midi_guide/5dcd36e7aff14431/song_package.yaml.bak
2025-10-26 14:05:12 [INFO] ✓ Created: data/Los-Angeles-MIDI/LOCAL_LAMDA/Local_Lamda_midi/midi_guide/5dcd36e7aff14431/song_package.yaml
2025-10-26 14:05:12 [INFO] Backed up existing package to data/Los-Angeles-MIDI/LOCAL_LAMDA/Local_Lamda_midi/midi_guide/5e213e0e93d5ea6b/song_package.yaml.bak
2025-10-26 14:05:12 [INFO] ✓ Created: data/Los-Angeles-MIDI/LOCAL_LAMDA/Local_Lamda_midi/midi_guide/5e213e0e93d5ea6b/song_package.yaml
2025-10-26 14:05:12 [INFO] Backed up existing package to data/Los-Angeles-MIDI/LOCAL_LAMDA/Local_Lamda_midi/midi_guide/5dc1681e0a0dec7e/song_package.yaml.bak
2025-10-26 14:05:12 [INFO] ✓ Created: data/Los-Angeles-MIDI/LOCAL_LAMDA/Local_Lamda_midi/midi_guide/5dc1681e0a0dec7e/song_package.yaml
2025-10-26 14:05:12 [INFO] Backed up existing package to data/Los-Angeles-MIDI/LOCAL_LAMDA/Local_Lamda_midi/midi_guide/5df68b18ffffae63/song_package.yaml.bak
2025-10-26 14:05:12 [INFO] ✓ Created: data/Los-Angeles-MIDI/LOCAL_LAMDA/Local_Lamda_midi/midi_guide/5df68b18ffffae63/song_package.yaml
2025-10-26 14:05:12 [INFO] Backed up existing package to data/Los-Angeles-MIDI/LOCAL_LAMDA/Local_Lamda_midi/midi_guide/5df5fc1d0517bba4/song_package.yaml.bak
2025-10-26 14:05:12 [INFO] ✓ Created: data/Los-Angeles-MIDI/LOCAL_LAMDA/Local_Lamda_midi/midi_guide/5df5fc1d0517bba4/song_package.yaml
2025-10-26 14:05:12 [INFO] Backed up existing package to data/Los-Angeles-MIDI/LOCAL_LAMDA/Local_Lamda_midi/midi_guide/5e17c56a6be33f0a/song_package.yaml.bak
2025-10-26 14:05:12 [INFO] ✓ Created: data/Los-Angeles-MIDI/LOCAL_LAMDA/Local_Lamda_midi/midi_guide/5e17c56a6be33f0a/song_package.yaml
2025-10-26 14:05:12 [INFO] Backed up existing package to data/Los-Angeles-MIDI/LOCAL_LAMDA/Local_Lamda_midi/midi_guide/5e27edc138dd5eeb/song_package.yaml.bak
2025-10-26 14:05:12 [INFO] ✓ Created: data/Los-Angeles-MIDI/LOCAL_LAMDA/Local_Lamda_midi/midi_guide/5e27edc138dd5eeb/song_package.yaml
2025-10-26 14:05:12 [INFO] Backed up existing package to data/Los-Angeles-MIDI/LOCAL_LAMDA/Local_Lamda_midi/midi_guide/5e3fc347e58c0e26/song_package.yaml.bak
2025-10-26 14:05:12 [INFO] ✓ Created: data/Los-Angeles-MIDI/LOCAL_LAMDA/Local_Lamda_midi/midi_guide/5e3fc347e58c0e26/song_package.yaml
2025-10-26 14:05:12 [INFO] Backed up existing package to data/Los-Angeles-MIDI/LOCAL_LAMDA/Local_Lamda_midi/midi_guide/5e5f2e8248535cc3/song_package.yaml.bak
2025-10-26 14:05:12 [INFO] ✓ Created: data/Los-Angeles-MIDI/LOCAL_LAMDA/Local_Lamda_midi/midi_guide/5e5f2e8248535cc3/song_package.yaml
2025-10-26 14:05:12 [INFO] Backed up existing package to data/Los-Angeles-MIDI/LOCAL_LAMDA/Local_Lamda_midi/midi_guide/5e66c438233530c7/song_package.yaml.bak
2025-10-26 14:05:12 [INFO] ✓ Created: data/Los-Angeles-MIDI/LOCAL_LAMDA/Local_Lamda_midi/midi_guide/5e66c438233530c7/song_package.yaml
2025-10-26 14:05:12 [INFO] Backed up existing package to data/Los-Angeles-MIDI/LOCAL_LAMDA/Local_Lamda_midi/midi_guide/5ec60224802bb5bf/song_package.yaml.bak
2025-10-26 14:05:12 [INFO] ✓ Created: data/Los-Angeles-MIDI/LOCAL_LAMDA/Local_Lamda_midi/midi_guide/5ec60224802bb5bf/song_package.yaml
2025-10-26 14:05:12 [INFO] Backed up existing package to data/Los-Angeles-MIDI/LOCAL_LAMDA/Local_Lamda_midi/midi_guide/5e90003cb6e3ce43/song_package.yaml.bak
2025-10-26 14:05:12 [INFO] ✓ Created: data/Los-Angeles-MIDI/LOCAL_LAMDA/Local_Lamda_midi/midi_guide/5e90003cb6e3ce43/song_package.yaml
2025-10-26 14:05:12 [INFO] Backed up existing package to data/Los-Angeles-MIDI/LOCAL_LAMDA/Local_Lamda_midi/midi_guide/5ef63922c0c87d59/song_package.yaml.bak
2025-10-26 14:05:12 [INFO] ✓ Created: data/Los-Angeles-MIDI/LOCAL_LAMDA/Local_Lamda_midi/midi_guide/5ef63922c0c87d59/song_package.yaml
2025-10-26 14:05:12 [INFO] Backed up existing package to data/Los-Angeles-MIDI/LOCAL_LAMDA/Local_Lamda_midi/midi_guide/5edb4ed75f8bde32/song_package.yaml.bak
2025-10-26 14:05:12 [INFO] ✓ Created: data/Los-Angeles-MIDI/LOCAL_LAMDA/Local_Lamda_midi/midi_guide/5edb4ed75f8bde32/song_package.yaml
2025-10-26 14:05:12 [INFO] Backed up existing package to data/Los-Angeles-MIDI/LOCAL_LAMDA/Local_Lamda_midi/midi_guide/5f053ef11d3be6a5/song_package.yaml.bak
2025-10-26 14:05:12 [INFO] ✓ Created: data/Los-Angeles-MIDI/LOCAL_LAMDA/Local_Lamda_midi/midi_guide/5f053ef11d3be6a5/song_package.yaml
2025-10-26 14:05:12 [INFO] Backed up existing package to data/Los-Angeles-MIDI/LOCAL_LAMDA/Local_Lamda_midi/midi_guide/5f4ba288992c0c60/song_package.yaml.bak
2025-10-26 14:05:12 [INFO] ✓ Created: data/Los-Angeles-MIDI/LOCAL_LAMDA/Local_Lamda_midi/midi_guide/5f4ba288992c0c60/song_package.yaml
2025-10-26 14:05:12 [INFO] Backed up existing package to data/Los-Angeles-MIDI/LOCAL_LAMDA/Local_Lamda_midi/midi_guide/5f3ce697584f20e7/song_package.yaml.bak
2025-10-26 14:05:12 [INFO] ✓ Created: data/Los-Angeles-MIDI/LOCAL_LAMDA/Local_Lamda_midi/midi_guide/5f3ce697584f20e7/song_package.yaml
2025-10-26 14:05:12 [INFO] Backed up existing package to data/Los-Angeles-MIDI/LOCAL_LAMDA/Local_Lamda_midi/midi_guide/5fa6c1d5eeb42cc9/song_package.yaml.bak
2025-10-26 14:05:12 [INFO] ✓ Created: data/Los-Angeles-MIDI/LOCAL_LAMDA/Local_Lamda_midi/midi_guide/5fa6c1d5eeb42cc9/song_package.yaml
2025-10-26 14:05:12 [INFO] Backed up existing package to data/Los-Angeles-MIDI/LOCAL_LAMDA/Local_Lamda_midi/midi_guide/5fe38d211a8820f6/song_package.yaml.bak
2025-10-26 14:05:12 [INFO] ✓ Created: data/Los-Angeles-MIDI/LOCAL_LAMDA/Local_Lamda_midi/midi_guide/5fe38d211a8820f6/song_package.yaml
2025-10-26 14:05:12 [INFO] Backed up existing package to data/Los-Angeles-MIDI/LOCAL_LAMDA/Local_Lamda_midi/midi_guide/5fdcd29d5c857c0f/song_package.yaml.bak
2025-10-26 14:05:12 [INFO] ✓ Created: data/Los-Angeles-MIDI/LOCAL_LAMDA/Local_Lamda_midi/midi_guide/5fdcd29d5c857c0f/song_package.yaml
2025-10-26 14:05:12 [INFO] Backed up existing package to data/Los-Angeles-MIDI/LOCAL_LAMDA/Local_Lamda_midi/midi_guide/608952f25e2d64a6/song_package.yaml.bak
2025-10-26 14:05:12 [INFO] ✓ Created: data/Los-Angeles-MIDI/LOCAL_LAMDA/Local_Lamda_midi/midi_guide/608952f25e2d64a6/song_package.yaml
2025-10-26 14:05:12 [INFO] Backed up existing package to data/Los-Angeles-MIDI/LOCAL_LAMDA/Local_Lamda_midi/midi_guide/607a2279aac4cc47/song_package.yaml.bak
2025-10-26 14:05:12 [INFO] ✓ Created: data/Los-Angeles-MIDI/LOCAL_LAMDA/Local_Lamda_midi/midi_guide/607a2279aac4cc47/song_package.yaml
2025-10-26 14:05:12 [INFO] Backed up existing package to data/Los-Angeles-MIDI/LOCAL_LAMDA/Local_Lamda_midi/midi_guide/605caee7ab89698f/song_package.yaml.bak
2025-10-26 14:05:13 [INFO] ✓ Created: data/Los-Angeles-MIDI/LOCAL_LAMDA/Local_Lamda_midi/midi_guide/605caee7ab89698f/song_package.yaml
2025-10-26 14:05:13 [INFO] Backed up existing package to data/Los-Angeles-MIDI/LOCAL_LAMDA/Local_Lamda_midi/midi_guide/602186dd168af170/song_package.yaml.bak
2025-10-26 14:05:13 [INFO] ✓ Created: data/Los-Angeles-MIDI/LOCAL_LAMDA/Local_Lamda_midi/midi_guide/602186dd168af170/song_package.yaml
2025-10-26 14:05:13 [INFO] Backed up existing package to data/Los-Angeles-MIDI/LOCAL_LAMDA/Local_Lamda_midi/midi_guide/5fefe22d10fe35a0/song_package.yaml.bak
2025-10-26 14:05:13 [INFO] ✓ Created: data/Los-Angeles-MIDI/LOCAL_LAMDA/Local_Lamda_midi/midi_guide/5fefe22d10fe35a0/song_package.yaml
2025-10-26 14:05:13 [INFO] Backed up existing package to data/Los-Angeles-MIDI/LOCAL_LAMDA/Local_Lamda_midi/midi_guide/5ff82e6fe7ad4130/song_package.yaml.bak
2025-10-26 14:05:13 [INFO] ✓ Created: data/Los-Angeles-MIDI/LOCAL_LAMDA/Local_Lamda_midi/midi_guide/5ff82e6fe7ad4130/song_package.yaml
2025-10-26 14:05:13 [INFO] Backed up existing package to data/Los-Angeles-MIDI/LOCAL_LAMDA/Local_Lamda_midi/midi_guide/6063828b0084381f/song_package.yaml.bak
2025-10-26 14:05:13 [INFO] ✓ Created: data/Los-Angeles-MIDI/LOCAL_LAMDA/Local_Lamda_midi/midi_guide/6063828b0084381f/song_package.yaml
2025-10-26 14:05:13 [INFO] Backed up existing package to data/Los-Angeles-MIDI/LOCAL_LAMDA/Local_Lamda_midi/midi_guide/60d56e99bd70ae19/song_package.yaml.bak
2025-10-26 14:05:13 [INFO] ✓ Created: data/Los-Angeles-MIDI/LOCAL_LAMDA/Local_Lamda_midi/midi_guide/60d56e99bd70ae19/song_package.yaml
2025-10-26 14:05:13 [INFO] Backed up existing package to data/Los-Angeles-MIDI/LOCAL_LAMDA/Local_Lamda_midi/midi_guide/60b516e2fec2e542/song_package.yaml.bak
2025-10-26 14:05:13 [INFO] ✓ Created: data/Los-Angeles-MIDI/LOCAL_LAMDA/Local_Lamda_midi/midi_guide/60b516e2fec2e542/song_package.yaml
2025-10-26 14:05:13 [INFO] Backed up existing package to data/Los-Angeles-MIDI/LOCAL_LAMDA/Local_Lamda_midi/midi_guide/61e7d5225ce8829f/song_package.yaml.bak
2025-10-26 14:05:13 [INFO] ✓ Created: data/Los-Angeles-MIDI/LOCAL_LAMDA/Local_Lamda_midi/midi_guide/61e7d5225ce8829f/song_package.yaml
2025-10-26 14:05:13 [INFO] Backed up existing package to data/Los-Angeles-MIDI/LOCAL_LAMDA/Local_Lamda_midi/midi_guide/62048f2753d39ae1/song_package.yaml.bak
2025-10-26 14:05:13 [INFO] ✓ Created: data/Los-Angeles-MIDI/LOCAL_LAMDA/Local_Lamda_midi/midi_guide/62048f2753d39ae1/song_package.yaml
2025-10-26 14:05:13 [INFO] Backed up existing package to data/Los-Angeles-MIDI/LOCAL_LAMDA/Local_Lamda_midi/midi_guide/6205a868658f5f9e/song_package.yaml.bak
2025-10-26 14:05:13 [INFO] ✓ Created: data/Los-Angeles-MIDI/LOCAL_LAMDA/Local_Lamda_midi/midi_guide/6205a868658f5f9e/song_package.yaml
2025-10-26 14:05:13 [INFO] Backed up existing package to data/Los-Angeles-MIDI/LOCAL_LAMDA/Local_Lamda_midi/midi_guide/6143542b0031dec3/song_package.yaml.bak
2025-10-26 14:05:13 [INFO] ✓ Created: data/Los-Angeles-MIDI/LOCAL_LAMDA/Local_Lamda_midi/midi_guide/6143542b0031dec3/song_package.yaml
2025-10-26 14:05:13 [INFO] Backed up existing package to data/Los-Angeles-MIDI/LOCAL_LAMDA/Local_Lamda_midi/midi_guide/61cc1b1d62803b06/song_package.yaml.bak
2025-10-26 14:05:13 [INFO] ✓ Created: data/Los-Angeles-MIDI/LOCAL_LAMDA/Local_Lamda_midi/midi_guide/61cc1b1d62803b06/song_package.yaml
2025-10-26 14:05:13 [INFO] Backed up existing package to data/Los-Angeles-MIDI/LOCAL_LAMDA/Local_Lamda_midi/midi_guide/623573581c236b51/song_package.yaml.bak
2025-10-26 14:05:13 [INFO] ✓ Created: data/Los-Angeles-MIDI/LOCAL_LAMDA/Local_Lamda_midi/midi_guide/623573581c236b51/song_package.yaml
2025-10-26 14:05:13 [INFO] Backed up existing package to data/Los-Angeles-MIDI/LOCAL_LAMDA/Local_Lamda_midi/midi_guide/627f086ad957aeed/song_package.yaml.bak
2025-10-26 14:05:13 [INFO] ✓ Created: data/Los-Angeles-MIDI/LOCAL_LAMDA/Local_Lamda_midi/midi_guide/627f086ad957aeed/song_package.yaml
2025-10-26 14:05:13 [INFO] Backed up existing package to data/Los-Angeles-MIDI/LOCAL_LAMDA/Local_Lamda_midi/midi_guide/63075f59ac13e18f/song_package.yaml.bak
2025-10-26 14:05:13 [INFO] ✓ Created: data/Los-Angeles-MIDI/LOCAL_LAMDA/Local_Lamda_midi/midi_guide/63075f59ac13e18f/song_package.yaml
2025-10-26 14:05:13 [INFO] Backed up existing package to data/Los-Angeles-MIDI/LOCAL_LAMDA/Local_Lamda_midi/midi_guide/63170d04796d34ef/song_package.yaml.bak
2025-10-26 14:05:13 [INFO] ✓ Created: data/Los-Angeles-MIDI/LOCAL_LAMDA/Local_Lamda_midi/midi_guide/63170d04796d34ef/song_package.yaml
2025-10-26 14:05:13 [INFO] Backed up existing package to data/Los-Angeles-MIDI/LOCAL_LAMDA/Local_Lamda_midi/midi_guide/6366c01d564f5f73/song_package.yaml.bak
2025-10-26 14:05:13 [INFO] ✓ Created: data/Los-Angeles-MIDI/LOCAL_LAMDA/Local_Lamda_midi/midi_guide/6366c01d564f5f73/song_package.yaml
2025-10-26 14:05:13 [INFO] Backed up existing package to data/Los-Angeles-MIDI/LOCAL_LAMDA/Local_Lamda_midi/midi_guide/63a33312618b3723/song_package.yaml.bak
2025-10-26 14:05:13 [INFO] ✓ Created: data/Los-Angeles-MIDI/LOCAL_LAMDA/Local_Lamda_midi/midi_guide/63a33312618b3723/song_package.yaml
2025-10-26 14:05:13 [INFO] Backed up existing package to data/Los-Angeles-MIDI/LOCAL_LAMDA/Local_Lamda_midi/midi_guide/63a97b6342480dd2/song_package.yaml.bak
2025-10-26 14:05:13 [INFO] ✓ Created: data/Los-Angeles-MIDI/LOCAL_LAMDA/Local_Lamda_midi/midi_guide/63a97b6342480dd2/song_package.yaml
2025-10-26 14:05:13 [INFO] Backed up existing package to data/Los-Angeles-MIDI/LOCAL_LAMDA/Local_Lamda_midi/midi_guide/635666ec2249a6ab/song_package.yaml.bak
2025-10-26 14:05:13 [INFO] ✓ Created: data/Los-Angeles-MIDI/LOCAL_LAMDA/Local_Lamda_midi/midi_guide/635666ec2249a6ab/song_package.yaml
2025-10-26 14:05:13 [INFO] Backed up existing package to data/Los-Angeles-MIDI/LOCAL_LAMDA/Local_Lamda_midi/midi_guide/63a2e5e4e2a54bc9/song_package.yaml.bak
2025-10-26 14:05:13 [INFO] ✓ Created: data/Los-Angeles-MIDI/LOCAL_LAMDA/Local_Lamda_midi/midi_guide/63a2e5e4e2a54bc9/song_package.yaml
2025-10-26 14:05:13 [INFO] Backed up existing package to data/Los-Angeles-MIDI/LOCAL_LAMDA/Local_Lamda_midi/midi_guide/63da0cd17c284f43/song_package.yaml.bak
2025-10-26 14:05:13 [INFO] ✓ Created: data/Los-Angeles-MIDI/LOCAL_LAMDA/Local_Lamda_midi/midi_guide/63da0cd17c284f43/song_package.yaml
2025-10-26 14:05:13 [INFO] Backed up existing package to data/Los-Angeles-MIDI/LOCAL_LAMDA/Local_Lamda_midi/midi_guide/63ef8d4a4ede928b/song_package.yaml.bak
2025-10-26 14:05:13 [INFO] ✓ Created: data/Los-Angeles-MIDI/LOCAL_LAMDA/Local_Lamda_midi/midi_guide/63ef8d4a4ede928b/song_package.yaml
2025-10-26 14:05:13 [INFO] Backed up existing package to data/Los-Angeles-MIDI/LOCAL_LAMDA/Local_Lamda_midi/midi_guide/63f60ebf37bec18c/song_package.yaml.bak
2025-10-26 14:05:13 [INFO] ✓ Created: data/Los-Angeles-MIDI/LOCAL_LAMDA/Local_Lamda_midi/midi_guide/63f60ebf37bec18c/song_package.yaml
2025-10-26 14:05:13 [INFO] Backed up existing package to data/Los-Angeles-MIDI/LOCAL_LAMDA/Local_Lamda_midi/midi_guide/6461c6d7aa1a035d/song_package.yaml.bak
2025-10-26 14:05:13 [INFO] ✓ Created: data/Los-Angeles-MIDI/LOCAL_LAMDA/Local_Lamda_midi/midi_guide/6461c6d7aa1a035d/song_package.yaml
2025-10-26 14:05:13 [INFO] Backed up existing package to data/Los-Angeles-MIDI/LOCAL_LAMDA/Local_Lamda_midi/midi_guide/646c51251354e849/song_package.yaml.bak
2025-10-26 14:05:13 [INFO] ✓ Created: data/Los-Angeles-MIDI/LOCAL_LAMDA/Local_Lamda_midi/midi_guide/646c51251354e849/song_package.yaml
2025-10-26 14:05:13 [INFO] Backed up existing package to data/Los-Angeles-MIDI/LOCAL_LAMDA/Local_Lamda_midi/midi_guide/644672a0e00a218c/song_package.yaml.bak
2025-10-26 14:05:13 [INFO] ✓ Created: data/Los-Angeles-MIDI/LOCAL_LAMDA/Local_Lamda_midi/midi_guide/644672a0e00a218c/song_package.yaml
2025-10-26 14:05:13 [INFO] Backed up existing package to data/Los-Angeles-MIDI/LOCAL_LAMDA/Local_Lamda_midi/midi_guide/64dd39e2f3b96a19/song_package.yaml.bak
2025-10-26 14:05:13 [INFO] ✓ Created: data/Los-Angeles-MIDI/LOCAL_LAMDA/Local_Lamda_midi/midi_guide/64dd39e2f3b96a19/song_package.yaml
2025-10-26 14:05:13 [INFO] Backed up existing package to data/Los-Angeles-MIDI/LOCAL_LAMDA/Local_Lamda_midi/midi_guide/6486838608139bc1/song_package.yaml.bak
2025-10-26 14:05:13 [INFO] ✓ Created: data/Los-Angeles-MIDI/LOCAL_LAMDA/Local_Lamda_midi/midi_guide/6486838608139bc1/song_package.yaml
2025-10-26 14:05:13 [INFO] Backed up existing package to data/Los-Angeles-MIDI/LOCAL_LAMDA/Local_Lamda_midi/midi_guide/64f05b786560fdf4/song_package.yaml.bak
2025-10-26 14:05:13 [INFO] ✓ Created: data/Los-Angeles-MIDI/LOCAL_LAMDA/Local_Lamda_midi/midi_guide/64f05b786560fdf4/song_package.yaml
2025-10-26 14:05:13 [INFO] Backed up existing package to data/Los-Angeles-MIDI/LOCAL_LAMDA/Local_Lamda_midi/midi_guide/64fb74889ce6b1df/song_package.yaml.bak
2025-10-26 14:05:13 [INFO] ✓ Created: data/Los-Angeles-MIDI/LOCAL_LAMDA/Local_Lamda_midi/midi_guide/64fb74889ce6b1df/song_package.yaml
2025-10-26 14:05:13 [INFO] Backed up existing package to data/Los-Angeles-MIDI/LOCAL_LAMDA/Local_Lamda_midi/midi_guide/650f0688f69cb220/song_package.yaml.bak
2025-10-26 14:05:13 [INFO] ✓ Created: data/Los-Angeles-MIDI/LOCAL_LAMDA/Local_Lamda_midi/midi_guide/650f0688f69cb220/song_package.yaml
2025-10-26 14:05:13 [INFO] Backed up existing package to data/Los-Angeles-MIDI/LOCAL_LAMDA/Local_Lamda_midi/midi_guide/6522eb5abea20eed/song_package.yaml.bak
2025-10-26 14:05:13 [INFO] ✓ Created: data/Los-Angeles-MIDI/LOCAL_LAMDA/Local_Lamda_midi/midi_guide/6522eb5abea20eed/song_package.yaml
2025-10-26 14:05:13 [INFO] Backed up existing package to data/Los-Angeles-MIDI/LOCAL_LAMDA/Local_Lamda_midi/midi_guide/6557c3fe0f62bdc1/song_package.yaml.bak
2025-10-26 14:05:13 [INFO] ✓ Created: data/Los-Angeles-MIDI/LOCAL_LAMDA/Local_Lamda_midi/midi_guide/6557c3fe0f62bdc1/song_package.yaml
2025-10-26 14:05:13 [INFO] Backed up existing package to data/Los-Angeles-MIDI/LOCAL_LAMDA/Local_Lamda_midi/midi_guide/654d913564b18acf/song_package.yaml.bak
2025-10-26 14:05:13 [INFO] ✓ Created: data/Los-Angeles-MIDI/LOCAL_LAMDA/Local_Lamda_midi/midi_guide/654d913564b18acf/song_package.yaml
2025-10-26 14:05:13 [INFO] Backed up existing package to data/Los-Angeles-MIDI/LOCAL_LAMDA/Local_Lamda_midi/midi_guide/65418049e500b2e8/song_package.yaml.bak
2025-10-26 14:05:13 [INFO] ✓ Created: data/Los-Angeles-MIDI/LOCAL_LAMDA/Local_Lamda_midi/midi_guide/65418049e500b2e8/song_package.yaml
2025-10-26 14:05:13 [INFO] Backed up existing package to data/Los-Angeles-MIDI/LOCAL_LAMDA/Local_Lamda_midi/midi_guide/658b935773fb48e1/song_package.yaml.bak
2025-10-26 14:05:13 [INFO] ✓ Created: data/Los-Angeles-MIDI/LOCAL_LAMDA/Local_Lamda_midi/midi_guide/658b935773fb48e1/song_package.yaml
2025-10-26 14:05:13 [INFO] Backed up existing package to data/Los-Angeles-MIDI/LOCAL_LAMDA/Local_Lamda_midi/midi_guide/655e2e1f60b58831/song_package.yaml.bak
2025-10-26 14:05:13 [INFO] ✓ Created: data/Los-Angeles-MIDI/LOCAL_LAMDA/Local_Lamda_midi/midi_guide/655e2e1f60b58831/song_package.yaml
2025-10-26 14:05:13 [INFO] Backed up existing package to data/Los-Angeles-MIDI/LOCAL_LAMDA/Local_Lamda_midi/midi_guide/65d40627d41361d8/song_package.yaml.bak
2025-10-26 14:05:13 [INFO] ✓ Created: data/Los-Angeles-MIDI/LOCAL_LAMDA/Local_Lamda_midi/midi_guide/65d40627d41361d8/song_package.yaml
2025-10-26 14:05:13 [INFO] Backed up existing package to data/Los-Angeles-MIDI/LOCAL_LAMDA/Local_Lamda_midi/midi_guide/6611038724cb0291/song_package.yaml.bak
2025-10-26 14:05:13 [INFO] ✓ Created: data/Los-Angeles-MIDI/LOCAL_LAMDA/Local_Lamda_midi/midi_guide/6611038724cb0291/song_package.yaml
2025-10-26 14:05:13 [INFO] Backed up existing package to data/Los-Angeles-MIDI/LOCAL_LAMDA/Local_Lamda_midi/midi_guide/664d6b8d6e638911/song_package.yaml.bak
2025-10-26 14:05:13 [INFO] ✓ Created: data/Los-Angeles-MIDI/LOCAL_LAMDA/Local_Lamda_midi/midi_guide/664d6b8d6e638911/song_package.yaml
2025-10-26 14:05:13 [INFO] Backed up existing package to data/Los-Angeles-MIDI/LOCAL_LAMDA/Local_Lamda_midi/midi_guide/6602da6cad2c9d6c/song_package.yaml.bak
2025-10-26 14:05:13 [INFO] ✓ Created: data/Los-Angeles-MIDI/LOCAL_LAMDA/Local_Lamda_midi/midi_guide/6602da6cad2c9d6c/song_package.yaml
2025-10-26 14:05:13 [INFO] Backed up existing package to data/Los-Angeles-MIDI/LOCAL_LAMDA/Local_Lamda_midi/midi_guide/66bd0fdca436a1de/song_package.yaml.bak
2025-10-26 14:05:13 [INFO] ✓ Created: data/Los-Angeles-MIDI/LOCAL_LAMDA/Local_Lamda_midi/midi_guide/66bd0fdca436a1de/song_package.yaml
2025-10-26 14:05:13 [INFO] Backed up existing package to data/Los-Angeles-MIDI/LOCAL_LAMDA/Local_Lamda_midi/midi_guide/66b495c58906018c/song_package.yaml.bak
2025-10-26 14:05:13 [INFO] ✓ Created: data/Los-Angeles-MIDI/LOCAL_LAMDA/Local_Lamda_midi/midi_guide/66b495c58906018c/song_package.yaml
2025-10-26 14:05:13 [INFO] Backed up existing package to data/Los-Angeles-MIDI/LOCAL_LAMDA/Local_Lamda_midi/midi_guide/66c1dd3ae0ec73a5/song_package.yaml.bak
2025-10-26 14:05:13 [INFO] ✓ Created: data/Los-Angeles-MIDI/LOCAL_LAMDA/Local_Lamda_midi/midi_guide/66c1dd3ae0ec73a5/song_package.yaml
2025-10-26 14:05:13 [INFO] Backed up existing package to data/Los-Angeles-MIDI/LOCAL_LAMDA/Local_Lamda_midi/midi_guide/66909f43982a80b6/song_package.yaml.bak
2025-10-26 14:05:13 [INFO] ✓ Created: data/Los-Angeles-MIDI/LOCAL_LAMDA/Local_Lamda_midi/midi_guide/66909f43982a80b6/song_package.yaml
2025-10-26 14:05:13 [INFO] Backed up existing package to data/Los-Angeles-MIDI/LOCAL_LAMDA/Local_Lamda_midi/midi_guide/66d430e41e2ecb49/song_package.yaml.bak
2025-10-26 14:05:13 [INFO] ✓ Created: data/Los-Angeles-MIDI/LOCAL_LAMDA/Local_Lamda_midi/midi_guide/66d430e41e2ecb49/song_package.yaml
2025-10-26 14:05:13 [INFO] Backed up existing package to data/Los-Angeles-MIDI/LOCAL_LAMDA/Local_Lamda_midi/midi_guide/66bbb9a12cffe05e/song_package.yaml.bak
2025-10-26 14:05:13 [INFO] ✓ Created: data/Los-Angeles-MIDI/LOCAL_LAMDA/Local_Lamda_midi/midi_guide/66bbb9a12cffe05e/song_package.yaml
2025-10-26 14:05:13 [INFO] Backed up existing package to data/Los-Angeles-MIDI/LOCAL_LAMDA/Local_Lamda_midi/midi_guide/67142f34fd3de695/song_package.yaml.bak
2025-10-26 14:05:13 [INFO] ✓ Created: data/Los-Angeles-MIDI/LOCAL_LAMDA/Local_Lamda_midi/midi_guide/67142f34fd3de695/song_package.yaml
2025-10-26 14:05:13 [INFO] Backed up existing package to data/Los-Angeles-MIDI/LOCAL_LAMDA/Local_Lamda_midi/midi_guide/6747e72fbd260949/song_package.yaml.bak
2025-10-26 14:05:13 [INFO] ✓ Created: data/Los-Angeles-MIDI/LOCAL_LAMDA/Local_Lamda_midi/midi_guide/6747e72fbd260949/song_package.yaml
2025-10-26 14:05:13 [INFO] Backed up existing package to data/Los-Angeles-MIDI/LOCAL_LAMDA/Local_Lamda_midi/midi_guide/672f4741610e5018/song_package.yaml.bak
2025-10-26 14:05:13 [INFO] ✓ Created: data/Los-Angeles-MIDI/LOCAL_LAMDA/Local_Lamda_midi/midi_guide/672f4741610e5018/song_package.yaml
2025-10-26 14:05:13 [INFO] Backed up existing package to data/Los-Angeles-MIDI/LOCAL_LAMDA/Local_Lamda_midi/midi_guide/67b3f54ead5028bd/song_package.yaml.bak
2025-10-26 14:05:13 [INFO] ✓ Created: data/Los-Angeles-MIDI/LOCAL_LAMDA/Local_Lamda_midi/midi_guide/67b3f54ead5028bd/song_package.yaml
2025-10-26 14:05:13 [INFO] Backed up existing package to data/Los-Angeles-MIDI/LOCAL_LAMDA/Local_Lamda_midi/midi_guide/67d02faeb2febaa8/song_package.yaml.bak
2025-10-26 14:05:13 [INFO] ✓ Created: data/Los-Angeles-MIDI/LOCAL_LAMDA/Local_Lamda_midi/midi_guide/67d02faeb2febaa8/song_package.yaml
2025-10-26 14:05:13 [INFO] Backed up existing package to data/Los-Angeles-MIDI/LOCAL_LAMDA/Local_Lamda_midi/midi_guide/67ee6a0fbaaed8b5/song_package.yaml.bak
2025-10-26 14:05:13 [INFO] ✓ Created: data/Los-Angeles-MIDI/LOCAL_LAMDA/Local_Lamda_midi/midi_guide/67ee6a0fbaaed8b5/song_package.yaml
2025-10-26 14:05:13 [INFO] Backed up existing package to data/Los-Angeles-MIDI/LOCAL_LAMDA/Local_Lamda_midi/midi_guide/68720093813f5072/song_package.yaml.bak
2025-10-26 14:05:13 [INFO] ✓ Created: data/Los-Angeles-MIDI/LOCAL_LAMDA/Local_Lamda_midi/midi_guide/68720093813f5072/song_package.yaml
2025-10-26 14:05:13 [INFO] Backed up existing package to data/Los-Angeles-MIDI/LOCAL_LAMDA/Local_Lamda_midi/midi_guide/687c4a8066507bda/song_package.yaml.bak
2025-10-26 14:05:13 [INFO] ✓ Created: data/Los-Angeles-MIDI/LOCAL_LAMDA/Local_Lamda_midi/midi_guide/687c4a8066507bda/song_package.yaml
2025-10-26 14:05:13 [INFO] Backed up existing package to data/Los-Angeles-MIDI/LOCAL_LAMDA/Local_Lamda_midi/midi_guide/68a64931517fdcb5/song_package.yaml.bak
2025-10-26 14:05:13 [INFO] ✓ Created: data/Los-Angeles-MIDI/LOCAL_LAMDA/Local_Lamda_midi/midi_guide/68a64931517fdcb5/song_package.yaml
2025-10-26 14:05:13 [INFO] Backed up existing package to data/Los-Angeles-MIDI/LOCAL_LAMDA/Local_Lamda_midi/midi_guide/687e6865a06a9696/song_package.yaml.bak
2025-10-26 14:05:13 [INFO] ✓ Created: data/Los-Angeles-MIDI/LOCAL_LAMDA/Local_Lamda_midi/midi_guide/687e6865a06a9696/song_package.yaml
2025-10-26 14:05:13 [INFO] Backed up existing package to data/Los-Angeles-MIDI/LOCAL_LAMDA/Local_Lamda_midi/midi_guide/68fb5bcc6366f03c/song_package.yaml.bak
2025-10-26 14:05:13 [INFO] ✓ Created: data/Los-Angeles-MIDI/LOCAL_LAMDA/Local_Lamda_midi/midi_guide/68fb5bcc6366f03c/song_package.yaml
2025-10-26 14:05:13 [INFO] Backed up existing package to data/Los-Angeles-MIDI/LOCAL_LAMDA/Local_Lamda_midi/midi_guide/68ed9174da43f24c/song_package.yaml.bak
2025-10-26 14:05:13 [INFO] ✓ Created: data/Los-Angeles-MIDI/LOCAL_LAMDA/Local_Lamda_midi/midi_guide/68ed9174da43f24c/song_package.yaml
2025-10-26 14:05:13 [INFO] Backed up existing package to data/Los-Angeles-MIDI/LOCAL_LAMDA/Local_Lamda_midi/midi_guide/6991cbf071837795/song_package.yaml.bak
2025-10-26 14:05:13 [INFO] ✓ Created: data/Los-Angeles-MIDI/LOCAL_LAMDA/Local_Lamda_midi/midi_guide/6991cbf071837795/song_package.yaml
2025-10-26 14:05:13 [INFO] Backed up existing package to data/Los-Angeles-MIDI/LOCAL_LAMDA/Local_Lamda_midi/midi_guide/699f174df9981e6a/song_package.yaml.bak
2025-10-26 14:05:13 [INFO] ✓ Created: data/Los-Angeles-MIDI/LOCAL_LAMDA/Local_Lamda_midi/midi_guide/699f174df9981e6a/song_package.yaml
2025-10-26 14:05:13 [INFO] Backed up existing package to data/Los-Angeles-MIDI/LOCAL_LAMDA/Local_Lamda_midi/midi_guide/6993d178f460dc24/song_package.yaml.bak
2025-10-26 14:05:13 [INFO] ✓ Created: data/Los-Angeles-MIDI/LOCAL_LAMDA/Local_Lamda_midi/midi_guide/6993d178f460dc24/song_package.yaml
2025-10-26 14:05:13 [INFO] Backed up existing package to data/Los-Angeles-MIDI/LOCAL_LAMDA/Local_Lamda_midi/midi_guide/69eb55b8035d7f39/song_package.yaml.bak
2025-10-26 14:05:13 [INFO] ✓ Created: data/Los-Angeles-MIDI/LOCAL_LAMDA/Local_Lamda_midi/midi_guide/69eb55b8035d7f39/song_package.yaml
2025-10-26 14:05:13 [INFO] Backed up existing package to data/Los-Angeles-MIDI/LOCAL_LAMDA/Local_Lamda_midi/midi_guide/69befac739749290/song_package.yaml.bak
2025-10-26 14:05:13 [INFO] ✓ Created: data/Los-Angeles-MIDI/LOCAL_LAMDA/Local_Lamda_midi/midi_guide/69befac739749290/song_package.yaml
2025-10-26 14:05:13 [INFO] Backed up existing package to data/Los-Angeles-MIDI/LOCAL_LAMDA/Local_Lamda_midi/midi_guide/6a0e365cdc028eff/song_package.yaml.bak
2025-10-26 14:05:13 [INFO] ✓ Created: data/Los-Angeles-MIDI/LOCAL_LAMDA/Local_Lamda_midi/midi_guide/6a0e365cdc028eff/song_package.yaml
2025-10-26 14:05:13 [INFO] Backed up existing package to data/Los-Angeles-MIDI/LOCAL_LAMDA/Local_Lamda_midi/midi_guide/6a0aa28eb6c3568d/song_package.yaml.bak
2025-10-26 14:05:13 [INFO] ✓ Created: data/Los-Angeles-MIDI/LOCAL_LAMDA/Local_Lamda_midi/midi_guide/6a0aa28eb6c3568d/song_package.yaml
2025-10-26 14:05:13 [INFO] Backed up existing package to data/Los-Angeles-MIDI/LOCAL_LAMDA/Local_Lamda_midi/midi_guide/6a9179bf353dddca/song_package.yaml.bak
2025-10-26 14:05:13 [INFO] ✓ Created: data/Los-Angeles-MIDI/LOCAL_LAMDA/Local_Lamda_midi/midi_guide/6a9179bf353dddca/song_package.yaml
2025-10-26 14:05:13 [INFO] Backed up existing package to data/Los-Angeles-MIDI/LOCAL_LAMDA/Local_Lamda_midi/midi_guide/6acb404a52fc975b/song_package.yaml.bak
2025-10-26 14:05:13 [INFO] ✓ Created: data/Los-Angeles-MIDI/LOCAL_LAMDA/Local_Lamda_midi/midi_guide/6acb404a52fc975b/song_package.yaml
2025-10-26 14:05:13 [INFO] Backed up existing package to data/Los-Angeles-MIDI/LOCAL_LAMDA/Local_Lamda_midi/midi_guide/6a92a33b6b9f6612/song_package.yaml.bak
2025-10-26 14:05:13 [INFO] ✓ Created: data/Los-Angeles-MIDI/LOCAL_LAMDA/Local_Lamda_midi/midi_guide/6a92a33b6b9f6612/song_package.yaml
2025-10-26 14:05:13 [INFO] Backed up existing package to data/Los-Angeles-MIDI/LOCAL_LAMDA/Local_Lamda_midi/midi_guide/6afba70f19fd96a6/song_package.yaml.bak
2025-10-26 14:05:13 [INFO] ✓ Created: data/Los-Angeles-MIDI/LOCAL_LAMDA/Local_Lamda_midi/midi_guide/6afba70f19fd96a6/song_package.yaml
2025-10-26 14:05:13 [INFO] Backed up existing package to data/Los-Angeles-MIDI/LOCAL_LAMDA/Local_Lamda_midi/midi_guide/6ace5fb88f3f02e5/song_package.yaml.bak
2025-10-26 14:05:13 [INFO] ✓ Created: data/Los-Angeles-MIDI/LOCAL_LAMDA/Local_Lamda_midi/midi_guide/6ace5fb88f3f02e5/song_package.yaml
2025-10-26 14:05:13 [INFO] Backed up existing package to data/Los-Angeles-MIDI/LOCAL_LAMDA/Local_Lamda_midi/midi_guide/6bb852588f97143e/song_package.yaml.bak
2025-10-26 14:05:13 [INFO] ✓ Created: data/Los-Angeles-MIDI/LOCAL_LAMDA/Local_Lamda_midi/midi_guide/6bb852588f97143e/song_package.yaml
2025-10-26 14:05:13 [INFO] Backed up existing package to data/Los-Angeles-MIDI/LOCAL_LAMDA/Local_Lamda_midi/midi_guide/6bb0bb32f8281102/song_package.yaml.bak
2025-10-26 14:05:13 [INFO] ✓ Created: data/Los-Angeles-MIDI/LOCAL_LAMDA/Local_Lamda_midi/midi_guide/6bb0bb32f8281102/song_package.yaml
2025-10-26 14:05:13 [INFO] Backed up existing package to data/Los-Angeles-MIDI/LOCAL_LAMDA/Local_Lamda_midi/midi_guide/6c2b500006fc51f2/song_package.yaml.bak
2025-10-26 14:05:13 [INFO] ✓ Created: data/Los-Angeles-MIDI/LOCAL_LAMDA/Local_Lamda_midi/midi_guide/6c2b500006fc51f2/song_package.yaml
2025-10-26 14:05:13 [INFO] Backed up existing package to data/Los-Angeles-MIDI/LOCAL_LAMDA/Local_Lamda_midi/midi_guide/6c20fefa6adfd67b/song_package.yaml.bak
2025-10-26 14:05:13 [INFO] ✓ Created: data/Los-Angeles-MIDI/LOCAL_LAMDA/Local_Lamda_midi/midi_guide/6c20fefa6adfd67b/song_package.yaml
2025-10-26 14:05:13 [INFO] Backed up existing package to data/Los-Angeles-MIDI/LOCAL_LAMDA/Local_Lamda_midi/midi_guide/6beafcd3f8fc8e77/song_package.yaml.bak
2025-10-26 14:05:13 [INFO] ✓ Created: data/Los-Angeles-MIDI/LOCAL_LAMDA/Local_Lamda_midi/midi_guide/6beafcd3f8fc8e77/song_package.yaml
2025-10-26 14:05:13 [INFO] Backed up existing package to data/Los-Angeles-MIDI/LOCAL_LAMDA/Local_Lamda_midi/midi_guide/6bea142487166219/song_package.yaml.bak
2025-10-26 14:05:13 [INFO] ✓ Created: data/Los-Angeles-MIDI/LOCAL_LAMDA/Local_Lamda_midi/midi_guide/6bea142487166219/song_package.yaml
2025-10-26 14:05:13 [INFO] Backed up existing package to data/Los-Angeles-MIDI/LOCAL_LAMDA/Local_Lamda_midi/midi_guide/6bfcf22c4db6fc98/song_package.yaml.bak
2025-10-26 14:05:13 [INFO] ✓ Created: data/Los-Angeles-MIDI/LOCAL_LAMDA/Local_Lamda_midi/midi_guide/6bfcf22c4db6fc98/song_package.yaml
2025-10-26 14:05:13 [INFO] Backed up existing package to data/Los-Angeles-MIDI/LOCAL_LAMDA/Local_Lamda_midi/midi_guide/6c5886d9c1635755/song_package.yaml.bak
2025-10-26 14:05:13 [INFO] ✓ Created: data/Los-Angeles-MIDI/LOCAL_LAMDA/Local_Lamda_midi/midi_guide/6c5886d9c1635755/song_package.yaml
2025-10-26 14:05:13 [INFO] Backed up existing package to data/Los-Angeles-MIDI/LOCAL_LAMDA/Local_Lamda_midi/midi_guide/6c7f1128d54f64ec/song_package.yaml.bak
2025-10-26 14:05:13 [INFO] ✓ Created: data/Los-Angeles-MIDI/LOCAL_LAMDA/Local_Lamda_midi/midi_guide/6c7f1128d54f64ec/song_package.yaml
2025-10-26 14:05:13 [INFO] Backed up existing package to data/Los-Angeles-MIDI/LOCAL_LAMDA/Local_Lamda_midi/midi_guide/6c35e261b6db349b/song_package.yaml.bak
2025-10-26 14:05:13 [INFO] ✓ Created: data/Los-Angeles-MIDI/LOCAL_LAMDA/Local_Lamda_midi/midi_guide/6c35e261b6db349b/song_package.yaml
2025-10-26 14:05:13 [INFO] Backed up existing package to data/Los-Angeles-MIDI/LOCAL_LAMDA/Local_Lamda_midi/midi_guide/6cbd241c7f09b9c1/song_package.yaml.bak
2025-10-26 14:05:13 [INFO] ✓ Created: data/Los-Angeles-MIDI/LOCAL_LAMDA/Local_Lamda_midi/midi_guide/6cbd241c7f09b9c1/song_package.yaml
2025-10-26 14:05:13 [INFO] Backed up existing package to data/Los-Angeles-MIDI/LOCAL_LAMDA/Local_Lamda_midi/midi_guide/6c5fdf14431e9eaa/song_package.yaml.bak
2025-10-26 14:05:13 [INFO] ✓ Created: data/Los-Angeles-MIDI/LOCAL_LAMDA/Local_Lamda_midi/midi_guide/6c5fdf14431e9eaa/song_package.yaml
2025-10-26 14:05:13 [INFO] Backed up existing package to data/Los-Angeles-MIDI/LOCAL_LAMDA/Local_Lamda_midi/midi_guide/6cf16bdf9eb92cee/song_package.yaml.bak
2025-10-26 14:05:13 [INFO] ✓ Created: data/Los-Angeles-MIDI/LOCAL_LAMDA/Local_Lamda_midi/midi_guide/6cf16bdf9eb92cee/song_package.yaml
2025-10-26 14:05:13 [INFO] Backed up existing package to data/Los-Angeles-MIDI/LOCAL_LAMDA/Local_Lamda_midi/midi_guide/6d022bcc6ba867e5/song_package.yaml.bak
2025-10-26 14:05:13 [INFO] ✓ Created: data/Los-Angeles-MIDI/LOCAL_LAMDA/Local_Lamda_midi/midi_guide/6d022bcc6ba867e5/song_package.yaml
2025-10-26 14:05:13 [INFO] Backed up existing package to data/Los-Angeles-MIDI/LOCAL_LAMDA/Local_Lamda_midi/midi_guide/6d074c6aedaa1f70/song_package.yaml.bak
2025-10-26 14:05:13 [INFO] ✓ Created: data/Los-Angeles-MIDI/LOCAL_LAMDA/Local_Lamda_midi/midi_guide/6d074c6aedaa1f70/song_package.yaml
2025-10-26 14:05:13 [INFO] Backed up existing package to data/Los-Angeles-MIDI/LOCAL_LAMDA/Local_Lamda_midi/midi_guide/6d217f40977fa5b2/song_package.yaml.bak
2025-10-26 14:05:13 [INFO] ✓ Created: data/Los-Angeles-MIDI/LOCAL_LAMDA/Local_Lamda_midi/midi_guide/6d217f40977fa5b2/song_package.yaml
2025-10-26 14:05:13 [INFO] Backed up existing package to data/Los-Angeles-MIDI/LOCAL_LAMDA/Local_Lamda_midi/midi_guide/6d25713e3cf37e12/song_package.yaml.bak
2025-10-26 14:05:13 [INFO] ✓ Created: data/Los-Angeles-MIDI/LOCAL_LAMDA/Local_Lamda_midi/midi_guide/6d25713e3cf37e12/song_package.yaml
2025-10-26 14:05:13 [INFO] Backed up existing package to data/Los-Angeles-MIDI/LOCAL_LAMDA/Local_Lamda_midi/midi_guide/6d0e8bbc7a3c2a9a/song_package.yaml.bak
2025-10-26 14:05:13 [INFO] ✓ Created: data/Los-Angeles-MIDI/LOCAL_LAMDA/Local_Lamda_midi/midi_guide/6d0e8bbc7a3c2a9a/song_package.yaml
2025-10-26 14:05:13 [INFO] Backed up existing package to data/Los-Angeles-MIDI/LOCAL_LAMDA/Local_Lamda_midi/midi_guide/6dabf963c1e559d7/song_package.yaml.bak
2025-10-26 14:05:13 [INFO] ✓ Created: data/Los-Angeles-MIDI/LOCAL_LAMDA/Local_Lamda_midi/midi_guide/6dabf963c1e559d7/song_package.yaml
2025-10-26 14:05:13 [INFO] Backed up existing package to data/Los-Angeles-MIDI/LOCAL_LAMDA/Local_Lamda_midi/midi_guide/6dc1c746c9cbb5bf/song_package.yaml.bak
2025-10-26 14:05:13 [INFO] ✓ Created: data/Los-Angeles-MIDI/LOCAL_LAMDA/Local_Lamda_midi/midi_guide/6dc1c746c9cbb5bf/song_package.yaml
2025-10-26 14:05:13 [INFO] Backed up existing package to data/Los-Angeles-MIDI/LOCAL_LAMDA/Local_Lamda_midi/midi_guide/6dc297afba1fa71d/song_package.yaml.bak
2025-10-26 14:05:13 [INFO] ✓ Created: data/Los-Angeles-MIDI/LOCAL_LAMDA/Local_Lamda_midi/midi_guide/6dc297afba1fa71d/song_package.yaml
2025-10-26 14:05:13 [INFO] Backed up existing package to data/Los-Angeles-MIDI/LOCAL_LAMDA/Local_Lamda_midi/midi_guide/6e99922d9edacd88/song_package.yaml.bak
2025-10-26 14:05:13 [INFO] ✓ Created: data/Los-Angeles-MIDI/LOCAL_LAMDA/Local_Lamda_midi/midi_guide/6e99922d9edacd88/song_package.yaml
2025-10-26 14:05:13 [INFO] Backed up existing package to data/Los-Angeles-MIDI/LOCAL_LAMDA/Local_Lamda_midi/midi_guide/6e7ffe5dedd868e7/song_package.yaml.bak
2025-10-26 14:05:13 [INFO] ✓ Created: data/Los-Angeles-MIDI/LOCAL_LAMDA/Local_Lamda_midi/midi_guide/6e7ffe5dedd868e7/song_package.yaml
2025-10-26 14:05:13 [INFO] Backed up existing package to data/Los-Angeles-MIDI/LOCAL_LAMDA/Local_Lamda_midi/midi_guide/6e84376f9a8b258f/song_package.yaml.bak
2025-10-26 14:05:13 [INFO] ✓ Created: data/Los-Angeles-MIDI/LOCAL_LAMDA/Local_Lamda_midi/midi_guide/6e84376f9a8b258f/song_package.yaml
2025-10-26 14:05:13 [INFO] Backed up existing package to data/Los-Angeles-MIDI/LOCAL_LAMDA/Local_Lamda_midi/midi_guide/6e9ae42b4f005127/song_package.yaml.bak
2025-10-26 14:05:13 [INFO] ✓ Created: data/Los-Angeles-MIDI/LOCAL_LAMDA/Local_Lamda_midi/midi_guide/6e9ae42b4f005127/song_package.yaml
2025-10-26 14:05:13 [INFO] Backed up existing package to data/Los-Angeles-MIDI/LOCAL_LAMDA/Local_Lamda_midi/midi_guide/6ec65838b1d97fc7/song_package.yaml.bak
2025-10-26 14:05:13 [INFO] ✓ Created: data/Los-Angeles-MIDI/LOCAL_LAMDA/Local_Lamda_midi/midi_guide/6ec65838b1d97fc7/song_package.yaml
2025-10-26 14:05:13 [INFO] Backed up existing package to data/Los-Angeles-MIDI/LOCAL_LAMDA/Local_Lamda_midi/midi_guide/6ee8e6024823bd95/song_package.yaml.bak
2025-10-26 14:05:13 [INFO] ✓ Created: data/Los-Angeles-MIDI/LOCAL_LAMDA/Local_Lamda_midi/midi_guide/6ee8e6024823bd95/song_package.yaml
2025-10-26 14:05:13 [INFO] Backed up existing package to data/Los-Angeles-MIDI/LOCAL_LAMDA/Local_Lamda_midi/midi_guide/6f3b8d14db91ee59/song_package.yaml.bak
2025-10-26 14:05:13 [INFO] ✓ Created: data/Los-Angeles-MIDI/LOCAL_LAMDA/Local_Lamda_midi/midi_guide/6f3b8d14db91ee59/song_package.yaml
2025-10-26 14:05:13 [INFO] Backed up existing package to data/Los-Angeles-MIDI/LOCAL_LAMDA/Local_Lamda_midi/midi_guide/6f64eccf4631cc34/song_package.yaml.bak
2025-10-26 14:05:13 [INFO] ✓ Created: data/Los-Angeles-MIDI/LOCAL_LAMDA/Local_Lamda_midi/midi_guide/6f64eccf4631cc34/song_package.yaml
2025-10-26 14:05:13 [INFO] Backed up existing package to data/Los-Angeles-MIDI/LOCAL_LAMDA/Local_Lamda_midi/midi_guide/6f8013401dff6852/song_package.yaml.bak
2025-10-26 14:05:13 [INFO] ✓ Created: data/Los-Angeles-MIDI/LOCAL_LAMDA/Local_Lamda_midi/midi_guide/6f8013401dff6852/song_package.yaml
2025-10-26 14:05:13 [INFO] Backed up existing package to data/Los-Angeles-MIDI/LOCAL_LAMDA/Local_Lamda_midi/midi_guide/6f5a7a93d856ea10/song_package.yaml.bak
2025-10-26 14:05:13 [INFO] ✓ Created: data/Los-Angeles-MIDI/LOCAL_LAMDA/Local_Lamda_midi/midi_guide/6f5a7a93d856ea10/song_package.yaml
2025-10-26 14:05:13 [INFO] Backed up existing package to data/Los-Angeles-MIDI/LOCAL_LAMDA/Local_Lamda_midi/midi_guide/6f958e5ea2689439/song_package.yaml.bak
2025-10-26 14:05:13 [INFO] ✓ Created: data/Los-Angeles-MIDI/LOCAL_LAMDA/Local_Lamda_midi/midi_guide/6f958e5ea2689439/song_package.yaml
2025-10-26 14:05:13 [INFO] Backed up existing package to data/Los-Angeles-MIDI/LOCAL_LAMDA/Local_Lamda_midi/midi_guide/6f820f9e9acbebe9/song_package.yaml.bak
2025-10-26 14:05:13 [INFO] ✓ Created: data/Los-Angeles-MIDI/LOCAL_LAMDA/Local_Lamda_midi/midi_guide/6f820f9e9acbebe9/song_package.yaml
2025-10-26 14:05:13 [INFO] Backed up existing package to data/Los-Angeles-MIDI/LOCAL_LAMDA/Local_Lamda_midi/midi_guide/702a07d0366f8696/song_package.yaml.bak
2025-10-26 14:05:13 [INFO] ✓ Created: data/Los-Angeles-MIDI/LOCAL_LAMDA/Local_Lamda_midi/midi_guide/702a07d0366f8696/song_package.yaml
2025-10-26 14:05:13 [INFO] Backed up existing package to data/Los-Angeles-MIDI/LOCAL_LAMDA/Local_Lamda_midi/midi_guide/700cb242cb9b8b0e/song_package.yaml.bak
2025-10-26 14:05:13 [INFO] ✓ Created: data/Los-Angeles-MIDI/LOCAL_LAMDA/Local_Lamda_midi/midi_guide/700cb242cb9b8b0e/song_package.yaml
2025-10-26 14:05:13 [INFO] Backed up existing package to data/Los-Angeles-MIDI/LOCAL_LAMDA/Local_Lamda_midi/midi_guide/70237138dcef46b7/song_package.yaml.bak
2025-10-26 14:05:13 [INFO] ✓ Created: data/Los-Angeles-MIDI/LOCAL_LAMDA/Local_Lamda_midi/midi_guide/70237138dcef46b7/song_package.yaml
2025-10-26 14:05:13 [INFO] Backed up existing package to data/Los-Angeles-MIDI/LOCAL_LAMDA/Local_Lamda_midi/midi_guide/70532271449857a0/song_package.yaml.bak
2025-10-26 14:05:13 [INFO] ✓ Created: data/Los-Angeles-MIDI/LOCAL_LAMDA/Local_Lamda_midi/midi_guide/70532271449857a0/song_package.yaml
2025-10-26 14:05:13 [INFO] Backed up existing package to data/Los-Angeles-MIDI/LOCAL_LAMDA/Local_Lamda_midi/midi_guide/708583c9c19795e2/song_package.yaml.bak
2025-10-26 14:05:13 [INFO] ✓ Created: data/Los-Angeles-MIDI/LOCAL_LAMDA/Local_Lamda_midi/midi_guide/708583c9c19795e2/song_package.yaml
2025-10-26 14:05:13 [INFO] Backed up existing package to data/Los-Angeles-MIDI/LOCAL_LAMDA/Local_Lamda_midi/midi_guide/70d92c1aab6ce81f/song_package.yaml.bak
2025-10-26 14:05:13 [INFO] ✓ Created: data/Los-Angeles-MIDI/LOCAL_LAMDA/Local_Lamda_midi/midi_guide/70d92c1aab6ce81f/song_package.yaml
2025-10-26 14:05:13 [INFO] Backed up existing package to data/Los-Angeles-MIDI/LOCAL_LAMDA/Local_Lamda_midi/midi_guide/7086c294b2392b26/song_package.yaml.bak
2025-10-26 14:05:13 [INFO] ✓ Created: data/Los-Angeles-MIDI/LOCAL_LAMDA/Local_Lamda_midi/midi_guide/7086c294b2392b26/song_package.yaml
2025-10-26 14:05:13 [INFO] Backed up existing package to data/Los-Angeles-MIDI/LOCAL_LAMDA/Local_Lamda_midi/midi_guide/70d2f00f441be111/song_package.yaml.bak
2025-10-26 14:05:13 [INFO] ✓ Created: data/Los-Angeles-MIDI/LOCAL_LAMDA/Local_Lamda_midi/midi_guide/70d2f00f441be111/song_package.yaml
2025-10-26 14:05:13 [INFO] Backed up existing package to data/Los-Angeles-MIDI/LOCAL_LAMDA/Local_Lamda_midi/midi_guide/710db23522251b09/song_package.yaml.bak
2025-10-26 14:05:13 [INFO] ✓ Created: data/Los-Angeles-MIDI/LOCAL_LAMDA/Local_Lamda_midi/midi_guide/710db23522251b09/song_package.yaml
2025-10-26 14:05:13 [INFO] Backed up existing package to data/Los-Angeles-MIDI/LOCAL_LAMDA/Local_Lamda_midi/midi_guide/7142251ac1b9191f/song_package.yaml.bak
2025-10-26 14:05:13 [INFO] ✓ Created: data/Los-Angeles-MIDI/LOCAL_LAMDA/Local_Lamda_midi/midi_guide/7142251ac1b9191f/song_package.yaml
2025-10-26 14:05:13 [INFO] Backed up existing package to data/Los-Angeles-MIDI/LOCAL_LAMDA/Local_Lamda_midi/midi_guide/713c01f946fc6909/song_package.yaml.bak
2025-10-26 14:05:13 [INFO] ✓ Created: data/Los-Angeles-MIDI/LOCAL_LAMDA/Local_Lamda_midi/midi_guide/713c01f946fc6909/song_package.yaml
2025-10-26 14:05:13 [INFO] Backed up existing package to data/Los-Angeles-MIDI/LOCAL_LAMDA/Local_Lamda_midi/midi_guide/714f790742680f89/song_package.yaml.bak
2025-10-26 14:05:13 [INFO] ✓ Created: data/Los-Angeles-MIDI/LOCAL_LAMDA/Local_Lamda_midi/midi_guide/714f790742680f89/song_package.yaml
2025-10-26 14:05:13 [INFO] Backed up existing package to data/Los-Angeles-MIDI/LOCAL_LAMDA/Local_Lamda_midi/midi_guide/716d6528372677eb/song_package.yaml.bak
2025-10-26 14:05:13 [INFO] ✓ Created: data/Los-Angeles-MIDI/LOCAL_LAMDA/Local_Lamda_midi/midi_guide/716d6528372677eb/song_package.yaml
2025-10-26 14:05:13 [INFO] Backed up existing package to data/Los-Angeles-MIDI/LOCAL_LAMDA/Local_Lamda_midi/midi_guide/71a869e67eb4707e/song_package.yaml.bak
2025-10-26 14:05:13 [INFO] ✓ Created: data/Los-Angeles-MIDI/LOCAL_LAMDA/Local_Lamda_midi/midi_guide/71a869e67eb4707e/song_package.yaml
2025-10-26 14:05:13 [INFO] Backed up existing package to data/Los-Angeles-MIDI/LOCAL_LAMDA/Local_Lamda_midi/midi_guide/72050bc431e6cbce/song_package.yaml.bak
2025-10-26 14:05:13 [INFO] ✓ Created: data/Los-Angeles-MIDI/LOCAL_LAMDA/Local_Lamda_midi/midi_guide/72050bc431e6cbce/song_package.yaml
2025-10-26 14:05:13 [INFO] Backed up existing package to data/Los-Angeles-MIDI/LOCAL_LAMDA/Local_Lamda_midi/midi_guide/722e644bf1fa7dd4/song_package.yaml.bak
2025-10-26 14:05:13 [INFO] ✓ Created: data/Los-Angeles-MIDI/LOCAL_LAMDA/Local_Lamda_midi/midi_guide/722e644bf1fa7dd4/song_package.yaml
2025-10-26 14:05:13 [INFO] Backed up existing package to data/Los-Angeles-MIDI/LOCAL_LAMDA/Local_Lamda_midi/midi_guide/7225d64f64b48081/song_package.yaml.bak
2025-10-26 14:05:13 [INFO] ✓ Created: data/Los-Angeles-MIDI/LOCAL_LAMDA/Local_Lamda_midi/midi_guide/7225d64f64b48081/song_package.yaml
2025-10-26 14:05:13 [INFO] Backed up existing package to data/Los-Angeles-MIDI/LOCAL_LAMDA/Local_Lamda_midi/midi_guide/726a9a9ece1c6ce6/song_package.yaml.bak
2025-10-26 14:05:13 [INFO] ✓ Created: data/Los-Angeles-MIDI/LOCAL_LAMDA/Local_Lamda_midi/midi_guide/726a9a9ece1c6ce6/song_package.yaml
2025-10-26 14:05:13 [INFO] Backed up existing package to data/Los-Angeles-MIDI/LOCAL_LAMDA/Local_Lamda_midi/midi_guide/726e8f00c49c68ac/song_package.yaml.bak
2025-10-26 14:05:13 [INFO] ✓ Created: data/Los-Angeles-MIDI/LOCAL_LAMDA/Local_Lamda_midi/midi_guide/726e8f00c49c68ac/song_package.yaml
2025-10-26 14:05:13 [INFO] Backed up existing package to data/Los-Angeles-MIDI/LOCAL_LAMDA/Local_Lamda_midi/midi_guide/727cc12ffb8b3184/song_package.yaml.bak
2025-10-26 14:05:13 [INFO] ✓ Created: data/Los-Angeles-MIDI/LOCAL_LAMDA/Local_Lamda_midi/midi_guide/727cc12ffb8b3184/song_package.yaml
2025-10-26 14:05:13 [INFO] Backed up existing package to data/Los-Angeles-MIDI/LOCAL_LAMDA/Local_Lamda_midi/midi_guide/723414b9a0db4926/song_package.yaml.bak
2025-10-26 14:05:13 [INFO] ✓ Created: data/Los-Angeles-MIDI/LOCAL_LAMDA/Local_Lamda_midi/midi_guide/723414b9a0db4926/song_package.yaml
2025-10-26 14:05:13 [INFO] Backed up existing package to data/Los-Angeles-MIDI/LOCAL_LAMDA/Local_Lamda_midi/midi_guide/728346d88b926c89/song_package.yaml.bak
2025-10-26 14:05:13 [INFO] ✓ Created: data/Los-Angeles-MIDI/LOCAL_LAMDA/Local_Lamda_midi/midi_guide/728346d88b926c89/song_package.yaml
2025-10-26 14:05:13 [INFO] Backed up existing package to data/Los-Angeles-MIDI/LOCAL_LAMDA/Local_Lamda_midi/midi_guide/729138ac6f2674c1/song_package.yaml.bak
2025-10-26 14:05:13 [INFO] ✓ Created: data/Los-Angeles-MIDI/LOCAL_LAMDA/Local_Lamda_midi/midi_guide/729138ac6f2674c1/song_package.yaml
2025-10-26 14:05:13 [INFO] Backed up existing package to data/Los-Angeles-MIDI/LOCAL_LAMDA/Local_Lamda_midi/midi_guide/7294848fd8267ca8/song_package.yaml.bak
2025-10-26 14:05:13 [INFO] ✓ Created: data/Los-Angeles-MIDI/LOCAL_LAMDA/Local_Lamda_midi/midi_guide/7294848fd8267ca8/song_package.yaml
2025-10-26 14:05:13 [INFO] Backed up existing package to data/Los-Angeles-MIDI/LOCAL_LAMDA/Local_Lamda_midi/midi_guide/72e8520b25a63c83/song_package.yaml.bak
2025-10-26 14:05:13 [INFO] ✓ Created: data/Los-Angeles-MIDI/LOCAL_LAMDA/Local_Lamda_midi/midi_guide/72e8520b25a63c83/song_package.yaml
2025-10-26 14:05:13 [INFO] Backed up existing package to data/Los-Angeles-MIDI/LOCAL_LAMDA/Local_Lamda_midi/midi_guide/72abab6b7b486dc3/song_package.yaml.bak
2025-10-26 14:05:13 [INFO] ✓ Created: data/Los-Angeles-MIDI/LOCAL_LAMDA/Local_Lamda_midi/midi_guide/72abab6b7b486dc3/song_package.yaml
2025-10-26 14:05:13 [INFO] Backed up existing package to data/Los-Angeles-MIDI/LOCAL_LAMDA/Local_Lamda_midi/midi_guide/730876fe05fa1079/song_package.yaml.bak
2025-10-26 14:05:13 [INFO] ✓ Created: data/Los-Angeles-MIDI/LOCAL_LAMDA/Local_Lamda_midi/midi_guide/730876fe05fa1079/song_package.yaml
2025-10-26 14:05:13 [INFO] Backed up existing package to data/Los-Angeles-MIDI/LOCAL_LAMDA/Local_Lamda_midi/midi_guide/730b670aef25a7b3/song_package.yaml.bak
2025-10-26 14:05:13 [INFO] ✓ Created: data/Los-Angeles-MIDI/LOCAL_LAMDA/Local_Lamda_midi/midi_guide/730b670aef25a7b3/song_package.yaml
2025-10-26 14:05:13 [INFO] Backed up existing package to data/Los-Angeles-MIDI/LOCAL_LAMDA/Local_Lamda_midi/midi_guide/731ca6f8f6715f8e/song_package.yaml.bak
2025-10-26 14:05:13 [INFO] ✓ Created: data/Los-Angeles-MIDI/LOCAL_LAMDA/Local_Lamda_midi/midi_guide/731ca6f8f6715f8e/song_package.yaml
2025-10-26 14:05:13 [INFO] Backed up existing package to data/Los-Angeles-MIDI/LOCAL_LAMDA/Local_Lamda_midi/midi_guide/732f6149fe333e2c/song_package.yaml.bak
2025-10-26 14:05:13 [INFO] ✓ Created: data/Los-Angeles-MIDI/LOCAL_LAMDA/Local_Lamda_midi/midi_guide/732f6149fe333e2c/song_package.yaml
2025-10-26 14:05:13 [INFO] Backed up existing package to data/Los-Angeles-MIDI/LOCAL_LAMDA/Local_Lamda_midi/midi_guide/739e434472c20d65/song_package.yaml.bak
2025-10-26 14:05:13 [INFO] ✓ Created: data/Los-Angeles-MIDI/LOCAL_LAMDA/Local_Lamda_midi/midi_guide/739e434472c20d65/song_package.yaml
2025-10-26 14:05:13 [INFO] Backed up existing package to data/Los-Angeles-MIDI/LOCAL_LAMDA/Local_Lamda_midi/midi_guide/73d4e55979fd35ad/song_package.yaml.bak
2025-10-26 14:05:13 [INFO] ✓ Created: data/Los-Angeles-MIDI/LOCAL_LAMDA/Local_Lamda_midi/midi_guide/73d4e55979fd35ad/song_package.yaml
2025-10-26 14:05:13 [INFO] Backed up existing package to data/Los-Angeles-MIDI/LOCAL_LAMDA/Local_Lamda_midi/midi_guide/738657746d7a21a7/song_package.yaml.bak
2025-10-26 14:05:13 [INFO] ✓ Created: data/Los-Angeles-MIDI/LOCAL_LAMDA/Local_Lamda_midi/midi_guide/738657746d7a21a7/song_package.yaml
2025-10-26 14:05:13 [INFO] Backed up existing package to data/Los-Angeles-MIDI/LOCAL_LAMDA/Local_Lamda_midi/midi_guide/73c8cf62f08f3992/song_package.yaml.bak
2025-10-26 14:05:13 [INFO] ✓ Created: data/Los-Angeles-MIDI/LOCAL_LAMDA/Local_Lamda_midi/midi_guide/73c8cf62f08f3992/song_package.yaml
2025-10-26 14:05:13 [INFO] Backed up existing package to data/Los-Angeles-MIDI/LOCAL_LAMDA/Local_Lamda_midi/midi_guide/73fa5f4dfe278a71/song_package.yaml.bak
2025-10-26 14:05:13 [INFO] ✓ Created: data/Los-Angeles-MIDI/LOCAL_LAMDA/Local_Lamda_midi/midi_guide/73fa5f4dfe278a71/song_package.yaml
2025-10-26 14:05:13 [INFO] Backed up existing package to data/Los-Angeles-MIDI/LOCAL_LAMDA/Local_Lamda_midi/midi_guide/73f5fd16d253dafb/song_package.yaml.bak
2025-10-26 14:05:13 [INFO] ✓ Created: data/Los-Angeles-MIDI/LOCAL_LAMDA/Local_Lamda_midi/midi_guide/73f5fd16d253dafb/song_package.yaml
2025-10-26 14:05:13 [INFO] Backed up existing package to data/Los-Angeles-MIDI/LOCAL_LAMDA/Local_Lamda_midi/midi_guide/7416529a5e2c5e16/song_package.yaml.bak
2025-10-26 14:05:13 [INFO] ✓ Created: data/Los-Angeles-MIDI/LOCAL_LAMDA/Local_Lamda_midi/midi_guide/7416529a5e2c5e16/song_package.yaml
2025-10-26 14:05:13 [INFO] Backed up existing package to data/Los-Angeles-MIDI/LOCAL_LAMDA/Local_Lamda_midi/midi_guide/742be666ee6753d2/song_package.yaml.bak
2025-10-26 14:05:13 [INFO] ✓ Created: data/Los-Angeles-MIDI/LOCAL_LAMDA/Local_Lamda_midi/midi_guide/742be666ee6753d2/song_package.yaml
2025-10-26 14:05:13 [INFO] Backed up existing package to data/Los-Angeles-MIDI/LOCAL_LAMDA/Local_Lamda_midi/midi_guide/746d3a709a0af2b4/song_package.yaml.bak
2025-10-26 14:05:13 [INFO] ✓ Created: data/Los-Angeles-MIDI/LOCAL_LAMDA/Local_Lamda_midi/midi_guide/746d3a709a0af2b4/song_package.yaml
2025-10-26 14:05:13 [INFO] Backed up existing package to data/Los-Angeles-MIDI/LOCAL_LAMDA/Local_Lamda_midi/midi_guide/73fce322288a092e/song_package.yaml.bak
2025-10-26 14:05:13 [INFO] ✓ Created: data/Los-Angeles-MIDI/LOCAL_LAMDA/Local_Lamda_midi/midi_guide/73fce322288a092e/song_package.yaml
2025-10-26 14:05:13 [INFO] Backed up existing package to data/Los-Angeles-MIDI/LOCAL_LAMDA/Local_Lamda_midi/midi_guide/7479bd0646b491d8/song_package.yaml.bak
2025-10-26 14:05:13 [INFO] ✓ Created: data/Los-Angeles-MIDI/LOCAL_LAMDA/Local_Lamda_midi/midi_guide/7479bd0646b491d8/song_package.yaml
2025-10-26 14:05:13 [INFO] Backed up existing package to data/Los-Angeles-MIDI/LOCAL_LAMDA/Local_Lamda_midi/midi_guide/7490a313da3b268e/song_package.yaml.bak
2025-10-26 14:05:13 [INFO] ✓ Created: data/Los-Angeles-MIDI/LOCAL_LAMDA/Local_Lamda_midi/midi_guide/7490a313da3b268e/song_package.yaml
2025-10-26 14:05:13 [INFO] Backed up existing package to data/Los-Angeles-MIDI/LOCAL_LAMDA/Local_Lamda_midi/midi_guide/74f4d8744567dc13/song_package.yaml.bak
2025-10-26 14:05:13 [INFO] ✓ Created: data/Los-Angeles-MIDI/LOCAL_LAMDA/Local_Lamda_midi/midi_guide/74f4d8744567dc13/song_package.yaml
2025-10-26 14:05:13 [INFO] Backed up existing package to data/Los-Angeles-MIDI/LOCAL_LAMDA/Local_Lamda_midi/midi_guide/74a9ea02c59c9971/song_package.yaml.bak
2025-10-26 14:05:13 [INFO] ✓ Created: data/Los-Angeles-MIDI/LOCAL_LAMDA/Local_Lamda_midi/midi_guide/74a9ea02c59c9971/song_package.yaml
2025-10-26 14:05:13 [INFO] Backed up existing package to data/Los-Angeles-MIDI/LOCAL_LAMDA/Local_Lamda_midi/midi_guide/74c1ce56ad9b52a5/song_package.yaml.bak
2025-10-26 14:05:13 [INFO] ✓ Created: data/Los-Angeles-MIDI/LOCAL_LAMDA/Local_Lamda_midi/midi_guide/74c1ce56ad9b52a5/song_package.yaml
2025-10-26 14:05:13 [INFO] Backed up existing package to data/Los-Angeles-MIDI/LOCAL_LAMDA/Local_Lamda_midi/midi_guide/74f6fc1afe95307a/song_package.yaml.bak
2025-10-26 14:05:13 [INFO] ✓ Created: data/Los-Angeles-MIDI/LOCAL_LAMDA/Local_Lamda_midi/midi_guide/74f6fc1afe95307a/song_package.yaml
2025-10-26 14:05:13 [INFO] Backed up existing package to data/Los-Angeles-MIDI/LOCAL_LAMDA/Local_Lamda_midi/midi_guide/7526b6efee2bfb40/song_package.yaml.bak
2025-10-26 14:05:13 [INFO] ✓ Created: data/Los-Angeles-MIDI/LOCAL_LAMDA/Local_Lamda_midi/midi_guide/7526b6efee2bfb40/song_package.yaml
2025-10-26 14:05:13 [INFO] Backed up existing package to data/Los-Angeles-MIDI/LOCAL_LAMDA/Local_Lamda_midi/midi_guide/74d3b679efc65939/song_package.yaml.bak
2025-10-26 14:05:13 [INFO] ✓ Created: data/Los-Angeles-MIDI/LOCAL_LAMDA/Local_Lamda_midi/midi_guide/74d3b679efc65939/song_package.yaml
2025-10-26 14:05:13 [INFO] Backed up existing package to data/Los-Angeles-MIDI/LOCAL_LAMDA/Local_Lamda_midi/midi_guide/7588a63bd548d31a/song_package.yaml.bak
2025-10-26 14:05:13 [INFO] ✓ Created: data/Los-Angeles-MIDI/LOCAL_LAMDA/Local_Lamda_midi/midi_guide/7588a63bd548d31a/song_package.yaml
2025-10-26 14:05:13 [INFO] Backed up existing package to data/Los-Angeles-MIDI/LOCAL_LAMDA/Local_Lamda_midi/midi_guide/7531e51da7e59fa6/song_package.yaml.bak
2025-10-26 14:05:13 [INFO] ✓ Created: data/Los-Angeles-MIDI/LOCAL_LAMDA/Local_Lamda_midi/midi_guide/7531e51da7e59fa6/song_package.yaml
2025-10-26 14:05:13 [INFO] Backed up existing package to data/Los-Angeles-MIDI/LOCAL_LAMDA/Local_Lamda_midi/midi_guide/7559b3550fe217b9/song_package.yaml.bak
2025-10-26 14:05:13 [INFO] ✓ Created: data/Los-Angeles-MIDI/LOCAL_LAMDA/Local_Lamda_midi/midi_guide/7559b3550fe217b9/song_package.yaml
2025-10-26 14:05:13 [INFO] Backed up existing package to data/Los-Angeles-MIDI/LOCAL_LAMDA/Local_Lamda_midi/midi_guide/75ab330228c93506/song_package.yaml.bak
2025-10-26 14:05:13 [INFO] ✓ Created: data/Los-Angeles-MIDI/LOCAL_LAMDA/Local_Lamda_midi/midi_guide/75ab330228c93506/song_package.yaml
2025-10-26 14:05:13 [INFO] Backed up existing package to data/Los-Angeles-MIDI/LOCAL_LAMDA/Local_Lamda_midi/midi_guide/75ffc0ae00618884/song_package.yaml.bak
2025-10-26 14:05:13 [INFO] ✓ Created: data/Los-Angeles-MIDI/LOCAL_LAMDA/Local_Lamda_midi/midi_guide/75ffc0ae00618884/song_package.yaml
2025-10-26 14:05:13 [INFO] Backed up existing package to data/Los-Angeles-MIDI/LOCAL_LAMDA/Local_Lamda_midi/midi_guide/762b008401d1142c/song_package.yaml.bak
2025-10-26 14:05:13 [INFO] ✓ Created: data/Los-Angeles-MIDI/LOCAL_LAMDA/Local_Lamda_midi/midi_guide/762b008401d1142c/song_package.yaml
2025-10-26 14:05:13 [INFO] Backed up existing package to data/Los-Angeles-MIDI/LOCAL_LAMDA/Local_Lamda_midi/midi_guide/763d11c0eccfcd31/song_package.yaml.bak
2025-10-26 14:05:13 [INFO] ✓ Created: data/Los-Angeles-MIDI/LOCAL_LAMDA/Local_Lamda_midi/midi_guide/763d11c0eccfcd31/song_package.yaml
2025-10-26 14:05:13 [INFO] Backed up existing package to data/Los-Angeles-MIDI/LOCAL_LAMDA/Local_Lamda_midi/midi_guide/7696e94e9be92e4d/song_package.yaml.bak
2025-10-26 14:05:13 [INFO] ✓ Created: data/Los-Angeles-MIDI/LOCAL_LAMDA/Local_Lamda_midi/midi_guide/7696e94e9be92e4d/song_package.yaml
2025-10-26 14:05:13 [INFO] Backed up existing package to data/Los-Angeles-MIDI/LOCAL_LAMDA/Local_Lamda_midi/midi_guide/76d8a0f8aadb2094/song_package.yaml.bak
2025-10-26 14:05:13 [INFO] ✓ Created: data/Los-Angeles-MIDI/LOCAL_LAMDA/Local_Lamda_midi/midi_guide/76d8a0f8aadb2094/song_package.yaml
2025-10-26 14:05:13 [INFO] Backed up existing package to data/Los-Angeles-MIDI/LOCAL_LAMDA/Local_Lamda_midi/midi_guide/772376899fe10496/song_package.yaml.bak
2025-10-26 14:05:13 [INFO] ✓ Created: data/Los-Angeles-MIDI/LOCAL_LAMDA/Local_Lamda_midi/midi_guide/772376899fe10496/song_package.yaml
2025-10-26 14:05:13 [INFO] Backed up existing package to data/Los-Angeles-MIDI/LOCAL_LAMDA/Local_Lamda_midi/midi_guide/76f8b2921c8bd6cd/song_package.yaml.bak
2025-10-26 14:05:13 [INFO] ✓ Created: data/Los-Angeles-MIDI/LOCAL_LAMDA/Local_Lamda_midi/midi_guide/76f8b2921c8bd6cd/song_package.yaml
2025-10-26 14:05:13 [INFO] Backed up existing package to data/Los-Angeles-MIDI/LOCAL_LAMDA/Local_Lamda_midi/midi_guide/76ee798e625edb50/song_package.yaml.bak
2025-10-26 14:05:13 [INFO] ✓ Created: data/Los-Angeles-MIDI/LOCAL_LAMDA/Local_Lamda_midi/midi_guide/76ee798e625edb50/song_package.yaml
2025-10-26 14:05:13 [INFO] Backed up existing package to data/Los-Angeles-MIDI/LOCAL_LAMDA/Local_Lamda_midi/midi_guide/77330b1f84594e59/song_package.yaml.bak
2025-10-26 14:05:13 [INFO] ✓ Created: data/Los-Angeles-MIDI/LOCAL_LAMDA/Local_Lamda_midi/midi_guide/77330b1f84594e59/song_package.yaml
2025-10-26 14:05:13 [INFO] Backed up existing package to data/Los-Angeles-MIDI/LOCAL_LAMDA/Local_Lamda_midi/midi_guide/785d0be82337c4c9/song_package.yaml.bak
2025-10-26 14:05:13 [INFO] ✓ Created: data/Los-Angeles-MIDI/LOCAL_LAMDA/Local_Lamda_midi/midi_guide/785d0be82337c4c9/song_package.yaml
2025-10-26 14:05:13 [INFO] Backed up existing package to data/Los-Angeles-MIDI/LOCAL_LAMDA/Local_Lamda_midi/midi_guide/783309e5f6eb4ffa/song_package.yaml.bak
2025-10-26 14:05:13 [INFO] ✓ Created: data/Los-Angeles-MIDI/LOCAL_LAMDA/Local_Lamda_midi/midi_guide/783309e5f6eb4ffa/song_package.yaml
2025-10-26 14:05:13 [INFO] Backed up existing package to data/Los-Angeles-MIDI/LOCAL_LAMDA/Local_Lamda_midi/midi_guide/77e2af462682df7c/song_package.yaml.bak
2025-10-26 14:05:13 [INFO] ✓ Created: data/Los-Angeles-MIDI/LOCAL_LAMDA/Local_Lamda_midi/midi_guide/77e2af462682df7c/song_package.yaml
2025-10-26 14:05:13 [INFO] Backed up existing package to data/Los-Angeles-MIDI/LOCAL_LAMDA/Local_Lamda_midi/midi_guide/7856f8477648e8d6/song_package.yaml.bak
2025-10-26 14:05:13 [INFO] ✓ Created: data/Los-Angeles-MIDI/LOCAL_LAMDA/Local_Lamda_midi/midi_guide/7856f8477648e8d6/song_package.yaml
2025-10-26 14:05:13 [INFO] Backed up existing package to data/Los-Angeles-MIDI/LOCAL_LAMDA/Local_Lamda_midi/midi_guide/7833df26677f1204/song_package.yaml.bak
2025-10-26 14:05:13 [INFO] ✓ Created: data/Los-Angeles-MIDI/LOCAL_LAMDA/Local_Lamda_midi/midi_guide/7833df26677f1204/song_package.yaml
2025-10-26 14:05:13 [INFO] Backed up existing package to data/Los-Angeles-MIDI/LOCAL_LAMDA/Local_Lamda_midi/midi_guide/78858febb13cf145/song_package.yaml.bak
2025-10-26 14:05:13 [INFO] ✓ Created: data/Los-Angeles-MIDI/LOCAL_LAMDA/Local_Lamda_midi/midi_guide/78858febb13cf145/song_package.yaml
2025-10-26 14:05:13 [INFO] Backed up existing package to data/Los-Angeles-MIDI/LOCAL_LAMDA/Local_Lamda_midi/midi_guide/78830adb10f4d77e/song_package.yaml.bak
2025-10-26 14:05:13 [INFO] ✓ Created: data/Los-Angeles-MIDI/LOCAL_LAMDA/Local_Lamda_midi/midi_guide/78830adb10f4d77e/song_package.yaml
2025-10-26 14:05:13 [INFO] Backed up existing package to data/Los-Angeles-MIDI/LOCAL_LAMDA/Local_Lamda_midi/midi_guide/78992f9389918170/song_package.yaml.bak
2025-10-26 14:05:13 [INFO] ✓ Created: data/Los-Angeles-MIDI/LOCAL_LAMDA/Local_Lamda_midi/midi_guide/78992f9389918170/song_package.yaml
2025-10-26 14:05:13 [INFO] Backed up existing package to data/Los-Angeles-MIDI/LOCAL_LAMDA/Local_Lamda_midi/midi_guide/78f42e70b27700fd/song_package.yaml.bak
2025-10-26 14:05:13 [INFO] ✓ Created: data/Los-Angeles-MIDI/LOCAL_LAMDA/Local_Lamda_midi/midi_guide/78f42e70b27700fd/song_package.yaml
2025-10-26 14:05:13 [INFO] Backed up existing package to data/Los-Angeles-MIDI/LOCAL_LAMDA/Local_Lamda_midi/midi_guide/78dd121b380fbfd9/song_package.yaml.bak
2025-10-26 14:05:13 [INFO] ✓ Created: data/Los-Angeles-MIDI/LOCAL_LAMDA/Local_Lamda_midi/midi_guide/78dd121b380fbfd9/song_package.yaml
2025-10-26 14:05:13 [INFO] Backed up existing package to data/Los-Angeles-MIDI/LOCAL_LAMDA/Local_Lamda_midi/midi_guide/797455d76be554c4/song_package.yaml.bak
2025-10-26 14:05:13 [INFO] ✓ Created: data/Los-Angeles-MIDI/LOCAL_LAMDA/Local_Lamda_midi/midi_guide/797455d76be554c4/song_package.yaml
2025-10-26 14:05:13 [INFO] Backed up existing package to data/Los-Angeles-MIDI/LOCAL_LAMDA/Local_Lamda_midi/midi_guide/7912339c782955d1/song_package.yaml.bak
2025-10-26 14:05:13 [INFO] ✓ Created: data/Los-Angeles-MIDI/LOCAL_LAMDA/Local_Lamda_midi/midi_guide/7912339c782955d1/song_package.yaml
2025-10-26 14:05:13 [INFO] Backed up existing package to data/Los-Angeles-MIDI/LOCAL_LAMDA/Local_Lamda_midi/midi_guide/79fc4e3aa61c46e3/song_package.yaml.bak
2025-10-26 14:05:13 [INFO] ✓ Created: data/Los-Angeles-MIDI/LOCAL_LAMDA/Local_Lamda_midi/midi_guide/79fc4e3aa61c46e3/song_package.yaml
2025-10-26 14:05:13 [INFO] Backed up existing package to data/Los-Angeles-MIDI/LOCAL_LAMDA/Local_Lamda_midi/midi_guide/79c4419b6563e852/song_package.yaml.bak
2025-10-26 14:05:13 [INFO] ✓ Created: data/Los-Angeles-MIDI/LOCAL_LAMDA/Local_Lamda_midi/midi_guide/79c4419b6563e852/song_package.yaml
2025-10-26 14:05:13 [INFO] Backed up existing package to data/Los-Angeles-MIDI/LOCAL_LAMDA/Local_Lamda_midi/midi_guide/79ae0aff9be56c27/song_package.yaml.bak
2025-10-26 14:05:13 [INFO] ✓ Created: data/Los-Angeles-MIDI/LOCAL_LAMDA/Local_Lamda_midi/midi_guide/79ae0aff9be56c27/song_package.yaml
2025-10-26 14:05:13 [INFO] Backed up existing package to data/Los-Angeles-MIDI/LOCAL_LAMDA/Local_Lamda_midi/midi_guide/7a0921a212095bc2/song_package.yaml.bak
2025-10-26 14:05:13 [INFO] ✓ Created: data/Los-Angeles-MIDI/LOCAL_LAMDA/Local_Lamda_midi/midi_guide/7a0921a212095bc2/song_package.yaml
2025-10-26 14:05:13 [INFO] Backed up existing package to data/Los-Angeles-MIDI/LOCAL_LAMDA/Local_Lamda_midi/midi_guide/79b5283326a118fb/song_package.yaml.bak
2025-10-26 14:05:13 [INFO] ✓ Created: data/Los-Angeles-MIDI/LOCAL_LAMDA/Local_Lamda_midi/midi_guide/79b5283326a118fb/song_package.yaml
2025-10-26 14:05:13 [INFO] Backed up existing package to data/Los-Angeles-MIDI/LOCAL_LAMDA/Local_Lamda_midi/midi_guide/7a5da370b1b82549/song_package.yaml.bak
2025-10-26 14:05:13 [INFO] ✓ Created: data/Los-Angeles-MIDI/LOCAL_LAMDA/Local_Lamda_midi/midi_guide/7a5da370b1b82549/song_package.yaml
2025-10-26 14:05:13 [INFO] Backed up existing package to data/Los-Angeles-MIDI/LOCAL_LAMDA/Local_Lamda_midi/midi_guide/7a933e36b42b661b/song_package.yaml.bak
2025-10-26 14:05:13 [INFO] ✓ Created: data/Los-Angeles-MIDI/LOCAL_LAMDA/Local_Lamda_midi/midi_guide/7a933e36b42b661b/song_package.yaml
2025-10-26 14:05:13 [INFO] Backed up existing package to data/Los-Angeles-MIDI/LOCAL_LAMDA/Local_Lamda_midi/midi_guide/7a630ee0fb5e7d16/song_package.yaml.bak
2025-10-26 14:05:13 [INFO] ✓ Created: data/Los-Angeles-MIDI/LOCAL_LAMDA/Local_Lamda_midi/midi_guide/7a630ee0fb5e7d16/song_package.yaml
2025-10-26 14:05:13 [INFO] Backed up existing package to data/Los-Angeles-MIDI/LOCAL_LAMDA/Local_Lamda_midi/midi_guide/7aa85c9c1fe5c462/song_package.yaml.bak
2025-10-26 14:05:13 [INFO] ✓ Created: data/Los-Angeles-MIDI/LOCAL_LAMDA/Local_Lamda_midi/midi_guide/7aa85c9c1fe5c462/song_package.yaml
2025-10-26 14:05:13 [INFO] Backed up existing package to data/Los-Angeles-MIDI/LOCAL_LAMDA/Local_Lamda_midi/midi_guide/7a605ac817ceab91/song_package.yaml.bak
2025-10-26 14:05:13 [INFO] ✓ Created: data/Los-Angeles-MIDI/LOCAL_LAMDA/Local_Lamda_midi/midi_guide/7a605ac817ceab91/song_package.yaml
2025-10-26 14:05:13 [INFO] Backed up existing package to data/Los-Angeles-MIDI/LOCAL_LAMDA/Local_Lamda_midi/midi_guide/7ab976cbc91341be/song_package.yaml.bak
2025-10-26 14:05:13 [INFO] ✓ Created: data/Los-Angeles-MIDI/LOCAL_LAMDA/Local_Lamda_midi/midi_guide/7ab976cbc91341be/song_package.yaml
2025-10-26 14:05:13 [INFO] Backed up existing package to data/Los-Angeles-MIDI/LOCAL_LAMDA/Local_Lamda_midi/midi_guide/7ae3160759de2430/song_package.yaml.bak
2025-10-26 14:05:13 [INFO] ✓ Created: data/Los-Angeles-MIDI/LOCAL_LAMDA/Local_Lamda_midi/midi_guide/7ae3160759de2430/song_package.yaml
2025-10-26 14:05:13 [INFO] Backed up existing package to data/Los-Angeles-MIDI/LOCAL_LAMDA/Local_Lamda_midi/midi_guide/7b200c425b7be9a8/song_package.yaml.bak
2025-10-26 14:05:13 [INFO] ✓ Created: data/Los-Angeles-MIDI/LOCAL_LAMDA/Local_Lamda_midi/midi_guide/7b200c425b7be9a8/song_package.yaml
2025-10-26 14:05:13 [INFO] Backed up existing package to data/Los-Angeles-MIDI/LOCAL_LAMDA/Local_Lamda_midi/midi_guide/7b83159e522a9d72/song_package.yaml.bak
2025-10-26 14:05:13 [INFO] ✓ Created: data/Los-Angeles-MIDI/LOCAL_LAMDA/Local_Lamda_midi/midi_guide/7b83159e522a9d72/song_package.yaml
2025-10-26 14:05:13 [INFO] Backed up existing package to data/Los-Angeles-MIDI/LOCAL_LAMDA/Local_Lamda_midi/midi_guide/7b9b32542377a910/song_package.yaml.bak
2025-10-26 14:05:13 [INFO] ✓ Created: data/Los-Angeles-MIDI/LOCAL_LAMDA/Local_Lamda_midi/midi_guide/7b9b32542377a910/song_package.yaml
2025-10-26 14:05:13 [INFO] Backed up existing package to data/Los-Angeles-MIDI/LOCAL_LAMDA/Local_Lamda_midi/midi_guide/7be42d48d7f03426/song_package.yaml.bak
2025-10-26 14:05:13 [INFO] ✓ Created: data/Los-Angeles-MIDI/LOCAL_LAMDA/Local_Lamda_midi/midi_guide/7be42d48d7f03426/song_package.yaml
2025-10-26 14:05:13 [INFO] Backed up existing package to data/Los-Angeles-MIDI/LOCAL_LAMDA/Local_Lamda_midi/midi_guide/7bcdb68427614241/song_package.yaml.bak
2025-10-26 14:05:13 [INFO] ✓ Created: data/Los-Angeles-MIDI/LOCAL_LAMDA/Local_Lamda_midi/midi_guide/7bcdb68427614241/song_package.yaml
2025-10-26 14:05:13 [INFO] Backed up existing package to data/Los-Angeles-MIDI/LOCAL_LAMDA/Local_Lamda_midi/midi_guide/7c2de150a839f142/song_package.yaml.bak
2025-10-26 14:05:13 [INFO] ✓ Created: data/Los-Angeles-MIDI/LOCAL_LAMDA/Local_Lamda_midi/midi_guide/7c2de150a839f142/song_package.yaml
2025-10-26 14:05:13 [INFO] Backed up existing package to data/Los-Angeles-MIDI/LOCAL_LAMDA/Local_Lamda_midi/midi_guide/7b29f8785f8d2619/song_package.yaml.bak
2025-10-26 14:05:13 [INFO] ✓ Created: data/Los-Angeles-MIDI/LOCAL_LAMDA/Local_Lamda_midi/midi_guide/7b29f8785f8d2619/song_package.yaml
2025-10-26 14:05:13 [INFO] Backed up existing package to data/Los-Angeles-MIDI/LOCAL_LAMDA/Local_Lamda_midi/midi_guide/7c737c6c8b46c471/song_package.yaml.bak
2025-10-26 14:05:13 [INFO] ✓ Created: data/Los-Angeles-MIDI/LOCAL_LAMDA/Local_Lamda_midi/midi_guide/7c737c6c8b46c471/song_package.yaml
2025-10-26 14:05:14 [INFO] Backed up existing package to data/Los-Angeles-MIDI/LOCAL_LAMDA/Local_Lamda_midi/midi_guide/7cfdc09f6ce35755/song_package.yaml.bak
2025-10-26 14:05:14 [INFO] ✓ Created: data/Los-Angeles-MIDI/LOCAL_LAMDA/Local_Lamda_midi/midi_guide/7cfdc09f6ce35755/song_package.yaml
2025-10-26 14:05:14 [INFO] Backed up existing package to data/Los-Angeles-MIDI/LOCAL_LAMDA/Local_Lamda_midi/midi_guide/7ce27ad28efc9b60/song_package.yaml.bak
2025-10-26 14:05:14 [INFO] ✓ Created: data/Los-Angeles-MIDI/LOCAL_LAMDA/Local_Lamda_midi/midi_guide/7ce27ad28efc9b60/song_package.yaml
2025-10-26 14:05:14 [INFO] Backed up existing package to data/Los-Angeles-MIDI/LOCAL_LAMDA/Local_Lamda_midi/midi_guide/7d7bf2b8258e9c68/song_package.yaml.bak
2025-10-26 14:05:14 [INFO] ✓ Created: data/Los-Angeles-MIDI/LOCAL_LAMDA/Local_Lamda_midi/midi_guide/7d7bf2b8258e9c68/song_package.yaml
2025-10-26 14:05:14 [INFO] Backed up existing package to data/Los-Angeles-MIDI/LOCAL_LAMDA/Local_Lamda_midi/midi_guide/7d658650147b1c31/song_package.yaml.bak
2025-10-26 14:05:14 [INFO] ✓ Created: data/Los-Angeles-MIDI/LOCAL_LAMDA/Local_Lamda_midi/midi_guide/7d658650147b1c31/song_package.yaml
2025-10-26 14:05:14 [INFO] Backed up existing package to data/Los-Angeles-MIDI/LOCAL_LAMDA/Local_Lamda_midi/midi_guide/7d7d68074af36a18/song_package.yaml.bak
2025-10-26 14:05:14 [INFO] ✓ Created: data/Los-Angeles-MIDI/LOCAL_LAMDA/Local_Lamda_midi/midi_guide/7d7d68074af36a18/song_package.yaml
2025-10-26 14:05:14 [INFO] Backed up existing package to data/Los-Angeles-MIDI/LOCAL_LAMDA/Local_Lamda_midi/midi_guide/7cd93785cddca426/song_package.yaml.bak
2025-10-26 14:05:14 [INFO] ✓ Created: data/Los-Angeles-MIDI/LOCAL_LAMDA/Local_Lamda_midi/midi_guide/7cd93785cddca426/song_package.yaml
2025-10-26 14:05:14 [INFO] Backed up existing package to data/Los-Angeles-MIDI/LOCAL_LAMDA/Local_Lamda_midi/midi_guide/7d81262729c2d8f0/song_package.yaml.bak
2025-10-26 14:05:14 [INFO] ✓ Created: data/Los-Angeles-MIDI/LOCAL_LAMDA/Local_Lamda_midi/midi_guide/7d81262729c2d8f0/song_package.yaml
2025-10-26 14:05:14 [INFO] Backed up existing package to data/Los-Angeles-MIDI/LOCAL_LAMDA/Local_Lamda_midi/midi_guide/7d6b0d865b5ffdc1/song_package.yaml.bak
2025-10-26 14:05:14 [INFO] ✓ Created: data/Los-Angeles-MIDI/LOCAL_LAMDA/Local_Lamda_midi/midi_guide/7d6b0d865b5ffdc1/song_package.yaml
2025-10-26 14:05:14 [INFO] Backed up existing package to data/Los-Angeles-MIDI/LOCAL_LAMDA/Local_Lamda_midi/midi_guide/7d77c42a72448386/song_package.yaml.bak
2025-10-26 14:05:14 [INFO] ✓ Created: data/Los-Angeles-MIDI/LOCAL_LAMDA/Local_Lamda_midi/midi_guide/7d77c42a72448386/song_package.yaml
2025-10-26 14:05:14 [INFO] Backed up existing package to data/Los-Angeles-MIDI/LOCAL_LAMDA/Local_Lamda_midi/midi_guide/7db8828413c2a1ad/song_package.yaml.bak
2025-10-26 14:05:14 [INFO] ✓ Created: data/Los-Angeles-MIDI/LOCAL_LAMDA/Local_Lamda_midi/midi_guide/7db8828413c2a1ad/song_package.yaml
2025-10-26 14:05:14 [INFO] Backed up existing package to data/Los-Angeles-MIDI/LOCAL_LAMDA/Local_Lamda_midi/midi_guide/7daf05e014854000/song_package.yaml.bak
2025-10-26 14:05:14 [INFO] ✓ Created: data/Los-Angeles-MIDI/LOCAL_LAMDA/Local_Lamda_midi/midi_guide/7daf05e014854000/song_package.yaml
2025-10-26 14:05:14 [INFO] Backed up existing package to data/Los-Angeles-MIDI/LOCAL_LAMDA/Local_Lamda_midi/midi_guide/7dd0a50eed3ed454/song_package.yaml.bak
2025-10-26 14:05:14 [INFO] ✓ Created: data/Los-Angeles-MIDI/LOCAL_LAMDA/Local_Lamda_midi/midi_guide/7dd0a50eed3ed454/song_package.yaml
2025-10-26 14:05:14 [INFO] Backed up existing package to data/Los-Angeles-MIDI/LOCAL_LAMDA/Local_Lamda_midi/midi_guide/7e5c949824a197ae/song_package.yaml.bak
2025-10-26 14:05:14 [INFO] ✓ Created: data/Los-Angeles-MIDI/LOCAL_LAMDA/Local_Lamda_midi/midi_guide/7e5c949824a197ae/song_package.yaml
2025-10-26 14:05:14 [INFO] Backed up existing package to data/Los-Angeles-MIDI/LOCAL_LAMDA/Local_Lamda_midi/midi_guide/7e133aa41a93a5e7/song_package.yaml.bak
2025-10-26 14:05:14 [INFO] ✓ Created: data/Los-Angeles-MIDI/LOCAL_LAMDA/Local_Lamda_midi/midi_guide/7e133aa41a93a5e7/song_package.yaml
2025-10-26 14:05:14 [INFO] Backed up existing package to data/Los-Angeles-MIDI/LOCAL_LAMDA/Local_Lamda_midi/midi_guide/7f0d8140f52be0f3/song_package.yaml.bak
2025-10-26 14:05:14 [INFO] ✓ Created: data/Los-Angeles-MIDI/LOCAL_LAMDA/Local_Lamda_midi/midi_guide/7f0d8140f52be0f3/song_package.yaml
2025-10-26 14:05:14 [INFO] Backed up existing package to data/Los-Angeles-MIDI/LOCAL_LAMDA/Local_Lamda_midi/midi_guide/7ea602195a712115/song_package.yaml.bak
2025-10-26 14:05:14 [INFO] ✓ Created: data/Los-Angeles-MIDI/LOCAL_LAMDA/Local_Lamda_midi/midi_guide/7ea602195a712115/song_package.yaml
2025-10-26 14:05:14 [INFO] Backed up existing package to data/Los-Angeles-MIDI/LOCAL_LAMDA/Local_Lamda_midi/midi_guide/7e5dc3cc00d649c4/song_package.yaml.bak
2025-10-26 14:05:14 [INFO] ✓ Created: data/Los-Angeles-MIDI/LOCAL_LAMDA/Local_Lamda_midi/midi_guide/7e5dc3cc00d649c4/song_package.yaml
2025-10-26 14:05:14 [INFO] Backed up existing package to data/Los-Angeles-MIDI/LOCAL_LAMDA/Local_Lamda_midi/midi_guide/7eb2d4ef2626b41c/song_package.yaml.bak
2025-10-26 14:05:14 [INFO] ✓ Created: data/Los-Angeles-MIDI/LOCAL_LAMDA/Local_Lamda_midi/midi_guide/7eb2d4ef2626b41c/song_package.yaml
2025-10-26 14:05:14 [INFO] Backed up existing package to data/Los-Angeles-MIDI/LOCAL_LAMDA/Local_Lamda_midi/midi_guide/7f277b0b8b1f9140/song_package.yaml.bak
2025-10-26 14:05:14 [INFO] ✓ Created: data/Los-Angeles-MIDI/LOCAL_LAMDA/Local_Lamda_midi/midi_guide/7f277b0b8b1f9140/song_package.yaml
2025-10-26 14:05:14 [INFO] Backed up existing package to data/Los-Angeles-MIDI/LOCAL_LAMDA/Local_Lamda_midi/midi_guide/7fbf0f8e0696b32a/song_package.yaml.bak
2025-10-26 14:05:14 [INFO] ✓ Created: data/Los-Angeles-MIDI/LOCAL_LAMDA/Local_Lamda_midi/midi_guide/7fbf0f8e0696b32a/song_package.yaml
2025-10-26 14:05:14 [INFO] Backed up existing package to data/Los-Angeles-MIDI/LOCAL_LAMDA/Local_Lamda_midi/midi_guide/7f960734d47ce0f5/song_package.yaml.bak
2025-10-26 14:05:14 [INFO] ✓ Created: data/Los-Angeles-MIDI/LOCAL_LAMDA/Local_Lamda_midi/midi_guide/7f960734d47ce0f5/song_package.yaml
2025-10-26 14:05:14 [INFO] Backed up existing package to data/Los-Angeles-MIDI/LOCAL_LAMDA/Local_Lamda_midi/midi_guide/7f27c37f2f489884/song_package.yaml.bak
2025-10-26 14:05:14 [INFO] ✓ Created: data/Los-Angeles-MIDI/LOCAL_LAMDA/Local_Lamda_midi/midi_guide/7f27c37f2f489884/song_package.yaml
2025-10-26 14:05:14 [INFO] Backed up existing package to data/Los-Angeles-MIDI/LOCAL_LAMDA/Local_Lamda_midi/midi_guide/805abfd15020b3fe/song_package.yaml.bak
2025-10-26 14:05:14 [INFO] ✓ Created: data/Los-Angeles-MIDI/LOCAL_LAMDA/Local_Lamda_midi/midi_guide/805abfd15020b3fe/song_package.yaml
2025-10-26 14:05:14 [INFO] Backed up existing package to data/Los-Angeles-MIDI/LOCAL_LAMDA/Local_Lamda_midi/midi_guide/80a2fe3cf105f9fb/song_package.yaml.bak
2025-10-26 14:05:14 [INFO] ✓ Created: data/Los-Angeles-MIDI/LOCAL_LAMDA/Local_Lamda_midi/midi_guide/80a2fe3cf105f9fb/song_package.yaml
2025-10-26 14:05:14 [INFO] Backed up existing package to data/Los-Angeles-MIDI/LOCAL_LAMDA/Local_Lamda_midi/midi_guide/80ac74f59a658578/song_package.yaml.bak
2025-10-26 14:05:14 [INFO] ✓ Created: data/Los-Angeles-MIDI/LOCAL_LAMDA/Local_Lamda_midi/midi_guide/80ac74f59a658578/song_package.yaml
2025-10-26 14:05:14 [INFO] Backed up existing package to data/Los-Angeles-MIDI/LOCAL_LAMDA/Local_Lamda_midi/midi_guide/7fcf5f99a4622104/song_package.yaml.bak
2025-10-26 14:05:14 [INFO] ✓ Created: data/Los-Angeles-MIDI/LOCAL_LAMDA/Local_Lamda_midi/midi_guide/7fcf5f99a4622104/song_package.yaml
2025-10-26 14:05:14 [INFO] Backed up existing package to data/Los-Angeles-MIDI/LOCAL_LAMDA/Local_Lamda_midi/midi_guide/81245c6c51dbe256/song_package.yaml.bak
2025-10-26 14:05:14 [INFO] ✓ Created: data/Los-Angeles-MIDI/LOCAL_LAMDA/Local_Lamda_midi/midi_guide/81245c6c51dbe256/song_package.yaml
2025-10-26 14:05:14 [INFO] Backed up existing package to data/Los-Angeles-MIDI/LOCAL_LAMDA/Local_Lamda_midi/midi_guide/814b811392c75ba1/song_package.yaml.bak
2025-10-26 14:05:14 [INFO] ✓ Created: data/Los-Angeles-MIDI/LOCAL_LAMDA/Local_Lamda_midi/midi_guide/814b811392c75ba1/song_package.yaml
2025-10-26 14:05:14 [INFO] Backed up existing package to data/Los-Angeles-MIDI/LOCAL_LAMDA/Local_Lamda_midi/midi_guide/81a23505b2b6c04c/song_package.yaml.bak
2025-10-26 14:05:14 [INFO] ✓ Created: data/Los-Angeles-MIDI/LOCAL_LAMDA/Local_Lamda_midi/midi_guide/81a23505b2b6c04c/song_package.yaml
2025-10-26 14:05:14 [INFO] Backed up existing package to data/Los-Angeles-MIDI/LOCAL_LAMDA/Local_Lamda_midi/midi_guide/815842b113e6d17b/song_package.yaml.bak
2025-10-26 14:05:14 [INFO] ✓ Created: data/Los-Angeles-MIDI/LOCAL_LAMDA/Local_Lamda_midi/midi_guide/815842b113e6d17b/song_package.yaml
2025-10-26 14:05:14 [INFO] Backed up existing package to data/Los-Angeles-MIDI/LOCAL_LAMDA/Local_Lamda_midi/midi_guide/81df5354184763d6/song_package.yaml.bak
2025-10-26 14:05:14 [INFO] ✓ Created: data/Los-Angeles-MIDI/LOCAL_LAMDA/Local_Lamda_midi/midi_guide/81df5354184763d6/song_package.yaml
2025-10-26 14:05:14 [INFO] Backed up existing package to data/Los-Angeles-MIDI/LOCAL_LAMDA/Local_Lamda_midi/midi_guide/81c30bb49db6d1ce/song_package.yaml.bak
2025-10-26 14:05:14 [INFO] ✓ Created: data/Los-Angeles-MIDI/LOCAL_LAMDA/Local_Lamda_midi/midi_guide/81c30bb49db6d1ce/song_package.yaml
2025-10-26 14:05:14 [INFO] Backed up existing package to data/Los-Angeles-MIDI/LOCAL_LAMDA/Local_Lamda_midi/midi_guide/8227ae86c3e832c5/song_package.yaml.bak
2025-10-26 14:05:14 [INFO] ✓ Created: data/Los-Angeles-MIDI/LOCAL_LAMDA/Local_Lamda_midi/midi_guide/8227ae86c3e832c5/song_package.yaml
2025-10-26 14:05:14 [INFO] Backed up existing package to data/Los-Angeles-MIDI/LOCAL_LAMDA/Local_Lamda_midi/midi_guide/825bd0f2e2477909/song_package.yaml.bak
2025-10-26 14:05:14 [INFO] ✓ Created: data/Los-Angeles-MIDI/LOCAL_LAMDA/Local_Lamda_midi/midi_guide/825bd0f2e2477909/song_package.yaml
2025-10-26 14:05:14 [INFO] Backed up existing package to data/Los-Angeles-MIDI/LOCAL_LAMDA/Local_Lamda_midi/midi_guide/81f0cdb03a0197a8/song_package.yaml.bak
2025-10-26 14:05:14 [INFO] ✓ Created: data/Los-Angeles-MIDI/LOCAL_LAMDA/Local_Lamda_midi/midi_guide/81f0cdb03a0197a8/song_package.yaml
2025-10-26 14:05:14 [INFO] Backed up existing package to data/Los-Angeles-MIDI/LOCAL_LAMDA/Local_Lamda_midi/midi_guide/81f47cfe0f2f71fe/song_package.yaml.bak
2025-10-26 14:05:14 [INFO] ✓ Created: data/Los-Angeles-MIDI/LOCAL_LAMDA/Local_Lamda_midi/midi_guide/81f47cfe0f2f71fe/song_package.yaml
2025-10-26 14:05:14 [INFO] Backed up existing package to data/Los-Angeles-MIDI/LOCAL_LAMDA/Local_Lamda_midi/midi_guide/825be3dbfa5f288f/song_package.yaml.bak
2025-10-26 14:05:14 [INFO] ✓ Created: data/Los-Angeles-MIDI/LOCAL_LAMDA/Local_Lamda_midi/midi_guide/825be3dbfa5f288f/song_package.yaml
2025-10-26 14:05:14 [INFO] Backed up existing package to data/Los-Angeles-MIDI/LOCAL_LAMDA/Local_Lamda_midi/midi_guide/82b87b52cd9acbb0/song_package.yaml.bak
2025-10-26 14:05:14 [INFO] ✓ Created: data/Los-Angeles-MIDI/LOCAL_LAMDA/Local_Lamda_midi/midi_guide/82b87b52cd9acbb0/song_package.yaml
2025-10-26 14:05:14 [INFO] Backed up existing package to data/Los-Angeles-MIDI/LOCAL_LAMDA/Local_Lamda_midi/midi_guide/82b9d660d120c5b0/song_package.yaml.bak
2025-10-26 14:05:14 [INFO] ✓ Created: data/Los-Angeles-MIDI/LOCAL_LAMDA/Local_Lamda_midi/midi_guide/82b9d660d120c5b0/song_package.yaml
2025-10-26 14:05:14 [INFO] Backed up existing package to data/Los-Angeles-MIDI/LOCAL_LAMDA/Local_Lamda_midi/midi_guide/8235ae3830aadba8/song_package.yaml.bak
2025-10-26 14:05:14 [INFO] ✓ Created: data/Los-Angeles-MIDI/LOCAL_LAMDA/Local_Lamda_midi/midi_guide/8235ae3830aadba8/song_package.yaml
2025-10-26 14:05:14 [INFO] Backed up existing package to data/Los-Angeles-MIDI/LOCAL_LAMDA/Local_Lamda_midi/midi_guide/82d70b966a6e376b/song_package.yaml.bak
2025-10-26 14:05:14 [INFO] ✓ Created: data/Los-Angeles-MIDI/LOCAL_LAMDA/Local_Lamda_midi/midi_guide/82d70b966a6e376b/song_package.yaml
2025-10-26 14:05:14 [INFO] Backed up existing package to data/Los-Angeles-MIDI/LOCAL_LAMDA/Local_Lamda_midi/midi_guide/82c560f5958e11a9/song_package.yaml.bak
2025-10-26 14:05:14 [INFO] ✓ Created: data/Los-Angeles-MIDI/LOCAL_LAMDA/Local_Lamda_midi/midi_guide/82c560f5958e11a9/song_package.yaml
2025-10-26 14:05:14 [INFO] Backed up existing package to data/Los-Angeles-MIDI/LOCAL_LAMDA/Local_Lamda_midi/midi_guide/832d2ddf9c4fbf42/song_package.yaml.bak
2025-10-26 14:05:14 [INFO] ✓ Created: data/Los-Angeles-MIDI/LOCAL_LAMDA/Local_Lamda_midi/midi_guide/832d2ddf9c4fbf42/song_package.yaml
2025-10-26 14:05:14 [INFO] Backed up existing package to data/Los-Angeles-MIDI/LOCAL_LAMDA/Local_Lamda_midi/midi_guide/82e2045ae977f301/song_package.yaml.bak
2025-10-26 14:05:14 [INFO] ✓ Created: data/Los-Angeles-MIDI/LOCAL_LAMDA/Local_Lamda_midi/midi_guide/82e2045ae977f301/song_package.yaml
2025-10-26 14:05:14 [INFO] Backed up existing package to data/Los-Angeles-MIDI/LOCAL_LAMDA/Local_Lamda_midi/midi_guide/82ced9cddbb61523/song_package.yaml.bak
2025-10-26 14:05:14 [INFO] ✓ Created: data/Los-Angeles-MIDI/LOCAL_LAMDA/Local_Lamda_midi/midi_guide/82ced9cddbb61523/song_package.yaml
2025-10-26 14:05:14 [INFO] Backed up existing package to data/Los-Angeles-MIDI/LOCAL_LAMDA/Local_Lamda_midi/midi_guide/8325cbcacd58adb2/song_package.yaml.bak
2025-10-26 14:05:14 [INFO] ✓ Created: data/Los-Angeles-MIDI/LOCAL_LAMDA/Local_Lamda_midi/midi_guide/8325cbcacd58adb2/song_package.yaml
2025-10-26 14:05:14 [INFO] Backed up existing package to data/Los-Angeles-MIDI/LOCAL_LAMDA/Local_Lamda_midi/midi_guide/8339ce931df70f8b/song_package.yaml.bak
2025-10-26 14:05:14 [INFO] ✓ Created: data/Los-Angeles-MIDI/LOCAL_LAMDA/Local_Lamda_midi/midi_guide/8339ce931df70f8b/song_package.yaml
2025-10-26 14:05:14 [INFO] Backed up existing package to data/Los-Angeles-MIDI/LOCAL_LAMDA/Local_Lamda_midi/midi_guide/833f804696df2865/song_package.yaml.bak
2025-10-26 14:05:14 [INFO] ✓ Created: data/Los-Angeles-MIDI/LOCAL_LAMDA/Local_Lamda_midi/midi_guide/833f804696df2865/song_package.yaml
2025-10-26 14:05:14 [INFO] Backed up existing package to data/Los-Angeles-MIDI/LOCAL_LAMDA/Local_Lamda_midi/midi_guide/83a8b27144f4029b/song_package.yaml.bak
2025-10-26 14:05:14 [INFO] ✓ Created: data/Los-Angeles-MIDI/LOCAL_LAMDA/Local_Lamda_midi/midi_guide/83a8b27144f4029b/song_package.yaml
2025-10-26 14:05:14 [INFO] Backed up existing package to data/Los-Angeles-MIDI/LOCAL_LAMDA/Local_Lamda_midi/midi_guide/838a2ce3edabf276/song_package.yaml.bak
2025-10-26 14:05:14 [INFO] ✓ Created: data/Los-Angeles-MIDI/LOCAL_LAMDA/Local_Lamda_midi/midi_guide/838a2ce3edabf276/song_package.yaml
2025-10-26 14:05:14 [INFO] Backed up existing package to data/Los-Angeles-MIDI/LOCAL_LAMDA/Local_Lamda_midi/midi_guide/83d260e6f3c2096d/song_package.yaml.bak
2025-10-26 14:05:14 [INFO] ✓ Created: data/Los-Angeles-MIDI/LOCAL_LAMDA/Local_Lamda_midi/midi_guide/83d260e6f3c2096d/song_package.yaml
2025-10-26 14:05:14 [INFO] Backed up existing package to data/Los-Angeles-MIDI/LOCAL_LAMDA/Local_Lamda_midi/midi_guide/83e97b071e976e55/song_package.yaml.bak
2025-10-26 14:05:14 [INFO] ✓ Created: data/Los-Angeles-MIDI/LOCAL_LAMDA/Local_Lamda_midi/midi_guide/83e97b071e976e55/song_package.yaml
2025-10-26 14:05:14 [INFO] Backed up existing package to data/Los-Angeles-MIDI/LOCAL_LAMDA/Local_Lamda_midi/midi_guide/84295a7ec4f3bfe6/song_package.yaml.bak
2025-10-26 14:05:14 [INFO] ✓ Created: data/Los-Angeles-MIDI/LOCAL_LAMDA/Local_Lamda_midi/midi_guide/84295a7ec4f3bfe6/song_package.yaml
2025-10-26 14:05:14 [INFO] Backed up existing package to data/Los-Angeles-MIDI/LOCAL_LAMDA/Local_Lamda_midi/midi_guide/840cba390b291d5e/song_package.yaml.bak
2025-10-26 14:05:14 [INFO] ✓ Created: data/Los-Angeles-MIDI/LOCAL_LAMDA/Local_Lamda_midi/midi_guide/840cba390b291d5e/song_package.yaml
2025-10-26 14:05:14 [INFO] Backed up existing package to data/Los-Angeles-MIDI/LOCAL_LAMDA/Local_Lamda_midi/midi_guide/8483eaeab355dcbe/song_package.yaml.bak
2025-10-26 14:05:14 [INFO] ✓ Created: data/Los-Angeles-MIDI/LOCAL_LAMDA/Local_Lamda_midi/midi_guide/8483eaeab355dcbe/song_package.yaml
2025-10-26 14:05:14 [INFO] Backed up existing package to data/Los-Angeles-MIDI/LOCAL_LAMDA/Local_Lamda_midi/midi_guide/8400ecfd52ca856f/song_package.yaml.bak
2025-10-26 14:05:14 [INFO] ✓ Created: data/Los-Angeles-MIDI/LOCAL_LAMDA/Local_Lamda_midi/midi_guide/8400ecfd52ca856f/song_package.yaml
2025-10-26 14:05:14 [INFO] Backed up existing package to data/Los-Angeles-MIDI/LOCAL_LAMDA/Local_Lamda_midi/midi_guide/83be64e061da476c/song_package.yaml.bak
2025-10-26 14:05:14 [INFO] ✓ Created: data/Los-Angeles-MIDI/LOCAL_LAMDA/Local_Lamda_midi/midi_guide/83be64e061da476c/song_package.yaml
2025-10-26 14:05:14 [INFO] Backed up existing package to data/Los-Angeles-MIDI/LOCAL_LAMDA/Local_Lamda_midi/midi_guide/845b85ebc7cf0aa8/song_package.yaml.bak
2025-10-26 14:05:14 [INFO] ✓ Created: data/Los-Angeles-MIDI/LOCAL_LAMDA/Local_Lamda_midi/midi_guide/845b85ebc7cf0aa8/song_package.yaml
2025-10-26 14:05:14 [INFO] Backed up existing package to data/Los-Angeles-MIDI/LOCAL_LAMDA/Local_Lamda_midi/midi_guide/843a5246aefbbbf1/song_package.yaml.bak
2025-10-26 14:05:14 [INFO] ✓ Created: data/Los-Angeles-MIDI/LOCAL_LAMDA/Local_Lamda_midi/midi_guide/843a5246aefbbbf1/song_package.yaml
2025-10-26 14:05:14 [INFO] Backed up existing package to data/Los-Angeles-MIDI/LOCAL_LAMDA/Local_Lamda_midi/midi_guide/8481fabf25a9e84c/song_package.yaml.bak
2025-10-26 14:05:14 [INFO] ✓ Created: data/Los-Angeles-MIDI/LOCAL_LAMDA/Local_Lamda_midi/midi_guide/8481fabf25a9e84c/song_package.yaml
2025-10-26 14:05:14 [INFO] Backed up existing package to data/Los-Angeles-MIDI/LOCAL_LAMDA/Local_Lamda_midi/midi_guide/848b96c3deb7541c/song_package.yaml.bak
2025-10-26 14:05:14 [INFO] ✓ Created: data/Los-Angeles-MIDI/LOCAL_LAMDA/Local_Lamda_midi/midi_guide/848b96c3deb7541c/song_package.yaml
2025-10-26 14:05:14 [INFO] Backed up existing package to data/Los-Angeles-MIDI/LOCAL_LAMDA/Local_Lamda_midi/midi_guide/8535e602ada62f9b/song_package.yaml.bak
2025-10-26 14:05:14 [INFO] ✓ Created: data/Los-Angeles-MIDI/LOCAL_LAMDA/Local_Lamda_midi/midi_guide/8535e602ada62f9b/song_package.yaml
2025-10-26 14:05:14 [INFO] Backed up existing package to data/Los-Angeles-MIDI/LOCAL_LAMDA/Local_Lamda_midi/midi_guide/84db70265691a084/song_package.yaml.bak
2025-10-26 14:05:14 [INFO] ✓ Created: data/Los-Angeles-MIDI/LOCAL_LAMDA/Local_Lamda_midi/midi_guide/84db70265691a084/song_package.yaml
2025-10-26 14:05:14 [INFO] Backed up existing package to data/Los-Angeles-MIDI/LOCAL_LAMDA/Local_Lamda_midi/midi_guide/84f99f09e309bb44/song_package.yaml.bak
2025-10-26 14:05:14 [INFO] ✓ Created: data/Los-Angeles-MIDI/LOCAL_LAMDA/Local_Lamda_midi/midi_guide/84f99f09e309bb44/song_package.yaml
2025-10-26 14:05:14 [INFO] Backed up existing package to data/Los-Angeles-MIDI/LOCAL_LAMDA/Local_Lamda_midi/midi_guide/8573359ebb44a34a/song_package.yaml.bak
2025-10-26 14:05:14 [INFO] ✓ Created: data/Los-Angeles-MIDI/LOCAL_LAMDA/Local_Lamda_midi/midi_guide/8573359ebb44a34a/song_package.yaml
2025-10-26 14:05:14 [INFO] Backed up existing package to data/Los-Angeles-MIDI/LOCAL_LAMDA/Local_Lamda_midi/midi_guide/8545bb65a0fee4a8/song_package.yaml.bak
2025-10-26 14:05:14 [INFO] ✓ Created: data/Los-Angeles-MIDI/LOCAL_LAMDA/Local_Lamda_midi/midi_guide/8545bb65a0fee4a8/song_package.yaml
2025-10-26 14:05:14 [INFO] Backed up existing package to data/Los-Angeles-MIDI/LOCAL_LAMDA/Local_Lamda_midi/midi_guide/84e17409e95492ad/song_package.yaml.bak
2025-10-26 14:05:14 [INFO] ✓ Created: data/Los-Angeles-MIDI/LOCAL_LAMDA/Local_Lamda_midi/midi_guide/84e17409e95492ad/song_package.yaml
2025-10-26 14:05:14 [INFO] Backed up existing package to data/Los-Angeles-MIDI/LOCAL_LAMDA/Local_Lamda_midi/midi_guide/85da719f9cb0f2b3/song_package.yaml.bak
2025-10-26 14:05:14 [INFO] ✓ Created: data/Los-Angeles-MIDI/LOCAL_LAMDA/Local_Lamda_midi/midi_guide/85da719f9cb0f2b3/song_package.yaml
2025-10-26 14:05:14 [INFO] Backed up existing package to data/Los-Angeles-MIDI/LOCAL_LAMDA/Local_Lamda_midi/midi_guide/85c0c950701139d4/song_package.yaml.bak
2025-10-26 14:05:14 [INFO] ✓ Created: data/Los-Angeles-MIDI/LOCAL_LAMDA/Local_Lamda_midi/midi_guide/85c0c950701139d4/song_package.yaml
2025-10-26 14:05:14 [INFO] Backed up existing package to data/Los-Angeles-MIDI/LOCAL_LAMDA/Local_Lamda_midi/midi_guide/8588597bc00f6b92/song_package.yaml.bak
2025-10-26 14:05:14 [INFO] ✓ Created: data/Los-Angeles-MIDI/LOCAL_LAMDA/Local_Lamda_midi/midi_guide/8588597bc00f6b92/song_package.yaml
2025-10-26 14:05:14 [INFO] Backed up existing package to data/Los-Angeles-MIDI/LOCAL_LAMDA/Local_Lamda_midi/midi_guide/8584e44cfd2d548b/song_package.yaml.bak
2025-10-26 14:05:14 [INFO] ✓ Created: data/Los-Angeles-MIDI/LOCAL_LAMDA/Local_Lamda_midi/midi_guide/8584e44cfd2d548b/song_package.yaml
2025-10-26 14:05:14 [INFO] Backed up existing package to data/Los-Angeles-MIDI/LOCAL_LAMDA/Local_Lamda_midi/midi_guide/85f23a9c1c1aa07a/song_package.yaml.bak
2025-10-26 14:05:14 [INFO] ✓ Created: data/Los-Angeles-MIDI/LOCAL_LAMDA/Local_Lamda_midi/midi_guide/85f23a9c1c1aa07a/song_package.yaml
2025-10-26 14:05:14 [INFO] Backed up existing package to data/Los-Angeles-MIDI/LOCAL_LAMDA/Local_Lamda_midi/midi_guide/85dfe2a857daa0bc/song_package.yaml.bak
2025-10-26 14:05:14 [INFO] ✓ Created: data/Los-Angeles-MIDI/LOCAL_LAMDA/Local_Lamda_midi/midi_guide/85dfe2a857daa0bc/song_package.yaml
2025-10-26 14:05:14 [INFO] Backed up existing package to data/Los-Angeles-MIDI/LOCAL_LAMDA/Local_Lamda_midi/midi_guide/85f7d75baa18b94b/song_package.yaml.bak
2025-10-26 14:05:14 [INFO] ✓ Created: data/Los-Angeles-MIDI/LOCAL_LAMDA/Local_Lamda_midi/midi_guide/85f7d75baa18b94b/song_package.yaml
2025-10-26 14:05:14 [INFO] Backed up existing package to data/Los-Angeles-MIDI/LOCAL_LAMDA/Local_Lamda_midi/midi_guide/85f982c1281bdd71/song_package.yaml.bak
2025-10-26 14:05:14 [INFO] ✓ Created: data/Los-Angeles-MIDI/LOCAL_LAMDA/Local_Lamda_midi/midi_guide/85f982c1281bdd71/song_package.yaml
2025-10-26 14:05:14 [INFO] Backed up existing package to data/Los-Angeles-MIDI/LOCAL_LAMDA/Local_Lamda_midi/midi_guide/865d89be7e1c6072/song_package.yaml.bak
2025-10-26 14:05:14 [INFO] ✓ Created: data/Los-Angeles-MIDI/LOCAL_LAMDA/Local_Lamda_midi/midi_guide/865d89be7e1c6072/song_package.yaml
2025-10-26 14:05:14 [INFO] Backed up existing package to data/Los-Angeles-MIDI/LOCAL_LAMDA/Local_Lamda_midi/midi_guide/86d1e8e42c06657e/song_package.yaml.bak
2025-10-26 14:05:14 [INFO] ✓ Created: data/Los-Angeles-MIDI/LOCAL_LAMDA/Local_Lamda_midi/midi_guide/86d1e8e42c06657e/song_package.yaml
2025-10-26 14:05:14 [INFO] Backed up existing package to data/Los-Angeles-MIDI/LOCAL_LAMDA/Local_Lamda_midi/midi_guide/870e97e465e38ea1/song_package.yaml.bak
2025-10-26 14:05:14 [INFO] ✓ Created: data/Los-Angeles-MIDI/LOCAL_LAMDA/Local_Lamda_midi/midi_guide/870e97e465e38ea1/song_package.yaml
2025-10-26 14:05:14 [INFO] Backed up existing package to data/Los-Angeles-MIDI/LOCAL_LAMDA/Local_Lamda_midi/midi_guide/86f69b87dce8dd2b/song_package.yaml.bak
2025-10-26 14:05:14 [INFO] ✓ Created: data/Los-Angeles-MIDI/LOCAL_LAMDA/Local_Lamda_midi/midi_guide/86f69b87dce8dd2b/song_package.yaml
2025-10-26 14:05:14 [INFO] Backed up existing package to data/Los-Angeles-MIDI/LOCAL_LAMDA/Local_Lamda_midi/midi_guide/86c7213cc277931a/song_package.yaml.bak
2025-10-26 14:05:14 [INFO] ✓ Created: data/Los-Angeles-MIDI/LOCAL_LAMDA/Local_Lamda_midi/midi_guide/86c7213cc277931a/song_package.yaml
2025-10-26 14:05:14 [INFO] Backed up existing package to data/Los-Angeles-MIDI/LOCAL_LAMDA/Local_Lamda_midi/midi_guide/86d629106e707883/song_package.yaml.bak
2025-10-26 14:05:14 [INFO] ✓ Created: data/Los-Angeles-MIDI/LOCAL_LAMDA/Local_Lamda_midi/midi_guide/86d629106e707883/song_package.yaml
2025-10-26 14:05:14 [INFO] Backed up existing package to data/Los-Angeles-MIDI/LOCAL_LAMDA/Local_Lamda_midi/midi_guide/8729f31b419410e1/song_package.yaml.bak
2025-10-26 14:05:14 [INFO] ✓ Created: data/Los-Angeles-MIDI/LOCAL_LAMDA/Local_Lamda_midi/midi_guide/8729f31b419410e1/song_package.yaml
2025-10-26 14:05:14 [INFO] Backed up existing package to data/Los-Angeles-MIDI/LOCAL_LAMDA/Local_Lamda_midi/midi_guide/87443ca4fc16536e/song_package.yaml.bak
2025-10-26 14:05:14 [INFO] ✓ Created: data/Los-Angeles-MIDI/LOCAL_LAMDA/Local_Lamda_midi/midi_guide/87443ca4fc16536e/song_package.yaml
2025-10-26 14:05:14 [INFO] Backed up existing package to data/Los-Angeles-MIDI/LOCAL_LAMDA/Local_Lamda_midi/midi_guide/8734d48d322e4bab/song_package.yaml.bak
2025-10-26 14:05:14 [INFO] ✓ Created: data/Los-Angeles-MIDI/LOCAL_LAMDA/Local_Lamda_midi/midi_guide/8734d48d322e4bab/song_package.yaml
2025-10-26 14:05:14 [INFO] Backed up existing package to data/Los-Angeles-MIDI/LOCAL_LAMDA/Local_Lamda_midi/midi_guide/874539810eb45cdb/song_package.yaml.bak
2025-10-26 14:05:14 [INFO] ✓ Created: data/Los-Angeles-MIDI/LOCAL_LAMDA/Local_Lamda_midi/midi_guide/874539810eb45cdb/song_package.yaml
2025-10-26 14:05:14 [INFO] Backed up existing package to data/Los-Angeles-MIDI/LOCAL_LAMDA/Local_Lamda_midi/midi_guide/879fba0bf5c8f4c9/song_package.yaml.bak
2025-10-26 14:05:14 [INFO] ✓ Created: data/Los-Angeles-MIDI/LOCAL_LAMDA/Local_Lamda_midi/midi_guide/879fba0bf5c8f4c9/song_package.yaml
2025-10-26 14:05:14 [INFO] Backed up existing package to data/Los-Angeles-MIDI/LOCAL_LAMDA/Local_Lamda_midi/midi_guide/873f5e6ab2aa4e98/song_package.yaml.bak
2025-10-26 14:05:14 [INFO] ✓ Created: data/Los-Angeles-MIDI/LOCAL_LAMDA/Local_Lamda_midi/midi_guide/873f5e6ab2aa4e98/song_package.yaml
2025-10-26 14:05:14 [INFO] Backed up existing package to data/Los-Angeles-MIDI/LOCAL_LAMDA/Local_Lamda_midi/midi_guide/87c0b46cf99ba024/song_package.yaml.bak
2025-10-26 14:05:14 [INFO] ✓ Created: data/Los-Angeles-MIDI/LOCAL_LAMDA/Local_Lamda_midi/midi_guide/87c0b46cf99ba024/song_package.yaml
2025-10-26 14:05:14 [INFO] Backed up existing package to data/Los-Angeles-MIDI/LOCAL_LAMDA/Local_Lamda_midi/midi_guide/87af5d40dd35797b/song_package.yaml.bak
2025-10-26 14:05:14 [INFO] ✓ Created: data/Los-Angeles-MIDI/LOCAL_LAMDA/Local_Lamda_midi/midi_guide/87af5d40dd35797b/song_package.yaml
2025-10-26 14:05:14 [INFO] Backed up existing package to data/Los-Angeles-MIDI/LOCAL_LAMDA/Local_Lamda_midi/midi_guide/880ceac003c9eddc/song_package.yaml.bak
2025-10-26 14:05:14 [INFO] ✓ Created: data/Los-Angeles-MIDI/LOCAL_LAMDA/Local_Lamda_midi/midi_guide/880ceac003c9eddc/song_package.yaml
2025-10-26 14:05:14 [INFO] Backed up existing package to data/Los-Angeles-MIDI/LOCAL_LAMDA/Local_Lamda_midi/midi_guide/883ea555e40f78a3/song_package.yaml.bak
2025-10-26 14:05:14 [INFO] ✓ Created: data/Los-Angeles-MIDI/LOCAL_LAMDA/Local_Lamda_midi/midi_guide/883ea555e40f78a3/song_package.yaml
2025-10-26 14:05:14 [INFO] Backed up existing package to data/Los-Angeles-MIDI/LOCAL_LAMDA/Local_Lamda_midi/midi_guide/888a7adf2af52643/song_package.yaml.bak
2025-10-26 14:05:14 [INFO] ✓ Created: data/Los-Angeles-MIDI/LOCAL_LAMDA/Local_Lamda_midi/midi_guide/888a7adf2af52643/song_package.yaml
2025-10-26 14:05:14 [INFO] Backed up existing package to data/Los-Angeles-MIDI/LOCAL_LAMDA/Local_Lamda_midi/midi_guide/88a8f037dda17c3e/song_package.yaml.bak
2025-10-26 14:05:14 [INFO] ✓ Created: data/Los-Angeles-MIDI/LOCAL_LAMDA/Local_Lamda_midi/midi_guide/88a8f037dda17c3e/song_package.yaml
2025-10-26 14:05:14 [INFO] Backed up existing package to data/Los-Angeles-MIDI/LOCAL_LAMDA/Local_Lamda_midi/midi_guide/88c65fef2152d06c/song_package.yaml.bak
2025-10-26 14:05:14 [INFO] ✓ Created: data/Los-Angeles-MIDI/LOCAL_LAMDA/Local_Lamda_midi/midi_guide/88c65fef2152d06c/song_package.yaml
2025-10-26 14:05:14 [INFO] Backed up existing package to data/Los-Angeles-MIDI/LOCAL_LAMDA/Local_Lamda_midi/midi_guide/88da29c8aed6e7d0/song_package.yaml.bak
2025-10-26 14:05:14 [INFO] ✓ Created: data/Los-Angeles-MIDI/LOCAL_LAMDA/Local_Lamda_midi/midi_guide/88da29c8aed6e7d0/song_package.yaml
2025-10-26 14:05:14 [INFO] Backed up existing package to data/Los-Angeles-MIDI/LOCAL_LAMDA/Local_Lamda_midi/midi_guide/8941764dbfa40039/song_package.yaml.bak
2025-10-26 14:05:14 [INFO] ✓ Created: data/Los-Angeles-MIDI/LOCAL_LAMDA/Local_Lamda_midi/midi_guide/8941764dbfa40039/song_package.yaml
2025-10-26 14:05:14 [INFO] Backed up existing package to data/Los-Angeles-MIDI/LOCAL_LAMDA/Local_Lamda_midi/midi_guide/89391eccf354ae22/song_package.yaml.bak
2025-10-26 14:05:14 [INFO] ✓ Created: data/Los-Angeles-MIDI/LOCAL_LAMDA/Local_Lamda_midi/midi_guide/89391eccf354ae22/song_package.yaml
2025-10-26 14:05:14 [INFO] Backed up existing package to data/Los-Angeles-MIDI/LOCAL_LAMDA/Local_Lamda_midi/midi_guide/893955bc01f1d949/song_package.yaml.bak
2025-10-26 14:05:14 [INFO] ✓ Created: data/Los-Angeles-MIDI/LOCAL_LAMDA/Local_Lamda_midi/midi_guide/893955bc01f1d949/song_package.yaml
2025-10-26 14:05:14 [INFO] Backed up existing package to data/Los-Angeles-MIDI/LOCAL_LAMDA/Local_Lamda_midi/midi_guide/89549d85df525571/song_package.yaml.bak
2025-10-26 14:05:14 [INFO] ✓ Created: data/Los-Angeles-MIDI/LOCAL_LAMDA/Local_Lamda_midi/midi_guide/89549d85df525571/song_package.yaml
2025-10-26 14:05:14 [INFO] Backed up existing package to data/Los-Angeles-MIDI/LOCAL_LAMDA/Local_Lamda_midi/midi_guide/8966abd0834b3cbf/song_package.yaml.bak
2025-10-26 14:05:14 [INFO] ✓ Created: data/Los-Angeles-MIDI/LOCAL_LAMDA/Local_Lamda_midi/midi_guide/8966abd0834b3cbf/song_package.yaml
2025-10-26 14:05:14 [INFO] Backed up existing package to data/Los-Angeles-MIDI/LOCAL_LAMDA/Local_Lamda_midi/midi_guide/896fc946c0d1e151/song_package.yaml.bak
2025-10-26 14:05:14 [INFO] ✓ Created: data/Los-Angeles-MIDI/LOCAL_LAMDA/Local_Lamda_midi/midi_guide/896fc946c0d1e151/song_package.yaml
2025-10-26 14:05:14 [INFO] Backed up existing package to data/Los-Angeles-MIDI/LOCAL_LAMDA/Local_Lamda_midi/midi_guide/8977609bef625607/song_package.yaml.bak
2025-10-26 14:05:14 [INFO] ✓ Created: data/Los-Angeles-MIDI/LOCAL_LAMDA/Local_Lamda_midi/midi_guide/8977609bef625607/song_package.yaml
2025-10-26 14:05:14 [INFO] Backed up existing package to data/Los-Angeles-MIDI/LOCAL_LAMDA/Local_Lamda_midi/midi_guide/8990f7c7031a0f06/song_package.yaml.bak
2025-10-26 14:05:14 [INFO] ✓ Created: data/Los-Angeles-MIDI/LOCAL_LAMDA/Local_Lamda_midi/midi_guide/8990f7c7031a0f06/song_package.yaml
2025-10-26 14:05:14 [INFO] Backed up existing package to data/Los-Angeles-MIDI/LOCAL_LAMDA/Local_Lamda_midi/midi_guide/89917723cab55860/song_package.yaml.bak
2025-10-26 14:05:14 [INFO] ✓ Created: data/Los-Angeles-MIDI/LOCAL_LAMDA/Local_Lamda_midi/midi_guide/89917723cab55860/song_package.yaml
2025-10-26 14:05:14 [INFO] Backed up existing package to data/Los-Angeles-MIDI/LOCAL_LAMDA/Local_Lamda_midi/midi_guide/89b698605feb9796/song_package.yaml.bak
2025-10-26 14:05:14 [INFO] ✓ Created: data/Los-Angeles-MIDI/LOCAL_LAMDA/Local_Lamda_midi/midi_guide/89b698605feb9796/song_package.yaml
2025-10-26 14:05:14 [INFO] Backed up existing package to data/Los-Angeles-MIDI/LOCAL_LAMDA/Local_Lamda_midi/midi_guide/89ae07b484feafa8/song_package.yaml.bak
2025-10-26 14:05:14 [INFO] ✓ Created: data/Los-Angeles-MIDI/LOCAL_LAMDA/Local_Lamda_midi/midi_guide/89ae07b484feafa8/song_package.yaml
2025-10-26 14:05:14 [INFO] Backed up existing package to data/Los-Angeles-MIDI/LOCAL_LAMDA/Local_Lamda_midi/midi_guide/8a5d71259e799fa3/song_package.yaml.bak
2025-10-26 14:05:14 [INFO] ✓ Created: data/Los-Angeles-MIDI/LOCAL_LAMDA/Local_Lamda_midi/midi_guide/8a5d71259e799fa3/song_package.yaml
2025-10-26 14:05:14 [INFO] Backed up existing package to data/Los-Angeles-MIDI/LOCAL_LAMDA/Local_Lamda_midi/midi_guide/8a13053a60873cf6/song_package.yaml.bak
2025-10-26 14:05:14 [INFO] ✓ Created: data/Los-Angeles-MIDI/LOCAL_LAMDA/Local_Lamda_midi/midi_guide/8a13053a60873cf6/song_package.yaml
2025-10-26 14:05:14 [INFO] Backed up existing package to data/Los-Angeles-MIDI/LOCAL_LAMDA/Local_Lamda_midi/midi_guide/8ad116010f53ce54/song_package.yaml.bak
2025-10-26 14:05:14 [INFO] ✓ Created: data/Los-Angeles-MIDI/LOCAL_LAMDA/Local_Lamda_midi/midi_guide/8ad116010f53ce54/song_package.yaml
2025-10-26 14:05:14 [INFO] Backed up existing package to data/Los-Angeles-MIDI/LOCAL_LAMDA/Local_Lamda_midi/midi_guide/8ae6a887e19275bb/song_package.yaml.bak
2025-10-26 14:05:14 [INFO] ✓ Created: data/Los-Angeles-MIDI/LOCAL_LAMDA/Local_Lamda_midi/midi_guide/8ae6a887e19275bb/song_package.yaml
2025-10-26 14:05:14 [INFO] Backed up existing package to data/Los-Angeles-MIDI/LOCAL_LAMDA/Local_Lamda_midi/midi_guide/8b1a56851474fee3/song_package.yaml.bak
2025-10-26 14:05:14 [INFO] ✓ Created: data/Los-Angeles-MIDI/LOCAL_LAMDA/Local_Lamda_midi/midi_guide/8b1a56851474fee3/song_package.yaml
2025-10-26 14:05:14 [INFO] Backed up existing package to data/Los-Angeles-MIDI/LOCAL_LAMDA/Local_Lamda_midi/midi_guide/8b788fc55a27ef88/song_package.yaml.bak
2025-10-26 14:05:14 [INFO] ✓ Created: data/Los-Angeles-MIDI/LOCAL_LAMDA/Local_Lamda_midi/midi_guide/8b788fc55a27ef88/song_package.yaml
2025-10-26 14:05:14 [INFO] Backed up existing package to data/Los-Angeles-MIDI/LOCAL_LAMDA/Local_Lamda_midi/midi_guide/8c05bef4cad934c7/song_package.yaml.bak
2025-10-26 14:05:14 [INFO] ✓ Created: data/Los-Angeles-MIDI/LOCAL_LAMDA/Local_Lamda_midi/midi_guide/8c05bef4cad934c7/song_package.yaml
2025-10-26 14:05:14 [INFO] Backed up existing package to data/Los-Angeles-MIDI/LOCAL_LAMDA/Local_Lamda_midi/midi_guide/8bfff86364f2e6d6/song_package.yaml.bak
2025-10-26 14:05:14 [INFO] ✓ Created: data/Los-Angeles-MIDI/LOCAL_LAMDA/Local_Lamda_midi/midi_guide/8bfff86364f2e6d6/song_package.yaml
2025-10-26 14:05:14 [INFO] Backed up existing package to data/Los-Angeles-MIDI/LOCAL_LAMDA/Local_Lamda_midi/midi_guide/8b6c5a6235182436/song_package.yaml.bak
2025-10-26 14:05:14 [INFO] ✓ Created: data/Los-Angeles-MIDI/LOCAL_LAMDA/Local_Lamda_midi/midi_guide/8b6c5a6235182436/song_package.yaml
2025-10-26 14:05:14 [INFO] Backed up existing package to data/Los-Angeles-MIDI/LOCAL_LAMDA/Local_Lamda_midi/midi_guide/8bd105e7f7337bb8/song_package.yaml.bak
2025-10-26 14:05:14 [INFO] ✓ Created: data/Los-Angeles-MIDI/LOCAL_LAMDA/Local_Lamda_midi/midi_guide/8bd105e7f7337bb8/song_package.yaml
2025-10-26 14:05:14 [INFO] Backed up existing package to data/Los-Angeles-MIDI/LOCAL_LAMDA/Local_Lamda_midi/midi_guide/8bf3f4085e33ec5a/song_package.yaml.bak
2025-10-26 14:05:14 [INFO] ✓ Created: data/Los-Angeles-MIDI/LOCAL_LAMDA/Local_Lamda_midi/midi_guide/8bf3f4085e33ec5a/song_package.yaml
2025-10-26 14:05:14 [INFO] Backed up existing package to data/Los-Angeles-MIDI/LOCAL_LAMDA/Local_Lamda_midi/midi_guide/8c1e58cb8d91869c/song_package.yaml.bak
2025-10-26 14:05:14 [INFO] ✓ Created: data/Los-Angeles-MIDI/LOCAL_LAMDA/Local_Lamda_midi/midi_guide/8c1e58cb8d91869c/song_package.yaml
2025-10-26 14:05:14 [INFO] Backed up existing package to data/Los-Angeles-MIDI/LOCAL_LAMDA/Local_Lamda_midi/midi_guide/8c3fac9d81563983/song_package.yaml.bak
2025-10-26 14:05:14 [INFO] ✓ Created: data/Los-Angeles-MIDI/LOCAL_LAMDA/Local_Lamda_midi/midi_guide/8c3fac9d81563983/song_package.yaml
2025-10-26 14:05:14 [INFO] Backed up existing package to data/Los-Angeles-MIDI/LOCAL_LAMDA/Local_Lamda_midi/midi_guide/8c2ef704097cd1ad/song_package.yaml.bak
2025-10-26 14:05:14 [INFO] ✓ Created: data/Los-Angeles-MIDI/LOCAL_LAMDA/Local_Lamda_midi/midi_guide/8c2ef704097cd1ad/song_package.yaml
2025-10-26 14:05:14 [INFO] Backed up existing package to data/Los-Angeles-MIDI/LOCAL_LAMDA/Local_Lamda_midi/midi_guide/8c7d85b383b593b7/song_package.yaml.bak
2025-10-26 14:05:14 [INFO] ✓ Created: data/Los-Angeles-MIDI/LOCAL_LAMDA/Local_Lamda_midi/midi_guide/8c7d85b383b593b7/song_package.yaml
2025-10-26 14:05:14 [INFO] Backed up existing package to data/Los-Angeles-MIDI/LOCAL_LAMDA/Local_Lamda_midi/midi_guide/8c87ef504984f87d/song_package.yaml.bak
2025-10-26 14:05:14 [INFO] ✓ Created: data/Los-Angeles-MIDI/LOCAL_LAMDA/Local_Lamda_midi/midi_guide/8c87ef504984f87d/song_package.yaml
2025-10-26 14:05:14 [INFO] Backed up existing package to data/Los-Angeles-MIDI/LOCAL_LAMDA/Local_Lamda_midi/midi_guide/8c2f49acfd91a83d/song_package.yaml.bak
2025-10-26 14:05:14 [INFO] ✓ Created: data/Los-Angeles-MIDI/LOCAL_LAMDA/Local_Lamda_midi/midi_guide/8c2f49acfd91a83d/song_package.yaml
2025-10-26 14:05:14 [INFO] Backed up existing package to data/Los-Angeles-MIDI/LOCAL_LAMDA/Local_Lamda_midi/midi_guide/8ce1beb758614fe4/song_package.yaml.bak
2025-10-26 14:05:14 [INFO] ✓ Created: data/Los-Angeles-MIDI/LOCAL_LAMDA/Local_Lamda_midi/midi_guide/8ce1beb758614fe4/song_package.yaml
2025-10-26 14:05:14 [INFO] Backed up existing package to data/Los-Angeles-MIDI/LOCAL_LAMDA/Local_Lamda_midi/midi_guide/8cd3922db7b028c8/song_package.yaml.bak
2025-10-26 14:05:14 [INFO] ✓ Created: data/Los-Angeles-MIDI/LOCAL_LAMDA/Local_Lamda_midi/midi_guide/8cd3922db7b028c8/song_package.yaml
2025-10-26 14:05:14 [INFO] Backed up existing package to data/Los-Angeles-MIDI/LOCAL_LAMDA/Local_Lamda_midi/midi_guide/8c82ad8de2506c1d/song_package.yaml.bak
2025-10-26 14:05:14 [INFO] ✓ Created: data/Los-Angeles-MIDI/LOCAL_LAMDA/Local_Lamda_midi/midi_guide/8c82ad8de2506c1d/song_package.yaml
2025-10-26 14:05:14 [INFO] Backed up existing package to data/Los-Angeles-MIDI/LOCAL_LAMDA/Local_Lamda_midi/midi_guide/8cabcd63a0583fe6/song_package.yaml.bak
2025-10-26 14:05:14 [INFO] ✓ Created: data/Los-Angeles-MIDI/LOCAL_LAMDA/Local_Lamda_midi/midi_guide/8cabcd63a0583fe6/song_package.yaml
2025-10-26 14:05:14 [INFO] Backed up existing package to data/Los-Angeles-MIDI/LOCAL_LAMDA/Local_Lamda_midi/midi_guide/8c5d0b1c8cf10242/song_package.yaml.bak
2025-10-26 14:05:14 [INFO] ✓ Created: data/Los-Angeles-MIDI/LOCAL_LAMDA/Local_Lamda_midi/midi_guide/8c5d0b1c8cf10242/song_package.yaml
2025-10-26 14:05:14 [INFO] Backed up existing package to data/Los-Angeles-MIDI/LOCAL_LAMDA/Local_Lamda_midi/midi_guide/8c9af403e4786d0b/song_package.yaml.bak
2025-10-26 14:05:14 [INFO] ✓ Created: data/Los-Angeles-MIDI/LOCAL_LAMDA/Local_Lamda_midi/midi_guide/8c9af403e4786d0b/song_package.yaml
2025-10-26 14:05:14 [INFO] Backed up existing package to data/Los-Angeles-MIDI/LOCAL_LAMDA/Local_Lamda_midi/midi_guide/8cfbb9b4d9618d30/song_package.yaml.bak
2025-10-26 14:05:14 [INFO] ✓ Created: data/Los-Angeles-MIDI/LOCAL_LAMDA/Local_Lamda_midi/midi_guide/8cfbb9b4d9618d30/song_package.yaml
2025-10-26 14:05:14 [INFO] Backed up existing package to data/Los-Angeles-MIDI/LOCAL_LAMDA/Local_Lamda_midi/midi_guide/8d28fd9d238bdf21/song_package.yaml.bak
2025-10-26 14:05:14 [INFO] ✓ Created: data/Los-Angeles-MIDI/LOCAL_LAMDA/Local_Lamda_midi/midi_guide/8d28fd9d238bdf21/song_package.yaml
2025-10-26 14:05:14 [INFO] Backed up existing package to data/Los-Angeles-MIDI/LOCAL_LAMDA/Local_Lamda_midi/midi_guide/8d9543ae84aad7c7/song_package.yaml.bak
2025-10-26 14:05:14 [INFO] ✓ Created: data/Los-Angeles-MIDI/LOCAL_LAMDA/Local_Lamda_midi/midi_guide/8d9543ae84aad7c7/song_package.yaml
2025-10-26 14:05:14 [INFO] Backed up existing package to data/Los-Angeles-MIDI/LOCAL_LAMDA/Local_Lamda_midi/midi_guide/8dafc65404032cd2/song_package.yaml.bak
2025-10-26 14:05:14 [INFO] ✓ Created: data/Los-Angeles-MIDI/LOCAL_LAMDA/Local_Lamda_midi/midi_guide/8dafc65404032cd2/song_package.yaml
2025-10-26 14:05:14 [INFO] Backed up existing package to data/Los-Angeles-MIDI/LOCAL_LAMDA/Local_Lamda_midi/midi_guide/8dab37f6c672d221/song_package.yaml.bak
2025-10-26 14:05:14 [INFO] ✓ Created: data/Los-Angeles-MIDI/LOCAL_LAMDA/Local_Lamda_midi/midi_guide/8dab37f6c672d221/song_package.yaml
2025-10-26 14:05:14 [INFO] Backed up existing package to data/Los-Angeles-MIDI/LOCAL_LAMDA/Local_Lamda_midi/midi_guide/8da8fc5bea5988a2/song_package.yaml.bak
2025-10-26 14:05:14 [INFO] ✓ Created: data/Los-Angeles-MIDI/LOCAL_LAMDA/Local_Lamda_midi/midi_guide/8da8fc5bea5988a2/song_package.yaml
2025-10-26 14:05:14 [INFO] Backed up existing package to data/Los-Angeles-MIDI/LOCAL_LAMDA/Local_Lamda_midi/midi_guide/8dd4f3766241c336/song_package.yaml.bak
2025-10-26 14:05:14 [INFO] ✓ Created: data/Los-Angeles-MIDI/LOCAL_LAMDA/Local_Lamda_midi/midi_guide/8dd4f3766241c336/song_package.yaml
2025-10-26 14:05:14 [INFO] Backed up existing package to data/Los-Angeles-MIDI/LOCAL_LAMDA/Local_Lamda_midi/midi_guide/8e8f855cb4e81af8/song_package.yaml.bak
2025-10-26 14:05:14 [INFO] ✓ Created: data/Los-Angeles-MIDI/LOCAL_LAMDA/Local_Lamda_midi/midi_guide/8e8f855cb4e81af8/song_package.yaml
2025-10-26 14:05:14 [INFO] Backed up existing package to data/Los-Angeles-MIDI/LOCAL_LAMDA/Local_Lamda_midi/midi_guide/8e9b21a95f5da9dd/song_package.yaml.bak
2025-10-26 14:05:14 [INFO] ✓ Created: data/Los-Angeles-MIDI/LOCAL_LAMDA/Local_Lamda_midi/midi_guide/8e9b21a95f5da9dd/song_package.yaml
2025-10-26 14:05:14 [INFO] Backed up existing package to data/Los-Angeles-MIDI/LOCAL_LAMDA/Local_Lamda_midi/midi_guide/8e7594ebf894653d/song_package.yaml.bak
2025-10-26 14:05:14 [INFO] ✓ Created: data/Los-Angeles-MIDI/LOCAL_LAMDA/Local_Lamda_midi/midi_guide/8e7594ebf894653d/song_package.yaml
2025-10-26 14:05:14 [INFO] Backed up existing package to data/Los-Angeles-MIDI/LOCAL_LAMDA/Local_Lamda_midi/midi_guide/8ebec052bdd769e8/song_package.yaml.bak
2025-10-26 14:05:14 [INFO] ✓ Created: data/Los-Angeles-MIDI/LOCAL_LAMDA/Local_Lamda_midi/midi_guide/8ebec052bdd769e8/song_package.yaml
2025-10-26 14:05:14 [INFO] Backed up existing package to data/Los-Angeles-MIDI/LOCAL_LAMDA/Local_Lamda_midi/midi_guide/8eb8e1c7d96ad10c/song_package.yaml.bak
2025-10-26 14:05:14 [INFO] ✓ Created: data/Los-Angeles-MIDI/LOCAL_LAMDA/Local_Lamda_midi/midi_guide/8eb8e1c7d96ad10c/song_package.yaml
2025-10-26 14:05:14 [INFO] Backed up existing package to data/Los-Angeles-MIDI/LOCAL_LAMDA/Local_Lamda_midi/midi_guide/8e981556cf840cc0/song_package.yaml.bak
2025-10-26 14:05:14 [INFO] ✓ Created: data/Los-Angeles-MIDI/LOCAL_LAMDA/Local_Lamda_midi/midi_guide/8e981556cf840cc0/song_package.yaml
2025-10-26 14:05:14 [INFO] Backed up existing package to data/Los-Angeles-MIDI/LOCAL_LAMDA/Local_Lamda_midi/midi_guide/8f313d3d9669edbd/song_package.yaml.bak
2025-10-26 14:05:14 [INFO] ✓ Created: data/Los-Angeles-MIDI/LOCAL_LAMDA/Local_Lamda_midi/midi_guide/8f313d3d9669edbd/song_package.yaml
2025-10-26 14:05:14 [INFO] Backed up existing package to data/Los-Angeles-MIDI/LOCAL_LAMDA/Local_Lamda_midi/midi_guide/8f26c2a310baf9df/song_package.yaml.bak
2025-10-26 14:05:14 [INFO] ✓ Created: data/Los-Angeles-MIDI/LOCAL_LAMDA/Local_Lamda_midi/midi_guide/8f26c2a310baf9df/song_package.yaml
2025-10-26 14:05:14 [INFO] Backed up existing package to data/Los-Angeles-MIDI/LOCAL_LAMDA/Local_Lamda_midi/midi_guide/8f49f11fce0e07dc/song_package.yaml.bak
2025-10-26 14:05:14 [INFO] ✓ Created: data/Los-Angeles-MIDI/LOCAL_LAMDA/Local_Lamda_midi/midi_guide/8f49f11fce0e07dc/song_package.yaml
2025-10-26 14:05:14 [INFO] Backed up existing package to data/Los-Angeles-MIDI/LOCAL_LAMDA/Local_Lamda_midi/midi_guide/8efe6f4b1597dd4b/song_package.yaml.bak
2025-10-26 14:05:14 [INFO] ✓ Created: data/Los-Angeles-MIDI/LOCAL_LAMDA/Local_Lamda_midi/midi_guide/8efe6f4b1597dd4b/song_package.yaml
2025-10-26 14:05:14 [INFO] Backed up existing package to data/Los-Angeles-MIDI/LOCAL_LAMDA/Local_Lamda_midi/midi_guide/8f68319b5024a81a/song_package.yaml.bak
2025-10-26 14:05:14 [INFO] ✓ Created: data/Los-Angeles-MIDI/LOCAL_LAMDA/Local_Lamda_midi/midi_guide/8f68319b5024a81a/song_package.yaml
2025-10-26 14:05:14 [INFO] Backed up existing package to data/Los-Angeles-MIDI/LOCAL_LAMDA/Local_Lamda_midi/midi_guide/8f6032359465f881/song_package.yaml.bak
2025-10-26 14:05:14 [INFO] ✓ Created: data/Los-Angeles-MIDI/LOCAL_LAMDA/Local_Lamda_midi/midi_guide/8f6032359465f881/song_package.yaml
2025-10-26 14:05:14 [INFO] Backed up existing package to data/Los-Angeles-MIDI/LOCAL_LAMDA/Local_Lamda_midi/midi_guide/8fb4318fa098073f/song_package.yaml.bak
2025-10-26 14:05:14 [INFO] ✓ Created: data/Los-Angeles-MIDI/LOCAL_LAMDA/Local_Lamda_midi/midi_guide/8fb4318fa098073f/song_package.yaml
2025-10-26 14:05:14 [INFO] Backed up existing package to data/Los-Angeles-MIDI/LOCAL_LAMDA/Local_Lamda_midi/midi_guide/8fae9bd6d03a012e/song_package.yaml.bak
2025-10-26 14:05:14 [INFO] ✓ Created: data/Los-Angeles-MIDI/LOCAL_LAMDA/Local_Lamda_midi/midi_guide/8fae9bd6d03a012e/song_package.yaml
2025-10-26 14:05:14 [INFO] Backed up existing package to data/Los-Angeles-MIDI/LOCAL_LAMDA/Local_Lamda_midi/midi_guide/90718ee74bb1886e/song_package.yaml.bak
2025-10-26 14:05:14 [INFO] ✓ Created: data/Los-Angeles-MIDI/LOCAL_LAMDA/Local_Lamda_midi/midi_guide/90718ee74bb1886e/song_package.yaml
2025-10-26 14:05:14 [INFO] Backed up existing package to data/Los-Angeles-MIDI/LOCAL_LAMDA/Local_Lamda_midi/midi_guide/908e7b329406307a/song_package.yaml.bak
2025-10-26 14:05:14 [INFO] ✓ Created: data/Los-Angeles-MIDI/LOCAL_LAMDA/Local_Lamda_midi/midi_guide/908e7b329406307a/song_package.yaml
2025-10-26 14:05:14 [INFO] Backed up existing package to data/Los-Angeles-MIDI/LOCAL_LAMDA/Local_Lamda_midi/midi_guide/9077ce915f9608fc/song_package.yaml.bak
2025-10-26 14:05:14 [INFO] ✓ Created: data/Los-Angeles-MIDI/LOCAL_LAMDA/Local_Lamda_midi/midi_guide/9077ce915f9608fc/song_package.yaml
2025-10-26 14:05:14 [INFO] Backed up existing package to data/Los-Angeles-MIDI/LOCAL_LAMDA/Local_Lamda_midi/midi_guide/90d09f9604f4e4a2/song_package.yaml.bak
2025-10-26 14:05:14 [INFO] ✓ Created: data/Los-Angeles-MIDI/LOCAL_LAMDA/Local_Lamda_midi/midi_guide/90d09f9604f4e4a2/song_package.yaml
2025-10-26 14:05:14 [INFO] Backed up existing package to data/Los-Angeles-MIDI/LOCAL_LAMDA/Local_Lamda_midi/midi_guide/90803d5f69d6166f/song_package.yaml.bak
2025-10-26 14:05:14 [INFO] ✓ Created: data/Los-Angeles-MIDI/LOCAL_LAMDA/Local_Lamda_midi/midi_guide/90803d5f69d6166f/song_package.yaml
2025-10-26 14:05:14 [INFO] Backed up existing package to data/Los-Angeles-MIDI/LOCAL_LAMDA/Local_Lamda_midi/midi_guide/90fed4b85fc2f006/song_package.yaml.bak
2025-10-26 14:05:14 [INFO] ✓ Created: data/Los-Angeles-MIDI/LOCAL_LAMDA/Local_Lamda_midi/midi_guide/90fed4b85fc2f006/song_package.yaml
2025-10-26 14:05:14 [INFO] Backed up existing package to data/Los-Angeles-MIDI/LOCAL_LAMDA/Local_Lamda_midi/midi_guide/910f9cefa13b2496/song_package.yaml.bak
2025-10-26 14:05:14 [INFO] ✓ Created: data/Los-Angeles-MIDI/LOCAL_LAMDA/Local_Lamda_midi/midi_guide/910f9cefa13b2496/song_package.yaml
2025-10-26 14:05:14 [INFO] Backed up existing package to data/Los-Angeles-MIDI/LOCAL_LAMDA/Local_Lamda_midi/midi_guide/911c27d1d3a8f1be/song_package.yaml.bak
2025-10-26 14:05:14 [INFO] ✓ Created: data/Los-Angeles-MIDI/LOCAL_LAMDA/Local_Lamda_midi/midi_guide/911c27d1d3a8f1be/song_package.yaml
2025-10-26 14:05:14 [INFO] Backed up existing package to data/Los-Angeles-MIDI/LOCAL_LAMDA/Local_Lamda_midi/midi_guide/91130e602cd8bf80/song_package.yaml.bak
2025-10-26 14:05:14 [INFO] ✓ Created: data/Los-Angeles-MIDI/LOCAL_LAMDA/Local_Lamda_midi/midi_guide/91130e602cd8bf80/song_package.yaml
2025-10-26 14:05:14 [INFO] Backed up existing package to data/Los-Angeles-MIDI/LOCAL_LAMDA/Local_Lamda_midi/midi_guide/911763e189da5098/song_package.yaml.bak
2025-10-26 14:05:14 [INFO] ✓ Created: data/Los-Angeles-MIDI/LOCAL_LAMDA/Local_Lamda_midi/midi_guide/911763e189da5098/song_package.yaml
2025-10-26 14:05:14 [INFO] Backed up existing package to data/Los-Angeles-MIDI/LOCAL_LAMDA/Local_Lamda_midi/midi_guide/90f1629cf54849d7/song_package.yaml.bak
2025-10-26 14:05:14 [INFO] ✓ Created: data/Los-Angeles-MIDI/LOCAL_LAMDA/Local_Lamda_midi/midi_guide/90f1629cf54849d7/song_package.yaml
2025-10-26 14:05:14 [INFO] Backed up existing package to data/Los-Angeles-MIDI/LOCAL_LAMDA/Local_Lamda_midi/midi_guide/912190e302577487/song_package.yaml.bak
2025-10-26 14:05:14 [INFO] ✓ Created: data/Los-Angeles-MIDI/LOCAL_LAMDA/Local_Lamda_midi/midi_guide/912190e302577487/song_package.yaml
2025-10-26 14:05:14 [INFO] Backed up existing package to data/Los-Angeles-MIDI/LOCAL_LAMDA/Local_Lamda_midi/midi_guide/9158ad11a2edfa12/song_package.yaml.bak
2025-10-26 14:05:14 [INFO] ✓ Created: data/Los-Angeles-MIDI/LOCAL_LAMDA/Local_Lamda_midi/midi_guide/9158ad11a2edfa12/song_package.yaml
2025-10-26 14:05:14 [INFO] Backed up existing package to data/Los-Angeles-MIDI/LOCAL_LAMDA/Local_Lamda_midi/midi_guide/9160bb2ae0f32808/song_package.yaml.bak
2025-10-26 14:05:14 [INFO] ✓ Created: data/Los-Angeles-MIDI/LOCAL_LAMDA/Local_Lamda_midi/midi_guide/9160bb2ae0f32808/song_package.yaml
2025-10-26 14:05:14 [INFO] Backed up existing package to data/Los-Angeles-MIDI/LOCAL_LAMDA/Local_Lamda_midi/midi_guide/9165eb9b3c82adae/song_package.yaml.bak
2025-10-26 14:05:14 [INFO] ✓ Created: data/Los-Angeles-MIDI/LOCAL_LAMDA/Local_Lamda_midi/midi_guide/9165eb9b3c82adae/song_package.yaml
2025-10-26 14:05:14 [INFO] Backed up existing package to data/Los-Angeles-MIDI/LOCAL_LAMDA/Local_Lamda_midi/midi_guide/915fc56a2882894f/song_package.yaml.bak
2025-10-26 14:05:14 [INFO] ✓ Created: data/Los-Angeles-MIDI/LOCAL_LAMDA/Local_Lamda_midi/midi_guide/915fc56a2882894f/song_package.yaml
2025-10-26 14:05:14 [INFO] Backed up existing package to data/Los-Angeles-MIDI/LOCAL_LAMDA/Local_Lamda_midi/midi_guide/9174672c710c26d0/song_package.yaml.bak
2025-10-26 14:05:14 [INFO] ✓ Created: data/Los-Angeles-MIDI/LOCAL_LAMDA/Local_Lamda_midi/midi_guide/9174672c710c26d0/song_package.yaml
2025-10-26 14:05:14 [INFO] Backed up existing package to data/Los-Angeles-MIDI/LOCAL_LAMDA/Local_Lamda_midi/midi_guide/91b063a5165e12ef/song_package.yaml.bak
2025-10-26 14:05:14 [INFO] ✓ Created: data/Los-Angeles-MIDI/LOCAL_LAMDA/Local_Lamda_midi/midi_guide/91b063a5165e12ef/song_package.yaml
2025-10-26 14:05:14 [INFO] Backed up existing package to data/Los-Angeles-MIDI/LOCAL_LAMDA/Local_Lamda_midi/midi_guide/91dfd9588785aec4/song_package.yaml.bak
2025-10-26 14:05:14 [INFO] ✓ Created: data/Los-Angeles-MIDI/LOCAL_LAMDA/Local_Lamda_midi/midi_guide/91dfd9588785aec4/song_package.yaml
2025-10-26 14:05:14 [INFO] Backed up existing package to data/Los-Angeles-MIDI/LOCAL_LAMDA/Local_Lamda_midi/midi_guide/920ddc6a42ffcde8/song_package.yaml.bak
2025-10-26 14:05:14 [INFO] ✓ Created: data/Los-Angeles-MIDI/LOCAL_LAMDA/Local_Lamda_midi/midi_guide/920ddc6a42ffcde8/song_package.yaml
2025-10-26 14:05:14 [INFO] Backed up existing package to data/Los-Angeles-MIDI/LOCAL_LAMDA/Local_Lamda_midi/midi_guide/9266a98d9aa96eaf/song_package.yaml.bak
2025-10-26 14:05:14 [INFO] ✓ Created: data/Los-Angeles-MIDI/LOCAL_LAMDA/Local_Lamda_midi/midi_guide/9266a98d9aa96eaf/song_package.yaml
2025-10-26 14:05:14 [INFO] Backed up existing package to data/Los-Angeles-MIDI/LOCAL_LAMDA/Local_Lamda_midi/midi_guide/925b7d373c3fb581/song_package.yaml.bak
2025-10-26 14:05:14 [INFO] ✓ Created: data/Los-Angeles-MIDI/LOCAL_LAMDA/Local_Lamda_midi/midi_guide/925b7d373c3fb581/song_package.yaml
2025-10-26 14:05:14 [INFO] Backed up existing package to data/Los-Angeles-MIDI/LOCAL_LAMDA/Local_Lamda_midi/midi_guide/9290024d19d6fb9b/song_package.yaml.bak
2025-10-26 14:05:14 [INFO] ✓ Created: data/Los-Angeles-MIDI/LOCAL_LAMDA/Local_Lamda_midi/midi_guide/9290024d19d6fb9b/song_package.yaml
2025-10-26 14:05:14 [INFO] Backed up existing package to data/Los-Angeles-MIDI/LOCAL_LAMDA/Local_Lamda_midi/midi_guide/925bce74d7c52514/song_package.yaml.bak
2025-10-26 14:05:14 [INFO] ✓ Created: data/Los-Angeles-MIDI/LOCAL_LAMDA/Local_Lamda_midi/midi_guide/925bce74d7c52514/song_package.yaml
2025-10-26 14:05:14 [INFO] Backed up existing package to data/Los-Angeles-MIDI/LOCAL_LAMDA/Local_Lamda_midi/midi_guide/92a935c927792582/song_package.yaml.bak
2025-10-26 14:05:14 [INFO] ✓ Created: data/Los-Angeles-MIDI/LOCAL_LAMDA/Local_Lamda_midi/midi_guide/92a935c927792582/song_package.yaml
2025-10-26 14:05:14 [INFO] Backed up existing package to data/Los-Angeles-MIDI/LOCAL_LAMDA/Local_Lamda_midi/midi_guide/92b3c9ce5400f3f2/song_package.yaml.bak
2025-10-26 14:05:14 [INFO] ✓ Created: data/Los-Angeles-MIDI/LOCAL_LAMDA/Local_Lamda_midi/midi_guide/92b3c9ce5400f3f2/song_package.yaml
2025-10-26 14:05:14 [INFO] Backed up existing package to data/Los-Angeles-MIDI/LOCAL_LAMDA/Local_Lamda_midi/midi_guide/92c3b6f5ed346e60/song_package.yaml.bak
2025-10-26 14:05:14 [INFO] ✓ Created: data/Los-Angeles-MIDI/LOCAL_LAMDA/Local_Lamda_midi/midi_guide/92c3b6f5ed346e60/song_package.yaml
2025-10-26 14:05:14 [INFO] Backed up existing package to data/Los-Angeles-MIDI/LOCAL_LAMDA/Local_Lamda_midi/midi_guide/92cd084af47d2709/song_package.yaml.bak
2025-10-26 14:05:14 [INFO] ✓ Created: data/Los-Angeles-MIDI/LOCAL_LAMDA/Local_Lamda_midi/midi_guide/92cd084af47d2709/song_package.yaml
2025-10-26 14:05:14 [INFO] Backed up existing package to data/Los-Angeles-MIDI/LOCAL_LAMDA/Local_Lamda_midi/midi_guide/930f8aa581fed6b9/song_package.yaml.bak
2025-10-26 14:05:14 [INFO] ✓ Created: data/Los-Angeles-MIDI/LOCAL_LAMDA/Local_Lamda_midi/midi_guide/930f8aa581fed6b9/song_package.yaml
2025-10-26 14:05:14 [INFO] Backed up existing package to data/Los-Angeles-MIDI/LOCAL_LAMDA/Local_Lamda_midi/midi_guide/930bb972a7e06714/song_package.yaml.bak
2025-10-26 14:05:14 [INFO] ✓ Created: data/Los-Angeles-MIDI/LOCAL_LAMDA/Local_Lamda_midi/midi_guide/930bb972a7e06714/song_package.yaml
2025-10-26 14:05:14 [INFO] Backed up existing package to data/Los-Angeles-MIDI/LOCAL_LAMDA/Local_Lamda_midi/midi_guide/9357afc249210ea6/song_package.yaml.bak
2025-10-26 14:05:14 [INFO] ✓ Created: data/Los-Angeles-MIDI/LOCAL_LAMDA/Local_Lamda_midi/midi_guide/9357afc249210ea6/song_package.yaml
2025-10-26 14:05:14 [INFO] Backed up existing package to data/Los-Angeles-MIDI/LOCAL_LAMDA/Local_Lamda_midi/midi_guide/931d5035a553ba2a/song_package.yaml.bak
2025-10-26 14:05:14 [INFO] ✓ Created: data/Los-Angeles-MIDI/LOCAL_LAMDA/Local_Lamda_midi/midi_guide/931d5035a553ba2a/song_package.yaml
2025-10-26 14:05:14 [INFO] Backed up existing package to data/Los-Angeles-MIDI/LOCAL_LAMDA/Local_Lamda_midi/midi_guide/9388f9d438908b84/song_package.yaml.bak
2025-10-26 14:05:14 [INFO] ✓ Created: data/Los-Angeles-MIDI/LOCAL_LAMDA/Local_Lamda_midi/midi_guide/9388f9d438908b84/song_package.yaml
2025-10-26 14:05:14 [INFO] Backed up existing package to data/Los-Angeles-MIDI/LOCAL_LAMDA/Local_Lamda_midi/midi_guide/93786b285e193cd9/song_package.yaml.bak
2025-10-26 14:05:14 [INFO] ✓ Created: data/Los-Angeles-MIDI/LOCAL_LAMDA/Local_Lamda_midi/midi_guide/93786b285e193cd9/song_package.yaml
2025-10-26 14:05:14 [INFO] Backed up existing package to data/Los-Angeles-MIDI/LOCAL_LAMDA/Local_Lamda_midi/midi_guide/93ca56c2669caa95/song_package.yaml.bak
2025-10-26 14:05:14 [INFO] ✓ Created: data/Los-Angeles-MIDI/LOCAL_LAMDA/Local_Lamda_midi/midi_guide/93ca56c2669caa95/song_package.yaml
2025-10-26 14:05:14 [INFO] Backed up existing package to data/Los-Angeles-MIDI/LOCAL_LAMDA/Local_Lamda_midi/midi_guide/93b1c80d5743842d/song_package.yaml.bak
2025-10-26 14:05:14 [INFO] ✓ Created: data/Los-Angeles-MIDI/LOCAL_LAMDA/Local_Lamda_midi/midi_guide/93b1c80d5743842d/song_package.yaml
2025-10-26 14:05:14 [INFO] Backed up existing package to data/Los-Angeles-MIDI/LOCAL_LAMDA/Local_Lamda_midi/midi_guide/93eb794e88afbec1/song_package.yaml.bak
2025-10-26 14:05:14 [INFO] ✓ Created: data/Los-Angeles-MIDI/LOCAL_LAMDA/Local_Lamda_midi/midi_guide/93eb794e88afbec1/song_package.yaml
2025-10-26 14:05:14 [INFO] Backed up existing package to data/Los-Angeles-MIDI/LOCAL_LAMDA/Local_Lamda_midi/midi_guide/93d9850d4dca77e7/song_package.yaml.bak
2025-10-26 14:05:14 [INFO] ✓ Created: data/Los-Angeles-MIDI/LOCAL_LAMDA/Local_Lamda_midi/midi_guide/93d9850d4dca77e7/song_package.yaml
2025-10-26 14:05:14 [INFO] Backed up existing package to data/Los-Angeles-MIDI/LOCAL_LAMDA/Local_Lamda_midi/midi_guide/947044ab3211ccf3/song_package.yaml.bak
2025-10-26 14:05:14 [INFO] ✓ Created: data/Los-Angeles-MIDI/LOCAL_LAMDA/Local_Lamda_midi/midi_guide/947044ab3211ccf3/song_package.yaml
2025-10-26 14:05:14 [INFO] Backed up existing package to data/Los-Angeles-MIDI/LOCAL_LAMDA/Local_Lamda_midi/midi_guide/93fbee7840333076/song_package.yaml.bak
2025-10-26 14:05:14 [INFO] ✓ Created: data/Los-Angeles-MIDI/LOCAL_LAMDA/Local_Lamda_midi/midi_guide/93fbee7840333076/song_package.yaml
2025-10-26 14:05:14 [INFO] Backed up existing package to data/Los-Angeles-MIDI/LOCAL_LAMDA/Local_Lamda_midi/midi_guide/943358609998eabe/song_package.yaml.bak
2025-10-26 14:05:14 [INFO] ✓ Created: data/Los-Angeles-MIDI/LOCAL_LAMDA/Local_Lamda_midi/midi_guide/943358609998eabe/song_package.yaml
2025-10-26 14:05:14 [INFO] Backed up existing package to data/Los-Angeles-MIDI/LOCAL_LAMDA/Local_Lamda_midi/midi_guide/93f1384811bcab31/song_package.yaml.bak
2025-10-26 14:05:14 [INFO] ✓ Created: data/Los-Angeles-MIDI/LOCAL_LAMDA/Local_Lamda_midi/midi_guide/93f1384811bcab31/song_package.yaml
2025-10-26 14:05:14 [INFO] Backed up existing package to data/Los-Angeles-MIDI/LOCAL_LAMDA/Local_Lamda_midi/midi_guide/943c88105dc7403a/song_package.yaml.bak
2025-10-26 14:05:14 [INFO] ✓ Created: data/Los-Angeles-MIDI/LOCAL_LAMDA/Local_Lamda_midi/midi_guide/943c88105dc7403a/song_package.yaml
2025-10-26 14:05:14 [INFO] Backed up existing package to data/Los-Angeles-MIDI/LOCAL_LAMDA/Local_Lamda_midi/midi_guide/94776efac24b4ec0/song_package.yaml.bak
2025-10-26 14:05:14 [INFO] ✓ Created: data/Los-Angeles-MIDI/LOCAL_LAMDA/Local_Lamda_midi/midi_guide/94776efac24b4ec0/song_package.yaml
2025-10-26 14:05:14 [INFO] Backed up existing package to data/Los-Angeles-MIDI/LOCAL_LAMDA/Local_Lamda_midi/midi_guide/948afb43c3e1256a/song_package.yaml.bak
2025-10-26 14:05:14 [INFO] ✓ Created: data/Los-Angeles-MIDI/LOCAL_LAMDA/Local_Lamda_midi/midi_guide/948afb43c3e1256a/song_package.yaml
2025-10-26 14:05:14 [INFO] Backed up existing package to data/Los-Angeles-MIDI/LOCAL_LAMDA/Local_Lamda_midi/midi_guide/9486b2bfd33e514c/song_package.yaml.bak
2025-10-26 14:05:14 [INFO] ✓ Created: data/Los-Angeles-MIDI/LOCAL_LAMDA/Local_Lamda_midi/midi_guide/9486b2bfd33e514c/song_package.yaml
2025-10-26 14:05:14 [INFO] Backed up existing package to data/Los-Angeles-MIDI/LOCAL_LAMDA/Local_Lamda_midi/midi_guide/9492cbc49704f55c/song_package.yaml.bak
2025-10-26 14:05:14 [INFO] ✓ Created: data/Los-Angeles-MIDI/LOCAL_LAMDA/Local_Lamda_midi/midi_guide/9492cbc49704f55c/song_package.yaml
2025-10-26 14:05:14 [INFO] Backed up existing package to data/Los-Angeles-MIDI/LOCAL_LAMDA/Local_Lamda_midi/midi_guide/94b584713b340e69/song_package.yaml.bak
2025-10-26 14:05:14 [INFO] ✓ Created: data/Los-Angeles-MIDI/LOCAL_LAMDA/Local_Lamda_midi/midi_guide/94b584713b340e69/song_package.yaml
2025-10-26 14:05:14 [INFO] Backed up existing package to data/Los-Angeles-MIDI/LOCAL_LAMDA/Local_Lamda_midi/midi_guide/94efa263cd296938/song_package.yaml.bak
2025-10-26 14:05:14 [INFO] ✓ Created: data/Los-Angeles-MIDI/LOCAL_LAMDA/Local_Lamda_midi/midi_guide/94efa263cd296938/song_package.yaml
2025-10-26 14:05:14 [INFO] Backed up existing package to data/Los-Angeles-MIDI/LOCAL_LAMDA/Local_Lamda_midi/midi_guide/94eef97e8d5dd95f/song_package.yaml.bak
2025-10-26 14:05:14 [INFO] ✓ Created: data/Los-Angeles-MIDI/LOCAL_LAMDA/Local_Lamda_midi/midi_guide/94eef97e8d5dd95f/song_package.yaml
2025-10-26 14:05:14 [INFO] Backed up existing package to data/Los-Angeles-MIDI/LOCAL_LAMDA/Local_Lamda_midi/midi_guide/955948b5be13e4b1/song_package.yaml.bak
2025-10-26 14:05:14 [INFO] ✓ Created: data/Los-Angeles-MIDI/LOCAL_LAMDA/Local_Lamda_midi/midi_guide/955948b5be13e4b1/song_package.yaml
2025-10-26 14:05:14 [INFO] Backed up existing package to data/Los-Angeles-MIDI/LOCAL_LAMDA/Local_Lamda_midi/midi_guide/9574c2a8562d9531/song_package.yaml.bak
2025-10-26 14:05:14 [INFO] ✓ Created: data/Los-Angeles-MIDI/LOCAL_LAMDA/Local_Lamda_midi/midi_guide/9574c2a8562d9531/song_package.yaml
2025-10-26 14:05:14 [INFO] Backed up existing package to data/Los-Angeles-MIDI/LOCAL_LAMDA/Local_Lamda_midi/midi_guide/9591201b61178a24/song_package.yaml.bak
2025-10-26 14:05:14 [INFO] ✓ Created: data/Los-Angeles-MIDI/LOCAL_LAMDA/Local_Lamda_midi/midi_guide/9591201b61178a24/song_package.yaml
2025-10-26 14:05:14 [INFO] Backed up existing package to data/Los-Angeles-MIDI/LOCAL_LAMDA/Local_Lamda_midi/midi_guide/95adc463f0b48667/song_package.yaml.bak
2025-10-26 14:05:14 [INFO] ✓ Created: data/Los-Angeles-MIDI/LOCAL_LAMDA/Local_Lamda_midi/midi_guide/95adc463f0b48667/song_package.yaml
2025-10-26 14:05:14 [INFO] Backed up existing package to data/Los-Angeles-MIDI/LOCAL_LAMDA/Local_Lamda_midi/midi_guide/95ce61fca808e197/song_package.yaml.bak
2025-10-26 14:05:14 [INFO] ✓ Created: data/Los-Angeles-MIDI/LOCAL_LAMDA/Local_Lamda_midi/midi_guide/95ce61fca808e197/song_package.yaml
2025-10-26 14:05:14 [INFO] Backed up existing package to data/Los-Angeles-MIDI/LOCAL_LAMDA/Local_Lamda_midi/midi_guide/95bbd594c6075757/song_package.yaml.bak
2025-10-26 14:05:14 [INFO] ✓ Created: data/Los-Angeles-MIDI/LOCAL_LAMDA/Local_Lamda_midi/midi_guide/95bbd594c6075757/song_package.yaml
2025-10-26 14:05:14 [INFO] Backed up existing package to data/Los-Angeles-MIDI/LOCAL_LAMDA/Local_Lamda_midi/midi_guide/95eb86acd9e019ad/song_package.yaml.bak
2025-10-26 14:05:14 [INFO] ✓ Created: data/Los-Angeles-MIDI/LOCAL_LAMDA/Local_Lamda_midi/midi_guide/95eb86acd9e019ad/song_package.yaml
2025-10-26 14:05:14 [INFO] Backed up existing package to data/Los-Angeles-MIDI/LOCAL_LAMDA/Local_Lamda_midi/midi_guide/965522866221be68/song_package.yaml.bak
2025-10-26 14:05:14 [INFO] ✓ Created: data/Los-Angeles-MIDI/LOCAL_LAMDA/Local_Lamda_midi/midi_guide/965522866221be68/song_package.yaml
2025-10-26 14:05:14 [INFO] Backed up existing package to data/Los-Angeles-MIDI/LOCAL_LAMDA/Local_Lamda_midi/midi_guide/96766686c6133c6b/song_package.yaml.bak
2025-10-26 14:05:14 [INFO] ✓ Created: data/Los-Angeles-MIDI/LOCAL_LAMDA/Local_Lamda_midi/midi_guide/96766686c6133c6b/song_package.yaml
2025-10-26 14:05:14 [INFO] Backed up existing package to data/Los-Angeles-MIDI/LOCAL_LAMDA/Local_Lamda_midi/midi_guide/96e1ffc7e0e06d35/song_package.yaml.bak
2025-10-26 14:05:14 [INFO] ✓ Created: data/Los-Angeles-MIDI/LOCAL_LAMDA/Local_Lamda_midi/midi_guide/96e1ffc7e0e06d35/song_package.yaml
2025-10-26 14:05:14 [INFO] Backed up existing package to data/Los-Angeles-MIDI/LOCAL_LAMDA/Local_Lamda_midi/midi_guide/977fc80a3a802382/song_package.yaml.bak
2025-10-26 14:05:14 [INFO] ✓ Created: data/Los-Angeles-MIDI/LOCAL_LAMDA/Local_Lamda_midi/midi_guide/977fc80a3a802382/song_package.yaml
2025-10-26 14:05:14 [INFO] Backed up existing package to data/Los-Angeles-MIDI/LOCAL_LAMDA/Local_Lamda_midi/midi_guide/9799d6032db68028/song_package.yaml.bak
2025-10-26 14:05:14 [INFO] ✓ Created: data/Los-Angeles-MIDI/LOCAL_LAMDA/Local_Lamda_midi/midi_guide/9799d6032db68028/song_package.yaml
2025-10-26 14:05:14 [INFO] Backed up existing package to data/Los-Angeles-MIDI/LOCAL_LAMDA/Local_Lamda_midi/midi_guide/974005a55158927f/song_package.yaml.bak
2025-10-26 14:05:14 [INFO] ✓ Created: data/Los-Angeles-MIDI/LOCAL_LAMDA/Local_Lamda_midi/midi_guide/974005a55158927f/song_package.yaml
2025-10-26 14:05:14 [INFO] Backed up existing package to data/Los-Angeles-MIDI/LOCAL_LAMDA/Local_Lamda_midi/midi_guide/977e9232530608df/song_package.yaml.bak
2025-10-26 14:05:14 [INFO] ✓ Created: data/Los-Angeles-MIDI/LOCAL_LAMDA/Local_Lamda_midi/midi_guide/977e9232530608df/song_package.yaml
2025-10-26 14:05:14 [INFO] Backed up existing package to data/Los-Angeles-MIDI/LOCAL_LAMDA/Local_Lamda_midi/midi_guide/97af127faf4de48e/song_package.yaml.bak
2025-10-26 14:05:14 [INFO] ✓ Created: data/Los-Angeles-MIDI/LOCAL_LAMDA/Local_Lamda_midi/midi_guide/97af127faf4de48e/song_package.yaml
2025-10-26 14:05:14 [INFO] Backed up existing package to data/Los-Angeles-MIDI/LOCAL_LAMDA/Local_Lamda_midi/midi_guide/97e7752e0885e308/song_package.yaml.bak
2025-10-26 14:05:14 [INFO] ✓ Created: data/Los-Angeles-MIDI/LOCAL_LAMDA/Local_Lamda_midi/midi_guide/97e7752e0885e308/song_package.yaml
2025-10-26 14:05:14 [INFO] Backed up existing package to data/Los-Angeles-MIDI/LOCAL_LAMDA/Local_Lamda_midi/midi_guide/983aab292c53537f/song_package.yaml.bak
2025-10-26 14:05:14 [INFO] ✓ Created: data/Los-Angeles-MIDI/LOCAL_LAMDA/Local_Lamda_midi/midi_guide/983aab292c53537f/song_package.yaml
2025-10-26 14:05:14 [INFO] Backed up existing package to data/Los-Angeles-MIDI/LOCAL_LAMDA/Local_Lamda_midi/midi_guide/981cbff61e81057a/song_package.yaml.bak
2025-10-26 14:05:14 [INFO] ✓ Created: data/Los-Angeles-MIDI/LOCAL_LAMDA/Local_Lamda_midi/midi_guide/981cbff61e81057a/song_package.yaml
2025-10-26 14:05:14 [INFO] Backed up existing package to data/Los-Angeles-MIDI/LOCAL_LAMDA/Local_Lamda_midi/midi_guide/983d418385a1732c/song_package.yaml.bak
2025-10-26 14:05:14 [INFO] ✓ Created: data/Los-Angeles-MIDI/LOCAL_LAMDA/Local_Lamda_midi/midi_guide/983d418385a1732c/song_package.yaml
2025-10-26 14:05:14 [INFO] Backed up existing package to data/Los-Angeles-MIDI/LOCAL_LAMDA/Local_Lamda_midi/midi_guide/97fe59cf7990765f/song_package.yaml.bak
2025-10-26 14:05:14 [INFO] ✓ Created: data/Los-Angeles-MIDI/LOCAL_LAMDA/Local_Lamda_midi/midi_guide/97fe59cf7990765f/song_package.yaml
2025-10-26 14:05:14 [INFO] Backed up existing package to data/Los-Angeles-MIDI/LOCAL_LAMDA/Local_Lamda_midi/midi_guide/9866b5872c9ecbc2/song_package.yaml.bak
2025-10-26 14:05:14 [INFO] ✓ Created: data/Los-Angeles-MIDI/LOCAL_LAMDA/Local_Lamda_midi/midi_guide/9866b5872c9ecbc2/song_package.yaml
2025-10-26 14:05:14 [INFO] Backed up existing package to data/Los-Angeles-MIDI/LOCAL_LAMDA/Local_Lamda_midi/midi_guide/985bd8ef04798396/song_package.yaml.bak
2025-10-26 14:05:14 [INFO] ✓ Created: data/Los-Angeles-MIDI/LOCAL_LAMDA/Local_Lamda_midi/midi_guide/985bd8ef04798396/song_package.yaml
2025-10-26 14:05:14 [INFO] Backed up existing package to data/Los-Angeles-MIDI/LOCAL_LAMDA/Local_Lamda_midi/midi_guide/984bf6ed89c32394/song_package.yaml.bak
2025-10-26 14:05:14 [INFO] ✓ Created: data/Los-Angeles-MIDI/LOCAL_LAMDA/Local_Lamda_midi/midi_guide/984bf6ed89c32394/song_package.yaml
2025-10-26 14:05:14 [INFO] Backed up existing package to data/Los-Angeles-MIDI/LOCAL_LAMDA/Local_Lamda_midi/midi_guide/98b8ea4edf362988/song_package.yaml.bak
2025-10-26 14:05:14 [INFO] ✓ Created: data/Los-Angeles-MIDI/LOCAL_LAMDA/Local_Lamda_midi/midi_guide/98b8ea4edf362988/song_package.yaml
2025-10-26 14:05:14 [INFO] Backed up existing package to data/Los-Angeles-MIDI/LOCAL_LAMDA/Local_Lamda_midi/midi_guide/98b5816bc3e62aea/song_package.yaml.bak
2025-10-26 14:05:14 [INFO] ✓ Created: data/Los-Angeles-MIDI/LOCAL_LAMDA/Local_Lamda_midi/midi_guide/98b5816bc3e62aea/song_package.yaml
2025-10-26 14:05:14 [INFO] Backed up existing package to data/Los-Angeles-MIDI/LOCAL_LAMDA/Local_Lamda_midi/midi_guide/98c546b25f968b95/song_package.yaml.bak
2025-10-26 14:05:14 [INFO] ✓ Created: data/Los-Angeles-MIDI/LOCAL_LAMDA/Local_Lamda_midi/midi_guide/98c546b25f968b95/song_package.yaml
2025-10-26 14:05:14 [INFO] Backed up existing package to data/Los-Angeles-MIDI/LOCAL_LAMDA/Local_Lamda_midi/midi_guide/98d9e651707f865d/song_package.yaml.bak
2025-10-26 14:05:14 [INFO] ✓ Created: data/Los-Angeles-MIDI/LOCAL_LAMDA/Local_Lamda_midi/midi_guide/98d9e651707f865d/song_package.yaml
2025-10-26 14:05:14 [INFO] Backed up existing package to data/Los-Angeles-MIDI/LOCAL_LAMDA/Local_Lamda_midi/midi_guide/99248f211e07ba8e/song_package.yaml.bak
2025-10-26 14:05:14 [INFO] ✓ Created: data/Los-Angeles-MIDI/LOCAL_LAMDA/Local_Lamda_midi/midi_guide/99248f211e07ba8e/song_package.yaml
2025-10-26 14:05:14 [INFO] Backed up existing package to data/Los-Angeles-MIDI/LOCAL_LAMDA/Local_Lamda_midi/midi_guide/992aec7da6eb4437/song_package.yaml.bak
2025-10-26 14:05:14 [INFO] ✓ Created: data/Los-Angeles-MIDI/LOCAL_LAMDA/Local_Lamda_midi/midi_guide/992aec7da6eb4437/song_package.yaml
2025-10-26 14:05:14 [INFO] Backed up existing package to data/Los-Angeles-MIDI/LOCAL_LAMDA/Local_Lamda_midi/midi_guide/992fa56944909f0e/song_package.yaml.bak
2025-10-26 14:05:14 [INFO] ✓ Created: data/Los-Angeles-MIDI/LOCAL_LAMDA/Local_Lamda_midi/midi_guide/992fa56944909f0e/song_package.yaml
2025-10-26 14:05:14 [INFO] Backed up existing package to data/Los-Angeles-MIDI/LOCAL_LAMDA/Local_Lamda_midi/midi_guide/9942ceed2cd3a5a2/song_package.yaml.bak
2025-10-26 14:05:14 [INFO] ✓ Created: data/Los-Angeles-MIDI/LOCAL_LAMDA/Local_Lamda_midi/midi_guide/9942ceed2cd3a5a2/song_package.yaml
2025-10-26 14:05:14 [INFO] Backed up existing package to data/Los-Angeles-MIDI/LOCAL_LAMDA/Local_Lamda_midi/midi_guide/997d73d78f21092d/song_package.yaml.bak
2025-10-26 14:05:14 [INFO] ✓ Created: data/Los-Angeles-MIDI/LOCAL_LAMDA/Local_Lamda_midi/midi_guide/997d73d78f21092d/song_package.yaml
2025-10-26 14:05:14 [INFO] Backed up existing package to data/Los-Angeles-MIDI/LOCAL_LAMDA/Local_Lamda_midi/midi_guide/996f8bb089b56ae5/song_package.yaml.bak
2025-10-26 14:05:14 [INFO] ✓ Created: data/Los-Angeles-MIDI/LOCAL_LAMDA/Local_Lamda_midi/midi_guide/996f8bb089b56ae5/song_package.yaml
2025-10-26 14:05:14 [INFO] Backed up existing package to data/Los-Angeles-MIDI/LOCAL_LAMDA/Local_Lamda_midi/midi_guide/994667f2b9921af5/song_package.yaml.bak
2025-10-26 14:05:14 [INFO] ✓ Created: data/Los-Angeles-MIDI/LOCAL_LAMDA/Local_Lamda_midi/midi_guide/994667f2b9921af5/song_package.yaml
2025-10-26 14:05:14 [INFO] Backed up existing package to data/Los-Angeles-MIDI/LOCAL_LAMDA/Local_Lamda_midi/midi_guide/99618bc88f6a4856/song_package.yaml.bak
2025-10-26 14:05:14 [INFO] ✓ Created: data/Los-Angeles-MIDI/LOCAL_LAMDA/Local_Lamda_midi/midi_guide/99618bc88f6a4856/song_package.yaml
2025-10-26 14:05:14 [INFO] Backed up existing package to data/Los-Angeles-MIDI/LOCAL_LAMDA/Local_Lamda_midi/midi_guide/99b794280a084a3e/song_package.yaml.bak
2025-10-26 14:05:14 [INFO] ✓ Created: data/Los-Angeles-MIDI/LOCAL_LAMDA/Local_Lamda_midi/midi_guide/99b794280a084a3e/song_package.yaml
2025-10-26 14:05:14 [INFO] Backed up existing package to data/Los-Angeles-MIDI/LOCAL_LAMDA/Local_Lamda_midi/midi_guide/99d06e583d70d2e3/song_package.yaml.bak
2025-10-26 14:05:14 [INFO] ✓ Created: data/Los-Angeles-MIDI/LOCAL_LAMDA/Local_Lamda_midi/midi_guide/99d06e583d70d2e3/song_package.yaml
2025-10-26 14:05:14 [INFO] Backed up existing package to data/Los-Angeles-MIDI/LOCAL_LAMDA/Local_Lamda_midi/midi_guide/99e02be69649a4de/song_package.yaml.bak
2025-10-26 14:05:14 [INFO] ✓ Created: data/Los-Angeles-MIDI/LOCAL_LAMDA/Local_Lamda_midi/midi_guide/99e02be69649a4de/song_package.yaml
2025-10-26 14:05:14 [INFO] Backed up existing package to data/Los-Angeles-MIDI/LOCAL_LAMDA/Local_Lamda_midi/midi_guide/99ac88dd5ccdb023/song_package.yaml.bak
2025-10-26 14:05:14 [INFO] ✓ Created: data/Los-Angeles-MIDI/LOCAL_LAMDA/Local_Lamda_midi/midi_guide/99ac88dd5ccdb023/song_package.yaml
2025-10-26 14:05:15 [INFO] Backed up existing package to data/Los-Angeles-MIDI/LOCAL_LAMDA/Local_Lamda_midi/midi_guide/99c113a740a10529/song_package.yaml.bak
2025-10-26 14:05:15 [INFO] ✓ Created: data/Los-Angeles-MIDI/LOCAL_LAMDA/Local_Lamda_midi/midi_guide/99c113a740a10529/song_package.yaml
2025-10-26 14:05:15 [INFO] Backed up existing package to data/Los-Angeles-MIDI/LOCAL_LAMDA/Local_Lamda_midi/midi_guide/9a069f9a0a70f512/song_package.yaml.bak
2025-10-26 14:05:15 [INFO] ✓ Created: data/Los-Angeles-MIDI/LOCAL_LAMDA/Local_Lamda_midi/midi_guide/9a069f9a0a70f512/song_package.yaml
2025-10-26 14:05:15 [INFO] Backed up existing package to data/Los-Angeles-MIDI/LOCAL_LAMDA/Local_Lamda_midi/midi_guide/99cdf0435eae8140/song_package.yaml.bak
2025-10-26 14:05:15 [INFO] ✓ Created: data/Los-Angeles-MIDI/LOCAL_LAMDA/Local_Lamda_midi/midi_guide/99cdf0435eae8140/song_package.yaml
2025-10-26 14:05:15 [INFO] Backed up existing package to data/Los-Angeles-MIDI/LOCAL_LAMDA/Local_Lamda_midi/midi_guide/9a34c56cccb7164e/song_package.yaml.bak
2025-10-26 14:05:15 [INFO] ✓ Created: data/Los-Angeles-MIDI/LOCAL_LAMDA/Local_Lamda_midi/midi_guide/9a34c56cccb7164e/song_package.yaml
2025-10-26 14:05:15 [INFO] Backed up existing package to data/Los-Angeles-MIDI/LOCAL_LAMDA/Local_Lamda_midi/midi_guide/9a1122e3a7a6702e/song_package.yaml.bak
2025-10-26 14:05:15 [INFO] ✓ Created: data/Los-Angeles-MIDI/LOCAL_LAMDA/Local_Lamda_midi/midi_guide/9a1122e3a7a6702e/song_package.yaml
2025-10-26 14:05:15 [INFO] Backed up existing package to data/Los-Angeles-MIDI/LOCAL_LAMDA/Local_Lamda_midi/midi_guide/9a3ceb6a1895abe3/song_package.yaml.bak
2025-10-26 14:05:15 [INFO] ✓ Created: data/Los-Angeles-MIDI/LOCAL_LAMDA/Local_Lamda_midi/midi_guide/9a3ceb6a1895abe3/song_package.yaml
2025-10-26 14:05:15 [INFO] Backed up existing package to data/Los-Angeles-MIDI/LOCAL_LAMDA/Local_Lamda_midi/midi_guide/9a95d4580f108859/song_package.yaml.bak
2025-10-26 14:05:15 [INFO] ✓ Created: data/Los-Angeles-MIDI/LOCAL_LAMDA/Local_Lamda_midi/midi_guide/9a95d4580f108859/song_package.yaml
2025-10-26 14:05:15 [INFO] Backed up existing package to data/Los-Angeles-MIDI/LOCAL_LAMDA/Local_Lamda_midi/midi_guide/9ace0345b88bdccc/song_package.yaml.bak
2025-10-26 14:05:15 [INFO] ✓ Created: data/Los-Angeles-MIDI/LOCAL_LAMDA/Local_Lamda_midi/midi_guide/9ace0345b88bdccc/song_package.yaml
2025-10-26 14:05:15 [INFO] Backed up existing package to data/Los-Angeles-MIDI/LOCAL_LAMDA/Local_Lamda_midi/midi_guide/9aae4abeb7a02ddb/song_package.yaml.bak
2025-10-26 14:05:15 [INFO] ✓ Created: data/Los-Angeles-MIDI/LOCAL_LAMDA/Local_Lamda_midi/midi_guide/9aae4abeb7a02ddb/song_package.yaml
2025-10-26 14:05:15 [INFO] Backed up existing package to data/Los-Angeles-MIDI/LOCAL_LAMDA/Local_Lamda_midi/midi_guide/9adeb7c70b844bf2/song_package.yaml.bak
2025-10-26 14:05:15 [INFO] ✓ Created: data/Los-Angeles-MIDI/LOCAL_LAMDA/Local_Lamda_midi/midi_guide/9adeb7c70b844bf2/song_package.yaml
2025-10-26 14:05:15 [INFO] Backed up existing package to data/Los-Angeles-MIDI/LOCAL_LAMDA/Local_Lamda_midi/midi_guide/9b0cf6bbcb143ec4/song_package.yaml.bak
2025-10-26 14:05:15 [INFO] ✓ Created: data/Los-Angeles-MIDI/LOCAL_LAMDA/Local_Lamda_midi/midi_guide/9b0cf6bbcb143ec4/song_package.yaml
2025-10-26 14:05:15 [INFO] Backed up existing package to data/Los-Angeles-MIDI/LOCAL_LAMDA/Local_Lamda_midi/midi_guide/9b128688bd3a7610/song_package.yaml.bak
2025-10-26 14:05:15 [INFO] ✓ Created: data/Los-Angeles-MIDI/LOCAL_LAMDA/Local_Lamda_midi/midi_guide/9b128688bd3a7610/song_package.yaml
2025-10-26 14:05:15 [INFO] Backed up existing package to data/Los-Angeles-MIDI/LOCAL_LAMDA/Local_Lamda_midi/midi_guide/9b19c1673133b6fd/song_package.yaml.bak
2025-10-26 14:05:15 [INFO] ✓ Created: data/Los-Angeles-MIDI/LOCAL_LAMDA/Local_Lamda_midi/midi_guide/9b19c1673133b6fd/song_package.yaml
2025-10-26 14:05:15 [INFO] Backed up existing package to data/Los-Angeles-MIDI/LOCAL_LAMDA/Local_Lamda_midi/midi_guide/9b32099698b62a0f/song_package.yaml.bak
2025-10-26 14:05:15 [INFO] ✓ Created: data/Los-Angeles-MIDI/LOCAL_LAMDA/Local_Lamda_midi/midi_guide/9b32099698b62a0f/song_package.yaml
2025-10-26 14:05:15 [INFO] Backed up existing package to data/Los-Angeles-MIDI/LOCAL_LAMDA/Local_Lamda_midi/midi_guide/9b56ee730d5309ff/song_package.yaml.bak
2025-10-26 14:05:15 [INFO] ✓ Created: data/Los-Angeles-MIDI/LOCAL_LAMDA/Local_Lamda_midi/midi_guide/9b56ee730d5309ff/song_package.yaml
2025-10-26 14:05:15 [INFO] Backed up existing package to data/Los-Angeles-MIDI/LOCAL_LAMDA/Local_Lamda_midi/midi_guide/9b67fa5057e8cdbf/song_package.yaml.bak
2025-10-26 14:05:15 [INFO] ✓ Created: data/Los-Angeles-MIDI/LOCAL_LAMDA/Local_Lamda_midi/midi_guide/9b67fa5057e8cdbf/song_package.yaml
2025-10-26 14:05:15 [INFO] Backed up existing package to data/Los-Angeles-MIDI/LOCAL_LAMDA/Local_Lamda_midi/midi_guide/9b96823daeeb1f33/song_package.yaml.bak
2025-10-26 14:05:15 [INFO] ✓ Created: data/Los-Angeles-MIDI/LOCAL_LAMDA/Local_Lamda_midi/midi_guide/9b96823daeeb1f33/song_package.yaml
2025-10-26 14:05:15 [INFO] Backed up existing package to data/Los-Angeles-MIDI/LOCAL_LAMDA/Local_Lamda_midi/midi_guide/9bcb836fddfa1908/song_package.yaml.bak
2025-10-26 14:05:15 [INFO] ✓ Created: data/Los-Angeles-MIDI/LOCAL_LAMDA/Local_Lamda_midi/midi_guide/9bcb836fddfa1908/song_package.yaml
2025-10-26 14:05:15 [INFO] Backed up existing package to data/Los-Angeles-MIDI/LOCAL_LAMDA/Local_Lamda_midi/midi_guide/9c29dd8ab2eef34a/song_package.yaml.bak
2025-10-26 14:05:15 [INFO] ✓ Created: data/Los-Angeles-MIDI/LOCAL_LAMDA/Local_Lamda_midi/midi_guide/9c29dd8ab2eef34a/song_package.yaml
2025-10-26 14:05:15 [INFO] Backed up existing package to data/Los-Angeles-MIDI/LOCAL_LAMDA/Local_Lamda_midi/midi_guide/9c152063edb49c80/song_package.yaml.bak
2025-10-26 14:05:15 [INFO] ✓ Created: data/Los-Angeles-MIDI/LOCAL_LAMDA/Local_Lamda_midi/midi_guide/9c152063edb49c80/song_package.yaml
2025-10-26 14:05:15 [INFO] Backed up existing package to data/Los-Angeles-MIDI/LOCAL_LAMDA/Local_Lamda_midi/midi_guide/9b90c59825ef933f/song_package.yaml.bak
2025-10-26 14:05:15 [INFO] ✓ Created: data/Los-Angeles-MIDI/LOCAL_LAMDA/Local_Lamda_midi/midi_guide/9b90c59825ef933f/song_package.yaml
2025-10-26 14:05:15 [INFO] Backed up existing package to data/Los-Angeles-MIDI/LOCAL_LAMDA/Local_Lamda_midi/midi_guide/9c1534763926ac63/song_package.yaml.bak
2025-10-26 14:05:15 [INFO] ✓ Created: data/Los-Angeles-MIDI/LOCAL_LAMDA/Local_Lamda_midi/midi_guide/9c1534763926ac63/song_package.yaml
2025-10-26 14:05:15 [INFO] Backed up existing package to data/Los-Angeles-MIDI/LOCAL_LAMDA/Local_Lamda_midi/midi_guide/9c24952b27f5dee5/song_package.yaml.bak
2025-10-26 14:05:15 [INFO] ✓ Created: data/Los-Angeles-MIDI/LOCAL_LAMDA/Local_Lamda_midi/midi_guide/9c24952b27f5dee5/song_package.yaml
2025-10-26 14:05:15 [INFO] Backed up existing package to data/Los-Angeles-MIDI/LOCAL_LAMDA/Local_Lamda_midi/midi_guide/9cee273f48d0b03b/song_package.yaml.bak
2025-10-26 14:05:15 [INFO] ✓ Created: data/Los-Angeles-MIDI/LOCAL_LAMDA/Local_Lamda_midi/midi_guide/9cee273f48d0b03b/song_package.yaml
2025-10-26 14:05:15 [INFO] Backed up existing package to data/Los-Angeles-MIDI/LOCAL_LAMDA/Local_Lamda_midi/midi_guide/9d147a20f720d19c/song_package.yaml.bak
2025-10-26 14:05:15 [INFO] ✓ Created: data/Los-Angeles-MIDI/LOCAL_LAMDA/Local_Lamda_midi/midi_guide/9d147a20f720d19c/song_package.yaml
2025-10-26 14:05:15 [INFO] Backed up existing package to data/Los-Angeles-MIDI/LOCAL_LAMDA/Local_Lamda_midi/midi_guide/9d52083bc496fe96/song_package.yaml.bak
2025-10-26 14:05:15 [INFO] ✓ Created: data/Los-Angeles-MIDI/LOCAL_LAMDA/Local_Lamda_midi/midi_guide/9d52083bc496fe96/song_package.yaml
2025-10-26 14:05:15 [INFO] Backed up existing package to data/Los-Angeles-MIDI/LOCAL_LAMDA/Local_Lamda_midi/midi_guide/9d37e9658b36dd04/song_package.yaml.bak
2025-10-26 14:05:15 [INFO] ✓ Created: data/Los-Angeles-MIDI/LOCAL_LAMDA/Local_Lamda_midi/midi_guide/9d37e9658b36dd04/song_package.yaml
2025-10-26 14:05:15 [INFO] Backed up existing package to data/Los-Angeles-MIDI/LOCAL_LAMDA/Local_Lamda_midi/midi_guide/9d8cf5eaeca476d0/song_package.yaml.bak
2025-10-26 14:05:15 [INFO] ✓ Created: data/Los-Angeles-MIDI/LOCAL_LAMDA/Local_Lamda_midi/midi_guide/9d8cf5eaeca476d0/song_package.yaml
2025-10-26 14:05:15 [INFO] Backed up existing package to data/Los-Angeles-MIDI/LOCAL_LAMDA/Local_Lamda_midi/midi_guide/9d729c6cb0a8b465/song_package.yaml.bak
2025-10-26 14:05:15 [INFO] ✓ Created: data/Los-Angeles-MIDI/LOCAL_LAMDA/Local_Lamda_midi/midi_guide/9d729c6cb0a8b465/song_package.yaml
2025-10-26 14:05:15 [INFO] Backed up existing package to data/Los-Angeles-MIDI/LOCAL_LAMDA/Local_Lamda_midi/midi_guide/9de6005546dcb0fa/song_package.yaml.bak
2025-10-26 14:05:15 [INFO] ✓ Created: data/Los-Angeles-MIDI/LOCAL_LAMDA/Local_Lamda_midi/midi_guide/9de6005546dcb0fa/song_package.yaml
2025-10-26 14:05:15 [INFO] Backed up existing package to data/Los-Angeles-MIDI/LOCAL_LAMDA/Local_Lamda_midi/midi_guide/9dd927304f52d42c/song_package.yaml.bak
2025-10-26 14:05:15 [INFO] ✓ Created: data/Los-Angeles-MIDI/LOCAL_LAMDA/Local_Lamda_midi/midi_guide/9dd927304f52d42c/song_package.yaml
2025-10-26 14:05:15 [INFO] Backed up existing package to data/Los-Angeles-MIDI/LOCAL_LAMDA/Local_Lamda_midi/midi_guide/9e02a1b404986fff/song_package.yaml.bak
2025-10-26 14:05:15 [INFO] ✓ Created: data/Los-Angeles-MIDI/LOCAL_LAMDA/Local_Lamda_midi/midi_guide/9e02a1b404986fff/song_package.yaml
2025-10-26 14:05:15 [INFO] Backed up existing package to data/Los-Angeles-MIDI/LOCAL_LAMDA/Local_Lamda_midi/midi_guide/9dfd73dc063ff1a6/song_package.yaml.bak
2025-10-26 14:05:15 [INFO] ✓ Created: data/Los-Angeles-MIDI/LOCAL_LAMDA/Local_Lamda_midi/midi_guide/9dfd73dc063ff1a6/song_package.yaml
2025-10-26 14:05:15 [INFO] Backed up existing package to data/Los-Angeles-MIDI/LOCAL_LAMDA/Local_Lamda_midi/midi_guide/9e2b2ef939d00ff4/song_package.yaml.bak
2025-10-26 14:05:15 [INFO] ✓ Created: data/Los-Angeles-MIDI/LOCAL_LAMDA/Local_Lamda_midi/midi_guide/9e2b2ef939d00ff4/song_package.yaml
2025-10-26 14:05:15 [INFO] Backed up existing package to data/Los-Angeles-MIDI/LOCAL_LAMDA/Local_Lamda_midi/midi_guide/9e6c76a7210e2a72/song_package.yaml.bak
2025-10-26 14:05:15 [INFO] ✓ Created: data/Los-Angeles-MIDI/LOCAL_LAMDA/Local_Lamda_midi/midi_guide/9e6c76a7210e2a72/song_package.yaml
2025-10-26 14:05:15 [INFO] Backed up existing package to data/Los-Angeles-MIDI/LOCAL_LAMDA/Local_Lamda_midi/midi_guide/9e4d7d380e62e2b7/song_package.yaml.bak
2025-10-26 14:05:15 [INFO] ✓ Created: data/Los-Angeles-MIDI/LOCAL_LAMDA/Local_Lamda_midi/midi_guide/9e4d7d380e62e2b7/song_package.yaml
2025-10-26 14:05:15 [INFO] Backed up existing package to data/Los-Angeles-MIDI/LOCAL_LAMDA/Local_Lamda_midi/midi_guide/9e97acec79d60527/song_package.yaml.bak
2025-10-26 14:05:15 [INFO] ✓ Created: data/Los-Angeles-MIDI/LOCAL_LAMDA/Local_Lamda_midi/midi_guide/9e97acec79d60527/song_package.yaml
2025-10-26 14:05:15 [INFO] Backed up existing package to data/Los-Angeles-MIDI/LOCAL_LAMDA/Local_Lamda_midi/midi_guide/9e9a73e177b1513c/song_package.yaml.bak
2025-10-26 14:05:15 [INFO] ✓ Created: data/Los-Angeles-MIDI/LOCAL_LAMDA/Local_Lamda_midi/midi_guide/9e9a73e177b1513c/song_package.yaml
2025-10-26 14:05:15 [INFO] Backed up existing package to data/Los-Angeles-MIDI/LOCAL_LAMDA/Local_Lamda_midi/midi_guide/9eb9188f7f1d6de0/song_package.yaml.bak
2025-10-26 14:05:15 [INFO] ✓ Created: data/Los-Angeles-MIDI/LOCAL_LAMDA/Local_Lamda_midi/midi_guide/9eb9188f7f1d6de0/song_package.yaml
2025-10-26 14:05:15 [INFO] Backed up existing package to data/Los-Angeles-MIDI/LOCAL_LAMDA/Local_Lamda_midi/midi_guide/9ea31f6693d75c34/song_package.yaml.bak
2025-10-26 14:05:15 [INFO] ✓ Created: data/Los-Angeles-MIDI/LOCAL_LAMDA/Local_Lamda_midi/midi_guide/9ea31f6693d75c34/song_package.yaml
2025-10-26 14:05:15 [INFO] Backed up existing package to data/Los-Angeles-MIDI/LOCAL_LAMDA/Local_Lamda_midi/midi_guide/9f43ac55e5c3e116/song_package.yaml.bak
2025-10-26 14:05:15 [INFO] ✓ Created: data/Los-Angeles-MIDI/LOCAL_LAMDA/Local_Lamda_midi/midi_guide/9f43ac55e5c3e116/song_package.yaml
2025-10-26 14:05:15 [INFO] Backed up existing package to data/Los-Angeles-MIDI/LOCAL_LAMDA/Local_Lamda_midi/midi_guide/9f0a36037dd27873/song_package.yaml.bak
2025-10-26 14:05:15 [INFO] ✓ Created: data/Los-Angeles-MIDI/LOCAL_LAMDA/Local_Lamda_midi/midi_guide/9f0a36037dd27873/song_package.yaml
2025-10-26 14:05:15 [INFO] Backed up existing package to data/Los-Angeles-MIDI/LOCAL_LAMDA/Local_Lamda_midi/midi_guide/9fe467a83cba2c20/song_package.yaml.bak
2025-10-26 14:05:15 [INFO] ✓ Created: data/Los-Angeles-MIDI/LOCAL_LAMDA/Local_Lamda_midi/midi_guide/9fe467a83cba2c20/song_package.yaml
2025-10-26 14:05:15 [INFO] Backed up existing package to data/Los-Angeles-MIDI/LOCAL_LAMDA/Local_Lamda_midi/midi_guide/9fbd339e7587320a/song_package.yaml.bak
2025-10-26 14:05:15 [INFO] ✓ Created: data/Los-Angeles-MIDI/LOCAL_LAMDA/Local_Lamda_midi/midi_guide/9fbd339e7587320a/song_package.yaml
2025-10-26 14:05:15 [INFO] Backed up existing package to data/Los-Angeles-MIDI/LOCAL_LAMDA/Local_Lamda_midi/midi_guide/9fd266a9998d0b5a/song_package.yaml.bak
2025-10-26 14:05:15 [INFO] ✓ Created: data/Los-Angeles-MIDI/LOCAL_LAMDA/Local_Lamda_midi/midi_guide/9fd266a9998d0b5a/song_package.yaml
2025-10-26 14:05:15 [INFO] Backed up existing package to data/Los-Angeles-MIDI/LOCAL_LAMDA/Local_Lamda_midi/midi_guide/a02c2dd2f48af27e/song_package.yaml.bak
2025-10-26 14:05:15 [INFO] ✓ Created: data/Los-Angeles-MIDI/LOCAL_LAMDA/Local_Lamda_midi/midi_guide/a02c2dd2f48af27e/song_package.yaml
2025-10-26 14:05:15 [INFO] Backed up existing package to data/Los-Angeles-MIDI/LOCAL_LAMDA/Local_Lamda_midi/midi_guide/a061094873cbc514/song_package.yaml.bak
2025-10-26 14:05:15 [INFO] ✓ Created: data/Los-Angeles-MIDI/LOCAL_LAMDA/Local_Lamda_midi/midi_guide/a061094873cbc514/song_package.yaml
2025-10-26 14:05:15 [INFO] Backed up existing package to data/Los-Angeles-MIDI/LOCAL_LAMDA/Local_Lamda_midi/midi_guide/9f94e2f6aac50523/song_package.yaml.bak
2025-10-26 14:05:15 [INFO] ✓ Created: data/Los-Angeles-MIDI/LOCAL_LAMDA/Local_Lamda_midi/midi_guide/9f94e2f6aac50523/song_package.yaml
2025-10-26 14:05:15 [INFO] Backed up existing package to data/Los-Angeles-MIDI/LOCAL_LAMDA/Local_Lamda_midi/midi_guide/a078e5a1767000b9/song_package.yaml.bak
2025-10-26 14:05:15 [INFO] ✓ Created: data/Los-Angeles-MIDI/LOCAL_LAMDA/Local_Lamda_midi/midi_guide/a078e5a1767000b9/song_package.yaml
2025-10-26 14:05:15 [INFO] Backed up existing package to data/Los-Angeles-MIDI/LOCAL_LAMDA/Local_Lamda_midi/midi_guide/a09c291f8f893eba/song_package.yaml.bak
2025-10-26 14:05:15 [INFO] ✓ Created: data/Los-Angeles-MIDI/LOCAL_LAMDA/Local_Lamda_midi/midi_guide/a09c291f8f893eba/song_package.yaml
2025-10-26 14:05:15 [INFO] Backed up existing package to data/Los-Angeles-MIDI/LOCAL_LAMDA/Local_Lamda_midi/midi_guide/a0f1b22cfb44a3da/song_package.yaml.bak
2025-10-26 14:05:15 [INFO] ✓ Created: data/Los-Angeles-MIDI/LOCAL_LAMDA/Local_Lamda_midi/midi_guide/a0f1b22cfb44a3da/song_package.yaml
2025-10-26 14:05:15 [INFO] Backed up existing package to data/Los-Angeles-MIDI/LOCAL_LAMDA/Local_Lamda_midi/midi_guide/a124348122355637/song_package.yaml.bak
2025-10-26 14:05:15 [INFO] ✓ Created: data/Los-Angeles-MIDI/LOCAL_LAMDA/Local_Lamda_midi/midi_guide/a124348122355637/song_package.yaml
2025-10-26 14:05:15 [INFO] Backed up existing package to data/Los-Angeles-MIDI/LOCAL_LAMDA/Local_Lamda_midi/midi_guide/a0caf06222951e18/song_package.yaml.bak
2025-10-26 14:05:15 [INFO] ✓ Created: data/Los-Angeles-MIDI/LOCAL_LAMDA/Local_Lamda_midi/midi_guide/a0caf06222951e18/song_package.yaml
2025-10-26 14:05:15 [INFO] Backed up existing package to data/Los-Angeles-MIDI/LOCAL_LAMDA/Local_Lamda_midi/midi_guide/a0f0df73f2f2e507/song_package.yaml.bak
2025-10-26 14:05:15 [INFO] ✓ Created: data/Los-Angeles-MIDI/LOCAL_LAMDA/Local_Lamda_midi/midi_guide/a0f0df73f2f2e507/song_package.yaml
2025-10-26 14:05:15 [INFO] Backed up existing package to data/Los-Angeles-MIDI/LOCAL_LAMDA/Local_Lamda_midi/midi_guide/a1194d15294ed928/song_package.yaml.bak
2025-10-26 14:05:15 [INFO] ✓ Created: data/Los-Angeles-MIDI/LOCAL_LAMDA/Local_Lamda_midi/midi_guide/a1194d15294ed928/song_package.yaml
2025-10-26 14:05:15 [INFO] Backed up existing package to data/Los-Angeles-MIDI/LOCAL_LAMDA/Local_Lamda_midi/midi_guide/a1261612f61643ae/song_package.yaml.bak
2025-10-26 14:05:15 [INFO] ✓ Created: data/Los-Angeles-MIDI/LOCAL_LAMDA/Local_Lamda_midi/midi_guide/a1261612f61643ae/song_package.yaml
2025-10-26 14:05:15 [INFO] Backed up existing package to data/Los-Angeles-MIDI/LOCAL_LAMDA/Local_Lamda_midi/midi_guide/a1647c062aa157d2/song_package.yaml.bak
2025-10-26 14:05:15 [INFO] ✓ Created: data/Los-Angeles-MIDI/LOCAL_LAMDA/Local_Lamda_midi/midi_guide/a1647c062aa157d2/song_package.yaml
2025-10-26 14:05:15 [INFO] Backed up existing package to data/Los-Angeles-MIDI/LOCAL_LAMDA/Local_Lamda_midi/midi_guide/a187f6b88cfaf0db/song_package.yaml.bak
2025-10-26 14:05:15 [INFO] ✓ Created: data/Los-Angeles-MIDI/LOCAL_LAMDA/Local_Lamda_midi/midi_guide/a187f6b88cfaf0db/song_package.yaml
2025-10-26 14:05:15 [INFO] Backed up existing package to data/Los-Angeles-MIDI/LOCAL_LAMDA/Local_Lamda_midi/midi_guide/a199dc67281ee8fc/song_package.yaml.bak
2025-10-26 14:05:15 [INFO] ✓ Created: data/Los-Angeles-MIDI/LOCAL_LAMDA/Local_Lamda_midi/midi_guide/a199dc67281ee8fc/song_package.yaml
2025-10-26 14:05:15 [INFO] Backed up existing package to data/Los-Angeles-MIDI/LOCAL_LAMDA/Local_Lamda_midi/midi_guide/a177b308838c6a26/song_package.yaml.bak
2025-10-26 14:05:15 [INFO] ✓ Created: data/Los-Angeles-MIDI/LOCAL_LAMDA/Local_Lamda_midi/midi_guide/a177b308838c6a26/song_package.yaml
2025-10-26 14:05:15 [INFO] Backed up existing package to data/Los-Angeles-MIDI/LOCAL_LAMDA/Local_Lamda_midi/midi_guide/a1a35451489bb042/song_package.yaml.bak
2025-10-26 14:05:15 [INFO] ✓ Created: data/Los-Angeles-MIDI/LOCAL_LAMDA/Local_Lamda_midi/midi_guide/a1a35451489bb042/song_package.yaml
2025-10-26 14:05:15 [INFO] Backed up existing package to data/Los-Angeles-MIDI/LOCAL_LAMDA/Local_Lamda_midi/midi_guide/a1c84ab0d2e7f6d5/song_package.yaml.bak
2025-10-26 14:05:15 [INFO] ✓ Created: data/Los-Angeles-MIDI/LOCAL_LAMDA/Local_Lamda_midi/midi_guide/a1c84ab0d2e7f6d5/song_package.yaml
2025-10-26 14:05:15 [INFO] Backed up existing package to data/Los-Angeles-MIDI/LOCAL_LAMDA/Local_Lamda_midi/midi_guide/a1bd54d0511425c9/song_package.yaml.bak
2025-10-26 14:05:15 [INFO] ✓ Created: data/Los-Angeles-MIDI/LOCAL_LAMDA/Local_Lamda_midi/midi_guide/a1bd54d0511425c9/song_package.yaml
2025-10-26 14:05:15 [INFO] Backed up existing package to data/Los-Angeles-MIDI/LOCAL_LAMDA/Local_Lamda_midi/midi_guide/a1d0cd2d175d4c64/song_package.yaml.bak
2025-10-26 14:05:15 [INFO] ✓ Created: data/Los-Angeles-MIDI/LOCAL_LAMDA/Local_Lamda_midi/midi_guide/a1d0cd2d175d4c64/song_package.yaml
2025-10-26 14:05:15 [INFO] Backed up existing package to data/Los-Angeles-MIDI/LOCAL_LAMDA/Local_Lamda_midi/midi_guide/a22ea922d340e90c/song_package.yaml.bak
2025-10-26 14:05:15 [INFO] ✓ Created: data/Los-Angeles-MIDI/LOCAL_LAMDA/Local_Lamda_midi/midi_guide/a22ea922d340e90c/song_package.yaml
2025-10-26 14:05:15 [INFO] Backed up existing package to data/Los-Angeles-MIDI/LOCAL_LAMDA/Local_Lamda_midi/midi_guide/a298354af0b3d872/song_package.yaml.bak
2025-10-26 14:05:15 [INFO] ✓ Created: data/Los-Angeles-MIDI/LOCAL_LAMDA/Local_Lamda_midi/midi_guide/a298354af0b3d872/song_package.yaml
2025-10-26 14:05:15 [INFO] Backed up existing package to data/Los-Angeles-MIDI/LOCAL_LAMDA/Local_Lamda_midi/midi_guide/a26b0f081b8cfcf9/song_package.yaml.bak
2025-10-26 14:05:15 [INFO] ✓ Created: data/Los-Angeles-MIDI/LOCAL_LAMDA/Local_Lamda_midi/midi_guide/a26b0f081b8cfcf9/song_package.yaml
2025-10-26 14:05:15 [INFO] Backed up existing package to data/Los-Angeles-MIDI/LOCAL_LAMDA/Local_Lamda_midi/midi_guide/a28a4020cc0ee5bd/song_package.yaml.bak
2025-10-26 14:05:15 [INFO] ✓ Created: data/Los-Angeles-MIDI/LOCAL_LAMDA/Local_Lamda_midi/midi_guide/a28a4020cc0ee5bd/song_package.yaml
2025-10-26 14:05:15 [INFO] Backed up existing package to data/Los-Angeles-MIDI/LOCAL_LAMDA/Local_Lamda_midi/midi_guide/a25d7ed0d4382f0b/song_package.yaml.bak
2025-10-26 14:05:15 [INFO] ✓ Created: data/Los-Angeles-MIDI/LOCAL_LAMDA/Local_Lamda_midi/midi_guide/a25d7ed0d4382f0b/song_package.yaml
2025-10-26 14:05:15 [INFO] Backed up existing package to data/Los-Angeles-MIDI/LOCAL_LAMDA/Local_Lamda_midi/midi_guide/a335cb6747cc9276/song_package.yaml.bak
2025-10-26 14:05:15 [INFO] ✓ Created: data/Los-Angeles-MIDI/LOCAL_LAMDA/Local_Lamda_midi/midi_guide/a335cb6747cc9276/song_package.yaml
2025-10-26 14:05:15 [INFO] Backed up existing package to data/Los-Angeles-MIDI/LOCAL_LAMDA/Local_Lamda_midi/midi_guide/a2e59d534759214a/song_package.yaml.bak
2025-10-26 14:05:15 [INFO] ✓ Created: data/Los-Angeles-MIDI/LOCAL_LAMDA/Local_Lamda_midi/midi_guide/a2e59d534759214a/song_package.yaml
2025-10-26 14:05:15 [INFO] Backed up existing package to data/Los-Angeles-MIDI/LOCAL_LAMDA/Local_Lamda_midi/midi_guide/a3786647e3389bd7/song_package.yaml.bak
2025-10-26 14:05:15 [INFO] ✓ Created: data/Los-Angeles-MIDI/LOCAL_LAMDA/Local_Lamda_midi/midi_guide/a3786647e3389bd7/song_package.yaml
2025-10-26 14:05:15 [INFO] Backed up existing package to data/Los-Angeles-MIDI/LOCAL_LAMDA/Local_Lamda_midi/midi_guide/a3858f43dd5d24be/song_package.yaml.bak
2025-10-26 14:05:15 [INFO] ✓ Created: data/Los-Angeles-MIDI/LOCAL_LAMDA/Local_Lamda_midi/midi_guide/a3858f43dd5d24be/song_package.yaml
2025-10-26 14:05:15 [INFO] Backed up existing package to data/Los-Angeles-MIDI/LOCAL_LAMDA/Local_Lamda_midi/midi_guide/a38aa4fef2942c47/song_package.yaml.bak
2025-10-26 14:05:15 [INFO] ✓ Created: data/Los-Angeles-MIDI/LOCAL_LAMDA/Local_Lamda_midi/midi_guide/a38aa4fef2942c47/song_package.yaml
2025-10-26 14:05:15 [INFO] Backed up existing package to data/Los-Angeles-MIDI/LOCAL_LAMDA/Local_Lamda_midi/midi_guide/a3b5e06bd35c5dde/song_package.yaml.bak
2025-10-26 14:05:15 [INFO] ✓ Created: data/Los-Angeles-MIDI/LOCAL_LAMDA/Local_Lamda_midi/midi_guide/a3b5e06bd35c5dde/song_package.yaml
2025-10-26 14:05:15 [INFO] Backed up existing package to data/Los-Angeles-MIDI/LOCAL_LAMDA/Local_Lamda_midi/midi_guide/a3b9fda8be3d0756/song_package.yaml.bak
2025-10-26 14:05:15 [INFO] ✓ Created: data/Los-Angeles-MIDI/LOCAL_LAMDA/Local_Lamda_midi/midi_guide/a3b9fda8be3d0756/song_package.yaml
2025-10-26 14:05:15 [INFO] Backed up existing package to data/Los-Angeles-MIDI/LOCAL_LAMDA/Local_Lamda_midi/midi_guide/a4067095af249e3c/song_package.yaml.bak
2025-10-26 14:05:15 [INFO] ✓ Created: data/Los-Angeles-MIDI/LOCAL_LAMDA/Local_Lamda_midi/midi_guide/a4067095af249e3c/song_package.yaml
2025-10-26 14:05:15 [INFO] Backed up existing package to data/Los-Angeles-MIDI/LOCAL_LAMDA/Local_Lamda_midi/midi_guide/a45f2ab6f59ab5c4/song_package.yaml.bak
2025-10-26 14:05:15 [INFO] ✓ Created: data/Los-Angeles-MIDI/LOCAL_LAMDA/Local_Lamda_midi/midi_guide/a45f2ab6f59ab5c4/song_package.yaml
2025-10-26 14:05:15 [INFO] Backed up existing package to data/Los-Angeles-MIDI/LOCAL_LAMDA/Local_Lamda_midi/midi_guide/a3ec8623348cda86/song_package.yaml.bak
2025-10-26 14:05:15 [INFO] ✓ Created: data/Los-Angeles-MIDI/LOCAL_LAMDA/Local_Lamda_midi/midi_guide/a3ec8623348cda86/song_package.yaml
2025-10-26 14:05:15 [INFO] Backed up existing package to data/Los-Angeles-MIDI/LOCAL_LAMDA/Local_Lamda_midi/midi_guide/a47897e3502fb253/song_package.yaml.bak
2025-10-26 14:05:15 [INFO] ✓ Created: data/Los-Angeles-MIDI/LOCAL_LAMDA/Local_Lamda_midi/midi_guide/a47897e3502fb253/song_package.yaml
2025-10-26 14:05:15 [INFO] Backed up existing package to data/Los-Angeles-MIDI/LOCAL_LAMDA/Local_Lamda_midi/midi_guide/a4b7cad4d1e9ece6/song_package.yaml.bak
2025-10-26 14:05:15 [INFO] ✓ Created: data/Los-Angeles-MIDI/LOCAL_LAMDA/Local_Lamda_midi/midi_guide/a4b7cad4d1e9ece6/song_package.yaml
2025-10-26 14:05:15 [INFO] Backed up existing package to data/Los-Angeles-MIDI/LOCAL_LAMDA/Local_Lamda_midi/midi_guide/a4c97019e6739cbc/song_package.yaml.bak
2025-10-26 14:05:15 [INFO] ✓ Created: data/Los-Angeles-MIDI/LOCAL_LAMDA/Local_Lamda_midi/midi_guide/a4c97019e6739cbc/song_package.yaml
2025-10-26 14:05:15 [INFO] Backed up existing package to data/Los-Angeles-MIDI/LOCAL_LAMDA/Local_Lamda_midi/midi_guide/a4ca8eabea1a655c/song_package.yaml.bak
2025-10-26 14:05:15 [INFO] ✓ Created: data/Los-Angeles-MIDI/LOCAL_LAMDA/Local_Lamda_midi/midi_guide/a4ca8eabea1a655c/song_package.yaml
2025-10-26 14:05:15 [INFO] Backed up existing package to data/Los-Angeles-MIDI/LOCAL_LAMDA/Local_Lamda_midi/midi_guide/a46cfdfc8bf0c137/song_package.yaml.bak
2025-10-26 14:05:15 [INFO] ✓ Created: data/Los-Angeles-MIDI/LOCAL_LAMDA/Local_Lamda_midi/midi_guide/a46cfdfc8bf0c137/song_package.yaml
2025-10-26 14:05:15 [INFO] Backed up existing package to data/Los-Angeles-MIDI/LOCAL_LAMDA/Local_Lamda_midi/midi_guide/a4c13187c6a41dbe/song_package.yaml.bak
2025-10-26 14:05:15 [INFO] ✓ Created: data/Los-Angeles-MIDI/LOCAL_LAMDA/Local_Lamda_midi/midi_guide/a4c13187c6a41dbe/song_package.yaml
2025-10-26 14:05:15 [INFO] Backed up existing package to data/Los-Angeles-MIDI/LOCAL_LAMDA/Local_Lamda_midi/midi_guide/a50e888c9384c554/song_package.yaml.bak
2025-10-26 14:05:15 [INFO] ✓ Created: data/Los-Angeles-MIDI/LOCAL_LAMDA/Local_Lamda_midi/midi_guide/a50e888c9384c554/song_package.yaml
2025-10-26 14:05:15 [INFO] Backed up existing package to data/Los-Angeles-MIDI/LOCAL_LAMDA/Local_Lamda_midi/midi_guide/a4df13c78eb97c83/song_package.yaml.bak
2025-10-26 14:05:15 [INFO] ✓ Created: data/Los-Angeles-MIDI/LOCAL_LAMDA/Local_Lamda_midi/midi_guide/a4df13c78eb97c83/song_package.yaml
2025-10-26 14:05:15 [INFO] Backed up existing package to data/Los-Angeles-MIDI/LOCAL_LAMDA/Local_Lamda_midi/midi_guide/a4edfab0deb791d3/song_package.yaml.bak
2025-10-26 14:05:15 [INFO] ✓ Created: data/Los-Angeles-MIDI/LOCAL_LAMDA/Local_Lamda_midi/midi_guide/a4edfab0deb791d3/song_package.yaml
2025-10-26 14:05:15 [INFO] Backed up existing package to data/Los-Angeles-MIDI/LOCAL_LAMDA/Local_Lamda_midi/midi_guide/a5866a189919120e/song_package.yaml.bak
2025-10-26 14:05:15 [INFO] ✓ Created: data/Los-Angeles-MIDI/LOCAL_LAMDA/Local_Lamda_midi/midi_guide/a5866a189919120e/song_package.yaml
2025-10-26 14:05:15 [INFO] Backed up existing package to data/Los-Angeles-MIDI/LOCAL_LAMDA/Local_Lamda_midi/midi_guide/a547b4fa75f7fed4/song_package.yaml.bak
2025-10-26 14:05:15 [INFO] ✓ Created: data/Los-Angeles-MIDI/LOCAL_LAMDA/Local_Lamda_midi/midi_guide/a547b4fa75f7fed4/song_package.yaml
2025-10-26 14:05:15 [INFO] Backed up existing package to data/Los-Angeles-MIDI/LOCAL_LAMDA/Local_Lamda_midi/midi_guide/a54c4bea467e958b/song_package.yaml.bak
2025-10-26 14:05:15 [INFO] ✓ Created: data/Los-Angeles-MIDI/LOCAL_LAMDA/Local_Lamda_midi/midi_guide/a54c4bea467e958b/song_package.yaml
2025-10-26 14:05:15 [INFO] Backed up existing package to data/Los-Angeles-MIDI/LOCAL_LAMDA/Local_Lamda_midi/midi_guide/a59f30bea961cc9a/song_package.yaml.bak
2025-10-26 14:05:15 [INFO] ✓ Created: data/Los-Angeles-MIDI/LOCAL_LAMDA/Local_Lamda_midi/midi_guide/a59f30bea961cc9a/song_package.yaml
2025-10-26 14:05:15 [INFO] Backed up existing package to data/Los-Angeles-MIDI/LOCAL_LAMDA/Local_Lamda_midi/midi_guide/a5cfb0d0b2c2507b/song_package.yaml.bak
2025-10-26 14:05:15 [INFO] ✓ Created: data/Los-Angeles-MIDI/LOCAL_LAMDA/Local_Lamda_midi/midi_guide/a5cfb0d0b2c2507b/song_package.yaml
2025-10-26 14:05:15 [INFO] Backed up existing package to data/Los-Angeles-MIDI/LOCAL_LAMDA/Local_Lamda_midi/midi_guide/a5ebdd43f15dff6f/song_package.yaml.bak
2025-10-26 14:05:15 [INFO] ✓ Created: data/Los-Angeles-MIDI/LOCAL_LAMDA/Local_Lamda_midi/midi_guide/a5ebdd43f15dff6f/song_package.yaml
2025-10-26 14:05:15 [INFO] Backed up existing package to data/Los-Angeles-MIDI/LOCAL_LAMDA/Local_Lamda_midi/midi_guide/a69a10aaeacb8985/song_package.yaml.bak
2025-10-26 14:05:15 [INFO] ✓ Created: data/Los-Angeles-MIDI/LOCAL_LAMDA/Local_Lamda_midi/midi_guide/a69a10aaeacb8985/song_package.yaml
2025-10-26 14:05:15 [INFO] Backed up existing package to data/Los-Angeles-MIDI/LOCAL_LAMDA/Local_Lamda_midi/midi_guide/a681dfc8f388059c/song_package.yaml.bak
2025-10-26 14:05:15 [INFO] ✓ Created: data/Los-Angeles-MIDI/LOCAL_LAMDA/Local_Lamda_midi/midi_guide/a681dfc8f388059c/song_package.yaml
2025-10-26 14:05:15 [INFO] Backed up existing package to data/Los-Angeles-MIDI/LOCAL_LAMDA/Local_Lamda_midi/midi_guide/a6904fdac534f513/song_package.yaml.bak
2025-10-26 14:05:15 [INFO] ✓ Created: data/Los-Angeles-MIDI/LOCAL_LAMDA/Local_Lamda_midi/midi_guide/a6904fdac534f513/song_package.yaml
2025-10-26 14:05:15 [INFO] Backed up existing package to data/Los-Angeles-MIDI/LOCAL_LAMDA/Local_Lamda_midi/midi_guide/a6a52305d378b579/song_package.yaml.bak
2025-10-26 14:05:15 [INFO] ✓ Created: data/Los-Angeles-MIDI/LOCAL_LAMDA/Local_Lamda_midi/midi_guide/a6a52305d378b579/song_package.yaml
2025-10-26 14:05:15 [INFO] Backed up existing package to data/Los-Angeles-MIDI/LOCAL_LAMDA/Local_Lamda_midi/midi_guide/a69de41d44acfdb7/song_package.yaml.bak
2025-10-26 14:05:15 [INFO] ✓ Created: data/Los-Angeles-MIDI/LOCAL_LAMDA/Local_Lamda_midi/midi_guide/a69de41d44acfdb7/song_package.yaml
2025-10-26 14:05:15 [INFO] Backed up existing package to data/Los-Angeles-MIDI/LOCAL_LAMDA/Local_Lamda_midi/midi_guide/a6c4db7993ac6b95/song_package.yaml.bak
2025-10-26 14:05:15 [INFO] ✓ Created: data/Los-Angeles-MIDI/LOCAL_LAMDA/Local_Lamda_midi/midi_guide/a6c4db7993ac6b95/song_package.yaml
2025-10-26 14:05:15 [INFO] Backed up existing package to data/Los-Angeles-MIDI/LOCAL_LAMDA/Local_Lamda_midi/midi_guide/a754a01a57c0e5e1/song_package.yaml.bak
2025-10-26 14:05:15 [INFO] ✓ Created: data/Los-Angeles-MIDI/LOCAL_LAMDA/Local_Lamda_midi/midi_guide/a754a01a57c0e5e1/song_package.yaml
2025-10-26 14:05:15 [INFO] Backed up existing package to data/Los-Angeles-MIDI/LOCAL_LAMDA/Local_Lamda_midi/midi_guide/a6f91a40dc35014b/song_package.yaml.bak
2025-10-26 14:05:15 [INFO] ✓ Created: data/Los-Angeles-MIDI/LOCAL_LAMDA/Local_Lamda_midi/midi_guide/a6f91a40dc35014b/song_package.yaml
2025-10-26 14:05:15 [INFO] Backed up existing package to data/Los-Angeles-MIDI/LOCAL_LAMDA/Local_Lamda_midi/midi_guide/a6ee38f0e9396d33/song_package.yaml.bak
2025-10-26 14:05:15 [INFO] ✓ Created: data/Los-Angeles-MIDI/LOCAL_LAMDA/Local_Lamda_midi/midi_guide/a6ee38f0e9396d33/song_package.yaml
2025-10-26 14:05:15 [INFO] Backed up existing package to data/Los-Angeles-MIDI/LOCAL_LAMDA/Local_Lamda_midi/midi_guide/a72087cf628e2920/song_package.yaml.bak
2025-10-26 14:05:15 [INFO] ✓ Created: data/Los-Angeles-MIDI/LOCAL_LAMDA/Local_Lamda_midi/midi_guide/a72087cf628e2920/song_package.yaml
2025-10-26 14:05:15 [INFO] Backed up existing package to data/Los-Angeles-MIDI/LOCAL_LAMDA/Local_Lamda_midi/midi_guide/a748b7d104b358c0/song_package.yaml.bak
2025-10-26 14:05:15 [INFO] ✓ Created: data/Los-Angeles-MIDI/LOCAL_LAMDA/Local_Lamda_midi/midi_guide/a748b7d104b358c0/song_package.yaml
2025-10-26 14:05:15 [INFO] Backed up existing package to data/Los-Angeles-MIDI/LOCAL_LAMDA/Local_Lamda_midi/midi_guide/a7523758d3847c97/song_package.yaml.bak
2025-10-26 14:05:15 [INFO] ✓ Created: data/Los-Angeles-MIDI/LOCAL_LAMDA/Local_Lamda_midi/midi_guide/a7523758d3847c97/song_package.yaml
2025-10-26 14:05:15 [INFO] Backed up existing package to data/Los-Angeles-MIDI/LOCAL_LAMDA/Local_Lamda_midi/midi_guide/a7abf3ed276ccebb/song_package.yaml.bak
2025-10-26 14:05:15 [INFO] ✓ Created: data/Los-Angeles-MIDI/LOCAL_LAMDA/Local_Lamda_midi/midi_guide/a7abf3ed276ccebb/song_package.yaml
2025-10-26 14:05:15 [INFO] Backed up existing package to data/Los-Angeles-MIDI/LOCAL_LAMDA/Local_Lamda_midi/midi_guide/a7aaa1ed70fb8bfb/song_package.yaml.bak
2025-10-26 14:05:15 [INFO] ✓ Created: data/Los-Angeles-MIDI/LOCAL_LAMDA/Local_Lamda_midi/midi_guide/a7aaa1ed70fb8bfb/song_package.yaml
2025-10-26 14:05:15 [INFO] Backed up existing package to data/Los-Angeles-MIDI/LOCAL_LAMDA/Local_Lamda_midi/midi_guide/a777ff0382c8e599/song_package.yaml.bak
2025-10-26 14:05:15 [INFO] ✓ Created: data/Los-Angeles-MIDI/LOCAL_LAMDA/Local_Lamda_midi/midi_guide/a777ff0382c8e599/song_package.yaml
2025-10-26 14:05:15 [INFO] Backed up existing package to data/Los-Angeles-MIDI/LOCAL_LAMDA/Local_Lamda_midi/midi_guide/a805309443da17f2/song_package.yaml.bak
2025-10-26 14:05:15 [INFO] ✓ Created: data/Los-Angeles-MIDI/LOCAL_LAMDA/Local_Lamda_midi/midi_guide/a805309443da17f2/song_package.yaml
2025-10-26 14:05:15 [INFO] Backed up existing package to data/Los-Angeles-MIDI/LOCAL_LAMDA/Local_Lamda_midi/midi_guide/a86dca4cc8c4a3ad/song_package.yaml.bak
2025-10-26 14:05:15 [INFO] ✓ Created: data/Los-Angeles-MIDI/LOCAL_LAMDA/Local_Lamda_midi/midi_guide/a86dca4cc8c4a3ad/song_package.yaml
2025-10-26 14:05:15 [INFO] Backed up existing package to data/Los-Angeles-MIDI/LOCAL_LAMDA/Local_Lamda_midi/midi_guide/a8b771cfbe738865/song_package.yaml.bak
2025-10-26 14:05:15 [INFO] ✓ Created: data/Los-Angeles-MIDI/LOCAL_LAMDA/Local_Lamda_midi/midi_guide/a8b771cfbe738865/song_package.yaml
2025-10-26 14:05:15 [INFO] Backed up existing package to data/Los-Angeles-MIDI/LOCAL_LAMDA/Local_Lamda_midi/midi_guide/a8aad479c9250d00/song_package.yaml.bak
2025-10-26 14:05:15 [INFO] ✓ Created: data/Los-Angeles-MIDI/LOCAL_LAMDA/Local_Lamda_midi/midi_guide/a8aad479c9250d00/song_package.yaml
2025-10-26 14:05:15 [INFO] Backed up existing package to data/Los-Angeles-MIDI/LOCAL_LAMDA/Local_Lamda_midi/midi_guide/a850a6d25282b069/song_package.yaml.bak
2025-10-26 14:05:15 [INFO] ✓ Created: data/Los-Angeles-MIDI/LOCAL_LAMDA/Local_Lamda_midi/midi_guide/a850a6d25282b069/song_package.yaml
2025-10-26 14:05:15 [INFO] Backed up existing package to data/Los-Angeles-MIDI/LOCAL_LAMDA/Local_Lamda_midi/midi_guide/a8aa5d8cae602005/song_package.yaml.bak
2025-10-26 14:05:15 [INFO] ✓ Created: data/Los-Angeles-MIDI/LOCAL_LAMDA/Local_Lamda_midi/midi_guide/a8aa5d8cae602005/song_package.yaml
2025-10-26 14:05:15 [INFO] Backed up existing package to data/Los-Angeles-MIDI/LOCAL_LAMDA/Local_Lamda_midi/midi_guide/a8ce2db5d28abdb2/song_package.yaml.bak
2025-10-26 14:05:15 [INFO] ✓ Created: data/Los-Angeles-MIDI/LOCAL_LAMDA/Local_Lamda_midi/midi_guide/a8ce2db5d28abdb2/song_package.yaml
2025-10-26 14:05:15 [INFO] Backed up existing package to data/Los-Angeles-MIDI/LOCAL_LAMDA/Local_Lamda_midi/midi_guide/a86496228401b69c/song_package.yaml.bak
2025-10-26 14:05:15 [INFO] ✓ Created: data/Los-Angeles-MIDI/LOCAL_LAMDA/Local_Lamda_midi/midi_guide/a86496228401b69c/song_package.yaml
2025-10-26 14:05:15 [INFO] Backed up existing package to data/Los-Angeles-MIDI/LOCAL_LAMDA/Local_Lamda_midi/midi_guide/a8ce2b763b3902a7/song_package.yaml.bak
2025-10-26 14:05:15 [INFO] ✓ Created: data/Los-Angeles-MIDI/LOCAL_LAMDA/Local_Lamda_midi/midi_guide/a8ce2b763b3902a7/song_package.yaml
2025-10-26 14:05:15 [INFO] Backed up existing package to data/Los-Angeles-MIDI/LOCAL_LAMDA/Local_Lamda_midi/midi_guide/a91aa6845161bdaa/song_package.yaml.bak
2025-10-26 14:05:15 [INFO] ✓ Created: data/Los-Angeles-MIDI/LOCAL_LAMDA/Local_Lamda_midi/midi_guide/a91aa6845161bdaa/song_package.yaml
2025-10-26 14:05:15 [INFO] Backed up existing package to data/Los-Angeles-MIDI/LOCAL_LAMDA/Local_Lamda_midi/midi_guide/a8e33159413e3d4c/song_package.yaml.bak
2025-10-26 14:05:15 [INFO] ✓ Created: data/Los-Angeles-MIDI/LOCAL_LAMDA/Local_Lamda_midi/midi_guide/a8e33159413e3d4c/song_package.yaml
2025-10-26 14:05:15 [INFO] Backed up existing package to data/Los-Angeles-MIDI/LOCAL_LAMDA/Local_Lamda_midi/midi_guide/a9725f5212b72a15/song_package.yaml.bak
2025-10-26 14:05:15 [INFO] ✓ Created: data/Los-Angeles-MIDI/LOCAL_LAMDA/Local_Lamda_midi/midi_guide/a9725f5212b72a15/song_package.yaml
2025-10-26 14:05:15 [INFO] Backed up existing package to data/Los-Angeles-MIDI/LOCAL_LAMDA/Local_Lamda_midi/midi_guide/a92aaf9a7e632ae5/song_package.yaml.bak
2025-10-26 14:05:15 [INFO] ✓ Created: data/Los-Angeles-MIDI/LOCAL_LAMDA/Local_Lamda_midi/midi_guide/a92aaf9a7e632ae5/song_package.yaml
2025-10-26 14:05:15 [INFO] Backed up existing package to data/Los-Angeles-MIDI/LOCAL_LAMDA/Local_Lamda_midi/midi_guide/a904f28f78a64095/song_package.yaml.bak
2025-10-26 14:05:15 [INFO] ✓ Created: data/Los-Angeles-MIDI/LOCAL_LAMDA/Local_Lamda_midi/midi_guide/a904f28f78a64095/song_package.yaml
2025-10-26 14:05:15 [INFO] Backed up existing package to data/Los-Angeles-MIDI/LOCAL_LAMDA/Local_Lamda_midi/midi_guide/a9401998500b0c26/song_package.yaml.bak
2025-10-26 14:05:15 [INFO] ✓ Created: data/Los-Angeles-MIDI/LOCAL_LAMDA/Local_Lamda_midi/midi_guide/a9401998500b0c26/song_package.yaml
2025-10-26 14:05:15 [INFO] Backed up existing package to data/Los-Angeles-MIDI/LOCAL_LAMDA/Local_Lamda_midi/midi_guide/a98497e6907e26ca/song_package.yaml.bak
2025-10-26 14:05:15 [INFO] ✓ Created: data/Los-Angeles-MIDI/LOCAL_LAMDA/Local_Lamda_midi/midi_guide/a98497e6907e26ca/song_package.yaml
2025-10-26 14:05:15 [INFO] Backed up existing package to data/Los-Angeles-MIDI/LOCAL_LAMDA/Local_Lamda_midi/midi_guide/aa22793018471e14/song_package.yaml.bak
2025-10-26 14:05:15 [INFO] ✓ Created: data/Los-Angeles-MIDI/LOCAL_LAMDA/Local_Lamda_midi/midi_guide/aa22793018471e14/song_package.yaml
2025-10-26 14:05:15 [INFO] Backed up existing package to data/Los-Angeles-MIDI/LOCAL_LAMDA/Local_Lamda_midi/midi_guide/aa09d6f5d3dc1aec/song_package.yaml.bak
2025-10-26 14:05:15 [INFO] ✓ Created: data/Los-Angeles-MIDI/LOCAL_LAMDA/Local_Lamda_midi/midi_guide/aa09d6f5d3dc1aec/song_package.yaml
2025-10-26 14:05:15 [INFO] Backed up existing package to data/Los-Angeles-MIDI/LOCAL_LAMDA/Local_Lamda_midi/midi_guide/a9e94a7e1f56f356/song_package.yaml.bak
2025-10-26 14:05:15 [INFO] ✓ Created: data/Los-Angeles-MIDI/LOCAL_LAMDA/Local_Lamda_midi/midi_guide/a9e94a7e1f56f356/song_package.yaml
2025-10-26 14:05:15 [INFO] Backed up existing package to data/Los-Angeles-MIDI/LOCAL_LAMDA/Local_Lamda_midi/midi_guide/aa4eba29fc7d0721/song_package.yaml.bak
2025-10-26 14:05:15 [INFO] ✓ Created: data/Los-Angeles-MIDI/LOCAL_LAMDA/Local_Lamda_midi/midi_guide/aa4eba29fc7d0721/song_package.yaml
2025-10-26 14:05:15 [INFO] Backed up existing package to data/Los-Angeles-MIDI/LOCAL_LAMDA/Local_Lamda_midi/midi_guide/aa14b3a07b0d7253/song_package.yaml.bak
2025-10-26 14:05:15 [INFO] ✓ Created: data/Los-Angeles-MIDI/LOCAL_LAMDA/Local_Lamda_midi/midi_guide/aa14b3a07b0d7253/song_package.yaml
2025-10-26 14:05:15 [INFO] Backed up existing package to data/Los-Angeles-MIDI/LOCAL_LAMDA/Local_Lamda_midi/midi_guide/aa6817f3c3c8dea3/song_package.yaml.bak
2025-10-26 14:05:15 [INFO] ✓ Created: data/Los-Angeles-MIDI/LOCAL_LAMDA/Local_Lamda_midi/midi_guide/aa6817f3c3c8dea3/song_package.yaml
2025-10-26 14:05:15 [INFO] Backed up existing package to data/Los-Angeles-MIDI/LOCAL_LAMDA/Local_Lamda_midi/midi_guide/aa9bd60a378ba54b/song_package.yaml.bak
2025-10-26 14:05:15 [INFO] ✓ Created: data/Los-Angeles-MIDI/LOCAL_LAMDA/Local_Lamda_midi/midi_guide/aa9bd60a378ba54b/song_package.yaml
2025-10-26 14:05:15 [INFO] Backed up existing package to data/Los-Angeles-MIDI/LOCAL_LAMDA/Local_Lamda_midi/midi_guide/aa8734f596265ede/song_package.yaml.bak
2025-10-26 14:05:15 [INFO] ✓ Created: data/Los-Angeles-MIDI/LOCAL_LAMDA/Local_Lamda_midi/midi_guide/aa8734f596265ede/song_package.yaml
2025-10-26 14:05:15 [INFO] Backed up existing package to data/Los-Angeles-MIDI/LOCAL_LAMDA/Local_Lamda_midi/midi_guide/aaf8c95f27ed8b80/song_package.yaml.bak
2025-10-26 14:05:15 [INFO] ✓ Created: data/Los-Angeles-MIDI/LOCAL_LAMDA/Local_Lamda_midi/midi_guide/aaf8c95f27ed8b80/song_package.yaml
2025-10-26 14:05:15 [INFO] Backed up existing package to data/Los-Angeles-MIDI/LOCAL_LAMDA/Local_Lamda_midi/midi_guide/aabb1103d79d7598/song_package.yaml.bak
2025-10-26 14:05:15 [INFO] ✓ Created: data/Los-Angeles-MIDI/LOCAL_LAMDA/Local_Lamda_midi/midi_guide/aabb1103d79d7598/song_package.yaml
2025-10-26 14:05:15 [INFO] Backed up existing package to data/Los-Angeles-MIDI/LOCAL_LAMDA/Local_Lamda_midi/midi_guide/ab20efe046ab0bb3/song_package.yaml.bak
2025-10-26 14:05:15 [INFO] ✓ Created: data/Los-Angeles-MIDI/LOCAL_LAMDA/Local_Lamda_midi/midi_guide/ab20efe046ab0bb3/song_package.yaml
2025-10-26 14:05:15 [INFO] Backed up existing package to data/Los-Angeles-MIDI/LOCAL_LAMDA/Local_Lamda_midi/midi_guide/aa0e552704ae4105/song_package.yaml.bak
2025-10-26 14:05:15 [INFO] ✓ Created: data/Los-Angeles-MIDI/LOCAL_LAMDA/Local_Lamda_midi/midi_guide/aa0e552704ae4105/song_package.yaml
2025-10-26 14:05:15 [INFO] Backed up existing package to data/Los-Angeles-MIDI/LOCAL_LAMDA/Local_Lamda_midi/midi_guide/ab3df9cd7823ed2c/song_package.yaml.bak
2025-10-26 14:05:15 [INFO] ✓ Created: data/Los-Angeles-MIDI/LOCAL_LAMDA/Local_Lamda_midi/midi_guide/ab3df9cd7823ed2c/song_package.yaml
2025-10-26 14:05:15 [INFO] Backed up existing package to data/Los-Angeles-MIDI/LOCAL_LAMDA/Local_Lamda_midi/midi_guide/abbe75ca1ce0fb14/song_package.yaml.bak
2025-10-26 14:05:15 [INFO] ✓ Created: data/Los-Angeles-MIDI/LOCAL_LAMDA/Local_Lamda_midi/midi_guide/abbe75ca1ce0fb14/song_package.yaml
2025-10-26 14:05:15 [INFO] Backed up existing package to data/Los-Angeles-MIDI/LOCAL_LAMDA/Local_Lamda_midi/midi_guide/abce415b0e367a47/song_package.yaml.bak
2025-10-26 14:05:15 [INFO] ✓ Created: data/Los-Angeles-MIDI/LOCAL_LAMDA/Local_Lamda_midi/midi_guide/abce415b0e367a47/song_package.yaml
2025-10-26 14:05:15 [INFO] Backed up existing package to data/Los-Angeles-MIDI/LOCAL_LAMDA/Local_Lamda_midi/midi_guide/abbbd003b9e4a3b5/song_package.yaml.bak
2025-10-26 14:05:15 [INFO] ✓ Created: data/Los-Angeles-MIDI/LOCAL_LAMDA/Local_Lamda_midi/midi_guide/abbbd003b9e4a3b5/song_package.yaml
2025-10-26 14:05:15 [INFO] Backed up existing package to data/Los-Angeles-MIDI/LOCAL_LAMDA/Local_Lamda_midi/midi_guide/abd9abf37434e25f/song_package.yaml.bak
2025-10-26 14:05:15 [INFO] ✓ Created: data/Los-Angeles-MIDI/LOCAL_LAMDA/Local_Lamda_midi/midi_guide/abd9abf37434e25f/song_package.yaml
2025-10-26 14:05:15 [INFO] Backed up existing package to data/Los-Angeles-MIDI/LOCAL_LAMDA/Local_Lamda_midi/midi_guide/abf76acd17440e87/song_package.yaml.bak
2025-10-26 14:05:15 [INFO] ✓ Created: data/Los-Angeles-MIDI/LOCAL_LAMDA/Local_Lamda_midi/midi_guide/abf76acd17440e87/song_package.yaml
2025-10-26 14:05:15 [INFO] Backed up existing package to data/Los-Angeles-MIDI/LOCAL_LAMDA/Local_Lamda_midi/midi_guide/ac2f037ccce7b092/song_package.yaml.bak
2025-10-26 14:05:15 [INFO] ✓ Created: data/Los-Angeles-MIDI/LOCAL_LAMDA/Local_Lamda_midi/midi_guide/ac2f037ccce7b092/song_package.yaml
2025-10-26 14:05:15 [INFO] Backed up existing package to data/Los-Angeles-MIDI/LOCAL_LAMDA/Local_Lamda_midi/midi_guide/ac5978572f1a97b2/song_package.yaml.bak
2025-10-26 14:05:15 [INFO] ✓ Created: data/Los-Angeles-MIDI/LOCAL_LAMDA/Local_Lamda_midi/midi_guide/ac5978572f1a97b2/song_package.yaml
2025-10-26 14:05:15 [INFO] Backed up existing package to data/Los-Angeles-MIDI/LOCAL_LAMDA/Local_Lamda_midi/midi_guide/ac33e9f51e553db4/song_package.yaml.bak
2025-10-26 14:05:15 [INFO] ✓ Created: data/Los-Angeles-MIDI/LOCAL_LAMDA/Local_Lamda_midi/midi_guide/ac33e9f51e553db4/song_package.yaml
2025-10-26 14:05:15 [INFO] Backed up existing package to data/Los-Angeles-MIDI/LOCAL_LAMDA/Local_Lamda_midi/midi_guide/ac5bdf9433fb541a/song_package.yaml.bak
2025-10-26 14:05:15 [INFO] ✓ Created: data/Los-Angeles-MIDI/LOCAL_LAMDA/Local_Lamda_midi/midi_guide/ac5bdf9433fb541a/song_package.yaml
2025-10-26 14:05:15 [INFO] Backed up existing package to data/Los-Angeles-MIDI/LOCAL_LAMDA/Local_Lamda_midi/midi_guide/ac5b6cda1fb5f845/song_package.yaml.bak
2025-10-26 14:05:15 [INFO] ✓ Created: data/Los-Angeles-MIDI/LOCAL_LAMDA/Local_Lamda_midi/midi_guide/ac5b6cda1fb5f845/song_package.yaml
2025-10-26 14:05:15 [INFO] Backed up existing package to data/Los-Angeles-MIDI/LOCAL_LAMDA/Local_Lamda_midi/midi_guide/acfd7f8aa3b1f932/song_package.yaml.bak
2025-10-26 14:05:15 [INFO] ✓ Created: data/Los-Angeles-MIDI/LOCAL_LAMDA/Local_Lamda_midi/midi_guide/acfd7f8aa3b1f932/song_package.yaml
2025-10-26 14:05:15 [INFO] Backed up existing package to data/Los-Angeles-MIDI/LOCAL_LAMDA/Local_Lamda_midi/midi_guide/ad0505ee923f7f49/song_package.yaml.bak
2025-10-26 14:05:15 [INFO] ✓ Created: data/Los-Angeles-MIDI/LOCAL_LAMDA/Local_Lamda_midi/midi_guide/ad0505ee923f7f49/song_package.yaml
2025-10-26 14:05:15 [INFO] Backed up existing package to data/Los-Angeles-MIDI/LOCAL_LAMDA/Local_Lamda_midi/midi_guide/acd58ed8d6da75eb/song_package.yaml.bak
2025-10-26 14:05:15 [INFO] ✓ Created: data/Los-Angeles-MIDI/LOCAL_LAMDA/Local_Lamda_midi/midi_guide/acd58ed8d6da75eb/song_package.yaml
2025-10-26 14:05:15 [INFO] Backed up existing package to data/Los-Angeles-MIDI/LOCAL_LAMDA/Local_Lamda_midi/midi_guide/ad0a16f64a0ddc92/song_package.yaml.bak
2025-10-26 14:05:15 [INFO] ✓ Created: data/Los-Angeles-MIDI/LOCAL_LAMDA/Local_Lamda_midi/midi_guide/ad0a16f64a0ddc92/song_package.yaml
2025-10-26 14:05:15 [INFO] Backed up existing package to data/Los-Angeles-MIDI/LOCAL_LAMDA/Local_Lamda_midi/midi_guide/ad1c40697a4b58b0/song_package.yaml.bak
2025-10-26 14:05:15 [INFO] ✓ Created: data/Los-Angeles-MIDI/LOCAL_LAMDA/Local_Lamda_midi/midi_guide/ad1c40697a4b58b0/song_package.yaml
2025-10-26 14:05:15 [INFO] Backed up existing package to data/Los-Angeles-MIDI/LOCAL_LAMDA/Local_Lamda_midi/midi_guide/acd9b6ae16015e2b/song_package.yaml.bak
2025-10-26 14:05:15 [INFO] ✓ Created: data/Los-Angeles-MIDI/LOCAL_LAMDA/Local_Lamda_midi/midi_guide/acd9b6ae16015e2b/song_package.yaml
2025-10-26 14:05:15 [INFO] Backed up existing package to data/Los-Angeles-MIDI/LOCAL_LAMDA/Local_Lamda_midi/midi_guide/ad235df330ff7b2d/song_package.yaml.bak
2025-10-26 14:05:15 [INFO] ✓ Created: data/Los-Angeles-MIDI/LOCAL_LAMDA/Local_Lamda_midi/midi_guide/ad235df330ff7b2d/song_package.yaml
2025-10-26 14:05:15 [INFO] Backed up existing package to data/Los-Angeles-MIDI/LOCAL_LAMDA/Local_Lamda_midi/midi_guide/ad68c13b553e016e/song_package.yaml.bak
2025-10-26 14:05:15 [INFO] ✓ Created: data/Los-Angeles-MIDI/LOCAL_LAMDA/Local_Lamda_midi/midi_guide/ad68c13b553e016e/song_package.yaml
2025-10-26 14:05:15 [INFO] Backed up existing package to data/Los-Angeles-MIDI/LOCAL_LAMDA/Local_Lamda_midi/midi_guide/ad678938e37063d4/song_package.yaml.bak
2025-10-26 14:05:15 [INFO] ✓ Created: data/Los-Angeles-MIDI/LOCAL_LAMDA/Local_Lamda_midi/midi_guide/ad678938e37063d4/song_package.yaml
2025-10-26 14:05:15 [INFO] Backed up existing package to data/Los-Angeles-MIDI/LOCAL_LAMDA/Local_Lamda_midi/midi_guide/ad434b1bf018f82a/song_package.yaml.bak
2025-10-26 14:05:15 [INFO] ✓ Created: data/Los-Angeles-MIDI/LOCAL_LAMDA/Local_Lamda_midi/midi_guide/ad434b1bf018f82a/song_package.yaml
2025-10-26 14:05:15 [INFO] Backed up existing package to data/Los-Angeles-MIDI/LOCAL_LAMDA/Local_Lamda_midi/midi_guide/ad6af4cdea7facf7/song_package.yaml.bak
2025-10-26 14:05:15 [INFO] ✓ Created: data/Los-Angeles-MIDI/LOCAL_LAMDA/Local_Lamda_midi/midi_guide/ad6af4cdea7facf7/song_package.yaml
2025-10-26 14:05:15 [INFO] Backed up existing package to data/Los-Angeles-MIDI/LOCAL_LAMDA/Local_Lamda_midi/midi_guide/ad7bf0b03ccad4c6/song_package.yaml.bak
2025-10-26 14:05:15 [INFO] ✓ Created: data/Los-Angeles-MIDI/LOCAL_LAMDA/Local_Lamda_midi/midi_guide/ad7bf0b03ccad4c6/song_package.yaml
2025-10-26 14:05:15 [INFO] Backed up existing package to data/Los-Angeles-MIDI/LOCAL_LAMDA/Local_Lamda_midi/midi_guide/ad66cf5c95a3dba0/song_package.yaml.bak
2025-10-26 14:05:15 [INFO] ✓ Created: data/Los-Angeles-MIDI/LOCAL_LAMDA/Local_Lamda_midi/midi_guide/ad66cf5c95a3dba0/song_package.yaml
2025-10-26 14:05:15 [INFO] Backed up existing package to data/Los-Angeles-MIDI/LOCAL_LAMDA/Local_Lamda_midi/midi_guide/adbfee07cf2cd604/song_package.yaml.bak
2025-10-26 14:05:15 [INFO] ✓ Created: data/Los-Angeles-MIDI/LOCAL_LAMDA/Local_Lamda_midi/midi_guide/adbfee07cf2cd604/song_package.yaml
2025-10-26 14:05:15 [INFO] Backed up existing package to data/Los-Angeles-MIDI/LOCAL_LAMDA/Local_Lamda_midi/midi_guide/ade7c71b8ef743be/song_package.yaml.bak
2025-10-26 14:05:15 [INFO] ✓ Created: data/Los-Angeles-MIDI/LOCAL_LAMDA/Local_Lamda_midi/midi_guide/ade7c71b8ef743be/song_package.yaml
2025-10-26 14:05:15 [INFO] Backed up existing package to data/Los-Angeles-MIDI/LOCAL_LAMDA/Local_Lamda_midi/midi_guide/ae2201c586dc1651/song_package.yaml.bak
2025-10-26 14:05:15 [INFO] ✓ Created: data/Los-Angeles-MIDI/LOCAL_LAMDA/Local_Lamda_midi/midi_guide/ae2201c586dc1651/song_package.yaml
2025-10-26 14:05:15 [INFO] Backed up existing package to data/Los-Angeles-MIDI/LOCAL_LAMDA/Local_Lamda_midi/midi_guide/ae014818a50db7f8/song_package.yaml.bak
2025-10-26 14:05:15 [INFO] ✓ Created: data/Los-Angeles-MIDI/LOCAL_LAMDA/Local_Lamda_midi/midi_guide/ae014818a50db7f8/song_package.yaml
2025-10-26 14:05:15 [INFO] Backed up existing package to data/Los-Angeles-MIDI/LOCAL_LAMDA/Local_Lamda_midi/midi_guide/ae1341c7ba1b4e60/song_package.yaml.bak
2025-10-26 14:05:15 [INFO] ✓ Created: data/Los-Angeles-MIDI/LOCAL_LAMDA/Local_Lamda_midi/midi_guide/ae1341c7ba1b4e60/song_package.yaml
2025-10-26 14:05:15 [INFO] Backed up existing package to data/Los-Angeles-MIDI/LOCAL_LAMDA/Local_Lamda_midi/midi_guide/ae7f5e96294a59db/song_package.yaml.bak
2025-10-26 14:05:15 [INFO] ✓ Created: data/Los-Angeles-MIDI/LOCAL_LAMDA/Local_Lamda_midi/midi_guide/ae7f5e96294a59db/song_package.yaml
2025-10-26 14:05:15 [INFO] Backed up existing package to data/Los-Angeles-MIDI/LOCAL_LAMDA/Local_Lamda_midi/midi_guide/ae856e099b7e51fd/song_package.yaml.bak
2025-10-26 14:05:15 [INFO] ✓ Created: data/Los-Angeles-MIDI/LOCAL_LAMDA/Local_Lamda_midi/midi_guide/ae856e099b7e51fd/song_package.yaml
2025-10-26 14:05:15 [INFO] Backed up existing package to data/Los-Angeles-MIDI/LOCAL_LAMDA/Local_Lamda_midi/midi_guide/ae33937ed30c462d/song_package.yaml.bak
2025-10-26 14:05:15 [INFO] ✓ Created: data/Los-Angeles-MIDI/LOCAL_LAMDA/Local_Lamda_midi/midi_guide/ae33937ed30c462d/song_package.yaml
2025-10-26 14:05:15 [INFO] Backed up existing package to data/Los-Angeles-MIDI/LOCAL_LAMDA/Local_Lamda_midi/midi_guide/ae97b60a87fcd0b8/song_package.yaml.bak
2025-10-26 14:05:15 [INFO] ✓ Created: data/Los-Angeles-MIDI/LOCAL_LAMDA/Local_Lamda_midi/midi_guide/ae97b60a87fcd0b8/song_package.yaml
2025-10-26 14:05:15 [INFO] Backed up existing package to data/Los-Angeles-MIDI/LOCAL_LAMDA/Local_Lamda_midi/midi_guide/aebf3f924fd7c5cd/song_package.yaml.bak
2025-10-26 14:05:15 [INFO] ✓ Created: data/Los-Angeles-MIDI/LOCAL_LAMDA/Local_Lamda_midi/midi_guide/aebf3f924fd7c5cd/song_package.yaml
2025-10-26 14:05:15 [INFO] Backed up existing package to data/Los-Angeles-MIDI/LOCAL_LAMDA/Local_Lamda_midi/midi_guide/aef59ae821c1638a/song_package.yaml.bak
2025-10-26 14:05:15 [INFO] ✓ Created: data/Los-Angeles-MIDI/LOCAL_LAMDA/Local_Lamda_midi/midi_guide/aef59ae821c1638a/song_package.yaml
2025-10-26 14:05:15 [INFO] Backed up existing package to data/Los-Angeles-MIDI/LOCAL_LAMDA/Local_Lamda_midi/midi_guide/af507662cbe7dc5a/song_package.yaml.bak
2025-10-26 14:05:15 [INFO] ✓ Created: data/Los-Angeles-MIDI/LOCAL_LAMDA/Local_Lamda_midi/midi_guide/af507662cbe7dc5a/song_package.yaml
2025-10-26 14:05:15 [INFO] Backed up existing package to data/Los-Angeles-MIDI/LOCAL_LAMDA/Local_Lamda_midi/midi_guide/af29f4812e3e9b5e/song_package.yaml.bak
2025-10-26 14:05:15 [INFO] ✓ Created: data/Los-Angeles-MIDI/LOCAL_LAMDA/Local_Lamda_midi/midi_guide/af29f4812e3e9b5e/song_package.yaml
2025-10-26 14:05:15 [INFO] Backed up existing package to data/Los-Angeles-MIDI/LOCAL_LAMDA/Local_Lamda_midi/midi_guide/af6b6ed32eef7797/song_package.yaml.bak
2025-10-26 14:05:15 [INFO] ✓ Created: data/Los-Angeles-MIDI/LOCAL_LAMDA/Local_Lamda_midi/midi_guide/af6b6ed32eef7797/song_package.yaml
2025-10-26 14:05:15 [INFO] Backed up existing package to data/Los-Angeles-MIDI/LOCAL_LAMDA/Local_Lamda_midi/midi_guide/af818ae9c9d6a508/song_package.yaml.bak
2025-10-26 14:05:15 [INFO] ✓ Created: data/Los-Angeles-MIDI/LOCAL_LAMDA/Local_Lamda_midi/midi_guide/af818ae9c9d6a508/song_package.yaml
2025-10-26 14:05:15 [INFO] Backed up existing package to data/Los-Angeles-MIDI/LOCAL_LAMDA/Local_Lamda_midi/midi_guide/af912fa5178ef1db/song_package.yaml.bak
2025-10-26 14:05:15 [INFO] ✓ Created: data/Los-Angeles-MIDI/LOCAL_LAMDA/Local_Lamda_midi/midi_guide/af912fa5178ef1db/song_package.yaml
2025-10-26 14:05:15 [INFO] Backed up existing package to data/Los-Angeles-MIDI/LOCAL_LAMDA/Local_Lamda_midi/midi_guide/afaddd9526e9d452/song_package.yaml.bak
2025-10-26 14:05:15 [INFO] ✓ Created: data/Los-Angeles-MIDI/LOCAL_LAMDA/Local_Lamda_midi/midi_guide/afaddd9526e9d452/song_package.yaml
2025-10-26 14:05:15 [INFO] Backed up existing package to data/Los-Angeles-MIDI/LOCAL_LAMDA/Local_Lamda_midi/midi_guide/afaf383d857c0f5d/song_package.yaml.bak
2025-10-26 14:05:15 [INFO] ✓ Created: data/Los-Angeles-MIDI/LOCAL_LAMDA/Local_Lamda_midi/midi_guide/afaf383d857c0f5d/song_package.yaml
2025-10-26 14:05:15 [INFO] Backed up existing package to data/Los-Angeles-MIDI/LOCAL_LAMDA/Local_Lamda_midi/midi_guide/aff3ff295091c1ec/song_package.yaml.bak
2025-10-26 14:05:15 [INFO] ✓ Created: data/Los-Angeles-MIDI/LOCAL_LAMDA/Local_Lamda_midi/midi_guide/aff3ff295091c1ec/song_package.yaml
2025-10-26 14:05:15 [INFO] Backed up existing package to data/Los-Angeles-MIDI/LOCAL_LAMDA/Local_Lamda_midi/midi_guide/b031fe8f608e7264/song_package.yaml.bak
2025-10-26 14:05:15 [INFO] ✓ Created: data/Los-Angeles-MIDI/LOCAL_LAMDA/Local_Lamda_midi/midi_guide/b031fe8f608e7264/song_package.yaml
2025-10-26 14:05:15 [INFO] Backed up existing package to data/Los-Angeles-MIDI/LOCAL_LAMDA/Local_Lamda_midi/midi_guide/b054c06a6402977d/song_package.yaml.bak
2025-10-26 14:05:15 [INFO] ✓ Created: data/Los-Angeles-MIDI/LOCAL_LAMDA/Local_Lamda_midi/midi_guide/b054c06a6402977d/song_package.yaml
2025-10-26 14:05:15 [INFO] Backed up existing package to data/Los-Angeles-MIDI/LOCAL_LAMDA/Local_Lamda_midi/midi_guide/b046264c0e78b129/song_package.yaml.bak
2025-10-26 14:05:15 [INFO] ✓ Created: data/Los-Angeles-MIDI/LOCAL_LAMDA/Local_Lamda_midi/midi_guide/b046264c0e78b129/song_package.yaml
2025-10-26 14:05:15 [INFO] Backed up existing package to data/Los-Angeles-MIDI/LOCAL_LAMDA/Local_Lamda_midi/midi_guide/b072e86f67a73652/song_package.yaml.bak
2025-10-26 14:05:15 [INFO] ✓ Created: data/Los-Angeles-MIDI/LOCAL_LAMDA/Local_Lamda_midi/midi_guide/b072e86f67a73652/song_package.yaml
2025-10-26 14:05:15 [INFO] Backed up existing package to data/Los-Angeles-MIDI/LOCAL_LAMDA/Local_Lamda_midi/midi_guide/b0b18aa561c961cd/song_package.yaml.bak
2025-10-26 14:05:15 [INFO] ✓ Created: data/Los-Angeles-MIDI/LOCAL_LAMDA/Local_Lamda_midi/midi_guide/b0b18aa561c961cd/song_package.yaml
2025-10-26 14:05:15 [INFO] Backed up existing package to data/Los-Angeles-MIDI/LOCAL_LAMDA/Local_Lamda_midi/midi_guide/b0cbbdfffab99cb3/song_package.yaml.bak
2025-10-26 14:05:15 [INFO] ✓ Created: data/Los-Angeles-MIDI/LOCAL_LAMDA/Local_Lamda_midi/midi_guide/b0cbbdfffab99cb3/song_package.yaml
2025-10-26 14:05:15 [INFO] Backed up existing package to data/Los-Angeles-MIDI/LOCAL_LAMDA/Local_Lamda_midi/midi_guide/b0e86e938c632e00/song_package.yaml.bak
2025-10-26 14:05:15 [INFO] ✓ Created: data/Los-Angeles-MIDI/LOCAL_LAMDA/Local_Lamda_midi/midi_guide/b0e86e938c632e00/song_package.yaml
2025-10-26 14:05:15 [INFO] Backed up existing package to data/Los-Angeles-MIDI/LOCAL_LAMDA/Local_Lamda_midi/midi_guide/b0e4489d78106859/song_package.yaml.bak
2025-10-26 14:05:15 [INFO] ✓ Created: data/Los-Angeles-MIDI/LOCAL_LAMDA/Local_Lamda_midi/midi_guide/b0e4489d78106859/song_package.yaml
2025-10-26 14:05:15 [INFO] Backed up existing package to data/Los-Angeles-MIDI/LOCAL_LAMDA/Local_Lamda_midi/midi_guide/b11806064db6c1b2/song_package.yaml.bak
2025-10-26 14:05:15 [INFO] ✓ Created: data/Los-Angeles-MIDI/LOCAL_LAMDA/Local_Lamda_midi/midi_guide/b11806064db6c1b2/song_package.yaml
2025-10-26 14:05:15 [INFO] Backed up existing package to data/Los-Angeles-MIDI/LOCAL_LAMDA/Local_Lamda_midi/midi_guide/b148a02d9f0c13a8/song_package.yaml.bak
2025-10-26 14:05:15 [INFO] ✓ Created: data/Los-Angeles-MIDI/LOCAL_LAMDA/Local_Lamda_midi/midi_guide/b148a02d9f0c13a8/song_package.yaml
2025-10-26 14:05:15 [INFO] Backed up existing package to data/Los-Angeles-MIDI/LOCAL_LAMDA/Local_Lamda_midi/midi_guide/b14f2f03176a612d/song_package.yaml.bak
2025-10-26 14:05:15 [INFO] ✓ Created: data/Los-Angeles-MIDI/LOCAL_LAMDA/Local_Lamda_midi/midi_guide/b14f2f03176a612d/song_package.yaml
2025-10-26 14:05:15 [INFO] Backed up existing package to data/Los-Angeles-MIDI/LOCAL_LAMDA/Local_Lamda_midi/midi_guide/b16277fc34aec778/song_package.yaml.bak
2025-10-26 14:05:15 [INFO] ✓ Created: data/Los-Angeles-MIDI/LOCAL_LAMDA/Local_Lamda_midi/midi_guide/b16277fc34aec778/song_package.yaml
2025-10-26 14:05:15 [INFO] Backed up existing package to data/Los-Angeles-MIDI/LOCAL_LAMDA/Local_Lamda_midi/midi_guide/b19f6dbc434fcb5a/song_package.yaml.bak
2025-10-26 14:05:15 [INFO] ✓ Created: data/Los-Angeles-MIDI/LOCAL_LAMDA/Local_Lamda_midi/midi_guide/b19f6dbc434fcb5a/song_package.yaml
2025-10-26 14:05:15 [INFO] Backed up existing package to data/Los-Angeles-MIDI/LOCAL_LAMDA/Local_Lamda_midi/midi_guide/b1b688cc3a05335a/song_package.yaml.bak
2025-10-26 14:05:15 [INFO] ✓ Created: data/Los-Angeles-MIDI/LOCAL_LAMDA/Local_Lamda_midi/midi_guide/b1b688cc3a05335a/song_package.yaml
2025-10-26 14:05:15 [INFO] Backed up existing package to data/Los-Angeles-MIDI/LOCAL_LAMDA/Local_Lamda_midi/midi_guide/b21c1afc7c5ebbf7/song_package.yaml.bak
2025-10-26 14:05:15 [INFO] ✓ Created: data/Los-Angeles-MIDI/LOCAL_LAMDA/Local_Lamda_midi/midi_guide/b21c1afc7c5ebbf7/song_package.yaml
2025-10-26 14:05:15 [INFO] Backed up existing package to data/Los-Angeles-MIDI/LOCAL_LAMDA/Local_Lamda_midi/midi_guide/b1c0dd55127055aa/song_package.yaml.bak
2025-10-26 14:05:15 [INFO] ✓ Created: data/Los-Angeles-MIDI/LOCAL_LAMDA/Local_Lamda_midi/midi_guide/b1c0dd55127055aa/song_package.yaml
2025-10-26 14:05:15 [INFO] Backed up existing package to data/Los-Angeles-MIDI/LOCAL_LAMDA/Local_Lamda_midi/midi_guide/b1c1fda858651895/song_package.yaml.bak
2025-10-26 14:05:15 [INFO] ✓ Created: data/Los-Angeles-MIDI/LOCAL_LAMDA/Local_Lamda_midi/midi_guide/b1c1fda858651895/song_package.yaml
2025-10-26 14:05:15 [INFO] Backed up existing package to data/Los-Angeles-MIDI/LOCAL_LAMDA/Local_Lamda_midi/midi_guide/b2121a8317e2709c/song_package.yaml.bak
2025-10-26 14:05:15 [INFO] ✓ Created: data/Los-Angeles-MIDI/LOCAL_LAMDA/Local_Lamda_midi/midi_guide/b2121a8317e2709c/song_package.yaml
2025-10-26 14:05:15 [INFO] Backed up existing package to data/Los-Angeles-MIDI/LOCAL_LAMDA/Local_Lamda_midi/midi_guide/b24ec5f66636c4c4/song_package.yaml.bak
2025-10-26 14:05:15 [INFO] ✓ Created: data/Los-Angeles-MIDI/LOCAL_LAMDA/Local_Lamda_midi/midi_guide/b24ec5f66636c4c4/song_package.yaml
2025-10-26 14:05:15 [INFO] Backed up existing package to data/Los-Angeles-MIDI/LOCAL_LAMDA/Local_Lamda_midi/midi_guide/b26ac58d983a1172/song_package.yaml.bak
2025-10-26 14:05:15 [INFO] ✓ Created: data/Los-Angeles-MIDI/LOCAL_LAMDA/Local_Lamda_midi/midi_guide/b26ac58d983a1172/song_package.yaml
2025-10-26 14:05:15 [INFO] Backed up existing package to data/Los-Angeles-MIDI/LOCAL_LAMDA/Local_Lamda_midi/midi_guide/b23c761625c58811/song_package.yaml.bak
2025-10-26 14:05:15 [INFO] ✓ Created: data/Los-Angeles-MIDI/LOCAL_LAMDA/Local_Lamda_midi/midi_guide/b23c761625c58811/song_package.yaml
2025-10-26 14:05:15 [INFO] Backed up existing package to data/Los-Angeles-MIDI/LOCAL_LAMDA/Local_Lamda_midi/midi_guide/b2d397292484c07e/song_package.yaml.bak
2025-10-26 14:05:15 [INFO] ✓ Created: data/Los-Angeles-MIDI/LOCAL_LAMDA/Local_Lamda_midi/midi_guide/b2d397292484c07e/song_package.yaml
2025-10-26 14:05:15 [INFO] Backed up existing package to data/Los-Angeles-MIDI/LOCAL_LAMDA/Local_Lamda_midi/midi_guide/b2c95aa1e39203cf/song_package.yaml.bak
2025-10-26 14:05:15 [INFO] ✓ Created: data/Los-Angeles-MIDI/LOCAL_LAMDA/Local_Lamda_midi/midi_guide/b2c95aa1e39203cf/song_package.yaml
2025-10-26 14:05:15 [INFO] Backed up existing package to data/Los-Angeles-MIDI/LOCAL_LAMDA/Local_Lamda_midi/midi_guide/b34d8399771d9de7/song_package.yaml.bak
2025-10-26 14:05:15 [INFO] ✓ Created: data/Los-Angeles-MIDI/LOCAL_LAMDA/Local_Lamda_midi/midi_guide/b34d8399771d9de7/song_package.yaml
2025-10-26 14:05:15 [INFO] Backed up existing package to data/Los-Angeles-MIDI/LOCAL_LAMDA/Local_Lamda_midi/midi_guide/b386ff42e820def3/song_package.yaml.bak
2025-10-26 14:05:15 [INFO] ✓ Created: data/Los-Angeles-MIDI/LOCAL_LAMDA/Local_Lamda_midi/midi_guide/b386ff42e820def3/song_package.yaml
2025-10-26 14:05:15 [INFO] Backed up existing package to data/Los-Angeles-MIDI/LOCAL_LAMDA/Local_Lamda_midi/midi_guide/b2d0d49cfcb16890/song_package.yaml.bak
2025-10-26 14:05:15 [INFO] ✓ Created: data/Los-Angeles-MIDI/LOCAL_LAMDA/Local_Lamda_midi/midi_guide/b2d0d49cfcb16890/song_package.yaml
2025-10-26 14:05:15 [INFO] Backed up existing package to data/Los-Angeles-MIDI/LOCAL_LAMDA/Local_Lamda_midi/midi_guide/b3c7fbc0d489d153/song_package.yaml.bak
2025-10-26 14:05:15 [INFO] ✓ Created: data/Los-Angeles-MIDI/LOCAL_LAMDA/Local_Lamda_midi/midi_guide/b3c7fbc0d489d153/song_package.yaml
2025-10-26 14:05:15 [INFO] Backed up existing package to data/Los-Angeles-MIDI/LOCAL_LAMDA/Local_Lamda_midi/midi_guide/b3d6d387843a1536/song_package.yaml.bak
2025-10-26 14:05:15 [INFO] ✓ Created: data/Los-Angeles-MIDI/LOCAL_LAMDA/Local_Lamda_midi/midi_guide/b3d6d387843a1536/song_package.yaml
2025-10-26 14:05:15 [INFO] Backed up existing package to data/Los-Angeles-MIDI/LOCAL_LAMDA/Local_Lamda_midi/midi_guide/b40d17e332b7d73d/song_package.yaml.bak
2025-10-26 14:05:15 [INFO] ✓ Created: data/Los-Angeles-MIDI/LOCAL_LAMDA/Local_Lamda_midi/midi_guide/b40d17e332b7d73d/song_package.yaml
2025-10-26 14:05:15 [INFO] Backed up existing package to data/Los-Angeles-MIDI/LOCAL_LAMDA/Local_Lamda_midi/midi_guide/b3dcd6165c6c62bb/song_package.yaml.bak
2025-10-26 14:05:15 [INFO] ✓ Created: data/Los-Angeles-MIDI/LOCAL_LAMDA/Local_Lamda_midi/midi_guide/b3dcd6165c6c62bb/song_package.yaml
2025-10-26 14:05:15 [INFO] Backed up existing package to data/Los-Angeles-MIDI/LOCAL_LAMDA/Local_Lamda_midi/midi_guide/b42df4e0af9346ca/song_package.yaml.bak
2025-10-26 14:05:15 [INFO] ✓ Created: data/Los-Angeles-MIDI/LOCAL_LAMDA/Local_Lamda_midi/midi_guide/b42df4e0af9346ca/song_package.yaml
2025-10-26 14:05:15 [INFO] Backed up existing package to data/Los-Angeles-MIDI/LOCAL_LAMDA/Local_Lamda_midi/midi_guide/b4575eaa002eb789/song_package.yaml.bak
2025-10-26 14:05:15 [INFO] ✓ Created: data/Los-Angeles-MIDI/LOCAL_LAMDA/Local_Lamda_midi/midi_guide/b4575eaa002eb789/song_package.yaml
2025-10-26 14:05:15 [INFO] Backed up existing package to data/Los-Angeles-MIDI/LOCAL_LAMDA/Local_Lamda_midi/midi_guide/b40846751a2550ed/song_package.yaml.bak
2025-10-26 14:05:15 [INFO] ✓ Created: data/Los-Angeles-MIDI/LOCAL_LAMDA/Local_Lamda_midi/midi_guide/b40846751a2550ed/song_package.yaml
2025-10-26 14:05:15 [INFO] Backed up existing package to data/Los-Angeles-MIDI/LOCAL_LAMDA/Local_Lamda_midi/midi_guide/b4ad053cdac1aa11/song_package.yaml.bak
2025-10-26 14:05:15 [INFO] ✓ Created: data/Los-Angeles-MIDI/LOCAL_LAMDA/Local_Lamda_midi/midi_guide/b4ad053cdac1aa11/song_package.yaml
2025-10-26 14:05:15 [INFO] Backed up existing package to data/Los-Angeles-MIDI/LOCAL_LAMDA/Local_Lamda_midi/midi_guide/b47da76fdd4db9f6/song_package.yaml.bak
2025-10-26 14:05:15 [INFO] ✓ Created: data/Los-Angeles-MIDI/LOCAL_LAMDA/Local_Lamda_midi/midi_guide/b47da76fdd4db9f6/song_package.yaml
2025-10-26 14:05:15 [INFO] Backed up existing package to data/Los-Angeles-MIDI/LOCAL_LAMDA/Local_Lamda_midi/midi_guide/b480e4d215445158/song_package.yaml.bak
2025-10-26 14:05:15 [INFO] ✓ Created: data/Los-Angeles-MIDI/LOCAL_LAMDA/Local_Lamda_midi/midi_guide/b480e4d215445158/song_package.yaml
2025-10-26 14:05:15 [INFO] Backed up existing package to data/Los-Angeles-MIDI/LOCAL_LAMDA/Local_Lamda_midi/midi_guide/b45da7c94b56d2d5/song_package.yaml.bak
2025-10-26 14:05:15 [INFO] ✓ Created: data/Los-Angeles-MIDI/LOCAL_LAMDA/Local_Lamda_midi/midi_guide/b45da7c94b56d2d5/song_package.yaml
2025-10-26 14:05:15 [INFO] Backed up existing package to data/Los-Angeles-MIDI/LOCAL_LAMDA/Local_Lamda_midi/midi_guide/b4af63c91c1193b3/song_package.yaml.bak
2025-10-26 14:05:15 [INFO] ✓ Created: data/Los-Angeles-MIDI/LOCAL_LAMDA/Local_Lamda_midi/midi_guide/b4af63c91c1193b3/song_package.yaml
2025-10-26 14:05:15 [INFO] Backed up existing package to data/Los-Angeles-MIDI/LOCAL_LAMDA/Local_Lamda_midi/midi_guide/b4dc28276945009e/song_package.yaml.bak
2025-10-26 14:05:15 [INFO] ✓ Created: data/Los-Angeles-MIDI/LOCAL_LAMDA/Local_Lamda_midi/midi_guide/b4dc28276945009e/song_package.yaml
2025-10-26 14:05:15 [INFO] Backed up existing package to data/Los-Angeles-MIDI/LOCAL_LAMDA/Local_Lamda_midi/midi_guide/b4c962a000605d32/song_package.yaml.bak
2025-10-26 14:05:15 [INFO] ✓ Created: data/Los-Angeles-MIDI/LOCAL_LAMDA/Local_Lamda_midi/midi_guide/b4c962a000605d32/song_package.yaml
2025-10-26 14:05:15 [INFO] Backed up existing package to data/Los-Angeles-MIDI/LOCAL_LAMDA/Local_Lamda_midi/midi_guide/b4e96a97f8d59227/song_package.yaml.bak
2025-10-26 14:05:15 [INFO] ✓ Created: data/Los-Angeles-MIDI/LOCAL_LAMDA/Local_Lamda_midi/midi_guide/b4e96a97f8d59227/song_package.yaml
2025-10-26 14:05:15 [INFO] Backed up existing package to data/Los-Angeles-MIDI/LOCAL_LAMDA/Local_Lamda_midi/midi_guide/b5067769036d7908/song_package.yaml.bak
2025-10-26 14:05:15 [INFO] ✓ Created: data/Los-Angeles-MIDI/LOCAL_LAMDA/Local_Lamda_midi/midi_guide/b5067769036d7908/song_package.yaml
2025-10-26 14:05:15 [INFO] Backed up existing package to data/Los-Angeles-MIDI/LOCAL_LAMDA/Local_Lamda_midi/midi_guide/b54c5d3df23ce1b5/song_package.yaml.bak
2025-10-26 14:05:15 [INFO] ✓ Created: data/Los-Angeles-MIDI/LOCAL_LAMDA/Local_Lamda_midi/midi_guide/b54c5d3df23ce1b5/song_package.yaml
2025-10-26 14:05:15 [INFO] Backed up existing package to data/Los-Angeles-MIDI/LOCAL_LAMDA/Local_Lamda_midi/midi_guide/b539865a5581894e/song_package.yaml.bak
2025-10-26 14:05:15 [INFO] ✓ Created: data/Los-Angeles-MIDI/LOCAL_LAMDA/Local_Lamda_midi/midi_guide/b539865a5581894e/song_package.yaml
2025-10-26 14:05:15 [INFO] Backed up existing package to data/Los-Angeles-MIDI/LOCAL_LAMDA/Local_Lamda_midi/midi_guide/b518b6650006c349/song_package.yaml.bak
2025-10-26 14:05:15 [INFO] ✓ Created: data/Los-Angeles-MIDI/LOCAL_LAMDA/Local_Lamda_midi/midi_guide/b518b6650006c349/song_package.yaml
2025-10-26 14:05:15 [INFO] Backed up existing package to data/Los-Angeles-MIDI/LOCAL_LAMDA/Local_Lamda_midi/midi_guide/b5600ddfd60bed23/song_package.yaml.bak
2025-10-26 14:05:15 [INFO] ✓ Created: data/Los-Angeles-MIDI/LOCAL_LAMDA/Local_Lamda_midi/midi_guide/b5600ddfd60bed23/song_package.yaml
2025-10-26 14:05:15 [INFO] Backed up existing package to data/Los-Angeles-MIDI/LOCAL_LAMDA/Local_Lamda_midi/midi_guide/b550d489d5fc0bb1/song_package.yaml.bak
2025-10-26 14:05:15 [INFO] ✓ Created: data/Los-Angeles-MIDI/LOCAL_LAMDA/Local_Lamda_midi/midi_guide/b550d489d5fc0bb1/song_package.yaml
2025-10-26 14:05:15 [INFO] Backed up existing package to data/Los-Angeles-MIDI/LOCAL_LAMDA/Local_Lamda_midi/midi_guide/b550795ba5b981db/song_package.yaml.bak
2025-10-26 14:05:15 [INFO] ✓ Created: data/Los-Angeles-MIDI/LOCAL_LAMDA/Local_Lamda_midi/midi_guide/b550795ba5b981db/song_package.yaml
2025-10-26 14:05:15 [INFO] Backed up existing package to data/Los-Angeles-MIDI/LOCAL_LAMDA/Local_Lamda_midi/midi_guide/b5bec536d434483c/song_package.yaml.bak
2025-10-26 14:05:15 [INFO] ✓ Created: data/Los-Angeles-MIDI/LOCAL_LAMDA/Local_Lamda_midi/midi_guide/b5bec536d434483c/song_package.yaml
2025-10-26 14:05:15 [INFO] Backed up existing package to data/Los-Angeles-MIDI/LOCAL_LAMDA/Local_Lamda_midi/midi_guide/b5c7c186639b6f71/song_package.yaml.bak
2025-10-26 14:05:15 [INFO] ✓ Created: data/Los-Angeles-MIDI/LOCAL_LAMDA/Local_Lamda_midi/midi_guide/b5c7c186639b6f71/song_package.yaml
2025-10-26 14:05:15 [INFO] Backed up existing package to data/Los-Angeles-MIDI/LOCAL_LAMDA/Local_Lamda_midi/midi_guide/b5e39dd0c107c1f3/song_package.yaml.bak
2025-10-26 14:05:15 [INFO] ✓ Created: data/Los-Angeles-MIDI/LOCAL_LAMDA/Local_Lamda_midi/midi_guide/b5e39dd0c107c1f3/song_package.yaml
2025-10-26 14:05:15 [INFO] Backed up existing package to data/Los-Angeles-MIDI/LOCAL_LAMDA/Local_Lamda_midi/midi_guide/b5ec9b4abe48180f/song_package.yaml.bak
2025-10-26 14:05:15 [INFO] ✓ Created: data/Los-Angeles-MIDI/LOCAL_LAMDA/Local_Lamda_midi/midi_guide/b5ec9b4abe48180f/song_package.yaml
2025-10-26 14:05:15 [INFO] Backed up existing package to data/Los-Angeles-MIDI/LOCAL_LAMDA/Local_Lamda_midi/midi_guide/b6813c0949919326/song_package.yaml.bak
2025-10-26 14:05:15 [INFO] ✓ Created: data/Los-Angeles-MIDI/LOCAL_LAMDA/Local_Lamda_midi/midi_guide/b6813c0949919326/song_package.yaml
2025-10-26 14:05:15 [INFO] Backed up existing package to data/Los-Angeles-MIDI/LOCAL_LAMDA/Local_Lamda_midi/midi_guide/b65e118fdd996265/song_package.yaml.bak
2025-10-26 14:05:15 [INFO] ✓ Created: data/Los-Angeles-MIDI/LOCAL_LAMDA/Local_Lamda_midi/midi_guide/b65e118fdd996265/song_package.yaml
2025-10-26 14:05:15 [INFO] Backed up existing package to data/Los-Angeles-MIDI/LOCAL_LAMDA/Local_Lamda_midi/midi_guide/b6a94f7693e48849/song_package.yaml.bak
2025-10-26 14:05:15 [INFO] ✓ Created: data/Los-Angeles-MIDI/LOCAL_LAMDA/Local_Lamda_midi/midi_guide/b6a94f7693e48849/song_package.yaml
2025-10-26 14:05:15 [INFO] Backed up existing package to data/Los-Angeles-MIDI/LOCAL_LAMDA/Local_Lamda_midi/midi_guide/b6e222d9f6219b13/song_package.yaml.bak
2025-10-26 14:05:15 [INFO] ✓ Created: data/Los-Angeles-MIDI/LOCAL_LAMDA/Local_Lamda_midi/midi_guide/b6e222d9f6219b13/song_package.yaml
2025-10-26 14:05:16 [INFO] Backed up existing package to data/Los-Angeles-MIDI/LOCAL_LAMDA/Local_Lamda_midi/midi_guide/b6ebabac9bd78d1c/song_package.yaml.bak
2025-10-26 14:05:16 [INFO] ✓ Created: data/Los-Angeles-MIDI/LOCAL_LAMDA/Local_Lamda_midi/midi_guide/b6ebabac9bd78d1c/song_package.yaml
2025-10-26 14:05:16 [INFO] Backed up existing package to data/Los-Angeles-MIDI/LOCAL_LAMDA/Local_Lamda_midi/midi_guide/b71159637f27175b/song_package.yaml.bak
2025-10-26 14:05:16 [INFO] ✓ Created: data/Los-Angeles-MIDI/LOCAL_LAMDA/Local_Lamda_midi/midi_guide/b71159637f27175b/song_package.yaml
2025-10-26 14:05:16 [INFO] Backed up existing package to data/Los-Angeles-MIDI/LOCAL_LAMDA/Local_Lamda_midi/midi_guide/b71418354a4fd2ff/song_package.yaml.bak
2025-10-26 14:05:16 [INFO] ✓ Created: data/Los-Angeles-MIDI/LOCAL_LAMDA/Local_Lamda_midi/midi_guide/b71418354a4fd2ff/song_package.yaml
2025-10-26 14:05:16 [INFO] Backed up existing package to data/Los-Angeles-MIDI/LOCAL_LAMDA/Local_Lamda_midi/midi_guide/b7288ac0db536103/song_package.yaml.bak
2025-10-26 14:05:16 [INFO] ✓ Created: data/Los-Angeles-MIDI/LOCAL_LAMDA/Local_Lamda_midi/midi_guide/b7288ac0db536103/song_package.yaml
2025-10-26 14:05:16 [INFO] Backed up existing package to data/Los-Angeles-MIDI/LOCAL_LAMDA/Local_Lamda_midi/midi_guide/b71aac880a868915/song_package.yaml.bak
2025-10-26 14:05:16 [INFO] ✓ Created: data/Los-Angeles-MIDI/LOCAL_LAMDA/Local_Lamda_midi/midi_guide/b71aac880a868915/song_package.yaml
2025-10-26 14:05:16 [INFO] Backed up existing package to data/Los-Angeles-MIDI/LOCAL_LAMDA/Local_Lamda_midi/midi_guide/b74cafd205c20543/song_package.yaml.bak
2025-10-26 14:05:16 [INFO] ✓ Created: data/Los-Angeles-MIDI/LOCAL_LAMDA/Local_Lamda_midi/midi_guide/b74cafd205c20543/song_package.yaml
2025-10-26 14:05:16 [INFO] Backed up existing package to data/Los-Angeles-MIDI/LOCAL_LAMDA/Local_Lamda_midi/midi_guide/b77b9a02c5004bb8/song_package.yaml.bak
2025-10-26 14:05:16 [INFO] ✓ Created: data/Los-Angeles-MIDI/LOCAL_LAMDA/Local_Lamda_midi/midi_guide/b77b9a02c5004bb8/song_package.yaml
2025-10-26 14:05:16 [INFO] Backed up existing package to data/Los-Angeles-MIDI/LOCAL_LAMDA/Local_Lamda_midi/midi_guide/b7e88caf7a5248f1/song_package.yaml.bak
2025-10-26 14:05:16 [INFO] ✓ Created: data/Los-Angeles-MIDI/LOCAL_LAMDA/Local_Lamda_midi/midi_guide/b7e88caf7a5248f1/song_package.yaml
2025-10-26 14:05:16 [INFO] Backed up existing package to data/Los-Angeles-MIDI/LOCAL_LAMDA/Local_Lamda_midi/midi_guide/b7ab285ac3cc6bf3/song_package.yaml.bak
2025-10-26 14:05:16 [INFO] ✓ Created: data/Los-Angeles-MIDI/LOCAL_LAMDA/Local_Lamda_midi/midi_guide/b7ab285ac3cc6bf3/song_package.yaml
2025-10-26 14:05:16 [INFO] Backed up existing package to data/Los-Angeles-MIDI/LOCAL_LAMDA/Local_Lamda_midi/midi_guide/b7ff1ebe07e67f85/song_package.yaml.bak
2025-10-26 14:05:16 [INFO] ✓ Created: data/Los-Angeles-MIDI/LOCAL_LAMDA/Local_Lamda_midi/midi_guide/b7ff1ebe07e67f85/song_package.yaml
2025-10-26 14:05:16 [INFO] Backed up existing package to data/Los-Angeles-MIDI/LOCAL_LAMDA/Local_Lamda_midi/midi_guide/b845318a659daf7b/song_package.yaml.bak
2025-10-26 14:05:16 [INFO] ✓ Created: data/Los-Angeles-MIDI/LOCAL_LAMDA/Local_Lamda_midi/midi_guide/b845318a659daf7b/song_package.yaml
2025-10-26 14:05:16 [INFO] Backed up existing package to data/Los-Angeles-MIDI/LOCAL_LAMDA/Local_Lamda_midi/midi_guide/b7d077036af3e41f/song_package.yaml.bak
2025-10-26 14:05:16 [INFO] ✓ Created: data/Los-Angeles-MIDI/LOCAL_LAMDA/Local_Lamda_midi/midi_guide/b7d077036af3e41f/song_package.yaml
2025-10-26 14:05:16 [INFO] Backed up existing package to data/Los-Angeles-MIDI/LOCAL_LAMDA/Local_Lamda_midi/midi_guide/b87d57c21acdf3be/song_package.yaml.bak
2025-10-26 14:05:16 [INFO] ✓ Created: data/Los-Angeles-MIDI/LOCAL_LAMDA/Local_Lamda_midi/midi_guide/b87d57c21acdf3be/song_package.yaml
2025-10-26 14:05:16 [INFO] Backed up existing package to data/Los-Angeles-MIDI/LOCAL_LAMDA/Local_Lamda_midi/midi_guide/b8a0c61404a6a80b/song_package.yaml.bak
2025-10-26 14:05:16 [INFO] ✓ Created: data/Los-Angeles-MIDI/LOCAL_LAMDA/Local_Lamda_midi/midi_guide/b8a0c61404a6a80b/song_package.yaml
2025-10-26 14:05:16 [INFO] Backed up existing package to data/Los-Angeles-MIDI/LOCAL_LAMDA/Local_Lamda_midi/midi_guide/b8abc0716dfe0108/song_package.yaml.bak
2025-10-26 14:05:16 [INFO] ✓ Created: data/Los-Angeles-MIDI/LOCAL_LAMDA/Local_Lamda_midi/midi_guide/b8abc0716dfe0108/song_package.yaml
2025-10-26 14:05:16 [INFO] Backed up existing package to data/Los-Angeles-MIDI/LOCAL_LAMDA/Local_Lamda_midi/midi_guide/b8b8bf47c5dd1611/song_package.yaml.bak
2025-10-26 14:05:16 [INFO] ✓ Created: data/Los-Angeles-MIDI/LOCAL_LAMDA/Local_Lamda_midi/midi_guide/b8b8bf47c5dd1611/song_package.yaml
2025-10-26 14:05:16 [INFO] Backed up existing package to data/Los-Angeles-MIDI/LOCAL_LAMDA/Local_Lamda_midi/midi_guide/b8b51fd7c58bfe16/song_package.yaml.bak
2025-10-26 14:05:16 [INFO] ✓ Created: data/Los-Angeles-MIDI/LOCAL_LAMDA/Local_Lamda_midi/midi_guide/b8b51fd7c58bfe16/song_package.yaml
2025-10-26 14:05:16 [INFO] Backed up existing package to data/Los-Angeles-MIDI/LOCAL_LAMDA/Local_Lamda_midi/midi_guide/b8c1edb369d2e0bd/song_package.yaml.bak
2025-10-26 14:05:16 [INFO] ✓ Created: data/Los-Angeles-MIDI/LOCAL_LAMDA/Local_Lamda_midi/midi_guide/b8c1edb369d2e0bd/song_package.yaml
2025-10-26 14:05:16 [INFO] Backed up existing package to data/Los-Angeles-MIDI/LOCAL_LAMDA/Local_Lamda_midi/midi_guide/b99f1580af2aaede/song_package.yaml.bak
2025-10-26 14:05:16 [INFO] ✓ Created: data/Los-Angeles-MIDI/LOCAL_LAMDA/Local_Lamda_midi/midi_guide/b99f1580af2aaede/song_package.yaml
2025-10-26 14:05:16 [INFO] Backed up existing package to data/Los-Angeles-MIDI/LOCAL_LAMDA/Local_Lamda_midi/midi_guide/b9958e0a3ff1cf0f/song_package.yaml.bak
2025-10-26 14:05:16 [INFO] ✓ Created: data/Los-Angeles-MIDI/LOCAL_LAMDA/Local_Lamda_midi/midi_guide/b9958e0a3ff1cf0f/song_package.yaml
2025-10-26 14:05:16 [INFO] Backed up existing package to data/Los-Angeles-MIDI/LOCAL_LAMDA/Local_Lamda_midi/midi_guide/b9b6b11328231956/song_package.yaml.bak
2025-10-26 14:05:16 [INFO] ✓ Created: data/Los-Angeles-MIDI/LOCAL_LAMDA/Local_Lamda_midi/midi_guide/b9b6b11328231956/song_package.yaml
2025-10-26 14:05:16 [INFO] Backed up existing package to data/Los-Angeles-MIDI/LOCAL_LAMDA/Local_Lamda_midi/midi_guide/b9be61a7138a7e85/song_package.yaml.bak
2025-10-26 14:05:16 [INFO] ✓ Created: data/Los-Angeles-MIDI/LOCAL_LAMDA/Local_Lamda_midi/midi_guide/b9be61a7138a7e85/song_package.yaml
2025-10-26 14:05:16 [INFO] Backed up existing package to data/Los-Angeles-MIDI/LOCAL_LAMDA/Local_Lamda_midi/midi_guide/b9d929a63982d508/song_package.yaml.bak
2025-10-26 14:05:16 [INFO] ✓ Created: data/Los-Angeles-MIDI/LOCAL_LAMDA/Local_Lamda_midi/midi_guide/b9d929a63982d508/song_package.yaml
2025-10-26 14:05:16 [INFO] Backed up existing package to data/Los-Angeles-MIDI/LOCAL_LAMDA/Local_Lamda_midi/midi_guide/ba307e5d36202b59/song_package.yaml.bak
2025-10-26 14:05:16 [INFO] ✓ Created: data/Los-Angeles-MIDI/LOCAL_LAMDA/Local_Lamda_midi/midi_guide/ba307e5d36202b59/song_package.yaml
2025-10-26 14:05:16 [INFO] Backed up existing package to data/Los-Angeles-MIDI/LOCAL_LAMDA/Local_Lamda_midi/midi_guide/baa70abdf86f6d16/song_package.yaml.bak
2025-10-26 14:05:16 [INFO] ✓ Created: data/Los-Angeles-MIDI/LOCAL_LAMDA/Local_Lamda_midi/midi_guide/baa70abdf86f6d16/song_package.yaml
2025-10-26 14:05:16 [INFO] Backed up existing package to data/Los-Angeles-MIDI/LOCAL_LAMDA/Local_Lamda_midi/midi_guide/badb0d11ee9b3e9a/song_package.yaml.bak
2025-10-26 14:05:16 [INFO] ✓ Created: data/Los-Angeles-MIDI/LOCAL_LAMDA/Local_Lamda_midi/midi_guide/badb0d11ee9b3e9a/song_package.yaml
2025-10-26 14:05:16 [INFO] Backed up existing package to data/Los-Angeles-MIDI/LOCAL_LAMDA/Local_Lamda_midi/midi_guide/bab511d1392cdf19/song_package.yaml.bak
2025-10-26 14:05:16 [INFO] ✓ Created: data/Los-Angeles-MIDI/LOCAL_LAMDA/Local_Lamda_midi/midi_guide/bab511d1392cdf19/song_package.yaml
2025-10-26 14:05:16 [INFO] Backed up existing package to data/Los-Angeles-MIDI/LOCAL_LAMDA/Local_Lamda_midi/midi_guide/bae566220ce2da63/song_package.yaml.bak
2025-10-26 14:05:16 [INFO] ✓ Created: data/Los-Angeles-MIDI/LOCAL_LAMDA/Local_Lamda_midi/midi_guide/bae566220ce2da63/song_package.yaml
2025-10-26 14:05:16 [INFO] Backed up existing package to data/Los-Angeles-MIDI/LOCAL_LAMDA/Local_Lamda_midi/midi_guide/bafc7ec8df893bdb/song_package.yaml.bak
2025-10-26 14:05:16 [INFO] ✓ Created: data/Los-Angeles-MIDI/LOCAL_LAMDA/Local_Lamda_midi/midi_guide/bafc7ec8df893bdb/song_package.yaml
2025-10-26 14:05:16 [INFO] Backed up existing package to data/Los-Angeles-MIDI/LOCAL_LAMDA/Local_Lamda_midi/midi_guide/bb7898ba61c8b76f/song_package.yaml.bak
2025-10-26 14:05:16 [INFO] ✓ Created: data/Los-Angeles-MIDI/LOCAL_LAMDA/Local_Lamda_midi/midi_guide/bb7898ba61c8b76f/song_package.yaml
2025-10-26 14:05:16 [INFO] Backed up existing package to data/Los-Angeles-MIDI/LOCAL_LAMDA/Local_Lamda_midi/midi_guide/bb1750fb1a5a5740/song_package.yaml.bak
2025-10-26 14:05:16 [INFO] ✓ Created: data/Los-Angeles-MIDI/LOCAL_LAMDA/Local_Lamda_midi/midi_guide/bb1750fb1a5a5740/song_package.yaml
2025-10-26 14:05:16 [INFO] Backed up existing package to data/Los-Angeles-MIDI/LOCAL_LAMDA/Local_Lamda_midi/midi_guide/bb750008966c5fd5/song_package.yaml.bak
2025-10-26 14:05:16 [INFO] ✓ Created: data/Los-Angeles-MIDI/LOCAL_LAMDA/Local_Lamda_midi/midi_guide/bb750008966c5fd5/song_package.yaml
2025-10-26 14:05:16 [INFO] Backed up existing package to data/Los-Angeles-MIDI/LOCAL_LAMDA/Local_Lamda_midi/midi_guide/bb07b1e5dc60766f/song_package.yaml.bak
2025-10-26 14:05:16 [INFO] ✓ Created: data/Los-Angeles-MIDI/LOCAL_LAMDA/Local_Lamda_midi/midi_guide/bb07b1e5dc60766f/song_package.yaml
2025-10-26 14:05:16 [INFO] Backed up existing package to data/Los-Angeles-MIDI/LOCAL_LAMDA/Local_Lamda_midi/midi_guide/bba7e2e6849dcdb0/song_package.yaml.bak
2025-10-26 14:05:16 [INFO] ✓ Created: data/Los-Angeles-MIDI/LOCAL_LAMDA/Local_Lamda_midi/midi_guide/bba7e2e6849dcdb0/song_package.yaml
2025-10-26 14:05:16 [INFO] Backed up existing package to data/Los-Angeles-MIDI/LOCAL_LAMDA/Local_Lamda_midi/midi_guide/bbe332f22767131f/song_package.yaml.bak
2025-10-26 14:05:16 [INFO] ✓ Created: data/Los-Angeles-MIDI/LOCAL_LAMDA/Local_Lamda_midi/midi_guide/bbe332f22767131f/song_package.yaml
2025-10-26 14:05:16 [INFO] Backed up existing package to data/Los-Angeles-MIDI/LOCAL_LAMDA/Local_Lamda_midi/midi_guide/bbb34b5f970b470d/song_package.yaml.bak
2025-10-26 14:05:16 [INFO] ✓ Created: data/Los-Angeles-MIDI/LOCAL_LAMDA/Local_Lamda_midi/midi_guide/bbb34b5f970b470d/song_package.yaml
2025-10-26 14:05:16 [INFO] Backed up existing package to data/Los-Angeles-MIDI/LOCAL_LAMDA/Local_Lamda_midi/midi_guide/bb866e8c99f9db35/song_package.yaml.bak
2025-10-26 14:05:16 [INFO] ✓ Created: data/Los-Angeles-MIDI/LOCAL_LAMDA/Local_Lamda_midi/midi_guide/bb866e8c99f9db35/song_package.yaml
2025-10-26 14:05:16 [INFO] Backed up existing package to data/Los-Angeles-MIDI/LOCAL_LAMDA/Local_Lamda_midi/midi_guide/bb85efcccff0763b/song_package.yaml.bak
2025-10-26 14:05:16 [INFO] ✓ Created: data/Los-Angeles-MIDI/LOCAL_LAMDA/Local_Lamda_midi/midi_guide/bb85efcccff0763b/song_package.yaml
2025-10-26 14:05:16 [INFO] Backed up existing package to data/Los-Angeles-MIDI/LOCAL_LAMDA/Local_Lamda_midi/midi_guide/bbf9f26bab27e2b8/song_package.yaml.bak
2025-10-26 14:05:16 [INFO] ✓ Created: data/Los-Angeles-MIDI/LOCAL_LAMDA/Local_Lamda_midi/midi_guide/bbf9f26bab27e2b8/song_package.yaml
2025-10-26 14:05:16 [INFO] Backed up existing package to data/Los-Angeles-MIDI/LOCAL_LAMDA/Local_Lamda_midi/midi_guide/bc5a66c2de7677d1/song_package.yaml.bak
2025-10-26 14:05:16 [INFO] ✓ Created: data/Los-Angeles-MIDI/LOCAL_LAMDA/Local_Lamda_midi/midi_guide/bc5a66c2de7677d1/song_package.yaml
2025-10-26 14:05:16 [INFO] Backed up existing package to data/Los-Angeles-MIDI/LOCAL_LAMDA/Local_Lamda_midi/midi_guide/bc91f57391960a4b/song_package.yaml.bak
2025-10-26 14:05:16 [INFO] ✓ Created: data/Los-Angeles-MIDI/LOCAL_LAMDA/Local_Lamda_midi/midi_guide/bc91f57391960a4b/song_package.yaml
2025-10-26 14:05:16 [INFO] Backed up existing package to data/Los-Angeles-MIDI/LOCAL_LAMDA/Local_Lamda_midi/midi_guide/bc1fd148b6abee28/song_package.yaml.bak
2025-10-26 14:05:16 [INFO] ✓ Created: data/Los-Angeles-MIDI/LOCAL_LAMDA/Local_Lamda_midi/midi_guide/bc1fd148b6abee28/song_package.yaml
2025-10-26 14:05:16 [INFO] Backed up existing package to data/Los-Angeles-MIDI/LOCAL_LAMDA/Local_Lamda_midi/midi_guide/bc619ef037868bb1/song_package.yaml.bak
2025-10-26 14:05:16 [INFO] ✓ Created: data/Los-Angeles-MIDI/LOCAL_LAMDA/Local_Lamda_midi/midi_guide/bc619ef037868bb1/song_package.yaml
2025-10-26 14:05:16 [INFO] Backed up existing package to data/Los-Angeles-MIDI/LOCAL_LAMDA/Local_Lamda_midi/midi_guide/bcb9d79f47f81e89/song_package.yaml.bak
2025-10-26 14:05:16 [INFO] ✓ Created: data/Los-Angeles-MIDI/LOCAL_LAMDA/Local_Lamda_midi/midi_guide/bcb9d79f47f81e89/song_package.yaml
2025-10-26 14:05:16 [INFO] Backed up existing package to data/Los-Angeles-MIDI/LOCAL_LAMDA/Local_Lamda_midi/midi_guide/bcb78e8099b1475c/song_package.yaml.bak
2025-10-26 14:05:16 [INFO] ✓ Created: data/Los-Angeles-MIDI/LOCAL_LAMDA/Local_Lamda_midi/midi_guide/bcb78e8099b1475c/song_package.yaml
2025-10-26 14:05:16 [INFO] Backed up existing package to data/Los-Angeles-MIDI/LOCAL_LAMDA/Local_Lamda_midi/midi_guide/bca7b845dba8609b/song_package.yaml.bak
2025-10-26 14:05:16 [INFO] ✓ Created: data/Los-Angeles-MIDI/LOCAL_LAMDA/Local_Lamda_midi/midi_guide/bca7b845dba8609b/song_package.yaml
2025-10-26 14:05:16 [INFO] Backed up existing package to data/Los-Angeles-MIDI/LOCAL_LAMDA/Local_Lamda_midi/midi_guide/bd66303e3d6dcef1/song_package.yaml.bak
2025-10-26 14:05:16 [INFO] ✓ Created: data/Los-Angeles-MIDI/LOCAL_LAMDA/Local_Lamda_midi/midi_guide/bd66303e3d6dcef1/song_package.yaml
2025-10-26 14:05:16 [INFO] Backed up existing package to data/Los-Angeles-MIDI/LOCAL_LAMDA/Local_Lamda_midi/midi_guide/bcbe5054417fb06d/song_package.yaml.bak
2025-10-26 14:05:16 [INFO] ✓ Created: data/Los-Angeles-MIDI/LOCAL_LAMDA/Local_Lamda_midi/midi_guide/bcbe5054417fb06d/song_package.yaml
2025-10-26 14:05:16 [INFO] Backed up existing package to data/Los-Angeles-MIDI/LOCAL_LAMDA/Local_Lamda_midi/midi_guide/bd3eb3718726a690/song_package.yaml.bak
2025-10-26 14:05:16 [INFO] ✓ Created: data/Los-Angeles-MIDI/LOCAL_LAMDA/Local_Lamda_midi/midi_guide/bd3eb3718726a690/song_package.yaml
2025-10-26 14:05:16 [INFO] Backed up existing package to data/Los-Angeles-MIDI/LOCAL_LAMDA/Local_Lamda_midi/midi_guide/bcf282b10f3354de/song_package.yaml.bak
2025-10-26 14:05:16 [INFO] ✓ Created: data/Los-Angeles-MIDI/LOCAL_LAMDA/Local_Lamda_midi/midi_guide/bcf282b10f3354de/song_package.yaml
2025-10-26 14:05:16 [INFO] Backed up existing package to data/Los-Angeles-MIDI/LOCAL_LAMDA/Local_Lamda_midi/midi_guide/bd6d6501bca4a651/song_package.yaml.bak
2025-10-26 14:05:16 [INFO] ✓ Created: data/Los-Angeles-MIDI/LOCAL_LAMDA/Local_Lamda_midi/midi_guide/bd6d6501bca4a651/song_package.yaml
2025-10-26 14:05:16 [INFO] Backed up existing package to data/Los-Angeles-MIDI/LOCAL_LAMDA/Local_Lamda_midi/midi_guide/bd71187340e51278/song_package.yaml.bak
2025-10-26 14:05:16 [INFO] ✓ Created: data/Los-Angeles-MIDI/LOCAL_LAMDA/Local_Lamda_midi/midi_guide/bd71187340e51278/song_package.yaml
2025-10-26 14:05:16 [INFO] Backed up existing package to data/Los-Angeles-MIDI/LOCAL_LAMDA/Local_Lamda_midi/midi_guide/bdcae26e4017ae5e/song_package.yaml.bak
2025-10-26 14:05:16 [INFO] ✓ Created: data/Los-Angeles-MIDI/LOCAL_LAMDA/Local_Lamda_midi/midi_guide/bdcae26e4017ae5e/song_package.yaml
2025-10-26 14:05:16 [INFO] Backed up existing package to data/Los-Angeles-MIDI/LOCAL_LAMDA/Local_Lamda_midi/midi_guide/be014d14c086bfec/song_package.yaml.bak
2025-10-26 14:05:16 [INFO] ✓ Created: data/Los-Angeles-MIDI/LOCAL_LAMDA/Local_Lamda_midi/midi_guide/be014d14c086bfec/song_package.yaml
2025-10-26 14:05:16 [INFO] Backed up existing package to data/Los-Angeles-MIDI/LOCAL_LAMDA/Local_Lamda_midi/midi_guide/be234fde9236b7e8/song_package.yaml.bak
2025-10-26 14:05:16 [INFO] ✓ Created: data/Los-Angeles-MIDI/LOCAL_LAMDA/Local_Lamda_midi/midi_guide/be234fde9236b7e8/song_package.yaml
2025-10-26 14:05:16 [INFO] Backed up existing package to data/Los-Angeles-MIDI/LOCAL_LAMDA/Local_Lamda_midi/midi_guide/be1c249022821be0/song_package.yaml.bak
2025-10-26 14:05:16 [INFO] ✓ Created: data/Los-Angeles-MIDI/LOCAL_LAMDA/Local_Lamda_midi/midi_guide/be1c249022821be0/song_package.yaml
2025-10-26 14:05:16 [INFO] Backed up existing package to data/Los-Angeles-MIDI/LOCAL_LAMDA/Local_Lamda_midi/midi_guide/be9374b8abdf2d08/song_package.yaml.bak
2025-10-26 14:05:16 [INFO] ✓ Created: data/Los-Angeles-MIDI/LOCAL_LAMDA/Local_Lamda_midi/midi_guide/be9374b8abdf2d08/song_package.yaml
2025-10-26 14:05:16 [INFO] Backed up existing package to data/Los-Angeles-MIDI/LOCAL_LAMDA/Local_Lamda_midi/midi_guide/becaaf2b2159321f/song_package.yaml.bak
2025-10-26 14:05:16 [INFO] ✓ Created: data/Los-Angeles-MIDI/LOCAL_LAMDA/Local_Lamda_midi/midi_guide/becaaf2b2159321f/song_package.yaml
2025-10-26 14:05:16 [INFO] Backed up existing package to data/Los-Angeles-MIDI/LOCAL_LAMDA/Local_Lamda_midi/midi_guide/bedb9e67025170a8/song_package.yaml.bak
2025-10-26 14:05:16 [INFO] ✓ Created: data/Los-Angeles-MIDI/LOCAL_LAMDA/Local_Lamda_midi/midi_guide/bedb9e67025170a8/song_package.yaml
2025-10-26 14:05:16 [INFO] Backed up existing package to data/Los-Angeles-MIDI/LOCAL_LAMDA/Local_Lamda_midi/midi_guide/bed15d721da5ae21/song_package.yaml.bak
2025-10-26 14:05:16 [INFO] ✓ Created: data/Los-Angeles-MIDI/LOCAL_LAMDA/Local_Lamda_midi/midi_guide/bed15d721da5ae21/song_package.yaml
2025-10-26 14:05:16 [INFO] Backed up existing package to data/Los-Angeles-MIDI/LOCAL_LAMDA/Local_Lamda_midi/midi_guide/bedd2568628eeb75/song_package.yaml.bak
2025-10-26 14:05:16 [INFO] ✓ Created: data/Los-Angeles-MIDI/LOCAL_LAMDA/Local_Lamda_midi/midi_guide/bedd2568628eeb75/song_package.yaml
2025-10-26 14:05:16 [INFO] Backed up existing package to data/Los-Angeles-MIDI/LOCAL_LAMDA/Local_Lamda_midi/midi_guide/bf413ffe646c88f2/song_package.yaml.bak
2025-10-26 14:05:16 [INFO] ✓ Created: data/Los-Angeles-MIDI/LOCAL_LAMDA/Local_Lamda_midi/midi_guide/bf413ffe646c88f2/song_package.yaml
2025-10-26 14:05:16 [INFO] Backed up existing package to data/Los-Angeles-MIDI/LOCAL_LAMDA/Local_Lamda_midi/midi_guide/bf528e1b8fbcb4bf/song_package.yaml.bak
2025-10-26 14:05:16 [INFO] ✓ Created: data/Los-Angeles-MIDI/LOCAL_LAMDA/Local_Lamda_midi/midi_guide/bf528e1b8fbcb4bf/song_package.yaml
2025-10-26 14:05:16 [INFO] Backed up existing package to data/Los-Angeles-MIDI/LOCAL_LAMDA/Local_Lamda_midi/midi_guide/bf2e2ab2be9901a2/song_package.yaml.bak
2025-10-26 14:05:16 [INFO] ✓ Created: data/Los-Angeles-MIDI/LOCAL_LAMDA/Local_Lamda_midi/midi_guide/bf2e2ab2be9901a2/song_package.yaml
2025-10-26 14:05:16 [INFO] Backed up existing package to data/Los-Angeles-MIDI/LOCAL_LAMDA/Local_Lamda_midi/midi_guide/bee9e71732ed5c21/song_package.yaml.bak
2025-10-26 14:05:16 [INFO] ✓ Created: data/Los-Angeles-MIDI/LOCAL_LAMDA/Local_Lamda_midi/midi_guide/bee9e71732ed5c21/song_package.yaml
2025-10-26 14:05:16 [INFO] Backed up existing package to data/Los-Angeles-MIDI/LOCAL_LAMDA/Local_Lamda_midi/midi_guide/bf6e79bcb67e7a31/song_package.yaml.bak
2025-10-26 14:05:16 [INFO] ✓ Created: data/Los-Angeles-MIDI/LOCAL_LAMDA/Local_Lamda_midi/midi_guide/bf6e79bcb67e7a31/song_package.yaml
2025-10-26 14:05:16 [INFO] Backed up existing package to data/Los-Angeles-MIDI/LOCAL_LAMDA/Local_Lamda_midi/midi_guide/bf73bf92816e315a/song_package.yaml.bak
2025-10-26 14:05:16 [INFO] ✓ Created: data/Los-Angeles-MIDI/LOCAL_LAMDA/Local_Lamda_midi/midi_guide/bf73bf92816e315a/song_package.yaml
2025-10-26 14:05:16 [INFO] Backed up existing package to data/Los-Angeles-MIDI/LOCAL_LAMDA/Local_Lamda_midi/midi_guide/bf8174d427062081/song_package.yaml.bak
2025-10-26 14:05:16 [INFO] ✓ Created: data/Los-Angeles-MIDI/LOCAL_LAMDA/Local_Lamda_midi/midi_guide/bf8174d427062081/song_package.yaml
2025-10-26 14:05:16 [INFO] Backed up existing package to data/Los-Angeles-MIDI/LOCAL_LAMDA/Local_Lamda_midi/midi_guide/bf9a7ba30f0876d6/song_package.yaml.bak
2025-10-26 14:05:16 [INFO] ✓ Created: data/Los-Angeles-MIDI/LOCAL_LAMDA/Local_Lamda_midi/midi_guide/bf9a7ba30f0876d6/song_package.yaml
2025-10-26 14:05:16 [INFO] Backed up existing package to data/Los-Angeles-MIDI/LOCAL_LAMDA/Local_Lamda_midi/midi_guide/bfb48644f1a125bd/song_package.yaml.bak
2025-10-26 14:05:16 [INFO] ✓ Created: data/Los-Angeles-MIDI/LOCAL_LAMDA/Local_Lamda_midi/midi_guide/bfb48644f1a125bd/song_package.yaml
2025-10-26 14:05:16 [INFO] Backed up existing package to data/Los-Angeles-MIDI/LOCAL_LAMDA/Local_Lamda_midi/midi_guide/bfbd78a5db8a1f4e/song_package.yaml.bak
2025-10-26 14:05:16 [INFO] ✓ Created: data/Los-Angeles-MIDI/LOCAL_LAMDA/Local_Lamda_midi/midi_guide/bfbd78a5db8a1f4e/song_package.yaml
2025-10-26 14:05:16 [INFO] Backed up existing package to data/Los-Angeles-MIDI/LOCAL_LAMDA/Local_Lamda_midi/midi_guide/bfd0d0e695d52ce0/song_package.yaml.bak
2025-10-26 14:05:16 [INFO] ✓ Created: data/Los-Angeles-MIDI/LOCAL_LAMDA/Local_Lamda_midi/midi_guide/bfd0d0e695d52ce0/song_package.yaml
2025-10-26 14:05:16 [INFO] Backed up existing package to data/Los-Angeles-MIDI/LOCAL_LAMDA/Local_Lamda_midi/midi_guide/c014d262ceefc19b/song_package.yaml.bak
2025-10-26 14:05:16 [INFO] ✓ Created: data/Los-Angeles-MIDI/LOCAL_LAMDA/Local_Lamda_midi/midi_guide/c014d262ceefc19b/song_package.yaml
2025-10-26 14:05:16 [INFO] Backed up existing package to data/Los-Angeles-MIDI/LOCAL_LAMDA/Local_Lamda_midi/midi_guide/bfd42a275c71492b/song_package.yaml.bak
2025-10-26 14:05:16 [INFO] ✓ Created: data/Los-Angeles-MIDI/LOCAL_LAMDA/Local_Lamda_midi/midi_guide/bfd42a275c71492b/song_package.yaml
2025-10-26 14:05:16 [INFO] Backed up existing package to data/Los-Angeles-MIDI/LOCAL_LAMDA/Local_Lamda_midi/midi_guide/c00d8d250a5f5de0/song_package.yaml.bak
2025-10-26 14:05:16 [INFO] ✓ Created: data/Los-Angeles-MIDI/LOCAL_LAMDA/Local_Lamda_midi/midi_guide/c00d8d250a5f5de0/song_package.yaml
2025-10-26 14:05:16 [INFO] Backed up existing package to data/Los-Angeles-MIDI/LOCAL_LAMDA/Local_Lamda_midi/midi_guide/c02cfd5210f3f265/song_package.yaml.bak
2025-10-26 14:05:16 [INFO] ✓ Created: data/Los-Angeles-MIDI/LOCAL_LAMDA/Local_Lamda_midi/midi_guide/c02cfd5210f3f265/song_package.yaml
2025-10-26 14:05:16 [INFO] Backed up existing package to data/Los-Angeles-MIDI/LOCAL_LAMDA/Local_Lamda_midi/midi_guide/c058f5354e7eeef8/song_package.yaml.bak
2025-10-26 14:05:16 [INFO] ✓ Created: data/Los-Angeles-MIDI/LOCAL_LAMDA/Local_Lamda_midi/midi_guide/c058f5354e7eeef8/song_package.yaml
2025-10-26 14:05:16 [INFO] Backed up existing package to data/Los-Angeles-MIDI/LOCAL_LAMDA/Local_Lamda_midi/midi_guide/c0c16f6f7074113c/song_package.yaml.bak
2025-10-26 14:05:16 [INFO] ✓ Created: data/Los-Angeles-MIDI/LOCAL_LAMDA/Local_Lamda_midi/midi_guide/c0c16f6f7074113c/song_package.yaml
2025-10-26 14:05:16 [INFO] Backed up existing package to data/Los-Angeles-MIDI/LOCAL_LAMDA/Local_Lamda_midi/midi_guide/c0a780a48f004f42/song_package.yaml.bak
2025-10-26 14:05:16 [INFO] ✓ Created: data/Los-Angeles-MIDI/LOCAL_LAMDA/Local_Lamda_midi/midi_guide/c0a780a48f004f42/song_package.yaml
2025-10-26 14:05:16 [INFO] Backed up existing package to data/Los-Angeles-MIDI/LOCAL_LAMDA/Local_Lamda_midi/midi_guide/c10c143c8b11343a/song_package.yaml.bak
2025-10-26 14:05:16 [INFO] ✓ Created: data/Los-Angeles-MIDI/LOCAL_LAMDA/Local_Lamda_midi/midi_guide/c10c143c8b11343a/song_package.yaml
2025-10-26 14:05:16 [INFO] Backed up existing package to data/Los-Angeles-MIDI/LOCAL_LAMDA/Local_Lamda_midi/midi_guide/c10fe61f58c5f664/song_package.yaml.bak
2025-10-26 14:05:16 [INFO] ✓ Created: data/Los-Angeles-MIDI/LOCAL_LAMDA/Local_Lamda_midi/midi_guide/c10fe61f58c5f664/song_package.yaml
2025-10-26 14:05:16 [INFO] Backed up existing package to data/Los-Angeles-MIDI/LOCAL_LAMDA/Local_Lamda_midi/midi_guide/c15c554bd7c794e3/song_package.yaml.bak
2025-10-26 14:05:16 [INFO] ✓ Created: data/Los-Angeles-MIDI/LOCAL_LAMDA/Local_Lamda_midi/midi_guide/c15c554bd7c794e3/song_package.yaml
2025-10-26 14:05:16 [INFO] Backed up existing package to data/Los-Angeles-MIDI/LOCAL_LAMDA/Local_Lamda_midi/midi_guide/c1abdf6d10f74350/song_package.yaml.bak
2025-10-26 14:05:16 [INFO] ✓ Created: data/Los-Angeles-MIDI/LOCAL_LAMDA/Local_Lamda_midi/midi_guide/c1abdf6d10f74350/song_package.yaml
2025-10-26 14:05:16 [INFO] Backed up existing package to data/Los-Angeles-MIDI/LOCAL_LAMDA/Local_Lamda_midi/midi_guide/c121ad58589f1759/song_package.yaml.bak
2025-10-26 14:05:16 [INFO] ✓ Created: data/Los-Angeles-MIDI/LOCAL_LAMDA/Local_Lamda_midi/midi_guide/c121ad58589f1759/song_package.yaml
2025-10-26 14:05:16 [INFO] Backed up existing package to data/Los-Angeles-MIDI/LOCAL_LAMDA/Local_Lamda_midi/midi_guide/c16695f1b87c213f/song_package.yaml.bak
2025-10-26 14:05:16 [INFO] ✓ Created: data/Los-Angeles-MIDI/LOCAL_LAMDA/Local_Lamda_midi/midi_guide/c16695f1b87c213f/song_package.yaml
2025-10-26 14:05:16 [INFO] Backed up existing package to data/Los-Angeles-MIDI/LOCAL_LAMDA/Local_Lamda_midi/midi_guide/c1857b366f97be12/song_package.yaml.bak
2025-10-26 14:05:16 [INFO] ✓ Created: data/Los-Angeles-MIDI/LOCAL_LAMDA/Local_Lamda_midi/midi_guide/c1857b366f97be12/song_package.yaml
2025-10-26 14:05:16 [INFO] Backed up existing package to data/Los-Angeles-MIDI/LOCAL_LAMDA/Local_Lamda_midi/midi_guide/c1de49e6e55e3361/song_package.yaml.bak
2025-10-26 14:05:16 [INFO] ✓ Created: data/Los-Angeles-MIDI/LOCAL_LAMDA/Local_Lamda_midi/midi_guide/c1de49e6e55e3361/song_package.yaml
2025-10-26 14:05:16 [INFO] Backed up existing package to data/Los-Angeles-MIDI/LOCAL_LAMDA/Local_Lamda_midi/midi_guide/c1dd4ed10f08696c/song_package.yaml.bak
2025-10-26 14:05:16 [INFO] ✓ Created: data/Los-Angeles-MIDI/LOCAL_LAMDA/Local_Lamda_midi/midi_guide/c1dd4ed10f08696c/song_package.yaml
2025-10-26 14:05:16 [INFO] Backed up existing package to data/Los-Angeles-MIDI/LOCAL_LAMDA/Local_Lamda_midi/midi_guide/c1e6bb01c39a1408/song_package.yaml.bak
2025-10-26 14:05:16 [INFO] ✓ Created: data/Los-Angeles-MIDI/LOCAL_LAMDA/Local_Lamda_midi/midi_guide/c1e6bb01c39a1408/song_package.yaml
2025-10-26 14:05:16 [INFO] Backed up existing package to data/Los-Angeles-MIDI/LOCAL_LAMDA/Local_Lamda_midi/midi_guide/c264ddae79a82b34/song_package.yaml.bak
2025-10-26 14:05:16 [INFO] ✓ Created: data/Los-Angeles-MIDI/LOCAL_LAMDA/Local_Lamda_midi/midi_guide/c264ddae79a82b34/song_package.yaml
2025-10-26 14:05:17 [INFO] Backed up existing package to data/Los-Angeles-MIDI/LOCAL_LAMDA/Local_Lamda_midi/midi_guide/c26c0df8f1f10c9f/song_package.yaml.bak
2025-10-26 14:05:17 [INFO] ✓ Created: data/Los-Angeles-MIDI/LOCAL_LAMDA/Local_Lamda_midi/midi_guide/c26c0df8f1f10c9f/song_package.yaml
2025-10-26 14:05:17 [INFO] Backed up existing package to data/Los-Angeles-MIDI/LOCAL_LAMDA/Local_Lamda_midi/midi_guide/c2126f274b771150/song_package.yaml.bak
2025-10-26 14:05:17 [INFO] ✓ Created: data/Los-Angeles-MIDI/LOCAL_LAMDA/Local_Lamda_midi/midi_guide/c2126f274b771150/song_package.yaml
2025-10-26 14:05:17 [INFO] Backed up existing package to data/Los-Angeles-MIDI/LOCAL_LAMDA/Local_Lamda_midi/midi_guide/c2583e8ee3aeea04/song_package.yaml.bak
2025-10-26 14:05:17 [INFO] ✓ Created: data/Los-Angeles-MIDI/LOCAL_LAMDA/Local_Lamda_midi/midi_guide/c2583e8ee3aeea04/song_package.yaml
2025-10-26 14:05:17 [INFO] Backed up existing package to data/Los-Angeles-MIDI/LOCAL_LAMDA/Local_Lamda_midi/midi_guide/c2c517331f323059/song_package.yaml.bak
2025-10-26 14:05:17 [INFO] ✓ Created: data/Los-Angeles-MIDI/LOCAL_LAMDA/Local_Lamda_midi/midi_guide/c2c517331f323059/song_package.yaml
2025-10-26 14:05:17 [INFO] Backed up existing package to data/Los-Angeles-MIDI/LOCAL_LAMDA/Local_Lamda_midi/midi_guide/c1c1843655e8fd11/song_package.yaml.bak
2025-10-26 14:05:17 [INFO] ✓ Created: data/Los-Angeles-MIDI/LOCAL_LAMDA/Local_Lamda_midi/midi_guide/c1c1843655e8fd11/song_package.yaml
2025-10-26 14:05:17 [INFO] Backed up existing package to data/Los-Angeles-MIDI/LOCAL_LAMDA/Local_Lamda_midi/midi_guide/c281eb1fec0937ee/song_package.yaml.bak
2025-10-26 14:05:17 [INFO] ✓ Created: data/Los-Angeles-MIDI/LOCAL_LAMDA/Local_Lamda_midi/midi_guide/c281eb1fec0937ee/song_package.yaml
2025-10-26 14:05:17 [INFO] Backed up existing package to data/Los-Angeles-MIDI/LOCAL_LAMDA/Local_Lamda_midi/midi_guide/c2c8dab10288a7bf/song_package.yaml.bak
2025-10-26 14:05:17 [INFO] ✓ Created: data/Los-Angeles-MIDI/LOCAL_LAMDA/Local_Lamda_midi/midi_guide/c2c8dab10288a7bf/song_package.yaml
2025-10-26 14:05:17 [INFO] Backed up existing package to data/Los-Angeles-MIDI/LOCAL_LAMDA/Local_Lamda_midi/midi_guide/c2bf5e1884c468a6/song_package.yaml.bak
2025-10-26 14:05:17 [INFO] ✓ Created: data/Los-Angeles-MIDI/LOCAL_LAMDA/Local_Lamda_midi/midi_guide/c2bf5e1884c468a6/song_package.yaml
2025-10-26 14:05:17 [INFO] Backed up existing package to data/Los-Angeles-MIDI/LOCAL_LAMDA/Local_Lamda_midi/midi_guide/c2d22992aaf96dbd/song_package.yaml.bak
2025-10-26 14:05:17 [INFO] ✓ Created: data/Los-Angeles-MIDI/LOCAL_LAMDA/Local_Lamda_midi/midi_guide/c2d22992aaf96dbd/song_package.yaml
2025-10-26 14:05:17 [INFO] Backed up existing package to data/Los-Angeles-MIDI/LOCAL_LAMDA/Local_Lamda_midi/midi_guide/c2e013c81812df6c/song_package.yaml.bak
2025-10-26 14:05:17 [INFO] ✓ Created: data/Los-Angeles-MIDI/LOCAL_LAMDA/Local_Lamda_midi/midi_guide/c2e013c81812df6c/song_package.yaml
2025-10-26 14:05:17 [INFO] Backed up existing package to data/Los-Angeles-MIDI/LOCAL_LAMDA/Local_Lamda_midi/midi_guide/c2fab528b4a16e35/song_package.yaml.bak
2025-10-26 14:05:17 [INFO] ✓ Created: data/Los-Angeles-MIDI/LOCAL_LAMDA/Local_Lamda_midi/midi_guide/c2fab528b4a16e35/song_package.yaml
2025-10-26 14:05:17 [INFO] Backed up existing package to data/Los-Angeles-MIDI/LOCAL_LAMDA/Local_Lamda_midi/midi_guide/c3c0f6904fc9ae0d/song_package.yaml.bak
2025-10-26 14:05:17 [INFO] ✓ Created: data/Los-Angeles-MIDI/LOCAL_LAMDA/Local_Lamda_midi/midi_guide/c3c0f6904fc9ae0d/song_package.yaml
2025-10-26 14:05:17 [INFO] Backed up existing package to data/Los-Angeles-MIDI/LOCAL_LAMDA/Local_Lamda_midi/midi_guide/c3e15571fd8055ed/song_package.yaml.bak
2025-10-26 14:05:17 [INFO] ✓ Created: data/Los-Angeles-MIDI/LOCAL_LAMDA/Local_Lamda_midi/midi_guide/c3e15571fd8055ed/song_package.yaml
2025-10-26 14:05:17 [INFO] Backed up existing package to data/Los-Angeles-MIDI/LOCAL_LAMDA/Local_Lamda_midi/midi_guide/c435a1085d797644/song_package.yaml.bak
2025-10-26 14:05:17 [INFO] ✓ Created: data/Los-Angeles-MIDI/LOCAL_LAMDA/Local_Lamda_midi/midi_guide/c435a1085d797644/song_package.yaml
2025-10-26 14:05:17 [INFO] Backed up existing package to data/Los-Angeles-MIDI/LOCAL_LAMDA/Local_Lamda_midi/midi_guide/c4520d3e8672fe1c/song_package.yaml.bak
2025-10-26 14:05:17 [INFO] ✓ Created: data/Los-Angeles-MIDI/LOCAL_LAMDA/Local_Lamda_midi/midi_guide/c4520d3e8672fe1c/song_package.yaml
2025-10-26 14:05:17 [INFO] Backed up existing package to data/Los-Angeles-MIDI/LOCAL_LAMDA/Local_Lamda_midi/midi_guide/c451e00daf0d88fe/song_package.yaml.bak
2025-10-26 14:05:17 [INFO] ✓ Created: data/Los-Angeles-MIDI/LOCAL_LAMDA/Local_Lamda_midi/midi_guide/c451e00daf0d88fe/song_package.yaml
2025-10-26 14:05:17 [INFO] Backed up existing package to data/Los-Angeles-MIDI/LOCAL_LAMDA/Local_Lamda_midi/midi_guide/c45322758d53894d/song_package.yaml.bak
2025-10-26 14:05:17 [INFO] ✓ Created: data/Los-Angeles-MIDI/LOCAL_LAMDA/Local_Lamda_midi/midi_guide/c45322758d53894d/song_package.yaml
2025-10-26 14:05:17 [INFO] Backed up existing package to data/Los-Angeles-MIDI/LOCAL_LAMDA/Local_Lamda_midi/midi_guide/c46815d391d5ac0a/song_package.yaml.bak
2025-10-26 14:05:17 [INFO] ✓ Created: data/Los-Angeles-MIDI/LOCAL_LAMDA/Local_Lamda_midi/midi_guide/c46815d391d5ac0a/song_package.yaml
2025-10-26 14:05:17 [INFO] Backed up existing package to data/Los-Angeles-MIDI/LOCAL_LAMDA/Local_Lamda_midi/midi_guide/c467f1911840502a/song_package.yaml.bak
2025-10-26 14:05:17 [INFO] ✓ Created: data/Los-Angeles-MIDI/LOCAL_LAMDA/Local_Lamda_midi/midi_guide/c467f1911840502a/song_package.yaml
2025-10-26 14:05:17 [INFO] Backed up existing package to data/Los-Angeles-MIDI/LOCAL_LAMDA/Local_Lamda_midi/midi_guide/c485c2f2ebfd3b8f/song_package.yaml.bak
2025-10-26 14:05:17 [INFO] ✓ Created: data/Los-Angeles-MIDI/LOCAL_LAMDA/Local_Lamda_midi/midi_guide/c485c2f2ebfd3b8f/song_package.yaml
2025-10-26 14:05:17 [INFO] Backed up existing package to data/Los-Angeles-MIDI/LOCAL_LAMDA/Local_Lamda_midi/midi_guide/c4a37976669efd1a/song_package.yaml.bak
2025-10-26 14:05:17 [INFO] ✓ Created: data/Los-Angeles-MIDI/LOCAL_LAMDA/Local_Lamda_midi/midi_guide/c4a37976669efd1a/song_package.yaml
2025-10-26 14:05:17 [INFO] Backed up existing package to data/Los-Angeles-MIDI/LOCAL_LAMDA/Local_Lamda_midi/midi_guide/c4a0975347f80d8c/song_package.yaml.bak
2025-10-26 14:05:17 [INFO] ✓ Created: data/Los-Angeles-MIDI/LOCAL_LAMDA/Local_Lamda_midi/midi_guide/c4a0975347f80d8c/song_package.yaml
2025-10-26 14:05:17 [INFO] Backed up existing package to data/Los-Angeles-MIDI/LOCAL_LAMDA/Local_Lamda_midi/midi_guide/c4f127c63590fc0f/song_package.yaml.bak
2025-10-26 14:05:17 [INFO] ✓ Created: data/Los-Angeles-MIDI/LOCAL_LAMDA/Local_Lamda_midi/midi_guide/c4f127c63590fc0f/song_package.yaml
2025-10-26 14:05:17 [INFO] Backed up existing package to data/Los-Angeles-MIDI/LOCAL_LAMDA/Local_Lamda_midi/midi_guide/c51ee6772080faac/song_package.yaml.bak
2025-10-26 14:05:17 [INFO] ✓ Created: data/Los-Angeles-MIDI/LOCAL_LAMDA/Local_Lamda_midi/midi_guide/c51ee6772080faac/song_package.yaml
2025-10-26 14:05:17 [INFO] Backed up existing package to data/Los-Angeles-MIDI/LOCAL_LAMDA/Local_Lamda_midi/midi_guide/c4cc788074823bff/song_package.yaml.bak
2025-10-26 14:05:17 [INFO] ✓ Created: data/Los-Angeles-MIDI/LOCAL_LAMDA/Local_Lamda_midi/midi_guide/c4cc788074823bff/song_package.yaml
2025-10-26 14:05:17 [INFO] Backed up existing package to data/Los-Angeles-MIDI/LOCAL_LAMDA/Local_Lamda_midi/midi_guide/c5138737be4bf9b2/song_package.yaml.bak
2025-10-26 14:05:17 [INFO] ✓ Created: data/Los-Angeles-MIDI/LOCAL_LAMDA/Local_Lamda_midi/midi_guide/c5138737be4bf9b2/song_package.yaml
2025-10-26 14:05:17 [INFO] Backed up existing package to data/Los-Angeles-MIDI/LOCAL_LAMDA/Local_Lamda_midi/midi_guide/c55d9eb55d400cd0/song_package.yaml.bak
2025-10-26 14:05:17 [INFO] ✓ Created: data/Los-Angeles-MIDI/LOCAL_LAMDA/Local_Lamda_midi/midi_guide/c55d9eb55d400cd0/song_package.yaml
2025-10-26 14:05:17 [INFO] Backed up existing package to data/Los-Angeles-MIDI/LOCAL_LAMDA/Local_Lamda_midi/midi_guide/c537d39db59497c3/song_package.yaml.bak
2025-10-26 14:05:17 [INFO] ✓ Created: data/Los-Angeles-MIDI/LOCAL_LAMDA/Local_Lamda_midi/midi_guide/c537d39db59497c3/song_package.yaml
2025-10-26 14:05:17 [INFO] Backed up existing package to data/Los-Angeles-MIDI/LOCAL_LAMDA/Local_Lamda_midi/midi_guide/c5a568cf56fdacab/song_package.yaml.bak
2025-10-26 14:05:17 [INFO] ✓ Created: data/Los-Angeles-MIDI/LOCAL_LAMDA/Local_Lamda_midi/midi_guide/c5a568cf56fdacab/song_package.yaml
2025-10-26 14:05:17 [INFO] Backed up existing package to data/Los-Angeles-MIDI/LOCAL_LAMDA/Local_Lamda_midi/midi_guide/c5a6d49b81496de2/song_package.yaml.bak
2025-10-26 14:05:17 [INFO] ✓ Created: data/Los-Angeles-MIDI/LOCAL_LAMDA/Local_Lamda_midi/midi_guide/c5a6d49b81496de2/song_package.yaml
2025-10-26 14:05:17 [INFO] Backed up existing package to data/Los-Angeles-MIDI/LOCAL_LAMDA/Local_Lamda_midi/midi_guide/c5763b8114c86d35/song_package.yaml.bak
2025-10-26 14:05:17 [INFO] ✓ Created: data/Los-Angeles-MIDI/LOCAL_LAMDA/Local_Lamda_midi/midi_guide/c5763b8114c86d35/song_package.yaml
2025-10-26 14:05:17 [INFO] Backed up existing package to data/Los-Angeles-MIDI/LOCAL_LAMDA/Local_Lamda_midi/midi_guide/c592d565ad002c70/song_package.yaml.bak
2025-10-26 14:05:17 [INFO] ✓ Created: data/Los-Angeles-MIDI/LOCAL_LAMDA/Local_Lamda_midi/midi_guide/c592d565ad002c70/song_package.yaml
2025-10-26 14:05:17 [INFO] Backed up existing package to data/Los-Angeles-MIDI/LOCAL_LAMDA/Local_Lamda_midi/midi_guide/c5c7588e795d2c82/song_package.yaml.bak
2025-10-26 14:05:17 [INFO] ✓ Created: data/Los-Angeles-MIDI/LOCAL_LAMDA/Local_Lamda_midi/midi_guide/c5c7588e795d2c82/song_package.yaml
2025-10-26 14:05:17 [INFO] Backed up existing package to data/Los-Angeles-MIDI/LOCAL_LAMDA/Local_Lamda_midi/midi_guide/c61e28aaedf68139/song_package.yaml.bak
2025-10-26 14:05:17 [INFO] ✓ Created: data/Los-Angeles-MIDI/LOCAL_LAMDA/Local_Lamda_midi/midi_guide/c61e28aaedf68139/song_package.yaml
2025-10-26 14:05:17 [INFO] Backed up existing package to data/Los-Angeles-MIDI/LOCAL_LAMDA/Local_Lamda_midi/midi_guide/c5c7ea8a69be1bb5/song_package.yaml.bak
2025-10-26 14:05:17 [INFO] ✓ Created: data/Los-Angeles-MIDI/LOCAL_LAMDA/Local_Lamda_midi/midi_guide/c5c7ea8a69be1bb5/song_package.yaml
2025-10-26 14:05:17 [INFO] Backed up existing package to data/Los-Angeles-MIDI/LOCAL_LAMDA/Local_Lamda_midi/midi_guide/c62250d48c7306d0/song_package.yaml.bak
2025-10-26 14:05:17 [INFO] ✓ Created: data/Los-Angeles-MIDI/LOCAL_LAMDA/Local_Lamda_midi/midi_guide/c62250d48c7306d0/song_package.yaml
2025-10-26 14:05:17 [INFO] Backed up existing package to data/Los-Angeles-MIDI/LOCAL_LAMDA/Local_Lamda_midi/midi_guide/c68641a0e150f814/song_package.yaml.bak
2025-10-26 14:05:17 [INFO] ✓ Created: data/Los-Angeles-MIDI/LOCAL_LAMDA/Local_Lamda_midi/midi_guide/c68641a0e150f814/song_package.yaml
2025-10-26 14:05:17 [INFO] Backed up existing package to data/Los-Angeles-MIDI/LOCAL_LAMDA/Local_Lamda_midi/midi_guide/c672f6b82657c1c0/song_package.yaml.bak
2025-10-26 14:05:17 [INFO] ✓ Created: data/Los-Angeles-MIDI/LOCAL_LAMDA/Local_Lamda_midi/midi_guide/c672f6b82657c1c0/song_package.yaml
2025-10-26 14:05:17 [INFO] Backed up existing package to data/Los-Angeles-MIDI/LOCAL_LAMDA/Local_Lamda_midi/midi_guide/c693ee39eb9347c4/song_package.yaml.bak
2025-10-26 14:05:17 [INFO] ✓ Created: data/Los-Angeles-MIDI/LOCAL_LAMDA/Local_Lamda_midi/midi_guide/c693ee39eb9347c4/song_package.yaml
2025-10-26 14:05:17 [INFO] Backed up existing package to data/Los-Angeles-MIDI/LOCAL_LAMDA/Local_Lamda_midi/midi_guide/c71de03ff070f44e/song_package.yaml.bak
2025-10-26 14:05:17 [INFO] ✓ Created: data/Los-Angeles-MIDI/LOCAL_LAMDA/Local_Lamda_midi/midi_guide/c71de03ff070f44e/song_package.yaml
2025-10-26 14:05:17 [INFO] Backed up existing package to data/Los-Angeles-MIDI/LOCAL_LAMDA/Local_Lamda_midi/midi_guide/c6f616f300e43ddd/song_package.yaml.bak
2025-10-26 14:05:17 [INFO] ✓ Created: data/Los-Angeles-MIDI/LOCAL_LAMDA/Local_Lamda_midi/midi_guide/c6f616f300e43ddd/song_package.yaml
2025-10-26 14:05:17 [INFO] Backed up existing package to data/Los-Angeles-MIDI/LOCAL_LAMDA/Local_Lamda_midi/midi_guide/c7231711b02f4166/song_package.yaml.bak
2025-10-26 14:05:17 [INFO] ✓ Created: data/Los-Angeles-MIDI/LOCAL_LAMDA/Local_Lamda_midi/midi_guide/c7231711b02f4166/song_package.yaml
2025-10-26 14:05:17 [INFO] Backed up existing package to data/Los-Angeles-MIDI/LOCAL_LAMDA/Local_Lamda_midi/midi_guide/c73ecca213662343/song_package.yaml.bak
2025-10-26 14:05:17 [INFO] ✓ Created: data/Los-Angeles-MIDI/LOCAL_LAMDA/Local_Lamda_midi/midi_guide/c73ecca213662343/song_package.yaml
2025-10-26 14:05:17 [INFO] Backed up existing package to data/Los-Angeles-MIDI/LOCAL_LAMDA/Local_Lamda_midi/midi_guide/c74dc2020811e2a3/song_package.yaml.bak
2025-10-26 14:05:17 [INFO] ✓ Created: data/Los-Angeles-MIDI/LOCAL_LAMDA/Local_Lamda_midi/midi_guide/c74dc2020811e2a3/song_package.yaml
2025-10-26 14:05:17 [INFO] Backed up existing package to data/Los-Angeles-MIDI/LOCAL_LAMDA/Local_Lamda_midi/midi_guide/c74b953a1d6b3f4b/song_package.yaml.bak
2025-10-26 14:05:17 [INFO] ✓ Created: data/Los-Angeles-MIDI/LOCAL_LAMDA/Local_Lamda_midi/midi_guide/c74b953a1d6b3f4b/song_package.yaml
2025-10-26 14:05:17 [INFO] Backed up existing package to data/Los-Angeles-MIDI/LOCAL_LAMDA/Local_Lamda_midi/midi_guide/c75b53d95add599b/song_package.yaml.bak
2025-10-26 14:05:17 [INFO] ✓ Created: data/Los-Angeles-MIDI/LOCAL_LAMDA/Local_Lamda_midi/midi_guide/c75b53d95add599b/song_package.yaml
2025-10-26 14:05:17 [INFO] Backed up existing package to data/Los-Angeles-MIDI/LOCAL_LAMDA/Local_Lamda_midi/midi_guide/c800f53935d9907c/song_package.yaml.bak
2025-10-26 14:05:17 [INFO] ✓ Created: data/Los-Angeles-MIDI/LOCAL_LAMDA/Local_Lamda_midi/midi_guide/c800f53935d9907c/song_package.yaml
2025-10-26 14:05:17 [INFO] Backed up existing package to data/Los-Angeles-MIDI/LOCAL_LAMDA/Local_Lamda_midi/midi_guide/c7b580862dea521d/song_package.yaml.bak
2025-10-26 14:05:17 [INFO] ✓ Created: data/Los-Angeles-MIDI/LOCAL_LAMDA/Local_Lamda_midi/midi_guide/c7b580862dea521d/song_package.yaml
2025-10-26 14:05:17 [INFO] Backed up existing package to data/Los-Angeles-MIDI/LOCAL_LAMDA/Local_Lamda_midi/midi_guide/c771dad08627c581/song_package.yaml.bak
2025-10-26 14:05:17 [INFO] ✓ Created: data/Los-Angeles-MIDI/LOCAL_LAMDA/Local_Lamda_midi/midi_guide/c771dad08627c581/song_package.yaml
2025-10-26 14:05:17 [INFO] Backed up existing package to data/Los-Angeles-MIDI/LOCAL_LAMDA/Local_Lamda_midi/midi_guide/c80ce6ed61139a14/song_package.yaml.bak
2025-10-26 14:05:17 [INFO] ✓ Created: data/Los-Angeles-MIDI/LOCAL_LAMDA/Local_Lamda_midi/midi_guide/c80ce6ed61139a14/song_package.yaml
2025-10-26 14:05:17 [INFO] Backed up existing package to data/Los-Angeles-MIDI/LOCAL_LAMDA/Local_Lamda_midi/midi_guide/c7a577ce05f560bc/song_package.yaml.bak
2025-10-26 14:05:17 [INFO] ✓ Created: data/Los-Angeles-MIDI/LOCAL_LAMDA/Local_Lamda_midi/midi_guide/c7a577ce05f560bc/song_package.yaml
2025-10-26 14:05:17 [INFO] Backed up existing package to data/Los-Angeles-MIDI/LOCAL_LAMDA/Local_Lamda_midi/midi_guide/c83de0d5f055a656/song_package.yaml.bak
2025-10-26 14:05:17 [INFO] ✓ Created: data/Los-Angeles-MIDI/LOCAL_LAMDA/Local_Lamda_midi/midi_guide/c83de0d5f055a656/song_package.yaml
2025-10-26 14:05:17 [INFO] Backed up existing package to data/Los-Angeles-MIDI/LOCAL_LAMDA/Local_Lamda_midi/midi_guide/c7f88569c187099a/song_package.yaml.bak
2025-10-26 14:05:17 [INFO] ✓ Created: data/Los-Angeles-MIDI/LOCAL_LAMDA/Local_Lamda_midi/midi_guide/c7f88569c187099a/song_package.yaml
2025-10-26 14:05:17 [INFO] Backed up existing package to data/Los-Angeles-MIDI/LOCAL_LAMDA/Local_Lamda_midi/midi_guide/c891f01c79984be7/song_package.yaml.bak
2025-10-26 14:05:17 [INFO] ✓ Created: data/Los-Angeles-MIDI/LOCAL_LAMDA/Local_Lamda_midi/midi_guide/c891f01c79984be7/song_package.yaml
2025-10-26 14:05:17 [INFO] Backed up existing package to data/Los-Angeles-MIDI/LOCAL_LAMDA/Local_Lamda_midi/midi_guide/c871544c218bbce3/song_package.yaml.bak
2025-10-26 14:05:17 [INFO] ✓ Created: data/Los-Angeles-MIDI/LOCAL_LAMDA/Local_Lamda_midi/midi_guide/c871544c218bbce3/song_package.yaml
2025-10-26 14:05:18 [INFO] Backed up existing package to data/Los-Angeles-MIDI/LOCAL_LAMDA/Local_Lamda_midi/midi_guide/c865612dc93191be/song_package.yaml.bak
2025-10-26 14:05:18 [INFO] ✓ Created: data/Los-Angeles-MIDI/LOCAL_LAMDA/Local_Lamda_midi/midi_guide/c865612dc93191be/song_package.yaml
2025-10-26 14:05:18 [INFO] Backed up existing package to data/Los-Angeles-MIDI/LOCAL_LAMDA/Local_Lamda_midi/midi_guide/c89955c60e042293/song_package.yaml.bak
2025-10-26 14:05:18 [INFO] ✓ Created: data/Los-Angeles-MIDI/LOCAL_LAMDA/Local_Lamda_midi/midi_guide/c89955c60e042293/song_package.yaml
2025-10-26 14:05:18 [INFO] Backed up existing package to data/Los-Angeles-MIDI/LOCAL_LAMDA/Local_Lamda_midi/midi_guide/c8b7f163be999ac2/song_package.yaml.bak
2025-10-26 14:05:18 [INFO] ✓ Created: data/Los-Angeles-MIDI/LOCAL_LAMDA/Local_Lamda_midi/midi_guide/c8b7f163be999ac2/song_package.yaml
2025-10-26 14:05:18 [INFO] Backed up existing package to data/Los-Angeles-MIDI/LOCAL_LAMDA/Local_Lamda_midi/midi_guide/c8eca84e136dd6f5/song_package.yaml.bak
2025-10-26 14:05:18 [INFO] ✓ Created: data/Los-Angeles-MIDI/LOCAL_LAMDA/Local_Lamda_midi/midi_guide/c8eca84e136dd6f5/song_package.yaml
2025-10-26 14:05:18 [INFO] Backed up existing package to data/Los-Angeles-MIDI/LOCAL_LAMDA/Local_Lamda_midi/midi_guide/c85ca08372b000b1/song_package.yaml.bak
2025-10-26 14:05:18 [INFO] ✓ Created: data/Los-Angeles-MIDI/LOCAL_LAMDA/Local_Lamda_midi/midi_guide/c85ca08372b000b1/song_package.yaml
2025-10-26 14:05:18 [INFO] Backed up existing package to data/Los-Angeles-MIDI/LOCAL_LAMDA/Local_Lamda_midi/midi_guide/c82cc95869dd0f0a/song_package.yaml.bak
2025-10-26 14:05:18 [INFO] ✓ Created: data/Los-Angeles-MIDI/LOCAL_LAMDA/Local_Lamda_midi/midi_guide/c82cc95869dd0f0a/song_package.yaml
2025-10-26 14:05:18 [INFO] Backed up existing package to data/Los-Angeles-MIDI/LOCAL_LAMDA/Local_Lamda_midi/midi_guide/c91dcb9adf2b3097/song_package.yaml.bak
2025-10-26 14:05:18 [INFO] ✓ Created: data/Los-Angeles-MIDI/LOCAL_LAMDA/Local_Lamda_midi/midi_guide/c91dcb9adf2b3097/song_package.yaml
2025-10-26 14:05:18 [INFO] Backed up existing package to data/Los-Angeles-MIDI/LOCAL_LAMDA/Local_Lamda_midi/midi_guide/c9634d67da642f4c/song_package.yaml.bak
2025-10-26 14:05:18 [INFO] ✓ Created: data/Los-Angeles-MIDI/LOCAL_LAMDA/Local_Lamda_midi/midi_guide/c9634d67da642f4c/song_package.yaml
2025-10-26 14:05:18 [INFO] Backed up existing package to data/Los-Angeles-MIDI/LOCAL_LAMDA/Local_Lamda_midi/midi_guide/c96fedf21cb06f06/song_package.yaml.bak
2025-10-26 14:05:18 [INFO] ✓ Created: data/Los-Angeles-MIDI/LOCAL_LAMDA/Local_Lamda_midi/midi_guide/c96fedf21cb06f06/song_package.yaml
2025-10-26 14:05:18 [INFO] Backed up existing package to data/Los-Angeles-MIDI/LOCAL_LAMDA/Local_Lamda_midi/midi_guide/c9ad4113eeeed3df/song_package.yaml.bak
2025-10-26 14:05:18 [INFO] ✓ Created: data/Los-Angeles-MIDI/LOCAL_LAMDA/Local_Lamda_midi/midi_guide/c9ad4113eeeed3df/song_package.yaml
2025-10-26 14:05:18 [INFO] Backed up existing package to data/Los-Angeles-MIDI/LOCAL_LAMDA/Local_Lamda_midi/midi_guide/c97b134e4022d081/song_package.yaml.bak
2025-10-26 14:05:18 [INFO] ✓ Created: data/Los-Angeles-MIDI/LOCAL_LAMDA/Local_Lamda_midi/midi_guide/c97b134e4022d081/song_package.yaml
2025-10-26 14:05:18 [INFO] Backed up existing package to data/Los-Angeles-MIDI/LOCAL_LAMDA/Local_Lamda_midi/midi_guide/c99d5e80de0a5d5a/song_package.yaml.bak
2025-10-26 14:05:18 [INFO] ✓ Created: data/Los-Angeles-MIDI/LOCAL_LAMDA/Local_Lamda_midi/midi_guide/c99d5e80de0a5d5a/song_package.yaml
2025-10-26 14:05:18 [INFO] Backed up existing package to data/Los-Angeles-MIDI/LOCAL_LAMDA/Local_Lamda_midi/midi_guide/c997aba407bc2130/song_package.yaml.bak
2025-10-26 14:05:18 [INFO] ✓ Created: data/Los-Angeles-MIDI/LOCAL_LAMDA/Local_Lamda_midi/midi_guide/c997aba407bc2130/song_package.yaml
2025-10-26 14:05:18 [INFO] Backed up existing package to data/Los-Angeles-MIDI/LOCAL_LAMDA/Local_Lamda_midi/midi_guide/c9f6723cb0da2d0c/song_package.yaml.bak
2025-10-26 14:05:18 [INFO] ✓ Created: data/Los-Angeles-MIDI/LOCAL_LAMDA/Local_Lamda_midi/midi_guide/c9f6723cb0da2d0c/song_package.yaml
2025-10-26 14:05:18 [INFO] Backed up existing package to data/Los-Angeles-MIDI/LOCAL_LAMDA/Local_Lamda_midi/midi_guide/ca6e31b4b5b04d51/song_package.yaml.bak
2025-10-26 14:05:18 [INFO] ✓ Created: data/Los-Angeles-MIDI/LOCAL_LAMDA/Local_Lamda_midi/midi_guide/ca6e31b4b5b04d51/song_package.yaml
2025-10-26 14:05:18 [INFO] Backed up existing package to data/Los-Angeles-MIDI/LOCAL_LAMDA/Local_Lamda_midi/midi_guide/ca75b9d33a1f497e/song_package.yaml.bak
2025-10-26 14:05:18 [INFO] ✓ Created: data/Los-Angeles-MIDI/LOCAL_LAMDA/Local_Lamda_midi/midi_guide/ca75b9d33a1f497e/song_package.yaml
2025-10-26 14:05:18 [INFO] Backed up existing package to data/Los-Angeles-MIDI/LOCAL_LAMDA/Local_Lamda_midi/midi_guide/ca07b7c3a4579a78/song_package.yaml.bak
2025-10-26 14:05:18 [INFO] ✓ Created: data/Los-Angeles-MIDI/LOCAL_LAMDA/Local_Lamda_midi/midi_guide/ca07b7c3a4579a78/song_package.yaml
2025-10-26 14:05:18 [INFO] Backed up existing package to data/Los-Angeles-MIDI/LOCAL_LAMDA/Local_Lamda_midi/midi_guide/c9d4543648229fbe/song_package.yaml.bak
2025-10-26 14:05:18 [INFO] ✓ Created: data/Los-Angeles-MIDI/LOCAL_LAMDA/Local_Lamda_midi/midi_guide/c9d4543648229fbe/song_package.yaml
2025-10-26 14:05:18 [INFO] Backed up existing package to data/Los-Angeles-MIDI/LOCAL_LAMDA/Local_Lamda_midi/midi_guide/cab32da381e2dce5/song_package.yaml.bak
2025-10-26 14:05:18 [INFO] ✓ Created: data/Los-Angeles-MIDI/LOCAL_LAMDA/Local_Lamda_midi/midi_guide/cab32da381e2dce5/song_package.yaml
2025-10-26 14:05:18 [INFO] Backed up existing package to data/Los-Angeles-MIDI/LOCAL_LAMDA/Local_Lamda_midi/midi_guide/cad69e85909594d3/song_package.yaml.bak
2025-10-26 14:05:18 [INFO] ✓ Created: data/Los-Angeles-MIDI/LOCAL_LAMDA/Local_Lamda_midi/midi_guide/cad69e85909594d3/song_package.yaml
2025-10-26 14:05:18 [INFO] Backed up existing package to data/Los-Angeles-MIDI/LOCAL_LAMDA/Local_Lamda_midi/midi_guide/cab0a9ae173a97b4/song_package.yaml.bak
2025-10-26 14:05:18 [INFO] ✓ Created: data/Los-Angeles-MIDI/LOCAL_LAMDA/Local_Lamda_midi/midi_guide/cab0a9ae173a97b4/song_package.yaml
2025-10-26 14:05:18 [INFO] Backed up existing package to data/Los-Angeles-MIDI/LOCAL_LAMDA/Local_Lamda_midi/midi_guide/cab7a3fd51a7b5a0/song_package.yaml.bak
2025-10-26 14:05:18 [INFO] ✓ Created: data/Los-Angeles-MIDI/LOCAL_LAMDA/Local_Lamda_midi/midi_guide/cab7a3fd51a7b5a0/song_package.yaml
2025-10-26 14:05:18 [INFO] Backed up existing package to data/Los-Angeles-MIDI/LOCAL_LAMDA/Local_Lamda_midi/midi_guide/cb062df1ebb069f1/song_package.yaml.bak
2025-10-26 14:05:18 [INFO] ✓ Created: data/Los-Angeles-MIDI/LOCAL_LAMDA/Local_Lamda_midi/midi_guide/cb062df1ebb069f1/song_package.yaml
2025-10-26 14:05:18 [INFO] Backed up existing package to data/Los-Angeles-MIDI/LOCAL_LAMDA/Local_Lamda_midi/midi_guide/cb69d76e93b075b1/song_package.yaml.bak
2025-10-26 14:05:18 [INFO] ✓ Created: data/Los-Angeles-MIDI/LOCAL_LAMDA/Local_Lamda_midi/midi_guide/cb69d76e93b075b1/song_package.yaml
2025-10-26 14:05:18 [INFO] Backed up existing package to data/Los-Angeles-MIDI/LOCAL_LAMDA/Local_Lamda_midi/midi_guide/cb51d17e5da54162/song_package.yaml.bak
2025-10-26 14:05:18 [INFO] ✓ Created: data/Los-Angeles-MIDI/LOCAL_LAMDA/Local_Lamda_midi/midi_guide/cb51d17e5da54162/song_package.yaml
2025-10-26 14:05:18 [INFO] Backed up existing package to data/Los-Angeles-MIDI/LOCAL_LAMDA/Local_Lamda_midi/midi_guide/cb84af12b4a47ec9/song_package.yaml.bak
2025-10-26 14:05:18 [INFO] ✓ Created: data/Los-Angeles-MIDI/LOCAL_LAMDA/Local_Lamda_midi/midi_guide/cb84af12b4a47ec9/song_package.yaml
2025-10-26 14:05:18 [INFO] Backed up existing package to data/Los-Angeles-MIDI/LOCAL_LAMDA/Local_Lamda_midi/midi_guide/cba690ff9766687f/song_package.yaml.bak
2025-10-26 14:05:18 [INFO] ✓ Created: data/Los-Angeles-MIDI/LOCAL_LAMDA/Local_Lamda_midi/midi_guide/cba690ff9766687f/song_package.yaml
2025-10-26 14:05:18 [INFO] Backed up existing package to data/Los-Angeles-MIDI/LOCAL_LAMDA/Local_Lamda_midi/midi_guide/cb88919967303c0f/song_package.yaml.bak
2025-10-26 14:05:18 [INFO] ✓ Created: data/Los-Angeles-MIDI/LOCAL_LAMDA/Local_Lamda_midi/midi_guide/cb88919967303c0f/song_package.yaml
2025-10-26 14:05:18 [INFO] Backed up existing package to data/Los-Angeles-MIDI/LOCAL_LAMDA/Local_Lamda_midi/midi_guide/cb94d92ddd0447ac/song_package.yaml.bak
2025-10-26 14:05:18 [INFO] ✓ Created: data/Los-Angeles-MIDI/LOCAL_LAMDA/Local_Lamda_midi/midi_guide/cb94d92ddd0447ac/song_package.yaml
2025-10-26 14:05:18 [INFO] Backed up existing package to data/Los-Angeles-MIDI/LOCAL_LAMDA/Local_Lamda_midi/midi_guide/cb806bae28087763/song_package.yaml.bak
2025-10-26 14:05:18 [INFO] ✓ Created: data/Los-Angeles-MIDI/LOCAL_LAMDA/Local_Lamda_midi/midi_guide/cb806bae28087763/song_package.yaml
2025-10-26 14:05:18 [INFO] Backed up existing package to data/Los-Angeles-MIDI/LOCAL_LAMDA/Local_Lamda_midi/midi_guide/cba09d44e3926697/song_package.yaml.bak
2025-10-26 14:05:18 [INFO] ✓ Created: data/Los-Angeles-MIDI/LOCAL_LAMDA/Local_Lamda_midi/midi_guide/cba09d44e3926697/song_package.yaml
2025-10-26 14:05:18 [INFO] Backed up existing package to data/Los-Angeles-MIDI/LOCAL_LAMDA/Local_Lamda_midi/midi_guide/cbc3fa79dc207b35/song_package.yaml.bak
2025-10-26 14:05:18 [INFO] ✓ Created: data/Los-Angeles-MIDI/LOCAL_LAMDA/Local_Lamda_midi/midi_guide/cbc3fa79dc207b35/song_package.yaml
2025-10-26 14:05:18 [INFO] Backed up existing package to data/Los-Angeles-MIDI/LOCAL_LAMDA/Local_Lamda_midi/midi_guide/cc652d38c68054eb/song_package.yaml.bak
2025-10-26 14:05:18 [INFO] ✓ Created: data/Los-Angeles-MIDI/LOCAL_LAMDA/Local_Lamda_midi/midi_guide/cc652d38c68054eb/song_package.yaml
2025-10-26 14:05:18 [INFO] Backed up existing package to data/Los-Angeles-MIDI/LOCAL_LAMDA/Local_Lamda_midi/midi_guide/cbc563384f3469c0/song_package.yaml.bak
2025-10-26 14:05:18 [INFO] ✓ Created: data/Los-Angeles-MIDI/LOCAL_LAMDA/Local_Lamda_midi/midi_guide/cbc563384f3469c0/song_package.yaml
2025-10-26 14:05:18 [INFO] Backed up existing package to data/Los-Angeles-MIDI/LOCAL_LAMDA/Local_Lamda_midi/midi_guide/cc85fce64137dc93/song_package.yaml.bak
2025-10-26 14:05:18 [INFO] ✓ Created: data/Los-Angeles-MIDI/LOCAL_LAMDA/Local_Lamda_midi/midi_guide/cc85fce64137dc93/song_package.yaml
2025-10-26 14:05:18 [INFO] Backed up existing package to data/Los-Angeles-MIDI/LOCAL_LAMDA/Local_Lamda_midi/midi_guide/cbf3fdab86537175/song_package.yaml.bak
2025-10-26 14:05:18 [INFO] ✓ Created: data/Los-Angeles-MIDI/LOCAL_LAMDA/Local_Lamda_midi/midi_guide/cbf3fdab86537175/song_package.yaml
2025-10-26 14:05:18 [INFO] Backed up existing package to data/Los-Angeles-MIDI/LOCAL_LAMDA/Local_Lamda_midi/midi_guide/ccade11661c2d8cf/song_package.yaml.bak
2025-10-26 14:05:18 [INFO] ✓ Created: data/Los-Angeles-MIDI/LOCAL_LAMDA/Local_Lamda_midi/midi_guide/ccade11661c2d8cf/song_package.yaml
2025-10-26 14:05:18 [INFO] Backed up existing package to data/Los-Angeles-MIDI/LOCAL_LAMDA/Local_Lamda_midi/midi_guide/cc972fd17331a8d0/song_package.yaml.bak
2025-10-26 14:05:18 [INFO] ✓ Created: data/Los-Angeles-MIDI/LOCAL_LAMDA/Local_Lamda_midi/midi_guide/cc972fd17331a8d0/song_package.yaml
2025-10-26 14:05:18 [INFO] Backed up existing package to data/Los-Angeles-MIDI/LOCAL_LAMDA/Local_Lamda_midi/midi_guide/cceaca893b3f957e/song_package.yaml.bak
2025-10-26 14:05:18 [INFO] ✓ Created: data/Los-Angeles-MIDI/LOCAL_LAMDA/Local_Lamda_midi/midi_guide/cceaca893b3f957e/song_package.yaml
2025-10-26 14:05:18 [INFO] Backed up existing package to data/Los-Angeles-MIDI/LOCAL_LAMDA/Local_Lamda_midi/midi_guide/ccda47227143db2a/song_package.yaml.bak
2025-10-26 14:05:18 [INFO] ✓ Created: data/Los-Angeles-MIDI/LOCAL_LAMDA/Local_Lamda_midi/midi_guide/ccda47227143db2a/song_package.yaml
2025-10-26 14:05:18 [INFO] Backed up existing package to data/Los-Angeles-MIDI/LOCAL_LAMDA/Local_Lamda_midi/midi_guide/ccbab25fd2f9fb10/song_package.yaml.bak
2025-10-26 14:05:18 [INFO] ✓ Created: data/Los-Angeles-MIDI/LOCAL_LAMDA/Local_Lamda_midi/midi_guide/ccbab25fd2f9fb10/song_package.yaml
2025-10-26 14:05:19 [INFO] Backed up existing package to data/Los-Angeles-MIDI/LOCAL_LAMDA/Local_Lamda_midi/midi_guide/cdf94a5b44e953d8/song_package.yaml.bak
2025-10-26 14:05:19 [INFO] ✓ Created: data/Los-Angeles-MIDI/LOCAL_LAMDA/Local_Lamda_midi/midi_guide/cdf94a5b44e953d8/song_package.yaml
2025-10-26 14:05:19 [INFO] Backed up existing package to data/Los-Angeles-MIDI/LOCAL_LAMDA/Local_Lamda_midi/midi_guide/cdb9519ea319fe95/song_package.yaml.bak
2025-10-26 14:05:19 [INFO] ✓ Created: data/Los-Angeles-MIDI/LOCAL_LAMDA/Local_Lamda_midi/midi_guide/cdb9519ea319fe95/song_package.yaml
2025-10-26 14:05:19 [INFO] Backed up existing package to data/Los-Angeles-MIDI/LOCAL_LAMDA/Local_Lamda_midi/midi_guide/cde30b514f138c91/song_package.yaml.bak
2025-10-26 14:05:19 [INFO] ✓ Created: data/Los-Angeles-MIDI/LOCAL_LAMDA/Local_Lamda_midi/midi_guide/cde30b514f138c91/song_package.yaml
2025-10-26 14:05:19 [INFO] Backed up existing package to data/Los-Angeles-MIDI/LOCAL_LAMDA/Local_Lamda_midi/midi_guide/cde8e3ce74a6af1c/song_package.yaml.bak
2025-10-26 14:05:19 [INFO] ✓ Created: data/Los-Angeles-MIDI/LOCAL_LAMDA/Local_Lamda_midi/midi_guide/cde8e3ce74a6af1c/song_package.yaml
2025-10-26 14:05:19 [INFO] Backed up existing package to data/Los-Angeles-MIDI/LOCAL_LAMDA/Local_Lamda_midi/midi_guide/ce44b5c869756f44/song_package.yaml.bak
2025-10-26 14:05:19 [INFO] ✓ Created: data/Los-Angeles-MIDI/LOCAL_LAMDA/Local_Lamda_midi/midi_guide/ce44b5c869756f44/song_package.yaml
2025-10-26 14:05:19 [INFO] Backed up existing package to data/Los-Angeles-MIDI/LOCAL_LAMDA/Local_Lamda_midi/midi_guide/ce3debbad95d10cb/song_package.yaml.bak
2025-10-26 14:05:19 [INFO] ✓ Created: data/Los-Angeles-MIDI/LOCAL_LAMDA/Local_Lamda_midi/midi_guide/ce3debbad95d10cb/song_package.yaml
2025-10-26 14:05:19 [INFO] Backed up existing package to data/Los-Angeles-MIDI/LOCAL_LAMDA/Local_Lamda_midi/midi_guide/ce46cbba41981075/song_package.yaml.bak
2025-10-26 14:05:19 [INFO] ✓ Created: data/Los-Angeles-MIDI/LOCAL_LAMDA/Local_Lamda_midi/midi_guide/ce46cbba41981075/song_package.yaml
2025-10-26 14:05:19 [INFO] Backed up existing package to data/Los-Angeles-MIDI/LOCAL_LAMDA/Local_Lamda_midi/midi_guide/ceb26244d972ba1b/song_package.yaml.bak
2025-10-26 14:05:19 [INFO] ✓ Created: data/Los-Angeles-MIDI/LOCAL_LAMDA/Local_Lamda_midi/midi_guide/ceb26244d972ba1b/song_package.yaml
2025-10-26 14:05:19 [INFO] Backed up existing package to data/Los-Angeles-MIDI/LOCAL_LAMDA/Local_Lamda_midi/midi_guide/cea6287900fd2038/song_package.yaml.bak
2025-10-26 14:05:19 [INFO] ✓ Created: data/Los-Angeles-MIDI/LOCAL_LAMDA/Local_Lamda_midi/midi_guide/cea6287900fd2038/song_package.yaml
2025-10-26 14:05:19 [INFO] Backed up existing package to data/Los-Angeles-MIDI/LOCAL_LAMDA/Local_Lamda_midi/midi_guide/cec7cc197365b69a/song_package.yaml.bak
2025-10-26 14:05:19 [INFO] ✓ Created: data/Los-Angeles-MIDI/LOCAL_LAMDA/Local_Lamda_midi/midi_guide/cec7cc197365b69a/song_package.yaml
2025-10-26 14:05:19 [INFO] Backed up existing package to data/Los-Angeles-MIDI/LOCAL_LAMDA/Local_Lamda_midi/midi_guide/cef31d080765b377/song_package.yaml.bak
2025-10-26 14:05:19 [INFO] ✓ Created: data/Los-Angeles-MIDI/LOCAL_LAMDA/Local_Lamda_midi/midi_guide/cef31d080765b377/song_package.yaml
2025-10-26 14:05:19 [INFO] Backed up existing package to data/Los-Angeles-MIDI/LOCAL_LAMDA/Local_Lamda_midi/midi_guide/ce83887bc4c22808/song_package.yaml.bak
2025-10-26 14:05:19 [INFO] ✓ Created: data/Los-Angeles-MIDI/LOCAL_LAMDA/Local_Lamda_midi/midi_guide/ce83887bc4c22808/song_package.yaml
2025-10-26 14:05:19 [INFO] Backed up existing package to data/Los-Angeles-MIDI/LOCAL_LAMDA/Local_Lamda_midi/midi_guide/cedfa462ddacdb96/song_package.yaml.bak
2025-10-26 14:05:19 [INFO] ✓ Created: data/Los-Angeles-MIDI/LOCAL_LAMDA/Local_Lamda_midi/midi_guide/cedfa462ddacdb96/song_package.yaml
2025-10-26 14:05:19 [INFO] Backed up existing package to data/Los-Angeles-MIDI/LOCAL_LAMDA/Local_Lamda_midi/midi_guide/cf022d761f51efc1/song_package.yaml.bak
2025-10-26 14:05:19 [INFO] ✓ Created: data/Los-Angeles-MIDI/LOCAL_LAMDA/Local_Lamda_midi/midi_guide/cf022d761f51efc1/song_package.yaml
2025-10-26 14:05:19 [INFO] Backed up existing package to data/Los-Angeles-MIDI/LOCAL_LAMDA/Local_Lamda_midi/midi_guide/cf0359ce7795b1a9/song_package.yaml.bak
2025-10-26 14:05:19 [INFO] ✓ Created: data/Los-Angeles-MIDI/LOCAL_LAMDA/Local_Lamda_midi/midi_guide/cf0359ce7795b1a9/song_package.yaml
2025-10-26 14:05:19 [INFO] Backed up existing package to data/Los-Angeles-MIDI/LOCAL_LAMDA/Local_Lamda_midi/midi_guide/cf75673507b0e5bb/song_package.yaml.bak
2025-10-26 14:05:19 [INFO] ✓ Created: data/Los-Angeles-MIDI/LOCAL_LAMDA/Local_Lamda_midi/midi_guide/cf75673507b0e5bb/song_package.yaml
2025-10-26 14:05:19 [INFO] Backed up existing package to data/Los-Angeles-MIDI/LOCAL_LAMDA/Local_Lamda_midi/midi_guide/cf474e9defb9b420/song_package.yaml.bak
2025-10-26 14:05:19 [INFO] ✓ Created: data/Los-Angeles-MIDI/LOCAL_LAMDA/Local_Lamda_midi/midi_guide/cf474e9defb9b420/song_package.yaml
2025-10-26 14:05:19 [INFO] Backed up existing package to data/Los-Angeles-MIDI/LOCAL_LAMDA/Local_Lamda_midi/midi_guide/cf65d5dc4ea0b6a8/song_package.yaml.bak
2025-10-26 14:05:19 [INFO] ✓ Created: data/Los-Angeles-MIDI/LOCAL_LAMDA/Local_Lamda_midi/midi_guide/cf65d5dc4ea0b6a8/song_package.yaml
2025-10-26 14:05:19 [INFO] Backed up existing package to data/Los-Angeles-MIDI/LOCAL_LAMDA/Local_Lamda_midi/midi_guide/cfb12a2cb96589c3/song_package.yaml.bak
2025-10-26 14:05:19 [INFO] ✓ Created: data/Los-Angeles-MIDI/LOCAL_LAMDA/Local_Lamda_midi/midi_guide/cfb12a2cb96589c3/song_package.yaml
2025-10-26 14:05:19 [INFO] Backed up existing package to data/Los-Angeles-MIDI/LOCAL_LAMDA/Local_Lamda_midi/midi_guide/cebe5db16bd90bb5/song_package.yaml.bak
2025-10-26 14:05:19 [INFO] ✓ Created: data/Los-Angeles-MIDI/LOCAL_LAMDA/Local_Lamda_midi/midi_guide/cebe5db16bd90bb5/song_package.yaml
2025-10-26 14:05:19 [INFO] Backed up existing package to data/Los-Angeles-MIDI/LOCAL_LAMDA/Local_Lamda_midi/midi_guide/cfc5bb24877e902e/song_package.yaml.bak
2025-10-26 14:05:19 [INFO] ✓ Created: data/Los-Angeles-MIDI/LOCAL_LAMDA/Local_Lamda_midi/midi_guide/cfc5bb24877e902e/song_package.yaml
2025-10-26 14:05:19 [INFO] Backed up existing package to data/Los-Angeles-MIDI/LOCAL_LAMDA/Local_Lamda_midi/midi_guide/d012b8a18f16d257/song_package.yaml.bak
2025-10-26 14:05:19 [INFO] ✓ Created: data/Los-Angeles-MIDI/LOCAL_LAMDA/Local_Lamda_midi/midi_guide/d012b8a18f16d257/song_package.yaml
2025-10-26 14:05:19 [INFO] Backed up existing package to data/Los-Angeles-MIDI/LOCAL_LAMDA/Local_Lamda_midi/midi_guide/d059b5609ac21931/song_package.yaml.bak
2025-10-26 14:05:19 [INFO] ✓ Created: data/Los-Angeles-MIDI/LOCAL_LAMDA/Local_Lamda_midi/midi_guide/d059b5609ac21931/song_package.yaml
2025-10-26 14:05:19 [INFO] Backed up existing package to data/Los-Angeles-MIDI/LOCAL_LAMDA/Local_Lamda_midi/midi_guide/d0429f5a8fce731c/song_package.yaml.bak
2025-10-26 14:05:19 [INFO] ✓ Created: data/Los-Angeles-MIDI/LOCAL_LAMDA/Local_Lamda_midi/midi_guide/d0429f5a8fce731c/song_package.yaml
2025-10-26 14:05:19 [INFO] Backed up existing package to data/Los-Angeles-MIDI/LOCAL_LAMDA/Local_Lamda_midi/midi_guide/d0400dce7f6f90cb/song_package.yaml.bak
2025-10-26 14:05:19 [INFO] ✓ Created: data/Los-Angeles-MIDI/LOCAL_LAMDA/Local_Lamda_midi/midi_guide/d0400dce7f6f90cb/song_package.yaml
2025-10-26 14:05:19 [INFO] Backed up existing package to data/Los-Angeles-MIDI/LOCAL_LAMDA/Local_Lamda_midi/midi_guide/d0a6c4aa2cec20f7/song_package.yaml.bak
2025-10-26 14:05:19 [INFO] ✓ Created: data/Los-Angeles-MIDI/LOCAL_LAMDA/Local_Lamda_midi/midi_guide/d0a6c4aa2cec20f7/song_package.yaml
2025-10-26 14:05:19 [INFO] Backed up existing package to data/Los-Angeles-MIDI/LOCAL_LAMDA/Local_Lamda_midi/midi_guide/d0afa86ee3bf0fae/song_package.yaml.bak
2025-10-26 14:05:19 [INFO] ✓ Created: data/Los-Angeles-MIDI/LOCAL_LAMDA/Local_Lamda_midi/midi_guide/d0afa86ee3bf0fae/song_package.yaml
2025-10-26 14:05:19 [INFO] Backed up existing package to data/Los-Angeles-MIDI/LOCAL_LAMDA/Local_Lamda_midi/midi_guide/d06a7bf7a01f61ab/song_package.yaml.bak
2025-10-26 14:05:19 [INFO] ✓ Created: data/Los-Angeles-MIDI/LOCAL_LAMDA/Local_Lamda_midi/midi_guide/d06a7bf7a01f61ab/song_package.yaml
2025-10-26 14:05:19 [INFO] Backed up existing package to data/Los-Angeles-MIDI/LOCAL_LAMDA/Local_Lamda_midi/midi_guide/d01674cfd1c710db/song_package.yaml.bak
2025-10-26 14:05:19 [INFO] ✓ Created: data/Los-Angeles-MIDI/LOCAL_LAMDA/Local_Lamda_midi/midi_guide/d01674cfd1c710db/song_package.yaml
2025-10-26 14:05:19 [INFO] Backed up existing package to data/Los-Angeles-MIDI/LOCAL_LAMDA/Local_Lamda_midi/midi_guide/d0bff2f5078624be/song_package.yaml.bak
2025-10-26 14:05:19 [INFO] ✓ Created: data/Los-Angeles-MIDI/LOCAL_LAMDA/Local_Lamda_midi/midi_guide/d0bff2f5078624be/song_package.yaml
2025-10-26 14:05:19 [INFO] Backed up existing package to data/Los-Angeles-MIDI/LOCAL_LAMDA/Local_Lamda_midi/midi_guide/d073aee42ebfc386/song_package.yaml.bak
2025-10-26 14:05:19 [INFO] ✓ Created: data/Los-Angeles-MIDI/LOCAL_LAMDA/Local_Lamda_midi/midi_guide/d073aee42ebfc386/song_package.yaml
2025-10-26 14:05:19 [INFO] Backed up existing package to data/Los-Angeles-MIDI/LOCAL_LAMDA/Local_Lamda_midi/midi_guide/d0f00f5bffa1fef2/song_package.yaml.bak
2025-10-26 14:05:19 [INFO] ✓ Created: data/Los-Angeles-MIDI/LOCAL_LAMDA/Local_Lamda_midi/midi_guide/d0f00f5bffa1fef2/song_package.yaml
2025-10-26 14:05:19 [INFO] Backed up existing package to data/Los-Angeles-MIDI/LOCAL_LAMDA/Local_Lamda_midi/midi_guide/d0f216364351cc18/song_package.yaml.bak
2025-10-26 14:05:19 [INFO] ✓ Created: data/Los-Angeles-MIDI/LOCAL_LAMDA/Local_Lamda_midi/midi_guide/d0f216364351cc18/song_package.yaml
2025-10-26 14:05:19 [INFO] Backed up existing package to data/Los-Angeles-MIDI/LOCAL_LAMDA/Local_Lamda_midi/midi_guide/d13b608cdbe88e0d/song_package.yaml.bak
2025-10-26 14:05:19 [INFO] ✓ Created: data/Los-Angeles-MIDI/LOCAL_LAMDA/Local_Lamda_midi/midi_guide/d13b608cdbe88e0d/song_package.yaml
2025-10-26 14:05:19 [INFO] Backed up existing package to data/Los-Angeles-MIDI/LOCAL_LAMDA/Local_Lamda_midi/midi_guide/d13731f4bc5f9b88/song_package.yaml.bak
2025-10-26 14:05:19 [INFO] ✓ Created: data/Los-Angeles-MIDI/LOCAL_LAMDA/Local_Lamda_midi/midi_guide/d13731f4bc5f9b88/song_package.yaml
2025-10-26 14:05:19 [INFO] Backed up existing package to data/Los-Angeles-MIDI/LOCAL_LAMDA/Local_Lamda_midi/midi_guide/d181f4da4c198a66/song_package.yaml.bak
2025-10-26 14:05:19 [INFO] ✓ Created: data/Los-Angeles-MIDI/LOCAL_LAMDA/Local_Lamda_midi/midi_guide/d181f4da4c198a66/song_package.yaml
2025-10-26 14:05:19 [INFO] Backed up existing package to data/Los-Angeles-MIDI/LOCAL_LAMDA/Local_Lamda_midi/midi_guide/d18e5394388aec8b/song_package.yaml.bak
2025-10-26 14:05:19 [INFO] ✓ Created: data/Los-Angeles-MIDI/LOCAL_LAMDA/Local_Lamda_midi/midi_guide/d18e5394388aec8b/song_package.yaml
2025-10-26 14:05:20 [INFO] Backed up existing package to data/Los-Angeles-MIDI/LOCAL_LAMDA/Local_Lamda_midi/midi_guide/d1cafd3fa04684f7/song_package.yaml.bak
2025-10-26 14:05:20 [INFO] ✓ Created: data/Los-Angeles-MIDI/LOCAL_LAMDA/Local_Lamda_midi/midi_guide/d1cafd3fa04684f7/song_package.yaml
2025-10-26 14:05:20 [INFO] Backed up existing package to data/Los-Angeles-MIDI/LOCAL_LAMDA/Local_Lamda_midi/midi_guide/d1de52bf58ec82b1/song_package.yaml.bak
2025-10-26 14:05:20 [INFO] ✓ Created: data/Los-Angeles-MIDI/LOCAL_LAMDA/Local_Lamda_midi/midi_guide/d1de52bf58ec82b1/song_package.yaml
2025-10-26 14:05:20 [INFO] Backed up existing package to data/Los-Angeles-MIDI/LOCAL_LAMDA/Local_Lamda_midi/midi_guide/d1d9300409097ddc/song_package.yaml.bak
2025-10-26 14:05:20 [INFO] ✓ Created: data/Los-Angeles-MIDI/LOCAL_LAMDA/Local_Lamda_midi/midi_guide/d1d9300409097ddc/song_package.yaml
2025-10-26 14:05:20 [INFO] Backed up existing package to data/Los-Angeles-MIDI/LOCAL_LAMDA/Local_Lamda_midi/midi_guide/d1bc872a4ddefa61/song_package.yaml.bak
2025-10-26 14:05:20 [INFO] ✓ Created: data/Los-Angeles-MIDI/LOCAL_LAMDA/Local_Lamda_midi/midi_guide/d1bc872a4ddefa61/song_package.yaml
2025-10-26 14:05:20 [INFO] Backed up existing package to data/Los-Angeles-MIDI/LOCAL_LAMDA/Local_Lamda_midi/midi_guide/d1eaf5df914ffe10/song_package.yaml.bak
2025-10-26 14:05:20 [INFO] ✓ Created: data/Los-Angeles-MIDI/LOCAL_LAMDA/Local_Lamda_midi/midi_guide/d1eaf5df914ffe10/song_package.yaml
2025-10-26 14:05:20 [INFO] Backed up existing package to data/Los-Angeles-MIDI/LOCAL_LAMDA/Local_Lamda_midi/midi_guide/d1ee8273b2bef056/song_package.yaml.bak
2025-10-26 14:05:20 [INFO] ✓ Created: data/Los-Angeles-MIDI/LOCAL_LAMDA/Local_Lamda_midi/midi_guide/d1ee8273b2bef056/song_package.yaml
2025-10-26 14:05:20 [INFO] Backed up existing package to data/Los-Angeles-MIDI/LOCAL_LAMDA/Local_Lamda_midi/midi_guide/d218880d57187d58/song_package.yaml.bak
2025-10-26 14:05:20 [INFO] ✓ Created: data/Los-Angeles-MIDI/LOCAL_LAMDA/Local_Lamda_midi/midi_guide/d218880d57187d58/song_package.yaml
2025-10-26 14:05:20 [INFO] Backed up existing package to data/Los-Angeles-MIDI/LOCAL_LAMDA/Local_Lamda_midi/midi_guide/d21c53961278b3ad/song_package.yaml.bak
2025-10-26 14:05:20 [INFO] ✓ Created: data/Los-Angeles-MIDI/LOCAL_LAMDA/Local_Lamda_midi/midi_guide/d21c53961278b3ad/song_package.yaml
2025-10-26 14:05:20 [INFO] Backed up existing package to data/Los-Angeles-MIDI/LOCAL_LAMDA/Local_Lamda_midi/midi_guide/d2c8e7da09ad828d/song_package.yaml.bak
2025-10-26 14:05:20 [INFO] ✓ Created: data/Los-Angeles-MIDI/LOCAL_LAMDA/Local_Lamda_midi/midi_guide/d2c8e7da09ad828d/song_package.yaml
2025-10-26 14:05:20 [INFO] Backed up existing package to data/Los-Angeles-MIDI/LOCAL_LAMDA/Local_Lamda_midi/midi_guide/d177fcd5c817ad0e/song_package.yaml.bak
2025-10-26 14:05:20 [INFO] ✓ Created: data/Los-Angeles-MIDI/LOCAL_LAMDA/Local_Lamda_midi/midi_guide/d177fcd5c817ad0e/song_package.yaml
2025-10-26 14:05:20 [INFO] Backed up existing package to data/Los-Angeles-MIDI/LOCAL_LAMDA/Local_Lamda_midi/midi_guide/d1ee425d63fcd268/song_package.yaml.bak
2025-10-26 14:05:20 [INFO] ✓ Created: data/Los-Angeles-MIDI/LOCAL_LAMDA/Local_Lamda_midi/midi_guide/d1ee425d63fcd268/song_package.yaml
2025-10-26 14:05:20 [INFO] Backed up existing package to data/Los-Angeles-MIDI/LOCAL_LAMDA/Local_Lamda_midi/midi_guide/d2c13bfaa6315132/song_package.yaml.bak
2025-10-26 14:05:20 [INFO] ✓ Created: data/Los-Angeles-MIDI/LOCAL_LAMDA/Local_Lamda_midi/midi_guide/d2c13bfaa6315132/song_package.yaml
2025-10-26 14:05:20 [INFO] Backed up existing package to data/Los-Angeles-MIDI/LOCAL_LAMDA/Local_Lamda_midi/midi_guide/d2d4192f3ea35e7b/song_package.yaml.bak
2025-10-26 14:05:20 [INFO] ✓ Created: data/Los-Angeles-MIDI/LOCAL_LAMDA/Local_Lamda_midi/midi_guide/d2d4192f3ea35e7b/song_package.yaml
2025-10-26 14:05:20 [INFO] Backed up existing package to data/Los-Angeles-MIDI/LOCAL_LAMDA/Local_Lamda_midi/midi_guide/d12f0dbd2dfbf2ed/song_package.yaml.bak
2025-10-26 14:05:20 [INFO] ✓ Created: data/Los-Angeles-MIDI/LOCAL_LAMDA/Local_Lamda_midi/midi_guide/d12f0dbd2dfbf2ed/song_package.yaml
2025-10-26 14:05:20 [INFO] Backed up existing package to data/Los-Angeles-MIDI/LOCAL_LAMDA/Local_Lamda_midi/midi_guide/d2dc465034eed731/song_package.yaml.bak
2025-10-26 14:05:20 [INFO] ✓ Created: data/Los-Angeles-MIDI/LOCAL_LAMDA/Local_Lamda_midi/midi_guide/d2dc465034eed731/song_package.yaml
2025-10-26 14:05:20 [INFO] Backed up existing package to data/Los-Angeles-MIDI/LOCAL_LAMDA/Local_Lamda_midi/midi_guide/d2ccf720db08e007/song_package.yaml.bak
2025-10-26 14:05:20 [INFO] ✓ Created: data/Los-Angeles-MIDI/LOCAL_LAMDA/Local_Lamda_midi/midi_guide/d2ccf720db08e007/song_package.yaml
2025-10-26 14:05:20 [INFO] Backed up existing package to data/Los-Angeles-MIDI/LOCAL_LAMDA/Local_Lamda_midi/midi_guide/d2dce66046cee04f/song_package.yaml.bak
2025-10-26 14:05:20 [INFO] ✓ Created: data/Los-Angeles-MIDI/LOCAL_LAMDA/Local_Lamda_midi/midi_guide/d2dce66046cee04f/song_package.yaml
2025-10-26 14:05:20 [INFO] Backed up existing package to data/Los-Angeles-MIDI/LOCAL_LAMDA/Local_Lamda_midi/midi_guide/d2e845a4b1aa60d1/song_package.yaml.bak
2025-10-26 14:05:20 [INFO] ✓ Created: data/Los-Angeles-MIDI/LOCAL_LAMDA/Local_Lamda_midi/midi_guide/d2e845a4b1aa60d1/song_package.yaml
2025-10-26 14:05:20 [INFO] Backed up existing package to data/Los-Angeles-MIDI/LOCAL_LAMDA/Local_Lamda_midi/midi_guide/d32df1c3d752a03a/song_package.yaml.bak
2025-10-26 14:05:20 [INFO] ✓ Created: data/Los-Angeles-MIDI/LOCAL_LAMDA/Local_Lamda_midi/midi_guide/d32df1c3d752a03a/song_package.yaml
2025-10-26 14:05:20 [INFO] Backed up existing package to data/Los-Angeles-MIDI/LOCAL_LAMDA/Local_Lamda_midi/midi_guide/d2f05b7532f89378/song_package.yaml.bak
2025-10-26 14:05:20 [INFO] ✓ Created: data/Los-Angeles-MIDI/LOCAL_LAMDA/Local_Lamda_midi/midi_guide/d2f05b7532f89378/song_package.yaml
2025-10-26 14:05:20 [INFO] Backed up existing package to data/Los-Angeles-MIDI/LOCAL_LAMDA/Local_Lamda_midi/midi_guide/d34c433226a840b2/song_package.yaml.bak
2025-10-26 14:05:20 [INFO] ✓ Created: data/Los-Angeles-MIDI/LOCAL_LAMDA/Local_Lamda_midi/midi_guide/d34c433226a840b2/song_package.yaml
2025-10-26 14:05:20 [INFO] Backed up existing package to data/Los-Angeles-MIDI/LOCAL_LAMDA/Local_Lamda_midi/midi_guide/d3586923742537bf/song_package.yaml.bak
2025-10-26 14:05:20 [INFO] ✓ Created: data/Los-Angeles-MIDI/LOCAL_LAMDA/Local_Lamda_midi/midi_guide/d3586923742537bf/song_package.yaml
2025-10-26 14:05:20 [INFO] Backed up existing package to data/Los-Angeles-MIDI/LOCAL_LAMDA/Local_Lamda_midi/midi_guide/d3640ed5b57c15d6/song_package.yaml.bak
2025-10-26 14:05:20 [INFO] ✓ Created: data/Los-Angeles-MIDI/LOCAL_LAMDA/Local_Lamda_midi/midi_guide/d3640ed5b57c15d6/song_package.yaml
2025-10-26 14:05:20 [INFO] Backed up existing package to data/Los-Angeles-MIDI/LOCAL_LAMDA/Local_Lamda_midi/midi_guide/d3366c3c8c934dd2/song_package.yaml.bak
2025-10-26 14:05:20 [INFO] ✓ Created: data/Los-Angeles-MIDI/LOCAL_LAMDA/Local_Lamda_midi/midi_guide/d3366c3c8c934dd2/song_package.yaml
2025-10-26 14:05:20 [INFO] Backed up existing package to data/Los-Angeles-MIDI/LOCAL_LAMDA/Local_Lamda_midi/midi_guide/d37a6a8bef23a9b2/song_package.yaml.bak
2025-10-26 14:05:20 [INFO] ✓ Created: data/Los-Angeles-MIDI/LOCAL_LAMDA/Local_Lamda_midi/midi_guide/d37a6a8bef23a9b2/song_package.yaml
2025-10-26 14:05:20 [INFO] Backed up existing package to data/Los-Angeles-MIDI/LOCAL_LAMDA/Local_Lamda_midi/midi_guide/d39fbf63a7b1be8c/song_package.yaml.bak
2025-10-26 14:05:20 [INFO] ✓ Created: data/Los-Angeles-MIDI/LOCAL_LAMDA/Local_Lamda_midi/midi_guide/d39fbf63a7b1be8c/song_package.yaml
2025-10-26 14:05:20 [INFO] Backed up existing package to data/Los-Angeles-MIDI/LOCAL_LAMDA/Local_Lamda_midi/midi_guide/d371862d496b2518/song_package.yaml.bak
2025-10-26 14:05:20 [INFO] ✓ Created: data/Los-Angeles-MIDI/LOCAL_LAMDA/Local_Lamda_midi/midi_guide/d371862d496b2518/song_package.yaml
2025-10-26 14:05:20 [INFO] Backed up existing package to data/Los-Angeles-MIDI/LOCAL_LAMDA/Local_Lamda_midi/midi_guide/d3919fe9b44123b4/song_package.yaml.bak
2025-10-26 14:05:20 [INFO] ✓ Created: data/Los-Angeles-MIDI/LOCAL_LAMDA/Local_Lamda_midi/midi_guide/d3919fe9b44123b4/song_package.yaml
2025-10-26 14:05:20 [INFO] Backed up existing package to data/Los-Angeles-MIDI/LOCAL_LAMDA/Local_Lamda_midi/midi_guide/d3bb6c9f42126537/song_package.yaml.bak
2025-10-26 14:05:20 [INFO] ✓ Created: data/Los-Angeles-MIDI/LOCAL_LAMDA/Local_Lamda_midi/midi_guide/d3bb6c9f42126537/song_package.yaml
2025-10-26 14:05:20 [INFO] Backed up existing package to data/Los-Angeles-MIDI/LOCAL_LAMDA/Local_Lamda_midi/midi_guide/d3d0ce19d86a92d6/song_package.yaml.bak
2025-10-26 14:05:20 [INFO] ✓ Created: data/Los-Angeles-MIDI/LOCAL_LAMDA/Local_Lamda_midi/midi_guide/d3d0ce19d86a92d6/song_package.yaml
2025-10-26 14:05:20 [INFO] Backed up existing package to data/Los-Angeles-MIDI/LOCAL_LAMDA/Local_Lamda_midi/midi_guide/d3e3f4a5767f211c/song_package.yaml.bak
2025-10-26 14:05:20 [INFO] ✓ Created: data/Los-Angeles-MIDI/LOCAL_LAMDA/Local_Lamda_midi/midi_guide/d3e3f4a5767f211c/song_package.yaml
2025-10-26 14:05:20 [INFO] Backed up existing package to data/Los-Angeles-MIDI/LOCAL_LAMDA/Local_Lamda_midi/midi_guide/d3b0190910bdea94/song_package.yaml.bak
2025-10-26 14:05:20 [INFO] ✓ Created: data/Los-Angeles-MIDI/LOCAL_LAMDA/Local_Lamda_midi/midi_guide/d3b0190910bdea94/song_package.yaml
2025-10-26 14:05:20 [INFO] Backed up existing package to data/Los-Angeles-MIDI/LOCAL_LAMDA/Local_Lamda_midi/midi_guide/d4160ad5670650ab/song_package.yaml.bak
2025-10-26 14:05:20 [INFO] ✓ Created: data/Los-Angeles-MIDI/LOCAL_LAMDA/Local_Lamda_midi/midi_guide/d4160ad5670650ab/song_package.yaml
2025-10-26 14:05:20 [INFO] Backed up existing package to data/Los-Angeles-MIDI/LOCAL_LAMDA/Local_Lamda_midi/midi_guide/d3e741ddae0221cc/song_package.yaml.bak
2025-10-26 14:05:20 [INFO] ✓ Created: data/Los-Angeles-MIDI/LOCAL_LAMDA/Local_Lamda_midi/midi_guide/d3e741ddae0221cc/song_package.yaml
2025-10-26 14:05:20 [INFO] Backed up existing package to data/Los-Angeles-MIDI/LOCAL_LAMDA/Local_Lamda_midi/midi_guide/d40fc5859a0d1376/song_package.yaml.bak
2025-10-26 14:05:20 [INFO] ✓ Created: data/Los-Angeles-MIDI/LOCAL_LAMDA/Local_Lamda_midi/midi_guide/d40fc5859a0d1376/song_package.yaml
2025-10-26 14:05:20 [INFO] Backed up existing package to data/Los-Angeles-MIDI/LOCAL_LAMDA/Local_Lamda_midi/midi_guide/d43fc642c4c37439/song_package.yaml.bak
2025-10-26 14:05:20 [INFO] ✓ Created: data/Los-Angeles-MIDI/LOCAL_LAMDA/Local_Lamda_midi/midi_guide/d43fc642c4c37439/song_package.yaml
2025-10-26 14:05:20 [INFO] Backed up existing package to data/Los-Angeles-MIDI/LOCAL_LAMDA/Local_Lamda_midi/midi_guide/d445d8bf024eab23/song_package.yaml.bak
2025-10-26 14:05:20 [INFO] ✓ Created: data/Los-Angeles-MIDI/LOCAL_LAMDA/Local_Lamda_midi/midi_guide/d445d8bf024eab23/song_package.yaml
2025-10-26 14:05:20 [INFO] Backed up existing package to data/Los-Angeles-MIDI/LOCAL_LAMDA/Local_Lamda_midi/midi_guide/d50bca3d61c0d251/song_package.yaml.bak
2025-10-26 14:05:20 [INFO] ✓ Created: data/Los-Angeles-MIDI/LOCAL_LAMDA/Local_Lamda_midi/midi_guide/d50bca3d61c0d251/song_package.yaml
2025-10-26 14:05:20 [INFO] Backed up existing package to data/Los-Angeles-MIDI/LOCAL_LAMDA/Local_Lamda_midi/midi_guide/d57c20a03e1f98af/song_package.yaml.bak
2025-10-26 14:05:20 [INFO] ✓ Created: data/Los-Angeles-MIDI/LOCAL_LAMDA/Local_Lamda_midi/midi_guide/d57c20a03e1f98af/song_package.yaml
2025-10-26 14:05:21 [INFO] Backed up existing package to data/Los-Angeles-MIDI/LOCAL_LAMDA/Local_Lamda_midi/midi_guide/d57d27f4e4a95838/song_package.yaml.bak
2025-10-26 14:05:21 [INFO] ✓ Created: data/Los-Angeles-MIDI/LOCAL_LAMDA/Local_Lamda_midi/midi_guide/d57d27f4e4a95838/song_package.yaml
2025-10-26 14:05:21 [INFO] Backed up existing package to data/Los-Angeles-MIDI/LOCAL_LAMDA/Local_Lamda_midi/midi_guide/d5da3722983c8285/song_package.yaml.bak
2025-10-26 14:05:21 [INFO] ✓ Created: data/Los-Angeles-MIDI/LOCAL_LAMDA/Local_Lamda_midi/midi_guide/d5da3722983c8285/song_package.yaml
2025-10-26 14:05:21 [INFO] Backed up existing package to data/Los-Angeles-MIDI/LOCAL_LAMDA/Local_Lamda_midi/midi_guide/d4699e538c47d2d6/song_package.yaml.bak
2025-10-26 14:05:21 [INFO] ✓ Created: data/Los-Angeles-MIDI/LOCAL_LAMDA/Local_Lamda_midi/midi_guide/d4699e538c47d2d6/song_package.yaml
2025-10-26 14:05:21 [INFO] Backed up existing package to data/Los-Angeles-MIDI/LOCAL_LAMDA/Local_Lamda_midi/midi_guide/d54043ee58e33371/song_package.yaml.bak
2025-10-26 14:05:21 [INFO] ✓ Created: data/Los-Angeles-MIDI/LOCAL_LAMDA/Local_Lamda_midi/midi_guide/d54043ee58e33371/song_package.yaml
2025-10-26 14:05:21 [INFO] Backed up existing package to data/Los-Angeles-MIDI/LOCAL_LAMDA/Local_Lamda_midi/midi_guide/d5f8019c102d4cb5/song_package.yaml.bak
2025-10-26 14:05:21 [INFO] ✓ Created: data/Los-Angeles-MIDI/LOCAL_LAMDA/Local_Lamda_midi/midi_guide/d5f8019c102d4cb5/song_package.yaml
2025-10-26 14:05:21 [INFO] Backed up existing package to data/Los-Angeles-MIDI/LOCAL_LAMDA/Local_Lamda_midi/midi_guide/d5d3761b34a34b9e/song_package.yaml.bak
2025-10-26 14:05:21 [INFO] ✓ Created: data/Los-Angeles-MIDI/LOCAL_LAMDA/Local_Lamda_midi/midi_guide/d5d3761b34a34b9e/song_package.yaml
2025-10-26 14:05:21 [INFO] Backed up existing package to data/Los-Angeles-MIDI/LOCAL_LAMDA/Local_Lamda_midi/midi_guide/d6294e2f3a658d97/song_package.yaml.bak
2025-10-26 14:05:21 [INFO] ✓ Created: data/Los-Angeles-MIDI/LOCAL_LAMDA/Local_Lamda_midi/midi_guide/d6294e2f3a658d97/song_package.yaml
2025-10-26 14:05:21 [INFO] Backed up existing package to data/Los-Angeles-MIDI/LOCAL_LAMDA/Local_Lamda_midi/midi_guide/d506ef905ecabda5/song_package.yaml.bak
2025-10-26 14:05:21 [INFO] ✓ Created: data/Los-Angeles-MIDI/LOCAL_LAMDA/Local_Lamda_midi/midi_guide/d506ef905ecabda5/song_package.yaml
2025-10-26 14:05:21 [INFO] Backed up existing package to data/Los-Angeles-MIDI/LOCAL_LAMDA/Local_Lamda_midi/midi_guide/d628a8b5f3caa454/song_package.yaml.bak
2025-10-26 14:05:21 [INFO] ✓ Created: data/Los-Angeles-MIDI/LOCAL_LAMDA/Local_Lamda_midi/midi_guide/d628a8b5f3caa454/song_package.yaml
2025-10-26 14:05:21 [INFO] Backed up existing package to data/Los-Angeles-MIDI/LOCAL_LAMDA/Local_Lamda_midi/midi_guide/d64fe5b765bf0eb3/song_package.yaml.bak
2025-10-26 14:05:21 [INFO] ✓ Created: data/Los-Angeles-MIDI/LOCAL_LAMDA/Local_Lamda_midi/midi_guide/d64fe5b765bf0eb3/song_package.yaml
2025-10-26 14:05:21 [INFO] Backed up existing package to data/Los-Angeles-MIDI/LOCAL_LAMDA/Local_Lamda_midi/midi_guide/d68122f6107c9106/song_package.yaml.bak
2025-10-26 14:05:21 [INFO] ✓ Created: data/Los-Angeles-MIDI/LOCAL_LAMDA/Local_Lamda_midi/midi_guide/d68122f6107c9106/song_package.yaml
2025-10-26 14:05:21 [INFO] Backed up existing package to data/Los-Angeles-MIDI/LOCAL_LAMDA/Local_Lamda_midi/midi_guide/d6bd303681697028/song_package.yaml.bak
2025-10-26 14:05:21 [INFO] ✓ Created: data/Los-Angeles-MIDI/LOCAL_LAMDA/Local_Lamda_midi/midi_guide/d6bd303681697028/song_package.yaml
2025-10-26 14:05:21 [INFO] Backed up existing package to data/Los-Angeles-MIDI/LOCAL_LAMDA/Local_Lamda_midi/midi_guide/d672262935e0cd67/song_package.yaml.bak
2025-10-26 14:05:21 [INFO] ✓ Created: data/Los-Angeles-MIDI/LOCAL_LAMDA/Local_Lamda_midi/midi_guide/d672262935e0cd67/song_package.yaml
2025-10-26 14:05:21 [INFO] Backed up existing package to data/Los-Angeles-MIDI/LOCAL_LAMDA/Local_Lamda_midi/midi_guide/d6f5e09295cc8d46/song_package.yaml.bak
2025-10-26 14:05:21 [INFO] ✓ Created: data/Los-Angeles-MIDI/LOCAL_LAMDA/Local_Lamda_midi/midi_guide/d6f5e09295cc8d46/song_package.yaml
2025-10-26 14:05:21 [INFO] Backed up existing package to data/Los-Angeles-MIDI/LOCAL_LAMDA/Local_Lamda_midi/midi_guide/d701807fb97b98b7/song_package.yaml.bak
2025-10-26 14:05:21 [INFO] ✓ Created: data/Los-Angeles-MIDI/LOCAL_LAMDA/Local_Lamda_midi/midi_guide/d701807fb97b98b7/song_package.yaml
2025-10-26 14:05:21 [INFO] Backed up existing package to data/Los-Angeles-MIDI/LOCAL_LAMDA/Local_Lamda_midi/midi_guide/d707ac4ca55bc784/song_package.yaml.bak
2025-10-26 14:05:21 [INFO] ✓ Created: data/Los-Angeles-MIDI/LOCAL_LAMDA/Local_Lamda_midi/midi_guide/d707ac4ca55bc784/song_package.yaml
2025-10-26 14:05:21 [INFO] Backed up existing package to data/Los-Angeles-MIDI/LOCAL_LAMDA/Local_Lamda_midi/midi_guide/d72d5c0c66276192/song_package.yaml.bak
2025-10-26 14:05:21 [INFO] ✓ Created: data/Los-Angeles-MIDI/LOCAL_LAMDA/Local_Lamda_midi/midi_guide/d72d5c0c66276192/song_package.yaml
2025-10-26 14:05:21 [INFO] Backed up existing package to data/Los-Angeles-MIDI/LOCAL_LAMDA/Local_Lamda_midi/midi_guide/d6fc8f04172de086/song_package.yaml.bak
2025-10-26 14:05:21 [INFO] ✓ Created: data/Los-Angeles-MIDI/LOCAL_LAMDA/Local_Lamda_midi/midi_guide/d6fc8f04172de086/song_package.yaml
2025-10-26 14:05:21 [INFO] Backed up existing package to data/Los-Angeles-MIDI/LOCAL_LAMDA/Local_Lamda_midi/midi_guide/d783a3371ec334db/song_package.yaml.bak
2025-10-26 14:05:21 [INFO] ✓ Created: data/Los-Angeles-MIDI/LOCAL_LAMDA/Local_Lamda_midi/midi_guide/d783a3371ec334db/song_package.yaml
2025-10-26 14:05:21 [INFO] Backed up existing package to data/Los-Angeles-MIDI/LOCAL_LAMDA/Local_Lamda_midi/midi_guide/d71381abd55ea5b7/song_package.yaml.bak
2025-10-26 14:05:21 [INFO] ✓ Created: data/Los-Angeles-MIDI/LOCAL_LAMDA/Local_Lamda_midi/midi_guide/d71381abd55ea5b7/song_package.yaml
2025-10-26 14:05:21 [INFO] Backed up existing package to data/Los-Angeles-MIDI/LOCAL_LAMDA/Local_Lamda_midi/midi_guide/d7a839b500b6c3a3/song_package.yaml.bak
2025-10-26 14:05:21 [INFO] ✓ Created: data/Los-Angeles-MIDI/LOCAL_LAMDA/Local_Lamda_midi/midi_guide/d7a839b500b6c3a3/song_package.yaml
2025-10-26 14:05:21 [INFO] Backed up existing package to data/Los-Angeles-MIDI/LOCAL_LAMDA/Local_Lamda_midi/midi_guide/d82ecabe2aaaecbb/song_package.yaml.bak
2025-10-26 14:05:21 [INFO] ✓ Created: data/Los-Angeles-MIDI/LOCAL_LAMDA/Local_Lamda_midi/midi_guide/d82ecabe2aaaecbb/song_package.yaml
2025-10-26 14:05:21 [INFO] Backed up existing package to data/Los-Angeles-MIDI/LOCAL_LAMDA/Local_Lamda_midi/midi_guide/d8b38fa01f19848c/song_package.yaml.bak
2025-10-26 14:05:21 [INFO] ✓ Created: data/Los-Angeles-MIDI/LOCAL_LAMDA/Local_Lamda_midi/midi_guide/d8b38fa01f19848c/song_package.yaml
2025-10-26 14:05:21 [INFO] Backed up existing package to data/Los-Angeles-MIDI/LOCAL_LAMDA/Local_Lamda_midi/midi_guide/d87a48ca9bf39b02/song_package.yaml.bak
2025-10-26 14:05:21 [INFO] ✓ Created: data/Los-Angeles-MIDI/LOCAL_LAMDA/Local_Lamda_midi/midi_guide/d87a48ca9bf39b02/song_package.yaml
2025-10-26 14:05:21 [INFO] Backed up existing package to data/Los-Angeles-MIDI/LOCAL_LAMDA/Local_Lamda_midi/midi_guide/d7e66905a8f9f7e7/song_package.yaml.bak
2025-10-26 14:05:21 [INFO] ✓ Created: data/Los-Angeles-MIDI/LOCAL_LAMDA/Local_Lamda_midi/midi_guide/d7e66905a8f9f7e7/song_package.yaml
2025-10-26 14:05:21 [INFO] Backed up existing package to data/Los-Angeles-MIDI/LOCAL_LAMDA/Local_Lamda_midi/midi_guide/d955bcff83f70a59/song_package.yaml.bak
2025-10-26 14:05:21 [INFO] ✓ Created: data/Los-Angeles-MIDI/LOCAL_LAMDA/Local_Lamda_midi/midi_guide/d955bcff83f70a59/song_package.yaml
2025-10-26 14:05:21 [INFO] Backed up existing package to data/Los-Angeles-MIDI/LOCAL_LAMDA/Local_Lamda_midi/midi_guide/d9254f7893be575a/song_package.yaml.bak
2025-10-26 14:05:21 [INFO] ✓ Created: data/Los-Angeles-MIDI/LOCAL_LAMDA/Local_Lamda_midi/midi_guide/d9254f7893be575a/song_package.yaml
2025-10-26 14:05:21 [INFO] Backed up existing package to data/Los-Angeles-MIDI/LOCAL_LAMDA/Local_Lamda_midi/midi_guide/d9605054bff84727/song_package.yaml.bak
2025-10-26 14:05:21 [INFO] ✓ Created: data/Los-Angeles-MIDI/LOCAL_LAMDA/Local_Lamda_midi/midi_guide/d9605054bff84727/song_package.yaml
2025-10-26 14:05:21 [INFO] Backed up existing package to data/Los-Angeles-MIDI/LOCAL_LAMDA/Local_Lamda_midi/midi_guide/d9aca184a605f00e/song_package.yaml.bak
2025-10-26 14:05:21 [INFO] ✓ Created: data/Los-Angeles-MIDI/LOCAL_LAMDA/Local_Lamda_midi/midi_guide/d9aca184a605f00e/song_package.yaml
2025-10-26 14:05:21 [INFO] Backed up existing package to data/Los-Angeles-MIDI/LOCAL_LAMDA/Local_Lamda_midi/midi_guide/d9d12f4476db2901/song_package.yaml.bak
2025-10-26 14:05:21 [INFO] ✓ Created: data/Los-Angeles-MIDI/LOCAL_LAMDA/Local_Lamda_midi/midi_guide/d9d12f4476db2901/song_package.yaml
2025-10-26 14:05:21 [INFO] Backed up existing package to data/Los-Angeles-MIDI/LOCAL_LAMDA/Local_Lamda_midi/midi_guide/d9f1559677bba48e/song_package.yaml.bak
2025-10-26 14:05:21 [INFO] ✓ Created: data/Los-Angeles-MIDI/LOCAL_LAMDA/Local_Lamda_midi/midi_guide/d9f1559677bba48e/song_package.yaml
2025-10-26 14:05:21 [INFO] Backed up existing package to data/Los-Angeles-MIDI/LOCAL_LAMDA/Local_Lamda_midi/midi_guide/d9dcea67d8794ea4/song_package.yaml.bak
2025-10-26 14:05:21 [INFO] ✓ Created: data/Los-Angeles-MIDI/LOCAL_LAMDA/Local_Lamda_midi/midi_guide/d9dcea67d8794ea4/song_package.yaml
2025-10-26 14:05:21 [INFO] Backed up existing package to data/Los-Angeles-MIDI/LOCAL_LAMDA/Local_Lamda_midi/midi_guide/da121e1e2d7b9e61/song_package.yaml.bak
2025-10-26 14:05:21 [INFO] ✓ Created: data/Los-Angeles-MIDI/LOCAL_LAMDA/Local_Lamda_midi/midi_guide/da121e1e2d7b9e61/song_package.yaml
2025-10-26 14:05:21 [INFO] Backed up existing package to data/Los-Angeles-MIDI/LOCAL_LAMDA/Local_Lamda_midi/midi_guide/d91d6f3c4ae5ed1d/song_package.yaml.bak
2025-10-26 14:05:21 [INFO] ✓ Created: data/Los-Angeles-MIDI/LOCAL_LAMDA/Local_Lamda_midi/midi_guide/d91d6f3c4ae5ed1d/song_package.yaml
2025-10-26 14:05:21 [INFO] Backed up existing package to data/Los-Angeles-MIDI/LOCAL_LAMDA/Local_Lamda_midi/midi_guide/da40cbfaca3da61a/song_package.yaml.bak
2025-10-26 14:05:21 [INFO] ✓ Created: data/Los-Angeles-MIDI/LOCAL_LAMDA/Local_Lamda_midi/midi_guide/da40cbfaca3da61a/song_package.yaml
2025-10-26 14:05:21 [INFO] Backed up existing package to data/Los-Angeles-MIDI/LOCAL_LAMDA/Local_Lamda_midi/midi_guide/daa30b87498eae5d/song_package.yaml.bak
2025-10-26 14:05:21 [INFO] ✓ Created: data/Los-Angeles-MIDI/LOCAL_LAMDA/Local_Lamda_midi/midi_guide/daa30b87498eae5d/song_package.yaml
2025-10-26 14:05:21 [INFO] Backed up existing package to data/Los-Angeles-MIDI/LOCAL_LAMDA/Local_Lamda_midi/midi_guide/dab03077a03abacc/song_package.yaml.bak
2025-10-26 14:05:21 [INFO] ✓ Created: data/Los-Angeles-MIDI/LOCAL_LAMDA/Local_Lamda_midi/midi_guide/dab03077a03abacc/song_package.yaml
2025-10-26 14:05:21 [INFO] Backed up existing package to data/Los-Angeles-MIDI/LOCAL_LAMDA/Local_Lamda_midi/midi_guide/db4796b2c284c87b/song_package.yaml.bak
2025-10-26 14:05:21 [INFO] ✓ Created: data/Los-Angeles-MIDI/LOCAL_LAMDA/Local_Lamda_midi/midi_guide/db4796b2c284c87b/song_package.yaml
2025-10-26 14:05:21 [INFO] Backed up existing package to data/Los-Angeles-MIDI/LOCAL_LAMDA/Local_Lamda_midi/midi_guide/daf13eafea7150a4/song_package.yaml.bak
2025-10-26 14:05:21 [INFO] ✓ Created: data/Los-Angeles-MIDI/LOCAL_LAMDA/Local_Lamda_midi/midi_guide/daf13eafea7150a4/song_package.yaml
2025-10-26 14:05:21 [INFO] Backed up existing package to data/Los-Angeles-MIDI/LOCAL_LAMDA/Local_Lamda_midi/midi_guide/db770db707dd0335/song_package.yaml.bak
2025-10-26 14:05:21 [INFO] ✓ Created: data/Los-Angeles-MIDI/LOCAL_LAMDA/Local_Lamda_midi/midi_guide/db770db707dd0335/song_package.yaml
2025-10-26 14:05:21 [INFO] Backed up existing package to data/Los-Angeles-MIDI/LOCAL_LAMDA/Local_Lamda_midi/midi_guide/db77526a4470bef8/song_package.yaml.bak
2025-10-26 14:05:21 [INFO] ✓ Created: data/Los-Angeles-MIDI/LOCAL_LAMDA/Local_Lamda_midi/midi_guide/db77526a4470bef8/song_package.yaml
2025-10-26 14:05:21 [INFO] Backed up existing package to data/Los-Angeles-MIDI/LOCAL_LAMDA/Local_Lamda_midi/midi_guide/dbdcfe1f5b09d30c/song_package.yaml.bak
2025-10-26 14:05:21 [INFO] ✓ Created: data/Los-Angeles-MIDI/LOCAL_LAMDA/Local_Lamda_midi/midi_guide/dbdcfe1f5b09d30c/song_package.yaml
2025-10-26 14:05:22 [INFO] Backed up existing package to data/Los-Angeles-MIDI/LOCAL_LAMDA/Local_Lamda_midi/midi_guide/db5c7e87fcea3056/song_package.yaml.bak
2025-10-26 14:05:22 [INFO] ✓ Created: data/Los-Angeles-MIDI/LOCAL_LAMDA/Local_Lamda_midi/midi_guide/db5c7e87fcea3056/song_package.yaml
2025-10-26 14:05:22 [INFO] Backed up existing package to data/Los-Angeles-MIDI/LOCAL_LAMDA/Local_Lamda_midi/midi_guide/dbead3c0f2f163f5/song_package.yaml.bak
2025-10-26 14:05:22 [INFO] ✓ Created: data/Los-Angeles-MIDI/LOCAL_LAMDA/Local_Lamda_midi/midi_guide/dbead3c0f2f163f5/song_package.yaml
2025-10-26 14:05:22 [INFO] Backed up existing package to data/Los-Angeles-MIDI/LOCAL_LAMDA/Local_Lamda_midi/midi_guide/dc572667891b94ec/song_package.yaml.bak
2025-10-26 14:05:22 [INFO] ✓ Created: data/Los-Angeles-MIDI/LOCAL_LAMDA/Local_Lamda_midi/midi_guide/dc572667891b94ec/song_package.yaml
2025-10-26 14:05:22 [INFO] Backed up existing package to data/Los-Angeles-MIDI/LOCAL_LAMDA/Local_Lamda_midi/midi_guide/dc697a379ef49352/song_package.yaml.bak
2025-10-26 14:05:22 [INFO] ✓ Created: data/Los-Angeles-MIDI/LOCAL_LAMDA/Local_Lamda_midi/midi_guide/dc697a379ef49352/song_package.yaml
2025-10-26 14:05:22 [INFO] Backed up existing package to data/Los-Angeles-MIDI/LOCAL_LAMDA/Local_Lamda_midi/midi_guide/dc802e9243e09ab1/song_package.yaml.bak
2025-10-26 14:05:22 [INFO] ✓ Created: data/Los-Angeles-MIDI/LOCAL_LAMDA/Local_Lamda_midi/midi_guide/dc802e9243e09ab1/song_package.yaml
2025-10-26 14:05:22 [INFO] Backed up existing package to data/Los-Angeles-MIDI/LOCAL_LAMDA/Local_Lamda_midi/midi_guide/dcb6e214e76de4e9/song_package.yaml.bak
2025-10-26 14:05:22 [INFO] ✓ Created: data/Los-Angeles-MIDI/LOCAL_LAMDA/Local_Lamda_midi/midi_guide/dcb6e214e76de4e9/song_package.yaml
2025-10-26 14:05:22 [INFO] Backed up existing package to data/Los-Angeles-MIDI/LOCAL_LAMDA/Local_Lamda_midi/midi_guide/dd01e64b37f496bc/song_package.yaml.bak
2025-10-26 14:05:22 [INFO] ✓ Created: data/Los-Angeles-MIDI/LOCAL_LAMDA/Local_Lamda_midi/midi_guide/dd01e64b37f496bc/song_package.yaml
2025-10-26 14:05:22 [INFO] Backed up existing package to data/Los-Angeles-MIDI/LOCAL_LAMDA/Local_Lamda_midi/midi_guide/dcc77ac10f77f33b/song_package.yaml.bak
2025-10-26 14:05:22 [INFO] ✓ Created: data/Los-Angeles-MIDI/LOCAL_LAMDA/Local_Lamda_midi/midi_guide/dcc77ac10f77f33b/song_package.yaml
2025-10-26 14:05:22 [INFO] Backed up existing package to data/Los-Angeles-MIDI/LOCAL_LAMDA/Local_Lamda_midi/midi_guide/dd02a1b8a7a37a0a/song_package.yaml.bak
2025-10-26 14:05:22 [INFO] ✓ Created: data/Los-Angeles-MIDI/LOCAL_LAMDA/Local_Lamda_midi/midi_guide/dd02a1b8a7a37a0a/song_package.yaml
2025-10-26 14:05:22 [INFO] Backed up existing package to data/Los-Angeles-MIDI/LOCAL_LAMDA/Local_Lamda_midi/midi_guide/dd098cf763575b93/song_package.yaml.bak
2025-10-26 14:05:22 [INFO] ✓ Created: data/Los-Angeles-MIDI/LOCAL_LAMDA/Local_Lamda_midi/midi_guide/dd098cf763575b93/song_package.yaml
2025-10-26 14:05:22 [INFO] Backed up existing package to data/Los-Angeles-MIDI/LOCAL_LAMDA/Local_Lamda_midi/midi_guide/dc8751a829e483e0/song_package.yaml.bak
2025-10-26 14:05:22 [INFO] ✓ Created: data/Los-Angeles-MIDI/LOCAL_LAMDA/Local_Lamda_midi/midi_guide/dc8751a829e483e0/song_package.yaml
2025-10-26 14:05:22 [INFO] Backed up existing package to data/Los-Angeles-MIDI/LOCAL_LAMDA/Local_Lamda_midi/midi_guide/dd5cdc61b3e58cfe/song_package.yaml.bak
2025-10-26 14:05:22 [INFO] ✓ Created: data/Los-Angeles-MIDI/LOCAL_LAMDA/Local_Lamda_midi/midi_guide/dd5cdc61b3e58cfe/song_package.yaml
2025-10-26 14:05:22 [INFO] Backed up existing package to data/Los-Angeles-MIDI/LOCAL_LAMDA/Local_Lamda_midi/midi_guide/dd3f553eacec0ad7/song_package.yaml.bak
2025-10-26 14:05:22 [INFO] ✓ Created: data/Los-Angeles-MIDI/LOCAL_LAMDA/Local_Lamda_midi/midi_guide/dd3f553eacec0ad7/song_package.yaml
2025-10-26 14:05:22 [INFO] Backed up existing package to data/Los-Angeles-MIDI/LOCAL_LAMDA/Local_Lamda_midi/midi_guide/dd6ef970f357e47c/song_package.yaml.bak
2025-10-26 14:05:22 [INFO] ✓ Created: data/Los-Angeles-MIDI/LOCAL_LAMDA/Local_Lamda_midi/midi_guide/dd6ef970f357e47c/song_package.yaml
2025-10-26 14:05:22 [INFO] Backed up existing package to data/Los-Angeles-MIDI/LOCAL_LAMDA/Local_Lamda_midi/midi_guide/ddbdcc7aeac8577b/song_package.yaml.bak
2025-10-26 14:05:22 [INFO] ✓ Created: data/Los-Angeles-MIDI/LOCAL_LAMDA/Local_Lamda_midi/midi_guide/ddbdcc7aeac8577b/song_package.yaml
2025-10-26 14:05:22 [INFO] Backed up existing package to data/Los-Angeles-MIDI/LOCAL_LAMDA/Local_Lamda_midi/midi_guide/dda9391fcf447032/song_package.yaml.bak
2025-10-26 14:05:22 [INFO] ✓ Created: data/Los-Angeles-MIDI/LOCAL_LAMDA/Local_Lamda_midi/midi_guide/dda9391fcf447032/song_package.yaml
2025-10-26 14:05:22 [INFO] Backed up existing package to data/Los-Angeles-MIDI/LOCAL_LAMDA/Local_Lamda_midi/midi_guide/dda7c7fbecc21ea2/song_package.yaml.bak
2025-10-26 14:05:22 [INFO] ✓ Created: data/Los-Angeles-MIDI/LOCAL_LAMDA/Local_Lamda_midi/midi_guide/dda7c7fbecc21ea2/song_package.yaml
2025-10-26 14:05:22 [INFO] Backed up existing package to data/Los-Angeles-MIDI/LOCAL_LAMDA/Local_Lamda_midi/midi_guide/dde47db8111ce527/song_package.yaml.bak
2025-10-26 14:05:22 [INFO] ✓ Created: data/Los-Angeles-MIDI/LOCAL_LAMDA/Local_Lamda_midi/midi_guide/dde47db8111ce527/song_package.yaml
2025-10-26 14:05:22 [INFO] Backed up existing package to data/Los-Angeles-MIDI/LOCAL_LAMDA/Local_Lamda_midi/midi_guide/de2666a16f6f08ac/song_package.yaml.bak
2025-10-26 14:05:22 [INFO] ✓ Created: data/Los-Angeles-MIDI/LOCAL_LAMDA/Local_Lamda_midi/midi_guide/de2666a16f6f08ac/song_package.yaml
2025-10-26 14:05:22 [INFO] Backed up existing package to data/Los-Angeles-MIDI/LOCAL_LAMDA/Local_Lamda_midi/midi_guide/de2fd983e9718218/song_package.yaml.bak
2025-10-26 14:05:22 [INFO] ✓ Created: data/Los-Angeles-MIDI/LOCAL_LAMDA/Local_Lamda_midi/midi_guide/de2fd983e9718218/song_package.yaml
2025-10-26 14:05:22 [INFO] Backed up existing package to data/Los-Angeles-MIDI/LOCAL_LAMDA/Local_Lamda_midi/midi_guide/de3a089292f54d98/song_package.yaml.bak
2025-10-26 14:05:22 [INFO] ✓ Created: data/Los-Angeles-MIDI/LOCAL_LAMDA/Local_Lamda_midi/midi_guide/de3a089292f54d98/song_package.yaml
2025-10-26 14:05:22 [INFO] Backed up existing package to data/Los-Angeles-MIDI/LOCAL_LAMDA/Local_Lamda_midi/midi_guide/de9ed0a50b6b85f3/song_package.yaml.bak
2025-10-26 14:05:22 [INFO] ✓ Created: data/Los-Angeles-MIDI/LOCAL_LAMDA/Local_Lamda_midi/midi_guide/de9ed0a50b6b85f3/song_package.yaml
2025-10-26 14:05:22 [INFO] Backed up existing package to data/Los-Angeles-MIDI/LOCAL_LAMDA/Local_Lamda_midi/midi_guide/dea086c4eb63c8a6/song_package.yaml.bak
2025-10-26 14:05:22 [INFO] ✓ Created: data/Los-Angeles-MIDI/LOCAL_LAMDA/Local_Lamda_midi/midi_guide/dea086c4eb63c8a6/song_package.yaml
2025-10-26 14:05:22 [INFO] Backed up existing package to data/Los-Angeles-MIDI/LOCAL_LAMDA/Local_Lamda_midi/midi_guide/df0016ccb433a50c/song_package.yaml.bak
2025-10-26 14:05:22 [INFO] ✓ Created: data/Los-Angeles-MIDI/LOCAL_LAMDA/Local_Lamda_midi/midi_guide/df0016ccb433a50c/song_package.yaml
2025-10-26 14:05:22 [INFO] Backed up existing package to data/Los-Angeles-MIDI/LOCAL_LAMDA/Local_Lamda_midi/midi_guide/dea384b5f95161af/song_package.yaml.bak
2025-10-26 14:05:22 [INFO] ✓ Created: data/Los-Angeles-MIDI/LOCAL_LAMDA/Local_Lamda_midi/midi_guide/dea384b5f95161af/song_package.yaml
2025-10-26 14:05:22 [INFO] Backed up existing package to data/Los-Angeles-MIDI/LOCAL_LAMDA/Local_Lamda_midi/midi_guide/df3c0971965951e0/song_package.yaml.bak
2025-10-26 14:05:22 [INFO] ✓ Created: data/Los-Angeles-MIDI/LOCAL_LAMDA/Local_Lamda_midi/midi_guide/df3c0971965951e0/song_package.yaml
2025-10-26 14:05:22 [INFO] Backed up existing package to data/Los-Angeles-MIDI/LOCAL_LAMDA/Local_Lamda_midi/midi_guide/df2a11905d74d718/song_package.yaml.bak
2025-10-26 14:05:22 [INFO] ✓ Created: data/Los-Angeles-MIDI/LOCAL_LAMDA/Local_Lamda_midi/midi_guide/df2a11905d74d718/song_package.yaml
2025-10-26 14:05:22 [INFO] Backed up existing package to data/Los-Angeles-MIDI/LOCAL_LAMDA/Local_Lamda_midi/midi_guide/df5b351e0d124a21/song_package.yaml.bak
2025-10-26 14:05:22 [INFO] ✓ Created: data/Los-Angeles-MIDI/LOCAL_LAMDA/Local_Lamda_midi/midi_guide/df5b351e0d124a21/song_package.yaml
2025-10-26 14:05:22 [INFO] Backed up existing package to data/Los-Angeles-MIDI/LOCAL_LAMDA/Local_Lamda_midi/midi_guide/df7b7af6dfbb8dcf/song_package.yaml.bak
2025-10-26 14:05:22 [INFO] ✓ Created: data/Los-Angeles-MIDI/LOCAL_LAMDA/Local_Lamda_midi/midi_guide/df7b7af6dfbb8dcf/song_package.yaml
2025-10-26 14:05:22 [INFO] Backed up existing package to data/Los-Angeles-MIDI/LOCAL_LAMDA/Local_Lamda_midi/midi_guide/dfa90e5f3d155b1a/song_package.yaml.bak
2025-10-26 14:05:22 [INFO] ✓ Created: data/Los-Angeles-MIDI/LOCAL_LAMDA/Local_Lamda_midi/midi_guide/dfa90e5f3d155b1a/song_package.yaml
2025-10-26 14:05:22 [INFO] Backed up existing package to data/Los-Angeles-MIDI/LOCAL_LAMDA/Local_Lamda_midi/midi_guide/dfb4b7891f69f6c5/song_package.yaml.bak
2025-10-26 14:05:22 [INFO] ✓ Created: data/Los-Angeles-MIDI/LOCAL_LAMDA/Local_Lamda_midi/midi_guide/dfb4b7891f69f6c5/song_package.yaml
2025-10-26 14:05:22 [INFO] Backed up existing package to data/Los-Angeles-MIDI/LOCAL_LAMDA/Local_Lamda_midi/midi_guide/dfba1517f4bb7937/song_package.yaml.bak
2025-10-26 14:05:22 [INFO] ✓ Created: data/Los-Angeles-MIDI/LOCAL_LAMDA/Local_Lamda_midi/midi_guide/dfba1517f4bb7937/song_package.yaml
2025-10-26 14:05:22 [INFO] Backed up existing package to data/Los-Angeles-MIDI/LOCAL_LAMDA/Local_Lamda_midi/midi_guide/df8d1d1100883b42/song_package.yaml.bak
2025-10-26 14:05:22 [INFO] ✓ Created: data/Los-Angeles-MIDI/LOCAL_LAMDA/Local_Lamda_midi/midi_guide/df8d1d1100883b42/song_package.yaml
2025-10-26 14:05:22 [INFO] Backed up existing package to data/Los-Angeles-MIDI/LOCAL_LAMDA/Local_Lamda_midi/midi_guide/dfc60f6c39383e4b/song_package.yaml.bak
2025-10-26 14:05:22 [INFO] ✓ Created: data/Los-Angeles-MIDI/LOCAL_LAMDA/Local_Lamda_midi/midi_guide/dfc60f6c39383e4b/song_package.yaml
2025-10-26 14:05:22 [INFO] Backed up existing package to data/Los-Angeles-MIDI/LOCAL_LAMDA/Local_Lamda_midi/midi_guide/dff070562a259bba/song_package.yaml.bak
2025-10-26 14:05:22 [INFO] ✓ Created: data/Los-Angeles-MIDI/LOCAL_LAMDA/Local_Lamda_midi/midi_guide/dff070562a259bba/song_package.yaml
2025-10-26 14:05:22 [INFO] Backed up existing package to data/Los-Angeles-MIDI/LOCAL_LAMDA/Local_Lamda_midi/midi_guide/e010855f0598a3f4/song_package.yaml.bak
2025-10-26 14:05:22 [INFO] ✓ Created: data/Los-Angeles-MIDI/LOCAL_LAMDA/Local_Lamda_midi/midi_guide/e010855f0598a3f4/song_package.yaml
2025-10-26 14:05:22 [INFO] Backed up existing package to data/Los-Angeles-MIDI/LOCAL_LAMDA/Local_Lamda_midi/midi_guide/e03f2434efaeb8f6/song_package.yaml.bak
2025-10-26 14:05:22 [INFO] ✓ Created: data/Los-Angeles-MIDI/LOCAL_LAMDA/Local_Lamda_midi/midi_guide/e03f2434efaeb8f6/song_package.yaml
2025-10-26 14:05:22 [INFO] Backed up existing package to data/Los-Angeles-MIDI/LOCAL_LAMDA/Local_Lamda_midi/midi_guide/e057639c5a7d00c6/song_package.yaml.bak
2025-10-26 14:05:22 [INFO] ✓ Created: data/Los-Angeles-MIDI/LOCAL_LAMDA/Local_Lamda_midi/midi_guide/e057639c5a7d00c6/song_package.yaml
2025-10-26 14:05:22 [INFO] Backed up existing package to data/Los-Angeles-MIDI/LOCAL_LAMDA/Local_Lamda_midi/midi_guide/e072722eb7a9dd2e/song_package.yaml.bak
2025-10-26 14:05:22 [INFO] ✓ Created: data/Los-Angeles-MIDI/LOCAL_LAMDA/Local_Lamda_midi/midi_guide/e072722eb7a9dd2e/song_package.yaml
2025-10-26 14:05:23 [INFO] Backed up existing package to data/Los-Angeles-MIDI/LOCAL_LAMDA/Local_Lamda_midi/midi_guide/e05efca3907f99f2/song_package.yaml.bak
2025-10-26 14:05:23 [INFO] ✓ Created: data/Los-Angeles-MIDI/LOCAL_LAMDA/Local_Lamda_midi/midi_guide/e05efca3907f99f2/song_package.yaml
2025-10-26 14:05:23 [INFO] Backed up existing package to data/Los-Angeles-MIDI/LOCAL_LAMDA/Local_Lamda_midi/midi_guide/e0616e2577e1f88a/song_package.yaml.bak
2025-10-26 14:05:23 [INFO] ✓ Created: data/Los-Angeles-MIDI/LOCAL_LAMDA/Local_Lamda_midi/midi_guide/e0616e2577e1f88a/song_package.yaml
2025-10-26 14:05:23 [INFO] Backed up existing package to data/Los-Angeles-MIDI/LOCAL_LAMDA/Local_Lamda_midi/midi_guide/e08ecd5308860217/song_package.yaml.bak
2025-10-26 14:05:23 [INFO] ✓ Created: data/Los-Angeles-MIDI/LOCAL_LAMDA/Local_Lamda_midi/midi_guide/e08ecd5308860217/song_package.yaml
2025-10-26 14:05:23 [INFO] Backed up existing package to data/Los-Angeles-MIDI/LOCAL_LAMDA/Local_Lamda_midi/midi_guide/e09abd0ca760c9f5/song_package.yaml.bak
2025-10-26 14:05:23 [INFO] ✓ Created: data/Los-Angeles-MIDI/LOCAL_LAMDA/Local_Lamda_midi/midi_guide/e09abd0ca760c9f5/song_package.yaml
2025-10-26 14:05:23 [INFO] Backed up existing package to data/Los-Angeles-MIDI/LOCAL_LAMDA/Local_Lamda_midi/midi_guide/e0a54f5166e91781/song_package.yaml.bak
2025-10-26 14:05:23 [INFO] ✓ Created: data/Los-Angeles-MIDI/LOCAL_LAMDA/Local_Lamda_midi/midi_guide/e0a54f5166e91781/song_package.yaml
2025-10-26 14:05:23 [INFO] Backed up existing package to data/Los-Angeles-MIDI/LOCAL_LAMDA/Local_Lamda_midi/midi_guide/e0aa09629a969f2a/song_package.yaml.bak
2025-10-26 14:05:23 [INFO] ✓ Created: data/Los-Angeles-MIDI/LOCAL_LAMDA/Local_Lamda_midi/midi_guide/e0aa09629a969f2a/song_package.yaml
2025-10-26 14:05:23 [INFO] Backed up existing package to data/Los-Angeles-MIDI/LOCAL_LAMDA/Local_Lamda_midi/midi_guide/e0b855c9379c69b8/song_package.yaml.bak
2025-10-26 14:05:23 [INFO] ✓ Created: data/Los-Angeles-MIDI/LOCAL_LAMDA/Local_Lamda_midi/midi_guide/e0b855c9379c69b8/song_package.yaml
2025-10-26 14:05:23 [INFO] Backed up existing package to data/Los-Angeles-MIDI/LOCAL_LAMDA/Local_Lamda_midi/midi_guide/e0ead6a18f58da9b/song_package.yaml.bak
2025-10-26 14:05:23 [INFO] ✓ Created: data/Los-Angeles-MIDI/LOCAL_LAMDA/Local_Lamda_midi/midi_guide/e0ead6a18f58da9b/song_package.yaml
2025-10-26 14:05:23 [INFO] Backed up existing package to data/Los-Angeles-MIDI/LOCAL_LAMDA/Local_Lamda_midi/midi_guide/e0bf312942cd9d45/song_package.yaml.bak
2025-10-26 14:05:23 [INFO] ✓ Created: data/Los-Angeles-MIDI/LOCAL_LAMDA/Local_Lamda_midi/midi_guide/e0bf312942cd9d45/song_package.yaml
2025-10-26 14:05:23 [INFO] Backed up existing package to data/Los-Angeles-MIDI/LOCAL_LAMDA/Local_Lamda_midi/midi_guide/e0f263154241beb5/song_package.yaml.bak
2025-10-26 14:05:23 [INFO] ✓ Created: data/Los-Angeles-MIDI/LOCAL_LAMDA/Local_Lamda_midi/midi_guide/e0f263154241beb5/song_package.yaml
2025-10-26 14:05:23 [INFO] Backed up existing package to data/Los-Angeles-MIDI/LOCAL_LAMDA/Local_Lamda_midi/midi_guide/e0ce7babd652ebbf/song_package.yaml.bak
2025-10-26 14:05:23 [INFO] ✓ Created: data/Los-Angeles-MIDI/LOCAL_LAMDA/Local_Lamda_midi/midi_guide/e0ce7babd652ebbf/song_package.yaml
2025-10-26 14:05:23 [INFO] Backed up existing package to data/Los-Angeles-MIDI/LOCAL_LAMDA/Local_Lamda_midi/midi_guide/e0e603d657c56efc/song_package.yaml.bak
2025-10-26 14:05:23 [INFO] ✓ Created: data/Los-Angeles-MIDI/LOCAL_LAMDA/Local_Lamda_midi/midi_guide/e0e603d657c56efc/song_package.yaml
2025-10-26 14:05:23 [INFO] Backed up existing package to data/Los-Angeles-MIDI/LOCAL_LAMDA/Local_Lamda_midi/midi_guide/e0faede61c941fb8/song_package.yaml.bak
2025-10-26 14:05:23 [INFO] ✓ Created: data/Los-Angeles-MIDI/LOCAL_LAMDA/Local_Lamda_midi/midi_guide/e0faede61c941fb8/song_package.yaml
2025-10-26 14:05:23 [INFO] Backed up existing package to data/Los-Angeles-MIDI/LOCAL_LAMDA/Local_Lamda_midi/midi_guide/e0fb1fea37f80a6e/song_package.yaml.bak
2025-10-26 14:05:23 [INFO] ✓ Created: data/Los-Angeles-MIDI/LOCAL_LAMDA/Local_Lamda_midi/midi_guide/e0fb1fea37f80a6e/song_package.yaml
2025-10-26 14:05:23 [INFO] Backed up existing package to data/Los-Angeles-MIDI/LOCAL_LAMDA/Local_Lamda_midi/midi_guide/e1d5ca711532c4f8/song_package.yaml.bak
2025-10-26 14:05:23 [INFO] ✓ Created: data/Los-Angeles-MIDI/LOCAL_LAMDA/Local_Lamda_midi/midi_guide/e1d5ca711532c4f8/song_package.yaml
2025-10-26 14:05:23 [INFO] Backed up existing package to data/Los-Angeles-MIDI/LOCAL_LAMDA/Local_Lamda_midi/midi_guide/e1457714ec305576/song_package.yaml.bak
2025-10-26 14:05:23 [INFO] ✓ Created: data/Los-Angeles-MIDI/LOCAL_LAMDA/Local_Lamda_midi/midi_guide/e1457714ec305576/song_package.yaml
2025-10-26 14:05:23 [INFO] Backed up existing package to data/Los-Angeles-MIDI/LOCAL_LAMDA/Local_Lamda_midi/midi_guide/e1b0a081198f3061/song_package.yaml.bak
2025-10-26 14:05:23 [INFO] ✓ Created: data/Los-Angeles-MIDI/LOCAL_LAMDA/Local_Lamda_midi/midi_guide/e1b0a081198f3061/song_package.yaml
2025-10-26 14:05:23 [INFO] Backed up existing package to data/Los-Angeles-MIDI/LOCAL_LAMDA/Local_Lamda_midi/midi_guide/e247ef051194040e/song_package.yaml.bak
2025-10-26 14:05:23 [INFO] ✓ Created: data/Los-Angeles-MIDI/LOCAL_LAMDA/Local_Lamda_midi/midi_guide/e247ef051194040e/song_package.yaml
2025-10-26 14:05:23 [INFO] Backed up existing package to data/Los-Angeles-MIDI/LOCAL_LAMDA/Local_Lamda_midi/midi_guide/e1fbeeb2117aa7c1/song_package.yaml.bak
2025-10-26 14:05:23 [INFO] ✓ Created: data/Los-Angeles-MIDI/LOCAL_LAMDA/Local_Lamda_midi/midi_guide/e1fbeeb2117aa7c1/song_package.yaml
2025-10-26 14:05:23 [INFO] Backed up existing package to data/Los-Angeles-MIDI/LOCAL_LAMDA/Local_Lamda_midi/midi_guide/e20cff9b53aa666e/song_package.yaml.bak
2025-10-26 14:05:23 [INFO] ✓ Created: data/Los-Angeles-MIDI/LOCAL_LAMDA/Local_Lamda_midi/midi_guide/e20cff9b53aa666e/song_package.yaml
2025-10-26 14:05:23 [INFO] Backed up existing package to data/Los-Angeles-MIDI/LOCAL_LAMDA/Local_Lamda_midi/midi_guide/e1a2aedc73c5b75b/song_package.yaml.bak
2025-10-26 14:05:23 [INFO] ✓ Created: data/Los-Angeles-MIDI/LOCAL_LAMDA/Local_Lamda_midi/midi_guide/e1a2aedc73c5b75b/song_package.yaml
2025-10-26 14:05:23 [INFO] Backed up existing package to data/Los-Angeles-MIDI/LOCAL_LAMDA/Local_Lamda_midi/midi_guide/e27c95c59e8ce242/song_package.yaml.bak
2025-10-26 14:05:23 [INFO] ✓ Created: data/Los-Angeles-MIDI/LOCAL_LAMDA/Local_Lamda_midi/midi_guide/e27c95c59e8ce242/song_package.yaml
2025-10-26 14:05:23 [INFO] Backed up existing package to data/Los-Angeles-MIDI/LOCAL_LAMDA/Local_Lamda_midi/midi_guide/e2d91e55c55786e8/song_package.yaml.bak
2025-10-26 14:05:23 [INFO] ✓ Created: data/Los-Angeles-MIDI/LOCAL_LAMDA/Local_Lamda_midi/midi_guide/e2d91e55c55786e8/song_package.yaml
2025-10-26 14:05:23 [INFO] Backed up existing package to data/Los-Angeles-MIDI/LOCAL_LAMDA/Local_Lamda_midi/midi_guide/e33236a79dcc57ae/song_package.yaml.bak
2025-10-26 14:05:23 [INFO] ✓ Created: data/Los-Angeles-MIDI/LOCAL_LAMDA/Local_Lamda_midi/midi_guide/e33236a79dcc57ae/song_package.yaml
2025-10-26 14:05:23 [INFO] Backed up existing package to data/Los-Angeles-MIDI/LOCAL_LAMDA/Local_Lamda_midi/midi_guide/e2e69c13eeaa0983/song_package.yaml.bak
2025-10-26 14:05:23 [INFO] ✓ Created: data/Los-Angeles-MIDI/LOCAL_LAMDA/Local_Lamda_midi/midi_guide/e2e69c13eeaa0983/song_package.yaml
2025-10-26 14:05:23 [INFO] Backed up existing package to data/Los-Angeles-MIDI/LOCAL_LAMDA/Local_Lamda_midi/midi_guide/e2ef668005807fe6/song_package.yaml.bak
2025-10-26 14:05:23 [INFO] ✓ Created: data/Los-Angeles-MIDI/LOCAL_LAMDA/Local_Lamda_midi/midi_guide/e2ef668005807fe6/song_package.yaml
2025-10-26 14:05:23 [INFO] Backed up existing package to data/Los-Angeles-MIDI/LOCAL_LAMDA/Local_Lamda_midi/midi_guide/e389cbfbe851f16b/song_package.yaml.bak
2025-10-26 14:05:23 [INFO] ✓ Created: data/Los-Angeles-MIDI/LOCAL_LAMDA/Local_Lamda_midi/midi_guide/e389cbfbe851f16b/song_package.yaml
2025-10-26 14:05:23 [INFO] Backed up existing package to data/Los-Angeles-MIDI/LOCAL_LAMDA/Local_Lamda_midi/midi_guide/e3725bd887ea171b/song_package.yaml.bak
2025-10-26 14:05:23 [INFO] ✓ Created: data/Los-Angeles-MIDI/LOCAL_LAMDA/Local_Lamda_midi/midi_guide/e3725bd887ea171b/song_package.yaml
2025-10-26 14:05:23 [INFO] Backed up existing package to data/Los-Angeles-MIDI/LOCAL_LAMDA/Local_Lamda_midi/midi_guide/e3728038b14a50f3/song_package.yaml.bak
2025-10-26 14:05:23 [INFO] ✓ Created: data/Los-Angeles-MIDI/LOCAL_LAMDA/Local_Lamda_midi/midi_guide/e3728038b14a50f3/song_package.yaml
2025-10-26 14:05:23 [INFO] Backed up existing package to data/Los-Angeles-MIDI/LOCAL_LAMDA/Local_Lamda_midi/midi_guide/e37af41ff17f1e0d/song_package.yaml.bak
2025-10-26 14:05:23 [INFO] ✓ Created: data/Los-Angeles-MIDI/LOCAL_LAMDA/Local_Lamda_midi/midi_guide/e37af41ff17f1e0d/song_package.yaml
2025-10-26 14:05:23 [INFO] Backed up existing package to data/Los-Angeles-MIDI/LOCAL_LAMDA/Local_Lamda_midi/midi_guide/e4117d491393526e/song_package.yaml.bak
2025-10-26 14:05:23 [INFO] ✓ Created: data/Los-Angeles-MIDI/LOCAL_LAMDA/Local_Lamda_midi/midi_guide/e4117d491393526e/song_package.yaml
2025-10-26 14:05:23 [INFO] Backed up existing package to data/Los-Angeles-MIDI/LOCAL_LAMDA/Local_Lamda_midi/midi_guide/e3f0133eb3e59dcb/song_package.yaml.bak
2025-10-26 14:05:23 [INFO] ✓ Created: data/Los-Angeles-MIDI/LOCAL_LAMDA/Local_Lamda_midi/midi_guide/e3f0133eb3e59dcb/song_package.yaml
2025-10-26 14:05:23 [INFO] Backed up existing package to data/Los-Angeles-MIDI/LOCAL_LAMDA/Local_Lamda_midi/midi_guide/e4517945cf15bea1/song_package.yaml.bak
2025-10-26 14:05:23 [INFO] ✓ Created: data/Los-Angeles-MIDI/LOCAL_LAMDA/Local_Lamda_midi/midi_guide/e4517945cf15bea1/song_package.yaml
2025-10-26 14:05:23 [INFO] Backed up existing package to data/Los-Angeles-MIDI/LOCAL_LAMDA/Local_Lamda_midi/midi_guide/e485ee255ee1e074/song_package.yaml.bak
2025-10-26 14:05:23 [INFO] ✓ Created: data/Los-Angeles-MIDI/LOCAL_LAMDA/Local_Lamda_midi/midi_guide/e485ee255ee1e074/song_package.yaml
2025-10-26 14:05:23 [INFO] Backed up existing package to data/Los-Angeles-MIDI/LOCAL_LAMDA/Local_Lamda_midi/midi_guide/e48242a618e410d4/song_package.yaml.bak
2025-10-26 14:05:23 [INFO] ✓ Created: data/Los-Angeles-MIDI/LOCAL_LAMDA/Local_Lamda_midi/midi_guide/e48242a618e410d4/song_package.yaml
2025-10-26 14:05:23 [INFO] Backed up existing package to data/Los-Angeles-MIDI/LOCAL_LAMDA/Local_Lamda_midi/midi_guide/e47a519f42f68a1c/song_package.yaml.bak
2025-10-26 14:05:23 [INFO] ✓ Created: data/Los-Angeles-MIDI/LOCAL_LAMDA/Local_Lamda_midi/midi_guide/e47a519f42f68a1c/song_package.yaml
2025-10-26 14:05:23 [INFO] Backed up existing package to data/Los-Angeles-MIDI/LOCAL_LAMDA/Local_Lamda_midi/midi_guide/e4e58ced98ac6e84/song_package.yaml.bak
2025-10-26 14:05:23 [INFO] ✓ Created: data/Los-Angeles-MIDI/LOCAL_LAMDA/Local_Lamda_midi/midi_guide/e4e58ced98ac6e84/song_package.yaml
2025-10-26 14:05:24 [INFO] Backed up existing package to data/Los-Angeles-MIDI/LOCAL_LAMDA/Local_Lamda_midi/midi_guide/e4f0be2fbb4e8d2e/song_package.yaml.bak
2025-10-26 14:05:24 [INFO] ✓ Created: data/Los-Angeles-MIDI/LOCAL_LAMDA/Local_Lamda_midi/midi_guide/e4f0be2fbb4e8d2e/song_package.yaml
2025-10-26 14:05:24 [INFO] Backed up existing package to data/Los-Angeles-MIDI/LOCAL_LAMDA/Local_Lamda_midi/midi_guide/e490888b05e9016a/song_package.yaml.bak
2025-10-26 14:05:24 [INFO] ✓ Created: data/Los-Angeles-MIDI/LOCAL_LAMDA/Local_Lamda_midi/midi_guide/e490888b05e9016a/song_package.yaml
2025-10-26 14:05:24 [INFO] Backed up existing package to data/Los-Angeles-MIDI/LOCAL_LAMDA/Local_Lamda_midi/midi_guide/e4fff9648c64cd65/song_package.yaml.bak
2025-10-26 14:05:24 [INFO] ✓ Created: data/Los-Angeles-MIDI/LOCAL_LAMDA/Local_Lamda_midi/midi_guide/e4fff9648c64cd65/song_package.yaml
2025-10-26 14:05:24 [INFO] Backed up existing package to data/Los-Angeles-MIDI/LOCAL_LAMDA/Local_Lamda_midi/midi_guide/e4ed6b9ede663fe6/song_package.yaml.bak
2025-10-26 14:05:24 [INFO] ✓ Created: data/Los-Angeles-MIDI/LOCAL_LAMDA/Local_Lamda_midi/midi_guide/e4ed6b9ede663fe6/song_package.yaml
2025-10-26 14:05:24 [INFO] Backed up existing package to data/Los-Angeles-MIDI/LOCAL_LAMDA/Local_Lamda_midi/midi_guide/e4f9347eaf0ee28b/song_package.yaml.bak
2025-10-26 14:05:24 [INFO] ✓ Created: data/Los-Angeles-MIDI/LOCAL_LAMDA/Local_Lamda_midi/midi_guide/e4f9347eaf0ee28b/song_package.yaml
2025-10-26 14:05:24 [INFO] Backed up existing package to data/Los-Angeles-MIDI/LOCAL_LAMDA/Local_Lamda_midi/midi_guide/e50e1fd25bfbd4c6/song_package.yaml.bak
2025-10-26 14:05:24 [INFO] ✓ Created: data/Los-Angeles-MIDI/LOCAL_LAMDA/Local_Lamda_midi/midi_guide/e50e1fd25bfbd4c6/song_package.yaml
2025-10-26 14:05:24 [INFO] Backed up existing package to data/Los-Angeles-MIDI/LOCAL_LAMDA/Local_Lamda_midi/midi_guide/e52a0b556236466e/song_package.yaml.bak
2025-10-26 14:05:24 [INFO] ✓ Created: data/Los-Angeles-MIDI/LOCAL_LAMDA/Local_Lamda_midi/midi_guide/e52a0b556236466e/song_package.yaml
2025-10-26 14:05:24 [INFO] Backed up existing package to data/Los-Angeles-MIDI/LOCAL_LAMDA/Local_Lamda_midi/midi_guide/e57453673e346d4f/song_package.yaml.bak
2025-10-26 14:05:24 [INFO] ✓ Created: data/Los-Angeles-MIDI/LOCAL_LAMDA/Local_Lamda_midi/midi_guide/e57453673e346d4f/song_package.yaml
2025-10-26 14:05:24 [INFO] Backed up existing package to data/Los-Angeles-MIDI/LOCAL_LAMDA/Local_Lamda_midi/midi_guide/e5973fad045cdb10/song_package.yaml.bak
2025-10-26 14:05:24 [INFO] ✓ Created: data/Los-Angeles-MIDI/LOCAL_LAMDA/Local_Lamda_midi/midi_guide/e5973fad045cdb10/song_package.yaml
2025-10-26 14:05:24 [INFO] Backed up existing package to data/Los-Angeles-MIDI/LOCAL_LAMDA/Local_Lamda_midi/midi_guide/e5be2dbcd7e6f5b4/song_package.yaml.bak
2025-10-26 14:05:24 [INFO] ✓ Created: data/Los-Angeles-MIDI/LOCAL_LAMDA/Local_Lamda_midi/midi_guide/e5be2dbcd7e6f5b4/song_package.yaml
2025-10-26 14:05:24 [INFO] Backed up existing package to data/Los-Angeles-MIDI/LOCAL_LAMDA/Local_Lamda_midi/midi_guide/e5c0beaeb56e1e3c/song_package.yaml.bak
2025-10-26 14:05:24 [INFO] ✓ Created: data/Los-Angeles-MIDI/LOCAL_LAMDA/Local_Lamda_midi/midi_guide/e5c0beaeb56e1e3c/song_package.yaml
2025-10-26 14:05:24 [INFO] Backed up existing package to data/Los-Angeles-MIDI/LOCAL_LAMDA/Local_Lamda_midi/midi_guide/e62a213760bf4667/song_package.yaml.bak
2025-10-26 14:05:24 [INFO] ✓ Created: data/Los-Angeles-MIDI/LOCAL_LAMDA/Local_Lamda_midi/midi_guide/e62a213760bf4667/song_package.yaml
2025-10-26 14:05:24 [INFO] Backed up existing package to data/Los-Angeles-MIDI/LOCAL_LAMDA/Local_Lamda_midi/midi_guide/e65a89b2ca5b9a03/song_package.yaml.bak
2025-10-26 14:05:24 [INFO] ✓ Created: data/Los-Angeles-MIDI/LOCAL_LAMDA/Local_Lamda_midi/midi_guide/e65a89b2ca5b9a03/song_package.yaml
2025-10-26 14:05:24 [INFO] Backed up existing package to data/Los-Angeles-MIDI/LOCAL_LAMDA/Local_Lamda_midi/midi_guide/e5e0bb5f676f0663/song_package.yaml.bak
2025-10-26 14:05:24 [INFO] ✓ Created: data/Los-Angeles-MIDI/LOCAL_LAMDA/Local_Lamda_midi/midi_guide/e5e0bb5f676f0663/song_package.yaml
2025-10-26 14:05:24 [INFO] Backed up existing package to data/Los-Angeles-MIDI/LOCAL_LAMDA/Local_Lamda_midi/midi_guide/e6550e58c3c04a87/song_package.yaml.bak
2025-10-26 14:05:24 [INFO] ✓ Created: data/Los-Angeles-MIDI/LOCAL_LAMDA/Local_Lamda_midi/midi_guide/e6550e58c3c04a87/song_package.yaml
2025-10-26 14:05:24 [INFO] Backed up existing package to data/Los-Angeles-MIDI/LOCAL_LAMDA/Local_Lamda_midi/midi_guide/e6cb3dca5de70b5e/song_package.yaml.bak
2025-10-26 14:05:24 [INFO] ✓ Created: data/Los-Angeles-MIDI/LOCAL_LAMDA/Local_Lamda_midi/midi_guide/e6cb3dca5de70b5e/song_package.yaml
2025-10-26 14:05:24 [INFO] Backed up existing package to data/Los-Angeles-MIDI/LOCAL_LAMDA/Local_Lamda_midi/midi_guide/e6dbd73ef3832b25/song_package.yaml.bak
2025-10-26 14:05:24 [INFO] ✓ Created: data/Los-Angeles-MIDI/LOCAL_LAMDA/Local_Lamda_midi/midi_guide/e6dbd73ef3832b25/song_package.yaml
2025-10-26 14:05:24 [INFO] Backed up existing package to data/Los-Angeles-MIDI/LOCAL_LAMDA/Local_Lamda_midi/midi_guide/e7227d1cf7cb2ff5/song_package.yaml.bak
2025-10-26 14:05:24 [INFO] ✓ Created: data/Los-Angeles-MIDI/LOCAL_LAMDA/Local_Lamda_midi/midi_guide/e7227d1cf7cb2ff5/song_package.yaml
2025-10-26 14:05:24 [INFO] Backed up existing package to data/Los-Angeles-MIDI/LOCAL_LAMDA/Local_Lamda_midi/midi_guide/e6e4e901933d9499/song_package.yaml.bak
2025-10-26 14:05:24 [INFO] ✓ Created: data/Los-Angeles-MIDI/LOCAL_LAMDA/Local_Lamda_midi/midi_guide/e6e4e901933d9499/song_package.yaml
2025-10-26 14:05:24 [INFO] Backed up existing package to data/Los-Angeles-MIDI/LOCAL_LAMDA/Local_Lamda_midi/midi_guide/e72d78d04b6c9107/song_package.yaml.bak
2025-10-26 14:05:24 [INFO] ✓ Created: data/Los-Angeles-MIDI/LOCAL_LAMDA/Local_Lamda_midi/midi_guide/e72d78d04b6c9107/song_package.yaml
2025-10-26 14:05:24 [INFO] Backed up existing package to data/Los-Angeles-MIDI/LOCAL_LAMDA/Local_Lamda_midi/midi_guide/e768dd68ed9611cc/song_package.yaml.bak
2025-10-26 14:05:24 [INFO] ✓ Created: data/Los-Angeles-MIDI/LOCAL_LAMDA/Local_Lamda_midi/midi_guide/e768dd68ed9611cc/song_package.yaml
2025-10-26 14:05:24 [INFO] Backed up existing package to data/Los-Angeles-MIDI/LOCAL_LAMDA/Local_Lamda_midi/midi_guide/e73c88bf0e5f6a53/song_package.yaml.bak
2025-10-26 14:05:24 [INFO] ✓ Created: data/Los-Angeles-MIDI/LOCAL_LAMDA/Local_Lamda_midi/midi_guide/e73c88bf0e5f6a53/song_package.yaml
2025-10-26 14:05:24 [INFO] Backed up existing package to data/Los-Angeles-MIDI/LOCAL_LAMDA/Local_Lamda_midi/midi_guide/e7868f1a72298bb4/song_package.yaml.bak
2025-10-26 14:05:24 [INFO] ✓ Created: data/Los-Angeles-MIDI/LOCAL_LAMDA/Local_Lamda_midi/midi_guide/e7868f1a72298bb4/song_package.yaml
2025-10-26 14:05:24 [INFO] Backed up existing package to data/Los-Angeles-MIDI/LOCAL_LAMDA/Local_Lamda_midi/midi_guide/e76b203475f74a4e/song_package.yaml.bak
2025-10-26 14:05:24 [INFO] ✓ Created: data/Los-Angeles-MIDI/LOCAL_LAMDA/Local_Lamda_midi/midi_guide/e76b203475f74a4e/song_package.yaml
2025-10-26 14:05:24 [INFO] Backed up existing package to data/Los-Angeles-MIDI/LOCAL_LAMDA/Local_Lamda_midi/midi_guide/e7b9fff37d979db2/song_package.yaml.bak
2025-10-26 14:05:24 [INFO] ✓ Created: data/Los-Angeles-MIDI/LOCAL_LAMDA/Local_Lamda_midi/midi_guide/e7b9fff37d979db2/song_package.yaml
2025-10-26 14:05:24 [INFO] Backed up existing package to data/Los-Angeles-MIDI/LOCAL_LAMDA/Local_Lamda_midi/midi_guide/e80207c8abd13ecc/song_package.yaml.bak
2025-10-26 14:05:24 [INFO] ✓ Created: data/Los-Angeles-MIDI/LOCAL_LAMDA/Local_Lamda_midi/midi_guide/e80207c8abd13ecc/song_package.yaml
2025-10-26 14:05:24 [INFO] Backed up existing package to data/Los-Angeles-MIDI/LOCAL_LAMDA/Local_Lamda_midi/midi_guide/e7f2d2d5d127a909/song_package.yaml.bak
2025-10-26 14:05:24 [INFO] ✓ Created: data/Los-Angeles-MIDI/LOCAL_LAMDA/Local_Lamda_midi/midi_guide/e7f2d2d5d127a909/song_package.yaml
2025-10-26 14:05:24 [INFO] Backed up existing package to data/Los-Angeles-MIDI/LOCAL_LAMDA/Local_Lamda_midi/midi_guide/e854d2eaf89e9178/song_package.yaml.bak
2025-10-26 14:05:24 [INFO] ✓ Created: data/Los-Angeles-MIDI/LOCAL_LAMDA/Local_Lamda_midi/midi_guide/e854d2eaf89e9178/song_package.yaml
2025-10-26 14:05:24 [INFO] Backed up existing package to data/Los-Angeles-MIDI/LOCAL_LAMDA/Local_Lamda_midi/midi_guide/e845edd1d2a62816/song_package.yaml.bak
2025-10-26 14:05:24 [INFO] ✓ Created: data/Los-Angeles-MIDI/LOCAL_LAMDA/Local_Lamda_midi/midi_guide/e845edd1d2a62816/song_package.yaml
2025-10-26 14:05:24 [INFO] Backed up existing package to data/Los-Angeles-MIDI/LOCAL_LAMDA/Local_Lamda_midi/midi_guide/e85767bf99e570d4/song_package.yaml.bak
2025-10-26 14:05:24 [INFO] ✓ Created: data/Los-Angeles-MIDI/LOCAL_LAMDA/Local_Lamda_midi/midi_guide/e85767bf99e570d4/song_package.yaml
2025-10-26 14:05:24 [INFO] Backed up existing package to data/Los-Angeles-MIDI/LOCAL_LAMDA/Local_Lamda_midi/midi_guide/e85d7cbcdaa459ff/song_package.yaml.bak
2025-10-26 14:05:24 [INFO] ✓ Created: data/Los-Angeles-MIDI/LOCAL_LAMDA/Local_Lamda_midi/midi_guide/e85d7cbcdaa459ff/song_package.yaml
2025-10-26 14:05:24 [INFO] Backed up existing package to data/Los-Angeles-MIDI/LOCAL_LAMDA/Local_Lamda_midi/midi_guide/e88c06aff6229b2c/song_package.yaml.bak
2025-10-26 14:05:24 [INFO] ✓ Created: data/Los-Angeles-MIDI/LOCAL_LAMDA/Local_Lamda_midi/midi_guide/e88c06aff6229b2c/song_package.yaml
2025-10-26 14:05:24 [INFO] Backed up existing package to data/Los-Angeles-MIDI/LOCAL_LAMDA/Local_Lamda_midi/midi_guide/e8955734ad655cdd/song_package.yaml.bak
2025-10-26 14:05:24 [INFO] ✓ Created: data/Los-Angeles-MIDI/LOCAL_LAMDA/Local_Lamda_midi/midi_guide/e8955734ad655cdd/song_package.yaml
2025-10-26 14:05:24 [INFO] Backed up existing package to data/Los-Angeles-MIDI/LOCAL_LAMDA/Local_Lamda_midi/midi_guide/e858e31773f0f503/song_package.yaml.bak
2025-10-26 14:05:24 [INFO] ✓ Created: data/Los-Angeles-MIDI/LOCAL_LAMDA/Local_Lamda_midi/midi_guide/e858e31773f0f503/song_package.yaml
2025-10-26 14:05:25 [INFO] Backed up existing package to data/Los-Angeles-MIDI/LOCAL_LAMDA/Local_Lamda_midi/midi_guide/e8b330d20e9b986a/song_package.yaml.bak
2025-10-26 14:05:25 [INFO] ✓ Created: data/Los-Angeles-MIDI/LOCAL_LAMDA/Local_Lamda_midi/midi_guide/e8b330d20e9b986a/song_package.yaml
2025-10-26 14:05:25 [INFO] Backed up existing package to data/Los-Angeles-MIDI/LOCAL_LAMDA/Local_Lamda_midi/midi_guide/e8d13a1eb007f745/song_package.yaml.bak
2025-10-26 14:05:25 [INFO] ✓ Created: data/Los-Angeles-MIDI/LOCAL_LAMDA/Local_Lamda_midi/midi_guide/e8d13a1eb007f745/song_package.yaml
2025-10-26 14:05:25 [INFO] Backed up existing package to data/Los-Angeles-MIDI/LOCAL_LAMDA/Local_Lamda_midi/midi_guide/e8bf55a727fbd929/song_package.yaml.bak
2025-10-26 14:05:25 [INFO] ✓ Created: data/Los-Angeles-MIDI/LOCAL_LAMDA/Local_Lamda_midi/midi_guide/e8bf55a727fbd929/song_package.yaml
2025-10-26 14:05:25 [INFO] Backed up existing package to data/Los-Angeles-MIDI/LOCAL_LAMDA/Local_Lamda_midi/midi_guide/e94bcc9899a7bf15/song_package.yaml.bak
2025-10-26 14:05:25 [INFO] ✓ Created: data/Los-Angeles-MIDI/LOCAL_LAMDA/Local_Lamda_midi/midi_guide/e94bcc9899a7bf15/song_package.yaml
2025-10-26 14:05:25 [INFO] Backed up existing package to data/Los-Angeles-MIDI/LOCAL_LAMDA/Local_Lamda_midi/midi_guide/e91e911343ef109b/song_package.yaml.bak
2025-10-26 14:05:25 [INFO] ✓ Created: data/Los-Angeles-MIDI/LOCAL_LAMDA/Local_Lamda_midi/midi_guide/e91e911343ef109b/song_package.yaml
2025-10-26 14:05:25 [INFO] Backed up existing package to data/Los-Angeles-MIDI/LOCAL_LAMDA/Local_Lamda_midi/midi_guide/e9c09fd55dc9be65/song_package.yaml.bak
2025-10-26 14:05:25 [INFO] ✓ Created: data/Los-Angeles-MIDI/LOCAL_LAMDA/Local_Lamda_midi/midi_guide/e9c09fd55dc9be65/song_package.yaml
2025-10-26 14:05:25 [INFO] Backed up existing package to data/Los-Angeles-MIDI/LOCAL_LAMDA/Local_Lamda_midi/midi_guide/e9df5bdf9dd54943/song_package.yaml.bak
2025-10-26 14:05:25 [INFO] ✓ Created: data/Los-Angeles-MIDI/LOCAL_LAMDA/Local_Lamda_midi/midi_guide/e9df5bdf9dd54943/song_package.yaml
2025-10-26 14:05:25 [INFO] Backed up existing package to data/Los-Angeles-MIDI/LOCAL_LAMDA/Local_Lamda_midi/midi_guide/ea6e7a49d54f7292/song_package.yaml.bak
2025-10-26 14:05:25 [INFO] ✓ Created: data/Los-Angeles-MIDI/LOCAL_LAMDA/Local_Lamda_midi/midi_guide/ea6e7a49d54f7292/song_package.yaml
2025-10-26 14:05:25 [INFO] Backed up existing package to data/Los-Angeles-MIDI/LOCAL_LAMDA/Local_Lamda_midi/midi_guide/ea172227f8c92a27/song_package.yaml.bak
2025-10-26 14:05:25 [INFO] ✓ Created: data/Los-Angeles-MIDI/LOCAL_LAMDA/Local_Lamda_midi/midi_guide/ea172227f8c92a27/song_package.yaml
2025-10-26 14:05:25 [INFO] Backed up existing package to data/Los-Angeles-MIDI/LOCAL_LAMDA/Local_Lamda_midi/midi_guide/ea9caecfb865c4e7/song_package.yaml.bak
2025-10-26 14:05:25 [INFO] ✓ Created: data/Los-Angeles-MIDI/LOCAL_LAMDA/Local_Lamda_midi/midi_guide/ea9caecfb865c4e7/song_package.yaml
2025-10-26 14:05:25 [INFO] Backed up existing package to data/Los-Angeles-MIDI/LOCAL_LAMDA/Local_Lamda_midi/midi_guide/ea48ee41c458b1ca/song_package.yaml.bak
2025-10-26 14:05:25 [INFO] ✓ Created: data/Los-Angeles-MIDI/LOCAL_LAMDA/Local_Lamda_midi/midi_guide/ea48ee41c458b1ca/song_package.yaml
2025-10-26 14:05:25 [INFO] Backed up existing package to data/Los-Angeles-MIDI/LOCAL_LAMDA/Local_Lamda_midi/midi_guide/ea8a61d99e217099/song_package.yaml.bak
2025-10-26 14:05:25 [INFO] ✓ Created: data/Los-Angeles-MIDI/LOCAL_LAMDA/Local_Lamda_midi/midi_guide/ea8a61d99e217099/song_package.yaml
2025-10-26 14:05:25 [INFO] Backed up existing package to data/Los-Angeles-MIDI/LOCAL_LAMDA/Local_Lamda_midi/midi_guide/eb53a6510c336a53/song_package.yaml.bak
2025-10-26 14:05:25 [INFO] ✓ Created: data/Los-Angeles-MIDI/LOCAL_LAMDA/Local_Lamda_midi/midi_guide/eb53a6510c336a53/song_package.yaml
2025-10-26 14:05:25 [INFO] Backed up existing package to data/Los-Angeles-MIDI/LOCAL_LAMDA/Local_Lamda_midi/midi_guide/eaf415b18496ba0d/song_package.yaml.bak
2025-10-26 14:05:25 [INFO] ✓ Created: data/Los-Angeles-MIDI/LOCAL_LAMDA/Local_Lamda_midi/midi_guide/eaf415b18496ba0d/song_package.yaml
2025-10-26 14:05:25 [INFO] Backed up existing package to data/Los-Angeles-MIDI/LOCAL_LAMDA/Local_Lamda_midi/midi_guide/eb6f769a77b73c68/song_package.yaml.bak
2025-10-26 14:05:25 [INFO] ✓ Created: data/Los-Angeles-MIDI/LOCAL_LAMDA/Local_Lamda_midi/midi_guide/eb6f769a77b73c68/song_package.yaml
2025-10-26 14:05:25 [INFO] Backed up existing package to data/Los-Angeles-MIDI/LOCAL_LAMDA/Local_Lamda_midi/midi_guide/eb77dae76f528b54/song_package.yaml.bak
2025-10-26 14:05:25 [INFO] ✓ Created: data/Los-Angeles-MIDI/LOCAL_LAMDA/Local_Lamda_midi/midi_guide/eb77dae76f528b54/song_package.yaml
2025-10-26 14:05:25 [INFO] Backed up existing package to data/Los-Angeles-MIDI/LOCAL_LAMDA/Local_Lamda_midi/midi_guide/eb69450ce549c0f8/song_package.yaml.bak
2025-10-26 14:05:25 [INFO] ✓ Created: data/Los-Angeles-MIDI/LOCAL_LAMDA/Local_Lamda_midi/midi_guide/eb69450ce549c0f8/song_package.yaml
2025-10-26 14:05:25 [INFO] Backed up existing package to data/Los-Angeles-MIDI/LOCAL_LAMDA/Local_Lamda_midi/midi_guide/eb7f818444c2340d/song_package.yaml.bak
2025-10-26 14:05:25 [INFO] ✓ Created: data/Los-Angeles-MIDI/LOCAL_LAMDA/Local_Lamda_midi/midi_guide/eb7f818444c2340d/song_package.yaml
2025-10-26 14:05:25 [INFO] Backed up existing package to data/Los-Angeles-MIDI/LOCAL_LAMDA/Local_Lamda_midi/midi_guide/ebac334d39c97df0/song_package.yaml.bak
2025-10-26 14:05:25 [INFO] ✓ Created: data/Los-Angeles-MIDI/LOCAL_LAMDA/Local_Lamda_midi/midi_guide/ebac334d39c97df0/song_package.yaml
2025-10-26 14:05:25 [INFO] Backed up existing package to data/Los-Angeles-MIDI/LOCAL_LAMDA/Local_Lamda_midi/midi_guide/ec2197f92e20eaf5/song_package.yaml.bak
2025-10-26 14:05:25 [INFO] ✓ Created: data/Los-Angeles-MIDI/LOCAL_LAMDA/Local_Lamda_midi/midi_guide/ec2197f92e20eaf5/song_package.yaml
2025-10-26 14:05:25 [INFO] Backed up existing package to data/Los-Angeles-MIDI/LOCAL_LAMDA/Local_Lamda_midi/midi_guide/ec2bcae24f989bf8/song_package.yaml.bak
2025-10-26 14:05:25 [INFO] ✓ Created: data/Los-Angeles-MIDI/LOCAL_LAMDA/Local_Lamda_midi/midi_guide/ec2bcae24f989bf8/song_package.yaml
2025-10-26 14:05:25 [INFO] Backed up existing package to data/Los-Angeles-MIDI/LOCAL_LAMDA/Local_Lamda_midi/midi_guide/ec345da822ff5848/song_package.yaml.bak
2025-10-26 14:05:25 [INFO] ✓ Created: data/Los-Angeles-MIDI/LOCAL_LAMDA/Local_Lamda_midi/midi_guide/ec345da822ff5848/song_package.yaml
2025-10-26 14:05:25 [INFO] Backed up existing package to data/Los-Angeles-MIDI/LOCAL_LAMDA/Local_Lamda_midi/midi_guide/ec29db72973f4d1e/song_package.yaml.bak
2025-10-26 14:05:25 [INFO] ✓ Created: data/Los-Angeles-MIDI/LOCAL_LAMDA/Local_Lamda_midi/midi_guide/ec29db72973f4d1e/song_package.yaml
2025-10-26 14:05:25 [INFO] Backed up existing package to data/Los-Angeles-MIDI/LOCAL_LAMDA/Local_Lamda_midi/midi_guide/eb94104bd61542d5/song_package.yaml.bak
2025-10-26 14:05:25 [INFO] ✓ Created: data/Los-Angeles-MIDI/LOCAL_LAMDA/Local_Lamda_midi/midi_guide/eb94104bd61542d5/song_package.yaml
2025-10-26 14:05:25 [INFO] Backed up existing package to data/Los-Angeles-MIDI/LOCAL_LAMDA/Local_Lamda_midi/midi_guide/ec6c2f7b1a138463/song_package.yaml.bak
2025-10-26 14:05:25 [INFO] ✓ Created: data/Los-Angeles-MIDI/LOCAL_LAMDA/Local_Lamda_midi/midi_guide/ec6c2f7b1a138463/song_package.yaml
2025-10-26 14:05:25 [INFO] Backed up existing package to data/Los-Angeles-MIDI/LOCAL_LAMDA/Local_Lamda_midi/midi_guide/ec6d8d963bb7b679/song_package.yaml.bak
2025-10-26 14:05:25 [INFO] ✓ Created: data/Los-Angeles-MIDI/LOCAL_LAMDA/Local_Lamda_midi/midi_guide/ec6d8d963bb7b679/song_package.yaml
2025-10-26 14:05:25 [INFO] Backed up existing package to data/Los-Angeles-MIDI/LOCAL_LAMDA/Local_Lamda_midi/midi_guide/ec77c59710e35f18/song_package.yaml.bak
2025-10-26 14:05:25 [INFO] ✓ Created: data/Los-Angeles-MIDI/LOCAL_LAMDA/Local_Lamda_midi/midi_guide/ec77c59710e35f18/song_package.yaml
2025-10-26 14:05:25 [INFO] Backed up existing package to data/Los-Angeles-MIDI/LOCAL_LAMDA/Local_Lamda_midi/midi_guide/ec7f0f5d4bcae4d3/song_package.yaml.bak
2025-10-26 14:05:25 [INFO] ✓ Created: data/Los-Angeles-MIDI/LOCAL_LAMDA/Local_Lamda_midi/midi_guide/ec7f0f5d4bcae4d3/song_package.yaml
2025-10-26 14:05:25 [INFO] Backed up existing package to data/Los-Angeles-MIDI/LOCAL_LAMDA/Local_Lamda_midi/midi_guide/eca6b4c87054f27f/song_package.yaml.bak
2025-10-26 14:05:25 [INFO] ✓ Created: data/Los-Angeles-MIDI/LOCAL_LAMDA/Local_Lamda_midi/midi_guide/eca6b4c87054f27f/song_package.yaml
2025-10-26 14:05:25 [INFO] Backed up existing package to data/Los-Angeles-MIDI/LOCAL_LAMDA/Local_Lamda_midi/midi_guide/ecd9919d317d63ad/song_package.yaml.bak
2025-10-26 14:05:25 [INFO] ✓ Created: data/Los-Angeles-MIDI/LOCAL_LAMDA/Local_Lamda_midi/midi_guide/ecd9919d317d63ad/song_package.yaml
2025-10-26 14:05:25 [INFO] Backed up existing package to data/Los-Angeles-MIDI/LOCAL_LAMDA/Local_Lamda_midi/midi_guide/ecf4eb1b4339114a/song_package.yaml.bak
2025-10-26 14:05:25 [INFO] ✓ Created: data/Los-Angeles-MIDI/LOCAL_LAMDA/Local_Lamda_midi/midi_guide/ecf4eb1b4339114a/song_package.yaml
2025-10-26 14:05:25 [INFO] Backed up existing package to data/Los-Angeles-MIDI/LOCAL_LAMDA/Local_Lamda_midi/midi_guide/ed60e4ea32f95977/song_package.yaml.bak
2025-10-26 14:05:25 [INFO] ✓ Created: data/Los-Angeles-MIDI/LOCAL_LAMDA/Local_Lamda_midi/midi_guide/ed60e4ea32f95977/song_package.yaml
2025-10-26 14:05:25 [INFO] Backed up existing package to data/Los-Angeles-MIDI/LOCAL_LAMDA/Local_Lamda_midi/midi_guide/ed7a1a4d9bfd4d7a/song_package.yaml.bak
2025-10-26 14:05:25 [INFO] ✓ Created: data/Los-Angeles-MIDI/LOCAL_LAMDA/Local_Lamda_midi/midi_guide/ed7a1a4d9bfd4d7a/song_package.yaml
2025-10-26 14:05:25 [INFO] Backed up existing package to data/Los-Angeles-MIDI/LOCAL_LAMDA/Local_Lamda_midi/midi_guide/eceb252c7ef6f776/song_package.yaml.bak
2025-10-26 14:05:25 [INFO] ✓ Created: data/Los-Angeles-MIDI/LOCAL_LAMDA/Local_Lamda_midi/midi_guide/eceb252c7ef6f776/song_package.yaml
2025-10-26 14:05:26 [INFO] Backed up existing package to data/Los-Angeles-MIDI/LOCAL_LAMDA/Local_Lamda_midi/midi_guide/ed8e7744659e9b63/song_package.yaml.bak
2025-10-26 14:05:26 [INFO] ✓ Created: data/Los-Angeles-MIDI/LOCAL_LAMDA/Local_Lamda_midi/midi_guide/ed8e7744659e9b63/song_package.yaml
2025-10-26 14:05:26 [INFO] Backed up existing package to data/Los-Angeles-MIDI/LOCAL_LAMDA/Local_Lamda_midi/midi_guide/edbc540e8e5e2102/song_package.yaml.bak
2025-10-26 14:05:26 [INFO] ✓ Created: data/Los-Angeles-MIDI/LOCAL_LAMDA/Local_Lamda_midi/midi_guide/edbc540e8e5e2102/song_package.yaml
2025-10-26 14:05:26 [INFO] Backed up existing package to data/Los-Angeles-MIDI/LOCAL_LAMDA/Local_Lamda_midi/midi_guide/ee021d3e026fe985/song_package.yaml.bak
2025-10-26 14:05:26 [INFO] ✓ Created: data/Los-Angeles-MIDI/LOCAL_LAMDA/Local_Lamda_midi/midi_guide/ee021d3e026fe985/song_package.yaml
2025-10-26 14:05:26 [INFO] Backed up existing package to data/Los-Angeles-MIDI/LOCAL_LAMDA/Local_Lamda_midi/midi_guide/edf093c67c471ed0/song_package.yaml.bak
2025-10-26 14:05:26 [INFO] ✓ Created: data/Los-Angeles-MIDI/LOCAL_LAMDA/Local_Lamda_midi/midi_guide/edf093c67c471ed0/song_package.yaml
2025-10-26 14:05:26 [INFO] Backed up existing package to data/Los-Angeles-MIDI/LOCAL_LAMDA/Local_Lamda_midi/midi_guide/ede883590084ec5a/song_package.yaml.bak
2025-10-26 14:05:26 [INFO] ✓ Created: data/Los-Angeles-MIDI/LOCAL_LAMDA/Local_Lamda_midi/midi_guide/ede883590084ec5a/song_package.yaml
2025-10-26 14:05:26 [INFO] Backed up existing package to data/Los-Angeles-MIDI/LOCAL_LAMDA/Local_Lamda_midi/midi_guide/ee705d3724715ce3/song_package.yaml.bak
2025-10-26 14:05:26 [INFO] ✓ Created: data/Los-Angeles-MIDI/LOCAL_LAMDA/Local_Lamda_midi/midi_guide/ee705d3724715ce3/song_package.yaml
2025-10-26 14:05:26 [INFO] Backed up existing package to data/Los-Angeles-MIDI/LOCAL_LAMDA/Local_Lamda_midi/midi_guide/ee60dc9035eab62d/song_package.yaml.bak
2025-10-26 14:05:26 [INFO] ✓ Created: data/Los-Angeles-MIDI/LOCAL_LAMDA/Local_Lamda_midi/midi_guide/ee60dc9035eab62d/song_package.yaml
2025-10-26 14:05:26 [INFO] Backed up existing package to data/Los-Angeles-MIDI/LOCAL_LAMDA/Local_Lamda_midi/midi_guide/ee689fd0e5cb714e/song_package.yaml.bak
2025-10-26 14:05:26 [INFO] ✓ Created: data/Los-Angeles-MIDI/LOCAL_LAMDA/Local_Lamda_midi/midi_guide/ee689fd0e5cb714e/song_package.yaml
2025-10-26 14:05:26 [INFO] Backed up existing package to data/Los-Angeles-MIDI/LOCAL_LAMDA/Local_Lamda_midi/midi_guide/ee03fd3828a3fd78/song_package.yaml.bak
2025-10-26 14:05:26 [INFO] ✓ Created: data/Los-Angeles-MIDI/LOCAL_LAMDA/Local_Lamda_midi/midi_guide/ee03fd3828a3fd78/song_package.yaml
2025-10-26 14:05:26 [INFO] Backed up existing package to data/Los-Angeles-MIDI/LOCAL_LAMDA/Local_Lamda_midi/midi_guide/ee649b16a3d0a8d8/song_package.yaml.bak
2025-10-26 14:05:26 [INFO] ✓ Created: data/Los-Angeles-MIDI/LOCAL_LAMDA/Local_Lamda_midi/midi_guide/ee649b16a3d0a8d8/song_package.yaml
2025-10-26 14:05:26 [INFO] Backed up existing package to data/Los-Angeles-MIDI/LOCAL_LAMDA/Local_Lamda_midi/midi_guide/ef0c435b9de3522d/song_package.yaml.bak
2025-10-26 14:05:26 [INFO] ✓ Created: data/Los-Angeles-MIDI/LOCAL_LAMDA/Local_Lamda_midi/midi_guide/ef0c435b9de3522d/song_package.yaml
2025-10-26 14:05:26 [INFO] Backed up existing package to data/Los-Angeles-MIDI/LOCAL_LAMDA/Local_Lamda_midi/midi_guide/eecadd75749d2f4e/song_package.yaml.bak
2025-10-26 14:05:26 [INFO] ✓ Created: data/Los-Angeles-MIDI/LOCAL_LAMDA/Local_Lamda_midi/midi_guide/eecadd75749d2f4e/song_package.yaml
2025-10-26 14:05:26 [INFO] Backed up existing package to data/Los-Angeles-MIDI/LOCAL_LAMDA/Local_Lamda_midi/midi_guide/ee9bfc26b84e2944/song_package.yaml.bak
2025-10-26 14:05:26 [INFO] ✓ Created: data/Los-Angeles-MIDI/LOCAL_LAMDA/Local_Lamda_midi/midi_guide/ee9bfc26b84e2944/song_package.yaml
2025-10-26 14:05:26 [INFO] Backed up existing package to data/Los-Angeles-MIDI/LOCAL_LAMDA/Local_Lamda_midi/midi_guide/eefe2805721871b4/song_package.yaml.bak
2025-10-26 14:05:26 [INFO] ✓ Created: data/Los-Angeles-MIDI/LOCAL_LAMDA/Local_Lamda_midi/midi_guide/eefe2805721871b4/song_package.yaml
2025-10-26 14:05:26 [INFO] Backed up existing package to data/Los-Angeles-MIDI/LOCAL_LAMDA/Local_Lamda_midi/midi_guide/ef525b98e3b746f6/song_package.yaml.bak
2025-10-26 14:05:26 [INFO] ✓ Created: data/Los-Angeles-MIDI/LOCAL_LAMDA/Local_Lamda_midi/midi_guide/ef525b98e3b746f6/song_package.yaml
2025-10-26 14:05:26 [INFO] Backed up existing package to data/Los-Angeles-MIDI/LOCAL_LAMDA/Local_Lamda_midi/midi_guide/ef18a16423e54416/song_package.yaml.bak
2025-10-26 14:05:26 [INFO] ✓ Created: data/Los-Angeles-MIDI/LOCAL_LAMDA/Local_Lamda_midi/midi_guide/ef18a16423e54416/song_package.yaml
2025-10-26 14:05:26 [INFO] Backed up existing package to data/Los-Angeles-MIDI/LOCAL_LAMDA/Local_Lamda_midi/midi_guide/ef559ac7c9febf84/song_package.yaml.bak
2025-10-26 14:05:26 [INFO] ✓ Created: data/Los-Angeles-MIDI/LOCAL_LAMDA/Local_Lamda_midi/midi_guide/ef559ac7c9febf84/song_package.yaml
2025-10-26 14:05:26 [INFO] Backed up existing package to data/Los-Angeles-MIDI/LOCAL_LAMDA/Local_Lamda_midi/midi_guide/ef94fccba66132b0/song_package.yaml.bak
2025-10-26 14:05:26 [INFO] ✓ Created: data/Los-Angeles-MIDI/LOCAL_LAMDA/Local_Lamda_midi/midi_guide/ef94fccba66132b0/song_package.yaml
2025-10-26 14:05:26 [INFO] Backed up existing package to data/Los-Angeles-MIDI/LOCAL_LAMDA/Local_Lamda_midi/midi_guide/ef58c13bba95350f/song_package.yaml.bak
2025-10-26 14:05:26 [INFO] ✓ Created: data/Los-Angeles-MIDI/LOCAL_LAMDA/Local_Lamda_midi/midi_guide/ef58c13bba95350f/song_package.yaml
2025-10-26 14:05:26 [INFO] Backed up existing package to data/Los-Angeles-MIDI/LOCAL_LAMDA/Local_Lamda_midi/midi_guide/ef71a45e75c5d525/song_package.yaml.bak
2025-10-26 14:05:26 [INFO] ✓ Created: data/Los-Angeles-MIDI/LOCAL_LAMDA/Local_Lamda_midi/midi_guide/ef71a45e75c5d525/song_package.yaml
2025-10-26 14:05:26 [INFO] Backed up existing package to data/Los-Angeles-MIDI/LOCAL_LAMDA/Local_Lamda_midi/midi_guide/efd1a347c4a80b48/song_package.yaml.bak
2025-10-26 14:05:26 [INFO] ✓ Created: data/Los-Angeles-MIDI/LOCAL_LAMDA/Local_Lamda_midi/midi_guide/efd1a347c4a80b48/song_package.yaml
2025-10-26 14:05:26 [INFO] Backed up existing package to data/Los-Angeles-MIDI/LOCAL_LAMDA/Local_Lamda_midi/midi_guide/efe092d5b112aefc/song_package.yaml.bak
2025-10-26 14:05:26 [INFO] ✓ Created: data/Los-Angeles-MIDI/LOCAL_LAMDA/Local_Lamda_midi/midi_guide/efe092d5b112aefc/song_package.yaml
2025-10-26 14:05:26 [INFO] Backed up existing package to data/Los-Angeles-MIDI/LOCAL_LAMDA/Local_Lamda_midi/midi_guide/efdba86329da8fc5/song_package.yaml.bak
2025-10-26 14:05:26 [INFO] ✓ Created: data/Los-Angeles-MIDI/LOCAL_LAMDA/Local_Lamda_midi/midi_guide/efdba86329da8fc5/song_package.yaml
2025-10-26 14:05:26 [INFO] Backed up existing package to data/Los-Angeles-MIDI/LOCAL_LAMDA/Local_Lamda_midi/midi_guide/efeb92b482369a3d/song_package.yaml.bak
2025-10-26 14:05:26 [INFO] ✓ Created: data/Los-Angeles-MIDI/LOCAL_LAMDA/Local_Lamda_midi/midi_guide/efeb92b482369a3d/song_package.yaml
2025-10-26 14:05:26 [INFO] Backed up existing package to data/Los-Angeles-MIDI/LOCAL_LAMDA/Local_Lamda_midi/midi_guide/f016339681d0bbee/song_package.yaml.bak
2025-10-26 14:05:26 [INFO] ✓ Created: data/Los-Angeles-MIDI/LOCAL_LAMDA/Local_Lamda_midi/midi_guide/f016339681d0bbee/song_package.yaml
2025-10-26 14:05:26 [INFO] Backed up existing package to data/Los-Angeles-MIDI/LOCAL_LAMDA/Local_Lamda_midi/midi_guide/effe98bd7c3bad29/song_package.yaml.bak
2025-10-26 14:05:26 [INFO] ✓ Created: data/Los-Angeles-MIDI/LOCAL_LAMDA/Local_Lamda_midi/midi_guide/effe98bd7c3bad29/song_package.yaml
2025-10-26 14:05:26 [INFO] Backed up existing package to data/Los-Angeles-MIDI/LOCAL_LAMDA/Local_Lamda_midi/midi_guide/f01cfb4addbe21f1/song_package.yaml.bak
2025-10-26 14:05:26 [INFO] ✓ Created: data/Los-Angeles-MIDI/LOCAL_LAMDA/Local_Lamda_midi/midi_guide/f01cfb4addbe21f1/song_package.yaml
2025-10-26 14:05:26 [INFO] Backed up existing package to data/Los-Angeles-MIDI/LOCAL_LAMDA/Local_Lamda_midi/midi_guide/f027856ea12ec25e/song_package.yaml.bak
2025-10-26 14:05:26 [INFO] ✓ Created: data/Los-Angeles-MIDI/LOCAL_LAMDA/Local_Lamda_midi/midi_guide/f027856ea12ec25e/song_package.yaml
2025-10-26 14:05:26 [INFO] Backed up existing package to data/Los-Angeles-MIDI/LOCAL_LAMDA/Local_Lamda_midi/midi_guide/f039ac29b581a496/song_package.yaml.bak
2025-10-26 14:05:26 [INFO] ✓ Created: data/Los-Angeles-MIDI/LOCAL_LAMDA/Local_Lamda_midi/midi_guide/f039ac29b581a496/song_package.yaml
2025-10-26 14:05:26 [INFO] Backed up existing package to data/Los-Angeles-MIDI/LOCAL_LAMDA/Local_Lamda_midi/midi_guide/f0a1f5bded7a4410/song_package.yaml.bak
2025-10-26 14:05:26 [INFO] ✓ Created: data/Los-Angeles-MIDI/LOCAL_LAMDA/Local_Lamda_midi/midi_guide/f0a1f5bded7a4410/song_package.yaml
2025-10-26 14:05:26 [INFO] Backed up existing package to data/Los-Angeles-MIDI/LOCAL_LAMDA/Local_Lamda_midi/midi_guide/f0ec2edf840f4b46/song_package.yaml.bak
2025-10-26 14:05:26 [INFO] ✓ Created: data/Los-Angeles-MIDI/LOCAL_LAMDA/Local_Lamda_midi/midi_guide/f0ec2edf840f4b46/song_package.yaml
2025-10-26 14:05:26 [INFO] Backed up existing package to data/Los-Angeles-MIDI/LOCAL_LAMDA/Local_Lamda_midi/midi_guide/f0d361c04b41e899/song_package.yaml.bak
2025-10-26 14:05:26 [INFO] ✓ Created: data/Los-Angeles-MIDI/LOCAL_LAMDA/Local_Lamda_midi/midi_guide/f0d361c04b41e899/song_package.yaml
2025-10-26 14:05:26 [INFO] Backed up existing package to data/Los-Angeles-MIDI/LOCAL_LAMDA/Local_Lamda_midi/midi_guide/f0bdad64c37ff58a/song_package.yaml.bak
2025-10-26 14:05:26 [INFO] ✓ Created: data/Los-Angeles-MIDI/LOCAL_LAMDA/Local_Lamda_midi/midi_guide/f0bdad64c37ff58a/song_package.yaml
2025-10-26 14:05:26 [INFO] Backed up existing package to data/Los-Angeles-MIDI/LOCAL_LAMDA/Local_Lamda_midi/midi_guide/f0523823bb34ac50/song_package.yaml.bak
2025-10-26 14:05:26 [INFO] ✓ Created: data/Los-Angeles-MIDI/LOCAL_LAMDA/Local_Lamda_midi/midi_guide/f0523823bb34ac50/song_package.yaml
2025-10-26 14:05:26 [INFO] Backed up existing package to data/Los-Angeles-MIDI/LOCAL_LAMDA/Local_Lamda_midi/midi_guide/f0d701e6a734ae9f/song_package.yaml.bak
2025-10-26 14:05:26 [INFO] ✓ Created: data/Los-Angeles-MIDI/LOCAL_LAMDA/Local_Lamda_midi/midi_guide/f0d701e6a734ae9f/song_package.yaml
2025-10-26 14:05:26 [INFO] Backed up existing package to data/Los-Angeles-MIDI/LOCAL_LAMDA/Local_Lamda_midi/midi_guide/f0d8b77c527a7cf6/song_package.yaml.bak
2025-10-26 14:05:26 [INFO] ✓ Created: data/Los-Angeles-MIDI/LOCAL_LAMDA/Local_Lamda_midi/midi_guide/f0d8b77c527a7cf6/song_package.yaml
2025-10-26 14:05:26 [INFO] Backed up existing package to data/Los-Angeles-MIDI/LOCAL_LAMDA/Local_Lamda_midi/midi_guide/f13e1f23d747ab51/song_package.yaml.bak
2025-10-26 14:05:26 [INFO] ✓ Created: data/Los-Angeles-MIDI/LOCAL_LAMDA/Local_Lamda_midi/midi_guide/f13e1f23d747ab51/song_package.yaml
2025-10-26 14:05:26 [INFO] Backed up existing package to data/Los-Angeles-MIDI/LOCAL_LAMDA/Local_Lamda_midi/midi_guide/f165f6466dbb3d79/song_package.yaml.bak
2025-10-26 14:05:26 [INFO] ✓ Created: data/Los-Angeles-MIDI/LOCAL_LAMDA/Local_Lamda_midi/midi_guide/f165f6466dbb3d79/song_package.yaml
2025-10-26 14:05:26 [INFO] Backed up existing package to data/Los-Angeles-MIDI/LOCAL_LAMDA/Local_Lamda_midi/midi_guide/f197561de46410c7/song_package.yaml.bak
2025-10-26 14:05:26 [INFO] ✓ Created: data/Los-Angeles-MIDI/LOCAL_LAMDA/Local_Lamda_midi/midi_guide/f197561de46410c7/song_package.yaml
2025-10-26 14:05:26 [INFO] Backed up existing package to data/Los-Angeles-MIDI/LOCAL_LAMDA/Local_Lamda_midi/midi_guide/f1649f38b25d51c6/song_package.yaml.bak
2025-10-26 14:05:26 [INFO] ✓ Created: data/Los-Angeles-MIDI/LOCAL_LAMDA/Local_Lamda_midi/midi_guide/f1649f38b25d51c6/song_package.yaml
2025-10-26 14:05:26 [INFO] Backed up existing package to data/Los-Angeles-MIDI/LOCAL_LAMDA/Local_Lamda_midi/midi_guide/f1750ebf9cfffbbd/song_package.yaml.bak
2025-10-26 14:05:26 [INFO] ✓ Created: data/Los-Angeles-MIDI/LOCAL_LAMDA/Local_Lamda_midi/midi_guide/f1750ebf9cfffbbd/song_package.yaml
2025-10-26 14:05:26 [INFO] Backed up existing package to data/Los-Angeles-MIDI/LOCAL_LAMDA/Local_Lamda_midi/midi_guide/f20b7652b8b68a70/song_package.yaml.bak
2025-10-26 14:05:26 [INFO] ✓ Created: data/Los-Angeles-MIDI/LOCAL_LAMDA/Local_Lamda_midi/midi_guide/f20b7652b8b68a70/song_package.yaml
2025-10-26 14:05:26 [INFO] Backed up existing package to data/Los-Angeles-MIDI/LOCAL_LAMDA/Local_Lamda_midi/midi_guide/f25a9ebc937a0f7d/song_package.yaml.bak
2025-10-26 14:05:26 [INFO] ✓ Created: data/Los-Angeles-MIDI/LOCAL_LAMDA/Local_Lamda_midi/midi_guide/f25a9ebc937a0f7d/song_package.yaml
2025-10-26 14:05:26 [INFO] Backed up existing package to data/Los-Angeles-MIDI/LOCAL_LAMDA/Local_Lamda_midi/midi_guide/f173502c7c3aaed6/song_package.yaml.bak
2025-10-26 14:05:26 [INFO] ✓ Created: data/Los-Angeles-MIDI/LOCAL_LAMDA/Local_Lamda_midi/midi_guide/f173502c7c3aaed6/song_package.yaml
2025-10-26 14:05:26 [INFO] Backed up existing package to data/Los-Angeles-MIDI/LOCAL_LAMDA/Local_Lamda_midi/midi_guide/f3336e19e48f52b2/song_package.yaml.bak
2025-10-26 14:05:26 [INFO] ✓ Created: data/Los-Angeles-MIDI/LOCAL_LAMDA/Local_Lamda_midi/midi_guide/f3336e19e48f52b2/song_package.yaml
2025-10-26 14:05:26 [INFO] Backed up existing package to data/Los-Angeles-MIDI/LOCAL_LAMDA/Local_Lamda_midi/midi_guide/f2b2438112c06b9d/song_package.yaml.bak
2025-10-26 14:05:26 [INFO] ✓ Created: data/Los-Angeles-MIDI/LOCAL_LAMDA/Local_Lamda_midi/midi_guide/f2b2438112c06b9d/song_package.yaml
2025-10-26 14:05:27 [INFO] Backed up existing package to data/Los-Angeles-MIDI/LOCAL_LAMDA/Local_Lamda_midi/midi_guide/f3bd794490aa0f6f/song_package.yaml.bak
2025-10-26 14:05:27 [INFO] ✓ Created: data/Los-Angeles-MIDI/LOCAL_LAMDA/Local_Lamda_midi/midi_guide/f3bd794490aa0f6f/song_package.yaml
2025-10-26 14:05:27 [INFO] Backed up existing package to data/Los-Angeles-MIDI/LOCAL_LAMDA/Local_Lamda_midi/midi_guide/f2dab0be131f58ea/song_package.yaml.bak
2025-10-26 14:05:27 [INFO] ✓ Created: data/Los-Angeles-MIDI/LOCAL_LAMDA/Local_Lamda_midi/midi_guide/f2dab0be131f58ea/song_package.yaml
2025-10-26 14:05:27 [INFO] Backed up existing package to data/Los-Angeles-MIDI/LOCAL_LAMDA/Local_Lamda_midi/midi_guide/f3ae24a973d792e8/song_package.yaml.bak
2025-10-26 14:05:27 [INFO] ✓ Created: data/Los-Angeles-MIDI/LOCAL_LAMDA/Local_Lamda_midi/midi_guide/f3ae24a973d792e8/song_package.yaml
2025-10-26 14:05:27 [INFO] Backed up existing package to data/Los-Angeles-MIDI/LOCAL_LAMDA/Local_Lamda_midi/midi_guide/f3c3b4c745c4a235/song_package.yaml.bak
2025-10-26 14:05:27 [INFO] ✓ Created: data/Los-Angeles-MIDI/LOCAL_LAMDA/Local_Lamda_midi/midi_guide/f3c3b4c745c4a235/song_package.yaml
2025-10-26 14:05:27 [INFO] Backed up existing package to data/Los-Angeles-MIDI/LOCAL_LAMDA/Local_Lamda_midi/midi_guide/f3e72b772f48936a/song_package.yaml.bak
2025-10-26 14:05:27 [INFO] ✓ Created: data/Los-Angeles-MIDI/LOCAL_LAMDA/Local_Lamda_midi/midi_guide/f3e72b772f48936a/song_package.yaml
2025-10-26 14:05:27 [INFO] Backed up existing package to data/Los-Angeles-MIDI/LOCAL_LAMDA/Local_Lamda_midi/midi_guide/f3e6e72084211f45/song_package.yaml.bak
2025-10-26 14:05:27 [INFO] ✓ Created: data/Los-Angeles-MIDI/LOCAL_LAMDA/Local_Lamda_midi/midi_guide/f3e6e72084211f45/song_package.yaml
2025-10-26 14:05:27 [INFO] Backed up existing package to data/Los-Angeles-MIDI/LOCAL_LAMDA/Local_Lamda_midi/midi_guide/f4398549be3e531e/song_package.yaml.bak
2025-10-26 14:05:27 [INFO] ✓ Created: data/Los-Angeles-MIDI/LOCAL_LAMDA/Local_Lamda_midi/midi_guide/f4398549be3e531e/song_package.yaml
2025-10-26 14:05:27 [INFO] Backed up existing package to data/Los-Angeles-MIDI/LOCAL_LAMDA/Local_Lamda_midi/midi_guide/f4121700a4b92c0f/song_package.yaml.bak
2025-10-26 14:05:27 [INFO] ✓ Created: data/Los-Angeles-MIDI/LOCAL_LAMDA/Local_Lamda_midi/midi_guide/f4121700a4b92c0f/song_package.yaml
2025-10-26 14:05:27 [INFO] Backed up existing package to data/Los-Angeles-MIDI/LOCAL_LAMDA/Local_Lamda_midi/midi_guide/f447952c0eaadcc5/song_package.yaml.bak
2025-10-26 14:05:27 [INFO] ✓ Created: data/Los-Angeles-MIDI/LOCAL_LAMDA/Local_Lamda_midi/midi_guide/f447952c0eaadcc5/song_package.yaml
2025-10-26 14:05:27 [INFO] Backed up existing package to data/Los-Angeles-MIDI/LOCAL_LAMDA/Local_Lamda_midi/midi_guide/f4461fc66f51f2a2/song_package.yaml.bak
2025-10-26 14:05:27 [INFO] ✓ Created: data/Los-Angeles-MIDI/LOCAL_LAMDA/Local_Lamda_midi/midi_guide/f4461fc66f51f2a2/song_package.yaml
2025-10-26 14:05:27 [INFO] Backed up existing package to data/Los-Angeles-MIDI/LOCAL_LAMDA/Local_Lamda_midi/midi_guide/f48e3909443823f5/song_package.yaml.bak
2025-10-26 14:05:27 [INFO] ✓ Created: data/Los-Angeles-MIDI/LOCAL_LAMDA/Local_Lamda_midi/midi_guide/f48e3909443823f5/song_package.yaml
2025-10-26 14:05:27 [INFO] Backed up existing package to data/Los-Angeles-MIDI/LOCAL_LAMDA/Local_Lamda_midi/midi_guide/f452711ffd15290a/song_package.yaml.bak
2025-10-26 14:05:27 [INFO] ✓ Created: data/Los-Angeles-MIDI/LOCAL_LAMDA/Local_Lamda_midi/midi_guide/f452711ffd15290a/song_package.yaml
2025-10-26 14:05:27 [INFO] Backed up existing package to data/Los-Angeles-MIDI/LOCAL_LAMDA/Local_Lamda_midi/midi_guide/f484652178226901/song_package.yaml.bak
2025-10-26 14:05:27 [INFO] ✓ Created: data/Los-Angeles-MIDI/LOCAL_LAMDA/Local_Lamda_midi/midi_guide/f484652178226901/song_package.yaml
2025-10-26 14:05:27 [INFO] Backed up existing package to data/Los-Angeles-MIDI/LOCAL_LAMDA/Local_Lamda_midi/midi_guide/f535d9e6362a2a2a/song_package.yaml.bak
2025-10-26 14:05:27 [INFO] ✓ Created: data/Los-Angeles-MIDI/LOCAL_LAMDA/Local_Lamda_midi/midi_guide/f535d9e6362a2a2a/song_package.yaml
2025-10-26 14:05:27 [INFO] Backed up existing package to data/Los-Angeles-MIDI/LOCAL_LAMDA/Local_Lamda_midi/midi_guide/f5a77545a56198b6/song_package.yaml.bak
2025-10-26 14:05:27 [INFO] ✓ Created: data/Los-Angeles-MIDI/LOCAL_LAMDA/Local_Lamda_midi/midi_guide/f5a77545a56198b6/song_package.yaml
2025-10-26 14:05:27 [INFO] Backed up existing package to data/Los-Angeles-MIDI/LOCAL_LAMDA/Local_Lamda_midi/midi_guide/f53490438afd2215/song_package.yaml.bak
2025-10-26 14:05:27 [INFO] ✓ Created: data/Los-Angeles-MIDI/LOCAL_LAMDA/Local_Lamda_midi/midi_guide/f53490438afd2215/song_package.yaml
2025-10-26 14:05:27 [INFO] Backed up existing package to data/Los-Angeles-MIDI/LOCAL_LAMDA/Local_Lamda_midi/midi_guide/f5b54d41d7c1e770/song_package.yaml.bak
2025-10-26 14:05:27 [INFO] ✓ Created: data/Los-Angeles-MIDI/LOCAL_LAMDA/Local_Lamda_midi/midi_guide/f5b54d41d7c1e770/song_package.yaml
2025-10-26 14:05:27 [INFO] Backed up existing package to data/Los-Angeles-MIDI/LOCAL_LAMDA/Local_Lamda_midi/midi_guide/f56da875357be0b9/song_package.yaml.bak
2025-10-26 14:05:27 [INFO] ✓ Created: data/Los-Angeles-MIDI/LOCAL_LAMDA/Local_Lamda_midi/midi_guide/f56da875357be0b9/song_package.yaml
2025-10-26 14:05:27 [INFO] Backed up existing package to data/Los-Angeles-MIDI/LOCAL_LAMDA/Local_Lamda_midi/midi_guide/f624482930723e48/song_package.yaml.bak
2025-10-26 14:05:27 [INFO] ✓ Created: data/Los-Angeles-MIDI/LOCAL_LAMDA/Local_Lamda_midi/midi_guide/f624482930723e48/song_package.yaml
2025-10-26 14:05:27 [INFO] Backed up existing package to data/Los-Angeles-MIDI/LOCAL_LAMDA/Local_Lamda_midi/midi_guide/f65e8633f3486280/song_package.yaml.bak
2025-10-26 14:05:27 [INFO] ✓ Created: data/Los-Angeles-MIDI/LOCAL_LAMDA/Local_Lamda_midi/midi_guide/f65e8633f3486280/song_package.yaml
2025-10-26 14:05:27 [INFO] Backed up existing package to data/Los-Angeles-MIDI/LOCAL_LAMDA/Local_Lamda_midi/midi_guide/f657cec3845bdb68/song_package.yaml.bak
2025-10-26 14:05:27 [INFO] ✓ Created: data/Los-Angeles-MIDI/LOCAL_LAMDA/Local_Lamda_midi/midi_guide/f657cec3845bdb68/song_package.yaml
2025-10-26 14:05:27 [INFO] Backed up existing package to data/Los-Angeles-MIDI/LOCAL_LAMDA/Local_Lamda_midi/midi_guide/f68187b1488d4c16/song_package.yaml.bak
2025-10-26 14:05:27 [INFO] ✓ Created: data/Los-Angeles-MIDI/LOCAL_LAMDA/Local_Lamda_midi/midi_guide/f68187b1488d4c16/song_package.yaml
2025-10-26 14:05:27 [INFO] Backed up existing package to data/Los-Angeles-MIDI/LOCAL_LAMDA/Local_Lamda_midi/midi_guide/f6211709f960f29c/song_package.yaml.bak
2025-10-26 14:05:27 [INFO] ✓ Created: data/Los-Angeles-MIDI/LOCAL_LAMDA/Local_Lamda_midi/midi_guide/f6211709f960f29c/song_package.yaml
2025-10-26 14:05:27 [INFO] Backed up existing package to data/Los-Angeles-MIDI/LOCAL_LAMDA/Local_Lamda_midi/midi_guide/f62d9c675499b090/song_package.yaml.bak
2025-10-26 14:05:27 [INFO] ✓ Created: data/Los-Angeles-MIDI/LOCAL_LAMDA/Local_Lamda_midi/midi_guide/f62d9c675499b090/song_package.yaml
2025-10-26 14:05:27 [INFO] Backed up existing package to data/Los-Angeles-MIDI/LOCAL_LAMDA/Local_Lamda_midi/midi_guide/f6abcd36f7dd7ede/song_package.yaml.bak
2025-10-26 14:05:27 [INFO] ✓ Created: data/Los-Angeles-MIDI/LOCAL_LAMDA/Local_Lamda_midi/midi_guide/f6abcd36f7dd7ede/song_package.yaml
2025-10-26 14:05:27 [INFO] Backed up existing package to data/Los-Angeles-MIDI/LOCAL_LAMDA/Local_Lamda_midi/midi_guide/f69947e2cf0fa116/song_package.yaml.bak
2025-10-26 14:05:27 [INFO] ✓ Created: data/Los-Angeles-MIDI/LOCAL_LAMDA/Local_Lamda_midi/midi_guide/f69947e2cf0fa116/song_package.yaml
2025-10-26 14:05:27 [INFO] Backed up existing package to data/Los-Angeles-MIDI/LOCAL_LAMDA/Local_Lamda_midi/midi_guide/f6ab7bc73c9be39b/song_package.yaml.bak
2025-10-26 14:05:27 [INFO] ✓ Created: data/Los-Angeles-MIDI/LOCAL_LAMDA/Local_Lamda_midi/midi_guide/f6ab7bc73c9be39b/song_package.yaml
2025-10-26 14:05:27 [INFO] Backed up existing package to data/Los-Angeles-MIDI/LOCAL_LAMDA/Local_Lamda_midi/midi_guide/f69f9805736c0ce7/song_package.yaml.bak
2025-10-26 14:05:27 [INFO] ✓ Created: data/Los-Angeles-MIDI/LOCAL_LAMDA/Local_Lamda_midi/midi_guide/f69f9805736c0ce7/song_package.yaml
2025-10-26 14:05:27 [INFO] Backed up existing package to data/Los-Angeles-MIDI/LOCAL_LAMDA/Local_Lamda_midi/midi_guide/f6f6b48f62948a8e/song_package.yaml.bak
2025-10-26 14:05:27 [INFO] ✓ Created: data/Los-Angeles-MIDI/LOCAL_LAMDA/Local_Lamda_midi/midi_guide/f6f6b48f62948a8e/song_package.yaml
2025-10-26 14:05:27 [INFO] Backed up existing package to data/Los-Angeles-MIDI/LOCAL_LAMDA/Local_Lamda_midi/midi_guide/f6c565af5ec9da53/song_package.yaml.bak
2025-10-26 14:05:27 [INFO] ✓ Created: data/Los-Angeles-MIDI/LOCAL_LAMDA/Local_Lamda_midi/midi_guide/f6c565af5ec9da53/song_package.yaml
2025-10-26 14:05:27 [INFO] Backed up existing package to data/Los-Angeles-MIDI/LOCAL_LAMDA/Local_Lamda_midi/midi_guide/f6d7fdaa02b9173e/song_package.yaml.bak
2025-10-26 14:05:27 [INFO] ✓ Created: data/Los-Angeles-MIDI/LOCAL_LAMDA/Local_Lamda_midi/midi_guide/f6d7fdaa02b9173e/song_package.yaml
2025-10-26 14:05:27 [INFO] Backed up existing package to data/Los-Angeles-MIDI/LOCAL_LAMDA/Local_Lamda_midi/midi_guide/f6769f1c2e18d2a2/song_package.yaml.bak
2025-10-26 14:05:27 [INFO] ✓ Created: data/Los-Angeles-MIDI/LOCAL_LAMDA/Local_Lamda_midi/midi_guide/f6769f1c2e18d2a2/song_package.yaml
2025-10-26 14:05:27 [INFO] Backed up existing package to data/Los-Angeles-MIDI/LOCAL_LAMDA/Local_Lamda_midi/midi_guide/f714783b3dea1362/song_package.yaml.bak
2025-10-26 14:05:27 [INFO] ✓ Created: data/Los-Angeles-MIDI/LOCAL_LAMDA/Local_Lamda_midi/midi_guide/f714783b3dea1362/song_package.yaml
2025-10-26 14:05:27 [INFO] Backed up existing package to data/Los-Angeles-MIDI/LOCAL_LAMDA/Local_Lamda_midi/midi_guide/f7245b1134eb8ada/song_package.yaml.bak
2025-10-26 14:05:27 [INFO] ✓ Created: data/Los-Angeles-MIDI/LOCAL_LAMDA/Local_Lamda_midi/midi_guide/f7245b1134eb8ada/song_package.yaml
2025-10-26 14:05:27 [INFO] Backed up existing package to data/Los-Angeles-MIDI/LOCAL_LAMDA/Local_Lamda_midi/midi_guide/f7294bd0d79edf5e/song_package.yaml.bak
2025-10-26 14:05:27 [INFO] ✓ Created: data/Los-Angeles-MIDI/LOCAL_LAMDA/Local_Lamda_midi/midi_guide/f7294bd0d79edf5e/song_package.yaml
2025-10-26 14:05:27 [INFO] Backed up existing package to data/Los-Angeles-MIDI/LOCAL_LAMDA/Local_Lamda_midi/midi_guide/f7eab6bc4b6927fa/song_package.yaml.bak
2025-10-26 14:05:27 [INFO] ✓ Created: data/Los-Angeles-MIDI/LOCAL_LAMDA/Local_Lamda_midi/midi_guide/f7eab6bc4b6927fa/song_package.yaml
2025-10-26 14:05:27 [INFO] Backed up existing package to data/Los-Angeles-MIDI/LOCAL_LAMDA/Local_Lamda_midi/midi_guide/f7f33b229f646a40/song_package.yaml.bak
2025-10-26 14:05:27 [INFO] ✓ Created: data/Los-Angeles-MIDI/LOCAL_LAMDA/Local_Lamda_midi/midi_guide/f7f33b229f646a40/song_package.yaml
2025-10-26 14:05:27 [INFO] Backed up existing package to data/Los-Angeles-MIDI/LOCAL_LAMDA/Local_Lamda_midi/midi_guide/f81d803782b15e0e/song_package.yaml.bak
2025-10-26 14:05:27 [INFO] ✓ Created: data/Los-Angeles-MIDI/LOCAL_LAMDA/Local_Lamda_midi/midi_guide/f81d803782b15e0e/song_package.yaml
2025-10-26 14:05:28 [INFO] Backed up existing package to data/Los-Angeles-MIDI/LOCAL_LAMDA/Local_Lamda_midi/midi_guide/f863c65b1bf62aac/song_package.yaml.bak
2025-10-26 14:05:28 [INFO] ✓ Created: data/Los-Angeles-MIDI/LOCAL_LAMDA/Local_Lamda_midi/midi_guide/f863c65b1bf62aac/song_package.yaml
2025-10-26 14:05:28 [INFO] Backed up existing package to data/Los-Angeles-MIDI/LOCAL_LAMDA/Local_Lamda_midi/midi_guide/f868ef081fd42188/song_package.yaml.bak
2025-10-26 14:05:28 [INFO] ✓ Created: data/Los-Angeles-MIDI/LOCAL_LAMDA/Local_Lamda_midi/midi_guide/f868ef081fd42188/song_package.yaml
2025-10-26 14:05:28 [INFO] Backed up existing package to data/Los-Angeles-MIDI/LOCAL_LAMDA/Local_Lamda_midi/midi_guide/f9015c6ea25da63f/song_package.yaml.bak
2025-10-26 14:05:28 [INFO] ✓ Created: data/Los-Angeles-MIDI/LOCAL_LAMDA/Local_Lamda_midi/midi_guide/f9015c6ea25da63f/song_package.yaml
2025-10-26 14:05:28 [INFO] Backed up existing package to data/Los-Angeles-MIDI/LOCAL_LAMDA/Local_Lamda_midi/midi_guide/f881d24c647d9f64/song_package.yaml.bak
2025-10-26 14:05:28 [INFO] ✓ Created: data/Los-Angeles-MIDI/LOCAL_LAMDA/Local_Lamda_midi/midi_guide/f881d24c647d9f64/song_package.yaml
2025-10-26 14:05:28 [INFO] Backed up existing package to data/Los-Angeles-MIDI/LOCAL_LAMDA/Local_Lamda_midi/midi_guide/f90b111610ed2c0b/song_package.yaml.bak
2025-10-26 14:05:28 [INFO] ✓ Created: data/Los-Angeles-MIDI/LOCAL_LAMDA/Local_Lamda_midi/midi_guide/f90b111610ed2c0b/song_package.yaml
2025-10-26 14:05:28 [INFO] Backed up existing package to data/Los-Angeles-MIDI/LOCAL_LAMDA/Local_Lamda_midi/midi_guide/f8f44d572d20be61/song_package.yaml.bak
2025-10-26 14:05:28 [INFO] ✓ Created: data/Los-Angeles-MIDI/LOCAL_LAMDA/Local_Lamda_midi/midi_guide/f8f44d572d20be61/song_package.yaml
2025-10-26 14:05:28 [INFO] Backed up existing package to data/Los-Angeles-MIDI/LOCAL_LAMDA/Local_Lamda_midi/midi_guide/f9032ef871dad878/song_package.yaml.bak
2025-10-26 14:05:28 [INFO] ✓ Created: data/Los-Angeles-MIDI/LOCAL_LAMDA/Local_Lamda_midi/midi_guide/f9032ef871dad878/song_package.yaml
2025-10-26 14:05:28 [INFO] Backed up existing package to data/Los-Angeles-MIDI/LOCAL_LAMDA/Local_Lamda_midi/midi_guide/f92742c9a26cb927/song_package.yaml.bak
2025-10-26 14:05:28 [INFO] ✓ Created: data/Los-Angeles-MIDI/LOCAL_LAMDA/Local_Lamda_midi/midi_guide/f92742c9a26cb927/song_package.yaml
2025-10-26 14:05:28 [INFO] Backed up existing package to data/Los-Angeles-MIDI/LOCAL_LAMDA/Local_Lamda_midi/midi_guide/f99590ea78b667c3/song_package.yaml.bak
2025-10-26 14:05:28 [INFO] ✓ Created: data/Los-Angeles-MIDI/LOCAL_LAMDA/Local_Lamda_midi/midi_guide/f99590ea78b667c3/song_package.yaml
2025-10-26 14:05:28 [INFO] Backed up existing package to data/Los-Angeles-MIDI/LOCAL_LAMDA/Local_Lamda_midi/midi_guide/f93e1df4ff195aa1/song_package.yaml.bak
2025-10-26 14:05:28 [INFO] ✓ Created: data/Los-Angeles-MIDI/LOCAL_LAMDA/Local_Lamda_midi/midi_guide/f93e1df4ff195aa1/song_package.yaml
2025-10-26 14:05:28 [INFO] Backed up existing package to data/Los-Angeles-MIDI/LOCAL_LAMDA/Local_Lamda_midi/midi_guide/f93eccd2e2e7e89f/song_package.yaml.bak
2025-10-26 14:05:28 [INFO] ✓ Created: data/Los-Angeles-MIDI/LOCAL_LAMDA/Local_Lamda_midi/midi_guide/f93eccd2e2e7e89f/song_package.yaml
2025-10-26 14:05:28 [INFO] Backed up existing package to data/Los-Angeles-MIDI/LOCAL_LAMDA/Local_Lamda_midi/midi_guide/f96fda099a644c86/song_package.yaml.bak
2025-10-26 14:05:28 [INFO] ✓ Created: data/Los-Angeles-MIDI/LOCAL_LAMDA/Local_Lamda_midi/midi_guide/f96fda099a644c86/song_package.yaml
2025-10-26 14:05:28 [INFO] Backed up existing package to data/Los-Angeles-MIDI/LOCAL_LAMDA/Local_Lamda_midi/midi_guide/f965d9dd09dc2803/song_package.yaml.bak
2025-10-26 14:05:28 [INFO] ✓ Created: data/Los-Angeles-MIDI/LOCAL_LAMDA/Local_Lamda_midi/midi_guide/f965d9dd09dc2803/song_package.yaml
2025-10-26 14:05:28 [INFO] Backed up existing package to data/Los-Angeles-MIDI/LOCAL_LAMDA/Local_Lamda_midi/midi_guide/f99ee9c0368d39d4/song_package.yaml.bak
2025-10-26 14:05:28 [INFO] ✓ Created: data/Los-Angeles-MIDI/LOCAL_LAMDA/Local_Lamda_midi/midi_guide/f99ee9c0368d39d4/song_package.yaml
2025-10-26 14:05:28 [INFO] Backed up existing package to data/Los-Angeles-MIDI/LOCAL_LAMDA/Local_Lamda_midi/midi_guide/f9a7b006743dea54/song_package.yaml.bak
2025-10-26 14:05:28 [INFO] ✓ Created: data/Los-Angeles-MIDI/LOCAL_LAMDA/Local_Lamda_midi/midi_guide/f9a7b006743dea54/song_package.yaml
2025-10-26 14:05:28 [INFO] Backed up existing package to data/Los-Angeles-MIDI/LOCAL_LAMDA/Local_Lamda_midi/midi_guide/f9b5b415feb74dbd/song_package.yaml.bak
2025-10-26 14:05:28 [INFO] ✓ Created: data/Los-Angeles-MIDI/LOCAL_LAMDA/Local_Lamda_midi/midi_guide/f9b5b415feb74dbd/song_package.yaml
2025-10-26 14:05:28 [INFO] Backed up existing package to data/Los-Angeles-MIDI/LOCAL_LAMDA/Local_Lamda_midi/midi_guide/f9c1795b5941cc1f/song_package.yaml.bak
2025-10-26 14:05:28 [INFO] ✓ Created: data/Los-Angeles-MIDI/LOCAL_LAMDA/Local_Lamda_midi/midi_guide/f9c1795b5941cc1f/song_package.yaml
2025-10-26 14:05:28 [INFO] Backed up existing package to data/Los-Angeles-MIDI/LOCAL_LAMDA/Local_Lamda_midi/midi_guide/f9dbdc1a8f3431f2/song_package.yaml.bak
2025-10-26 14:05:28 [INFO] ✓ Created: data/Los-Angeles-MIDI/LOCAL_LAMDA/Local_Lamda_midi/midi_guide/f9dbdc1a8f3431f2/song_package.yaml
2025-10-26 14:05:28 [INFO] Backed up existing package to data/Los-Angeles-MIDI/LOCAL_LAMDA/Local_Lamda_midi/midi_guide/f9b78e006ffd98e4/song_package.yaml.bak
2025-10-26 14:05:28 [INFO] ✓ Created: data/Los-Angeles-MIDI/LOCAL_LAMDA/Local_Lamda_midi/midi_guide/f9b78e006ffd98e4/song_package.yaml
2025-10-26 14:05:28 [INFO] Backed up existing package to data/Los-Angeles-MIDI/LOCAL_LAMDA/Local_Lamda_midi/midi_guide/f9fe6a9ccf6f478f/song_package.yaml.bak
2025-10-26 14:05:28 [INFO] ✓ Created: data/Los-Angeles-MIDI/LOCAL_LAMDA/Local_Lamda_midi/midi_guide/f9fe6a9ccf6f478f/song_package.yaml
2025-10-26 14:05:28 [INFO] Backed up existing package to data/Los-Angeles-MIDI/LOCAL_LAMDA/Local_Lamda_midi/midi_guide/fa70231f75c4d4e6/song_package.yaml.bak
2025-10-26 14:05:28 [INFO] ✓ Created: data/Los-Angeles-MIDI/LOCAL_LAMDA/Local_Lamda_midi/midi_guide/fa70231f75c4d4e6/song_package.yaml
2025-10-26 14:05:28 [INFO] Backed up existing package to data/Los-Angeles-MIDI/LOCAL_LAMDA/Local_Lamda_midi/midi_guide/fab844bafad77b4d/song_package.yaml.bak
2025-10-26 14:05:28 [INFO] ✓ Created: data/Los-Angeles-MIDI/LOCAL_LAMDA/Local_Lamda_midi/midi_guide/fab844bafad77b4d/song_package.yaml
2025-10-26 14:05:28 [INFO] Backed up existing package to data/Los-Angeles-MIDI/LOCAL_LAMDA/Local_Lamda_midi/midi_guide/faf6079d0c6b4362/song_package.yaml.bak
2025-10-26 14:05:28 [INFO] ✓ Created: data/Los-Angeles-MIDI/LOCAL_LAMDA/Local_Lamda_midi/midi_guide/faf6079d0c6b4362/song_package.yaml
2025-10-26 14:05:28 [INFO] Backed up existing package to data/Los-Angeles-MIDI/LOCAL_LAMDA/Local_Lamda_midi/midi_guide/fafd09e326716af6/song_package.yaml.bak
2025-10-26 14:05:28 [INFO] ✓ Created: data/Los-Angeles-MIDI/LOCAL_LAMDA/Local_Lamda_midi/midi_guide/fafd09e326716af6/song_package.yaml
2025-10-26 14:05:28 [INFO] Backed up existing package to data/Los-Angeles-MIDI/LOCAL_LAMDA/Local_Lamda_midi/midi_guide/faa14741c36f6f57/song_package.yaml.bak
2025-10-26 14:05:28 [INFO] ✓ Created: data/Los-Angeles-MIDI/LOCAL_LAMDA/Local_Lamda_midi/midi_guide/faa14741c36f6f57/song_package.yaml
2025-10-26 14:05:28 [INFO] Backed up existing package to data/Los-Angeles-MIDI/LOCAL_LAMDA/Local_Lamda_midi/midi_guide/fb0730132ba631eb/song_package.yaml.bak
2025-10-26 14:05:28 [INFO] ✓ Created: data/Los-Angeles-MIDI/LOCAL_LAMDA/Local_Lamda_midi/midi_guide/fb0730132ba631eb/song_package.yaml
2025-10-26 14:05:29 [INFO] Backed up existing package to data/Los-Angeles-MIDI/LOCAL_LAMDA/Local_Lamda_midi/midi_guide/fb62a4b0cf3145f7/song_package.yaml.bak
2025-10-26 14:05:29 [INFO] ✓ Created: data/Los-Angeles-MIDI/LOCAL_LAMDA/Local_Lamda_midi/midi_guide/fb62a4b0cf3145f7/song_package.yaml
2025-10-26 14:05:29 [INFO] Backed up existing package to data/Los-Angeles-MIDI/LOCAL_LAMDA/Local_Lamda_midi/midi_guide/fb9e9437996d2ee4/song_package.yaml.bak
2025-10-26 14:05:29 [INFO] ✓ Created: data/Los-Angeles-MIDI/LOCAL_LAMDA/Local_Lamda_midi/midi_guide/fb9e9437996d2ee4/song_package.yaml
2025-10-26 14:05:29 [INFO] Backed up existing package to data/Los-Angeles-MIDI/LOCAL_LAMDA/Local_Lamda_midi/midi_guide/fc020115bad466dc/song_package.yaml.bak
2025-10-26 14:05:29 [INFO] ✓ Created: data/Los-Angeles-MIDI/LOCAL_LAMDA/Local_Lamda_midi/midi_guide/fc020115bad466dc/song_package.yaml
2025-10-26 14:05:29 [INFO] Backed up existing package to data/Los-Angeles-MIDI/LOCAL_LAMDA/Local_Lamda_midi/midi_guide/fb434ac3726ca1f7/song_package.yaml.bak
2025-10-26 14:05:29 [INFO] ✓ Created: data/Los-Angeles-MIDI/LOCAL_LAMDA/Local_Lamda_midi/midi_guide/fb434ac3726ca1f7/song_package.yaml
2025-10-26 14:05:29 [INFO] Backed up existing package to data/Los-Angeles-MIDI/LOCAL_LAMDA/Local_Lamda_midi/midi_guide/fbdc55470bbd9adf/song_package.yaml.bak
2025-10-26 14:05:29 [INFO] ✓ Created: data/Los-Angeles-MIDI/LOCAL_LAMDA/Local_Lamda_midi/midi_guide/fbdc55470bbd9adf/song_package.yaml
2025-10-26 14:05:29 [INFO] Backed up existing package to data/Los-Angeles-MIDI/LOCAL_LAMDA/Local_Lamda_midi/midi_guide/fc068b338b9c94f1/song_package.yaml.bak
2025-10-26 14:05:29 [INFO] ✓ Created: data/Los-Angeles-MIDI/LOCAL_LAMDA/Local_Lamda_midi/midi_guide/fc068b338b9c94f1/song_package.yaml
2025-10-26 14:05:29 [INFO] Backed up existing package to data/Los-Angeles-MIDI/LOCAL_LAMDA/Local_Lamda_midi/midi_guide/fbcd7240d55a874a/song_package.yaml.bak
2025-10-26 14:05:29 [INFO] ✓ Created: data/Los-Angeles-MIDI/LOCAL_LAMDA/Local_Lamda_midi/midi_guide/fbcd7240d55a874a/song_package.yaml
2025-10-26 14:05:29 [INFO] Backed up existing package to data/Los-Angeles-MIDI/LOCAL_LAMDA/Local_Lamda_midi/midi_guide/fcbdc5df18f41816/song_package.yaml.bak
2025-10-26 14:05:29 [INFO] ✓ Created: data/Los-Angeles-MIDI/LOCAL_LAMDA/Local_Lamda_midi/midi_guide/fcbdc5df18f41816/song_package.yaml
2025-10-26 14:05:29 [INFO] Backed up existing package to data/Los-Angeles-MIDI/LOCAL_LAMDA/Local_Lamda_midi/midi_guide/fc8b1af1bbdebad7/song_package.yaml.bak
2025-10-26 14:05:29 [INFO] ✓ Created: data/Los-Angeles-MIDI/LOCAL_LAMDA/Local_Lamda_midi/midi_guide/fc8b1af1bbdebad7/song_package.yaml
2025-10-26 14:05:29 [INFO] Backed up existing package to data/Los-Angeles-MIDI/LOCAL_LAMDA/Local_Lamda_midi/midi_guide/fc832801186edcc2/song_package.yaml.bak
2025-10-26 14:05:29 [INFO] ✓ Created: data/Los-Angeles-MIDI/LOCAL_LAMDA/Local_Lamda_midi/midi_guide/fc832801186edcc2/song_package.yaml
2025-10-26 14:05:29 [INFO] Backed up existing package to data/Los-Angeles-MIDI/LOCAL_LAMDA/Local_Lamda_midi/midi_guide/fcd9ba4a7a3d6320/song_package.yaml.bak
2025-10-26 14:05:29 [INFO] ✓ Created: data/Los-Angeles-MIDI/LOCAL_LAMDA/Local_Lamda_midi/midi_guide/fcd9ba4a7a3d6320/song_package.yaml
2025-10-26 14:05:29 [INFO] Backed up existing package to data/Los-Angeles-MIDI/LOCAL_LAMDA/Local_Lamda_midi/midi_guide/fd175e4c65f8457f/song_package.yaml.bak
2025-10-26 14:05:29 [INFO] ✓ Created: data/Los-Angeles-MIDI/LOCAL_LAMDA/Local_Lamda_midi/midi_guide/fd175e4c65f8457f/song_package.yaml
2025-10-26 14:05:29 [INFO] Backed up existing package to data/Los-Angeles-MIDI/LOCAL_LAMDA/Local_Lamda_midi/midi_guide/fd2e8e522f088742/song_package.yaml.bak
2025-10-26 14:05:29 [INFO] ✓ Created: data/Los-Angeles-MIDI/LOCAL_LAMDA/Local_Lamda_midi/midi_guide/fd2e8e522f088742/song_package.yaml
2025-10-26 14:05:29 [INFO] Backed up existing package to data/Los-Angeles-MIDI/LOCAL_LAMDA/Local_Lamda_midi/midi_guide/fc51f3491a3667a3/song_package.yaml.bak
2025-10-26 14:05:29 [INFO] ✓ Created: data/Los-Angeles-MIDI/LOCAL_LAMDA/Local_Lamda_midi/midi_guide/fc51f3491a3667a3/song_package.yaml
2025-10-26 14:05:29 [INFO] Backed up existing package to data/Los-Angeles-MIDI/LOCAL_LAMDA/Local_Lamda_midi/midi_guide/fd316083e37000fc/song_package.yaml.bak
2025-10-26 14:05:29 [INFO] ✓ Created: data/Los-Angeles-MIDI/LOCAL_LAMDA/Local_Lamda_midi/midi_guide/fd316083e37000fc/song_package.yaml
2025-10-26 14:05:29 [INFO] Backed up existing package to data/Los-Angeles-MIDI/LOCAL_LAMDA/Local_Lamda_midi/midi_guide/fd3cdbe691c4f6b3/song_package.yaml.bak
2025-10-26 14:05:29 [INFO] ✓ Created: data/Los-Angeles-MIDI/LOCAL_LAMDA/Local_Lamda_midi/midi_guide/fd3cdbe691c4f6b3/song_package.yaml
2025-10-26 14:05:29 [INFO] Backed up existing package to data/Los-Angeles-MIDI/LOCAL_LAMDA/Local_Lamda_midi/midi_guide/fd5939910996989f/song_package.yaml.bak
2025-10-26 14:05:29 [INFO] ✓ Created: data/Los-Angeles-MIDI/LOCAL_LAMDA/Local_Lamda_midi/midi_guide/fd5939910996989f/song_package.yaml
2025-10-26 14:05:29 [INFO] Backed up existing package to data/Los-Angeles-MIDI/LOCAL_LAMDA/Local_Lamda_midi/midi_guide/fc26a463a6c70a08/song_package.yaml.bak
2025-10-26 14:05:29 [INFO] ✓ Created: data/Los-Angeles-MIDI/LOCAL_LAMDA/Local_Lamda_midi/midi_guide/fc26a463a6c70a08/song_package.yaml
2025-10-26 14:05:29 [INFO] Backed up existing package to data/Los-Angeles-MIDI/LOCAL_LAMDA/Local_Lamda_midi/midi_guide/fd67a78cbcbaf2fd/song_package.yaml.bak
2025-10-26 14:05:29 [INFO] ✓ Created: data/Los-Angeles-MIDI/LOCAL_LAMDA/Local_Lamda_midi/midi_guide/fd67a78cbcbaf2fd/song_package.yaml
2025-10-26 14:05:29 [INFO] Backed up existing package to data/Los-Angeles-MIDI/LOCAL_LAMDA/Local_Lamda_midi/midi_guide/fd5dc8593739705c/song_package.yaml.bak
2025-10-26 14:05:29 [INFO] ✓ Created: data/Los-Angeles-MIDI/LOCAL_LAMDA/Local_Lamda_midi/midi_guide/fd5dc8593739705c/song_package.yaml
2025-10-26 14:05:29 [INFO] Backed up existing package to data/Los-Angeles-MIDI/LOCAL_LAMDA/Local_Lamda_midi/midi_guide/fd7b80745f9a69c7/song_package.yaml.bak
2025-10-26 14:05:29 [INFO] ✓ Created: data/Los-Angeles-MIDI/LOCAL_LAMDA/Local_Lamda_midi/midi_guide/fd7b80745f9a69c7/song_package.yaml
2025-10-26 14:05:29 [INFO] Backed up existing package to data/Los-Angeles-MIDI/LOCAL_LAMDA/Local_Lamda_midi/midi_guide/fdbc4873c3bb870d/song_package.yaml.bak
2025-10-26 14:05:29 [INFO] ✓ Created: data/Los-Angeles-MIDI/LOCAL_LAMDA/Local_Lamda_midi/midi_guide/fdbc4873c3bb870d/song_package.yaml
2025-10-26 14:05:29 [INFO] Backed up existing package to data/Los-Angeles-MIDI/LOCAL_LAMDA/Local_Lamda_midi/midi_guide/fdbfd2f08d214cfd/song_package.yaml.bak
2025-10-26 14:05:29 [INFO] ✓ Created: data/Los-Angeles-MIDI/LOCAL_LAMDA/Local_Lamda_midi/midi_guide/fdbfd2f08d214cfd/song_package.yaml
2025-10-26 14:05:29 [INFO] Backed up existing package to data/Los-Angeles-MIDI/LOCAL_LAMDA/Local_Lamda_midi/midi_guide/fdb440d88e6047e5/song_package.yaml.bak
2025-10-26 14:05:29 [INFO] ✓ Created: data/Los-Angeles-MIDI/LOCAL_LAMDA/Local_Lamda_midi/midi_guide/fdb440d88e6047e5/song_package.yaml
2025-10-26 14:05:29 [INFO] Backed up existing package to data/Los-Angeles-MIDI/LOCAL_LAMDA/Local_Lamda_midi/midi_guide/fdc3420d2157fb4c/song_package.yaml.bak
2025-10-26 14:05:29 [INFO] ✓ Created: data/Los-Angeles-MIDI/LOCAL_LAMDA/Local_Lamda_midi/midi_guide/fdc3420d2157fb4c/song_package.yaml
2025-10-26 14:05:29 [INFO] Backed up existing package to data/Los-Angeles-MIDI/LOCAL_LAMDA/Local_Lamda_midi/midi_guide/fdd761aafb06cd94/song_package.yaml.bak
2025-10-26 14:05:29 [INFO] ✓ Created: data/Los-Angeles-MIDI/LOCAL_LAMDA/Local_Lamda_midi/midi_guide/fdd761aafb06cd94/song_package.yaml
2025-10-26 14:05:29 [INFO] Backed up existing package to data/Los-Angeles-MIDI/LOCAL_LAMDA/Local_Lamda_midi/midi_guide/fe3547cc4e902a21/song_package.yaml.bak
2025-10-26 14:05:29 [INFO] ✓ Created: data/Los-Angeles-MIDI/LOCAL_LAMDA/Local_Lamda_midi/midi_guide/fe3547cc4e902a21/song_package.yaml
2025-10-26 14:05:29 [INFO] Backed up existing package to data/Los-Angeles-MIDI/LOCAL_LAMDA/Local_Lamda_midi/midi_guide/fdc95c98c90811af/song_package.yaml.bak
2025-10-26 14:05:29 [INFO] ✓ Created: data/Los-Angeles-MIDI/LOCAL_LAMDA/Local_Lamda_midi/midi_guide/fdc95c98c90811af/song_package.yaml
2025-10-26 14:05:29 [INFO] Backed up existing package to data/Los-Angeles-MIDI/LOCAL_LAMDA/Local_Lamda_midi/midi_guide/fe53c9995520781b/song_package.yaml.bak
2025-10-26 14:05:29 [INFO] ✓ Created: data/Los-Angeles-MIDI/LOCAL_LAMDA/Local_Lamda_midi/midi_guide/fe53c9995520781b/song_package.yaml
2025-10-26 14:05:29 [INFO] Backed up existing package to data/Los-Angeles-MIDI/LOCAL_LAMDA/Local_Lamda_midi/midi_guide/feb1598b5316d1e0/song_package.yaml.bak
2025-10-26 14:05:29 [INFO] ✓ Created: data/Los-Angeles-MIDI/LOCAL_LAMDA/Local_Lamda_midi/midi_guide/feb1598b5316d1e0/song_package.yaml
2025-10-26 14:05:29 [INFO] Backed up existing package to data/Los-Angeles-MIDI/LOCAL_LAMDA/Local_Lamda_midi/midi_guide/fe49c54d2a007798/song_package.yaml.bak
2025-10-26 14:05:29 [INFO] ✓ Created: data/Los-Angeles-MIDI/LOCAL_LAMDA/Local_Lamda_midi/midi_guide/fe49c54d2a007798/song_package.yaml
2025-10-26 14:05:29 [INFO] Backed up existing package to data/Los-Angeles-MIDI/LOCAL_LAMDA/Local_Lamda_midi/midi_guide/fec67c858f35f1ac/song_package.yaml.bak
2025-10-26 14:05:29 [INFO] ✓ Created: data/Los-Angeles-MIDI/LOCAL_LAMDA/Local_Lamda_midi/midi_guide/fec67c858f35f1ac/song_package.yaml
2025-10-26 14:05:29 [INFO] Backed up existing package to data/Los-Angeles-MIDI/LOCAL_LAMDA/Local_Lamda_midi/midi_guide/fecfc29e62e3274a/song_package.yaml.bak
2025-10-26 14:05:29 [INFO] ✓ Created: data/Los-Angeles-MIDI/LOCAL_LAMDA/Local_Lamda_midi/midi_guide/fecfc29e62e3274a/song_package.yaml
2025-10-26 14:05:29 [INFO] Backed up existing package to data/Los-Angeles-MIDI/LOCAL_LAMDA/Local_Lamda_midi/midi_guide/fe4b70b21faed175/song_package.yaml.bak
2025-10-26 14:05:29 [INFO] ✓ Created: data/Los-Angeles-MIDI/LOCAL_LAMDA/Local_Lamda_midi/midi_guide/fe4b70b21faed175/song_package.yaml
2025-10-26 14:05:29 [INFO] Backed up existing package to data/Los-Angeles-MIDI/LOCAL_LAMDA/Local_Lamda_midi/midi_guide/fed73df7e3e9e28f/song_package.yaml.bak
2025-10-26 14:05:29 [INFO] ✓ Created: data/Los-Angeles-MIDI/LOCAL_LAMDA/Local_Lamda_midi/midi_guide/fed73df7e3e9e28f/song_package.yaml
2025-10-26 14:05:29 [INFO] Backed up existing package to data/Los-Angeles-MIDI/LOCAL_LAMDA/Local_Lamda_midi/midi_guide/fee752cdb341f6ae/song_package.yaml.bak
2025-10-26 14:05:29 [INFO] ✓ Created: data/Los-Angeles-MIDI/LOCAL_LAMDA/Local_Lamda_midi/midi_guide/fee752cdb341f6ae/song_package.yaml
2025-10-26 14:05:29 [INFO] Backed up existing package to data/Los-Angeles-MIDI/LOCAL_LAMDA/Local_Lamda_midi/midi_guide/fef6a8e7f81ddced/song_package.yaml.bak
2025-10-26 14:05:29 [INFO] ✓ Created: data/Los-Angeles-MIDI/LOCAL_LAMDA/Local_Lamda_midi/midi_guide/fef6a8e7f81ddced/song_package.yaml
2025-10-26 14:05:29 [INFO] Backed up existing package to data/Los-Angeles-MIDI/LOCAL_LAMDA/Local_Lamda_midi/midi_guide/ff126847066e7971/song_package.yaml.bak
2025-10-26 14:05:29 [INFO] ✓ Created: data/Los-Angeles-MIDI/LOCAL_LAMDA/Local_Lamda_midi/midi_guide/ff126847066e7971/song_package.yaml
2025-10-26 14:05:30 [INFO] Backed up existing package to data/Los-Angeles-MIDI/LOCAL_LAMDA/Local_Lamda_midi/midi_guide/fe072b11472ad9b8/song_package.yaml.bak
2025-10-26 14:05:30 [INFO] ✓ Created: data/Los-Angeles-MIDI/LOCAL_LAMDA/Local_Lamda_midi/midi_guide/fe072b11472ad9b8/song_package.yaml
2025-10-26 14:05:30 [INFO] Backed up existing package to data/Los-Angeles-MIDI/LOCAL_LAMDA/Local_Lamda_midi/midi_guide/ff57515a9cc8bcd0/song_package.yaml.bak
2025-10-26 14:05:30 [INFO] ✓ Created: data/Los-Angeles-MIDI/LOCAL_LAMDA/Local_Lamda_midi/midi_guide/ff57515a9cc8bcd0/song_package.yaml
2025-10-26 14:05:30 [INFO] Backed up existing package to data/Los-Angeles-MIDI/LOCAL_LAMDA/Local_Lamda_midi/midi_guide/ff36e2a46852b94b/song_package.yaml.bak
2025-10-26 14:05:30 [INFO] ✓ Created: data/Los-Angeles-MIDI/LOCAL_LAMDA/Local_Lamda_midi/midi_guide/ff36e2a46852b94b/song_package.yaml
2025-10-26 14:05:30 [INFO] Backed up existing package to data/Los-Angeles-MIDI/LOCAL_LAMDA/Local_Lamda_midi/midi_guide/ff83240e30679abd/song_package.yaml.bak
2025-10-26 14:05:30 [INFO] ✓ Created: data/Los-Angeles-MIDI/LOCAL_LAMDA/Local_Lamda_midi/midi_guide/ff83240e30679abd/song_package.yaml
2025-10-26 14:05:30 [INFO] Backed up existing package to data/Los-Angeles-MIDI/LOCAL_LAMDA/Local_Lamda_midi/midi_guide/ffbca0ba038aebe6/song_package.yaml.bak
2025-10-26 14:05:30 [INFO] ✓ Created: data/Los-Angeles-MIDI/LOCAL_LAMDA/Local_Lamda_midi/midi_guide/ffbca0ba038aebe6/song_package.yaml
2025-10-26 14:05:30 [INFO] Backed up existing package to data/Los-Angeles-MIDI/LOCAL_LAMDA/Local_Lamda_midi/midi_guide/ffbea9c0d1a00e85/song_package.yaml.bak
2025-10-26 14:05:30 [INFO] ✓ Created: data/Los-Angeles-MIDI/LOCAL_LAMDA/Local_Lamda_midi/midi_guide/ffbea9c0d1a00e85/song_package.yaml
2025-10-26 14:05:30 [INFO] Backed up existing package to data/Los-Angeles-MIDI/LOCAL_LAMDA/Local_Lamda_midi/midi_guide/ffad9a0faa3902bc/song_package.yaml.bak
2025-10-26 14:05:30 [INFO] ✓ Created: data/Los-Angeles-MIDI/LOCAL_LAMDA/Local_Lamda_midi/midi_guide/ffad9a0faa3902bc/song_package.yaml
2025-10-26 14:05:30 [INFO] Backed up existing package to data/Los-Angeles-MIDI/LOCAL_LAMDA/Local_Lamda_midi/midi_guide/ffc04fb5f5a4979e/song_package.yaml.bak
2025-10-26 14:05:30 [INFO] ✓ Created: data/Los-Angeles-MIDI/LOCAL_LAMDA/Local_Lamda_midi/midi_guide/ffc04fb5f5a4979e/song_package.yaml
2025-10-26 14:05:30 [INFO] Backed up existing package to data/Los-Angeles-MIDI/LOCAL_LAMDA/Local_Lamda_midi/midi_guide/fff9a2de016f7026/song_package.yaml.bak
2025-10-26 14:05:30 [INFO] ✓ Created: data/Los-Angeles-MIDI/LOCAL_LAMDA/Local_Lamda_midi/midi_guide/fff9a2de016f7026/song_package.yaml
2025-10-26 14:05:30 [INFO] ✓ Wrote index to song_packages_index.csv
2025-10-26 14:05:30 [INFO] 
============================================================
2025-10-26 14:05:30 [INFO] Summary: 2104 packages created
2025-10-26 14:05:30 [INFO] ============================================================
