=== KPI Collection Started: 2025年 10月27日 月曜日 06時36分47秒 JST ===
2025-10-27 06:36:47,593 - INFO - Collected 640 metrics from /Volumes/SSD-SCTU3A/ラジオ用/music_21/composer2-3/data/canary_kpi_v3_production.csv
2025-10-27 06:36:47,594 - WARNING - Failed to parse line: c9d4543648229fbe,Intro,C,maj,120.0,d7f508f78e66,1cf0274f76f9,0,d7f508f78e66,1cf0274f76f9,0,1,0.5156187415122986,4.0,4.0,0.0,0.8,0.9,0.09999999999999998,1,1 - could not convert string to float: '1cf0274f76f9'
2025-10-27 06:36:47,594 - WARNING - Failed to parse line: c9d4543648229fbe,Intro,C,maj7,120.0,66a3e7e5acf0,35d0064f3e77,0,66a3e7e5acf0,35d0064f3e77,0,1,0.8985406160354614,4.0,4.0,0.0,0.8,0.9,0.09999999999999998,1,1 - could not convert string to float: '35d0064f3e77'
2025-10-27 06:36:47,594 - WARNING - Failed to parse line: c9d4543648229fbe,Intro,C,min,120.0,default_major,07047591ef2c,0,unknown,07047591ef2c,0,1,0.9078062176704407,4.0,4.0,0.0,0.9,0.9,0.0,0,0 - could not convert string to float: '07047591ef2c'
2025-10-27 06:36:47,594 - WARNING - Failed to parse line: c9d4543648229fbe,Intro,C,min7,120.0,default_major,07047591ef2c,0,unknown,07047591ef2c,0,1,0.9078062176704407,4.0,4.0,0.0,0.9,0.9,0.0,0,0 - could not convert string to float: '07047591ef2c'
2025-10-27 06:36:47,594 - WARNING - Failed to parse line: c9d4543648229fbe,Intro,G,maj,120.0,d0edfde6fed8,7eda82aef9ed,0,d0edfde6fed8,7eda82aef9ed,0,1,0.5623078346252441,4.0,4.0,0.0,0.8,0.9,0.09999999999999998,1,1 - could not convert string to float: '7eda82aef9ed'
2025-10-27 06:36:47,595 - WARNING - Failed to parse line: c9d4543648229fbe,Intro,G,maj7,120.0,3918fabc91c5,7b22045882bc,0,3918fabc91c5,7b22045882bc,0,1,0.5336818695068359,4.0,4.0,0.0,0.8,0.9,0.09999999999999998,1,1 - could not convert string to float: '7b22045882bc'
2025-10-27 06:36:47,595 - WARNING - Failed to parse line: c9d4543648229fbe,Intro,G,min,120.0,default_major,6cc639d4413f,0,unknown,6cc639d4413f,0,1,0.35025978088378906,4.0,4.0,0.0,0.9,0.9,0.0,0,0 - could not convert string to float: '6cc639d4413f'
2025-10-27 06:36:47,595 - WARNING - Failed to parse line: c9d4543648229fbe,Intro,G,min7,120.0,default_major,6cc639d4413f,0,unknown,6cc639d4413f,0,1,0.35025978088378906,4.0,4.0,0.0,0.9,0.9,0.0,0,0 - could not convert string to float: '6cc639d4413f'
2025-10-27 06:36:47,595 - WARNING - Failed to parse line: c9d4543648229fbe,Intro,Am,maj,120.0,default_major,6dec29afabab,0,unknown,6dec29afabab,0,1,0.8317471146583557,4.0,4.0,0.0,0.9,0.9,0.0,1,1 - could not convert string to float: '6dec29afabab'
2025-10-27 06:36:47,595 - WARNING - Failed to parse line: c9d4543648229fbe,Intro,Am,maj7,120.0,default_major,575eab9ef318,0,unknown,575eab9ef318,0,1,0.6273561716079712,4.0,4.0,0.0,0.9,0.9,0.0,1,1 - could not convert string to float: '575eab9ef318'
2025-10-27 06:36:47,595 - WARNING - Failed to parse line: c9d4543648229fbe,Intro,Am,min,120.0,default_major,6dec29afabab,0,unknown,6dec29afabab,0,1,0.8180252313613892,4.0,4.0,0.0,0.9,0.9,0.0,0,0 - could not convert string to float: '6dec29afabab'
2025-10-27 06:36:47,595 - WARNING - Failed to parse line: c9d4543648229fbe,Intro,Am,min7,120.0,default_major,6dec29afabab,0,unknown,6dec29afabab,0,1,0.8180252313613892,4.0,4.0,0.0,0.9,0.9,0.0,0,0 - could not convert string to float: '6dec29afabab'
2025-10-27 06:36:47,595 - WARNING - Failed to parse line: c9d4543648229fbe,Intro,F,maj,120.0,d2d98b1e0e4c,563a2c2cfaa8,0,d2d98b1e0e4c,563a2c2cfaa8,0,1,0.5274317264556885,4.0,4.0,0.0,0.8,0.9,0.09999999999999998,1,1 - could not convert string to float: '563a2c2cfaa8'
2025-10-27 06:36:47,595 - WARNING - Failed to parse line: c9d4543648229fbe,Intro,F,maj7,120.0,9de21ea48381,836d0328a8cf,0,9de21ea48381,836d0328a8cf,0,1,0.6482905149459839,4.0,4.0,0.0,0.8,0.9,0.09999999999999998,1,1 - could not convert string to float: '836d0328a8cf'
2025-10-27 06:36:47,595 - WARNING - Failed to parse line: c9d4543648229fbe,Intro,F,min,120.0,default_major,5ef2151ab615,0,unknown,5ef2151ab615,0,1,0.2585706412792206,4.0,4.0,0.0,0.9,0.9,0.0,0,0 - could not convert string to float: '5ef2151ab615'
2025-10-27 06:36:47,595 - WARNING - Failed to parse line: c9d4543648229fbe,Intro,F,min7,120.0,default_major,5ef2151ab615,0,unknown,5ef2151ab615,0,1,0.2585706412792206,4.0,4.0,0.0,0.9,0.9,0.0,0,0 - could not convert string to float: '5ef2151ab615'
2025-10-27 06:36:47,595 - WARNING - Failed to parse line: c9d4543648229fbe,Verse,C,maj,120.0,1b78abe47513,45e930c5e412,0,1b78abe47513,45e930c5e412,0,1,0.2769481837749481,4.0,4.0,0.0,0.9,0.9,0.0,1,1 - could not convert string to float: '45e930c5e412'
2025-10-27 06:36:47,595 - WARNING - Failed to parse line: c9d4543648229fbe,Verse,C,maj7,120.0,e71d6285fab1,1eb2c31967b3,0,e71d6285fab1,1eb2c31967b3,0,1,0.9410102963447571,4.0,4.0,0.0,0.9,0.9,0.0,1,1 - could not convert string to float: '1eb2c31967b3'
2025-10-27 06:36:47,595 - WARNING - Failed to parse line: c9d4543648229fbe,Verse,C,min,120.0,default_major,30bb11ad8626,0,unknown,30bb11ad8626,0,1,0.8460873961448669,4.0,4.0,0.0,0.9,0.9,0.0,0,0 - could not convert string to float: '30bb11ad8626'
2025-10-27 06:36:47,595 - WARNING - Failed to parse line: c9d4543648229fbe,Verse,C,min7,120.0,default_major,30bb11ad8626,0,unknown,30bb11ad8626,0,1,0.8460873961448669,4.0,4.0,0.0,0.9,0.9,0.0,0,0 - could not convert string to float: '30bb11ad8626'
2025-10-27 06:36:47,595 - WARNING - Failed to parse line: c9d4543648229fbe,Verse,G,maj,120.0,ea917b0d0aa5,default_major,0,ea917b0d0aa5,unknown,0,1,0.3,4.0,4.0,0.0,0.9,0.9,0.0,1,1 - could not convert string to float: 'default_major'
2025-10-27 06:36:47,595 - WARNING - Failed to parse line: c9d4543648229fbe,Verse,G,maj7,120.0,faa2e126a3f7,default_major,0,faa2e126a3f7,unknown,0,1,0.3,4.0,4.0,0.0,0.9,0.9,0.0,1,1 - could not convert string to float: 'default_major'
2025-10-27 06:36:47,595 - WARNING - Failed to parse line: c9d4543648229fbe,Verse,G,min,120.0,default_major,156c810965ed,0,unknown,156c810965ed,0,1,0.8146456480026245,4.0,4.0,0.0,0.9,0.9,0.0,0,0 - could not convert string to float: '156c810965ed'
2025-10-27 06:36:47,595 - WARNING - Failed to parse line: c9d4543648229fbe,Verse,G,min7,120.0,default_major,156c810965ed,0,unknown,156c810965ed,0,1,0.8146456480026245,4.0,4.0,0.0,0.9,0.9,0.0,0,0 - could not convert string to float: '156c810965ed'
2025-10-27 06:36:47,595 - WARNING - Failed to parse line: c9d4543648229fbe,Verse,Am,maj,120.0,default_major,41c9394ab0a1,0,unknown,41c9394ab0a1,0,1,0.356843501329422,4.0,4.0,0.0,0.9,0.9,0.0,1,1 - could not convert string to float: '41c9394ab0a1'
2025-10-27 06:36:47,595 - WARNING - Failed to parse line: c9d4543648229fbe,Verse,Am,maj7,120.0,default_major,5d5ce13f481d,0,unknown,5d5ce13f481d,0,1,0.8578913807868958,4.0,4.0,0.0,0.9,0.9,0.0,1,1 - could not convert string to float: '5d5ce13f481d'
2025-10-27 06:36:47,595 - WARNING - Failed to parse line: c9d4543648229fbe,Verse,Am,min,120.0,default_major,5e6e57ca7a30,0,unknown,5e6e57ca7a30,0,1,0.4819108247756958,4.0,4.0,0.0,0.9,0.9,0.0,0,0 - could not convert string to float: '5e6e57ca7a30'
2025-10-27 06:36:47,595 - WARNING - Failed to parse line: c9d4543648229fbe,Verse,Am,min7,120.0,default_major,5e6e57ca7a30,0,unknown,5e6e57ca7a30,0,1,0.4819108247756958,4.0,4.0,0.0,0.9,0.9,0.0,0,0 - could not convert string to float: '5e6e57ca7a30'
2025-10-27 06:36:47,595 - WARNING - Failed to parse line: c9d4543648229fbe,Verse,F,maj,120.0,6c96121cf4c4,default_major,0,6c96121cf4c4,unknown,0,1,0.3,4.0,4.0,0.0,0.9,0.9,0.0,1,1 - could not convert string to float: 'default_major'
2025-10-27 06:36:47,595 - WARNING - Failed to parse line: c9d4543648229fbe,Verse,F,maj7,120.0,fc842079e998,523f86916565,0,fc842079e998,523f86916565,0,1,0.5896382927894592,4.0,4.0,0.0,0.9,0.9,0.0,1,1 - could not convert string to float: '523f86916565'
2025-10-27 06:36:47,595 - WARNING - Failed to parse line: c9d4543648229fbe,Verse,F,min,120.0,default_major,default_major,1,unknown,unknown,1,1,0.3,4.0,4.0,0.0,0.9,0.9,0.0,0,0 - could not convert string to float: 'default_major'
2025-10-27 06:36:47,595 - WARNING - Failed to parse line: c9d4543648229fbe,Verse,F,min7,120.0,default_major,default_major,1,unknown,unknown,1,1,0.3,4.0,4.0,0.0,0.9,0.9,0.0,0,0 - could not convert string to float: 'default_major'
2025-10-27 06:36:47,595 - WARNING - Failed to parse line: c9d4543648229fbe,Chorus,C,maj,120.0,d5d2bebb7563,2129aca1be8a,0,d5d2bebb7563,2129aca1be8a,0,1,0.743903636932373,4.0,4.0,0.0,0.8,0.9,0.09999999999999998,1,1 - could not convert string to float: '2129aca1be8a'
2025-10-27 06:36:47,595 - WARNING - Failed to parse line: c9d4543648229fbe,Chorus,C,maj7,120.0,0b6e8b9ca4e2,2129aca1be8a,0,0b6e8b9ca4e2,2129aca1be8a,0,1,0.948104739189148,4.0,4.0,0.0,0.8,0.9,0.09999999999999998,1,1 - could not convert string to float: '2129aca1be8a'
2025-10-27 06:36:47,595 - WARNING - Failed to parse line: c9d4543648229fbe,Chorus,C,min,120.0,default_major,712652d04aac,0,unknown,712652d04aac,0,1,0.9359660744667053,4.0,4.0,0.0,0.9,0.9,0.0,0,0 - could not convert string to float: '712652d04aac'
2025-10-27 06:36:47,595 - WARNING - Failed to parse line: c9d4543648229fbe,Chorus,C,min7,120.0,default_major,712652d04aac,0,unknown,712652d04aac,0,1,0.9359660744667053,4.0,4.0,0.0,0.9,0.9,0.0,0,0 - could not convert string to float: '712652d04aac'
2025-10-27 06:36:47,595 - WARNING - Failed to parse line: c9d4543648229fbe,Chorus,G,maj,120.0,6d24a042d994,38070718b35f,0,6d24a042d994,38070718b35f,0,1,0.30791571736335754,4.0,4.0,0.0,0.8,0.9,0.09999999999999998,1,1 - could not convert string to float: '38070718b35f'
2025-10-27 06:36:47,595 - WARNING - Failed to parse line: c9d4543648229fbe,Chorus,G,maj7,120.0,95bd141a1c76,00b41c4945aa,0,95bd141a1c76,00b41c4945aa,0,1,0.43267154693603516,4.0,4.0,0.0,0.8,0.9,0.09999999999999998,1,1 - could not convert string to float: '00b41c4945aa'
2025-10-27 06:36:47,595 - WARNING - Failed to parse line: c9d4543648229fbe,Chorus,G,min,120.0,default_major,20b534494b6c,0,unknown,20b534494b6c,0,1,0.3305188715457916,4.0,4.0,0.0,0.9,0.9,0.0,0,0 - could not convert string to float: '20b534494b6c'
2025-10-27 06:36:47,595 - WARNING - Failed to parse line: c9d4543648229fbe,Chorus,G,min7,120.0,default_major,20b534494b6c,0,unknown,20b534494b6c,0,1,0.3305188715457916,4.0,4.0,0.0,0.9,0.9,0.0,0,0 - could not convert string to float: '20b534494b6c'
2025-10-27 06:36:47,595 - WARNING - Failed to parse line: c9d4543648229fbe,Chorus,Am,maj,120.0,default_major,39697a3e4abc,0,unknown,39697a3e4abc,0,1,0.5356512069702148,4.0,4.0,0.0,0.9,0.9,0.0,1,1 - could not convert string to float: '39697a3e4abc'
2025-10-27 06:36:47,595 - WARNING - Failed to parse line: c9d4543648229fbe,Chorus,Am,maj7,120.0,default_major,4e4d4fececdd,0,unknown,4e4d4fececdd,0,1,0.6492087244987488,4.0,4.0,0.0,0.9,0.9,0.0,1,1 - could not convert string to float: '4e4d4fececdd'
2025-10-27 06:36:47,595 - WARNING - Failed to parse line: c9d4543648229fbe,Chorus,Am,min,120.0,default_major,0fcf3c44cc23,0,unknown,0fcf3c44cc23,0,1,0.28288549184799194,4.0,4.0,0.0,0.9,0.9,0.0,0,0 - could not convert string to float: '0fcf3c44cc23'
2025-10-27 06:36:47,595 - WARNING - Failed to parse line: c9d4543648229fbe,Chorus,Am,min7,120.0,default_major,0fcf3c44cc23,0,unknown,0fcf3c44cc23,0,1,0.28288549184799194,4.0,4.0,0.0,0.9,0.9,0.0,0,0 - could not convert string to float: '0fcf3c44cc23'
2025-10-27 06:36:47,595 - WARNING - Failed to parse line: c9d4543648229fbe,Chorus,F,maj,120.0,a9e9d388cea4,6f5f37e93b5a,0,a9e9d388cea4,6f5f37e93b5a,0,1,0.4330121874809265,4.0,4.0,0.0,0.8,0.9,0.09999999999999998,1,1 - could not convert string to float: '6f5f37e93b5a'
2025-10-27 06:36:47,595 - WARNING - Failed to parse line: c9d4543648229fbe,Chorus,F,maj7,120.0,9a329b1b1b50,5700ffd204af,0,9a329b1b1b50,5700ffd204af,0,1,0.31285297870635986,4.0,4.0,0.0,0.8,0.9,0.09999999999999998,1,1 - could not convert string to float: '5700ffd204af'
2025-10-27 06:36:47,595 - WARNING - Failed to parse line: c9d4543648229fbe,Chorus,F,min,120.0,default_major,default_major,1,unknown,unknown,1,1,0.3,4.0,4.0,0.0,0.9,0.9,0.0,0,0 - could not convert string to float: 'default_major'
2025-10-27 06:36:47,595 - WARNING - Failed to parse line: c9d4543648229fbe,Chorus,F,min7,120.0,default_major,default_major,1,unknown,unknown,1,1,0.3,4.0,4.0,0.0,0.9,0.9,0.0,0,0 - could not convert string to float: 'default_major'
2025-10-27 06:36:47,595 - WARNING - Failed to parse line: c9d4543648229fbe,Bridge,C,maj,120.0,8676b4194a8d,0e7f0aa34e5c,0,8676b4194a8d,0e7f0aa34e5c,0,1,0.6147207617759705,4.0,4.0,0.0,0.8,0.9,0.09999999999999998,1,1 - could not convert string to float: '0e7f0aa34e5c'
2025-10-27 06:36:47,595 - WARNING - Failed to parse line: c9d4543648229fbe,Bridge,C,maj7,120.0,6f683cd91963,5822bba0d4fc,0,6f683cd91963,5822bba0d4fc,0,1,0.7462079524993896,4.0,4.0,0.0,0.8,0.9,0.09999999999999998,1,1 - could not convert string to float: '5822bba0d4fc'
2025-10-27 06:36:47,595 - WARNING - Failed to parse line: c9d4543648229fbe,Bridge,C,min,120.0,default_major,20aeddfff70a,0,unknown,20aeddfff70a,0,1,0.9476426839828491,4.0,4.0,0.0,0.9,0.9,0.0,0,0 - could not convert string to float: '20aeddfff70a'
2025-10-27 06:36:47,595 - WARNING - Failed to parse line: c9d4543648229fbe,Bridge,C,min7,120.0,default_major,20aeddfff70a,0,unknown,20aeddfff70a,0,1,0.9476426839828491,4.0,4.0,0.0,0.9,0.9,0.0,0,0 - could not convert string to float: '20aeddfff70a'
2025-10-27 06:36:47,595 - WARNING - Failed to parse line: c9d4543648229fbe,Bridge,G,maj,120.0,b1f177fe8f43,42adf16fd279,0,b1f177fe8f43,42adf16fd279,0,1,0.5147787928581238,4.0,4.0,0.0,0.8,0.9,0.09999999999999998,1,1 - could not convert string to float: '42adf16fd279'
2025-10-27 06:36:47,595 - WARNING - Failed to parse line: c9d4543648229fbe,Bridge,G,maj7,120.0,a62a1947acfc,0a6910b44164,0,a62a1947acfc,0a6910b44164,0,1,0.8182988166809082,4.0,4.0,0.0,0.8,0.9,0.09999999999999998,1,1 - could not convert string to float: '0a6910b44164'
2025-10-27 06:36:47,595 - WARNING - Failed to parse line: c9d4543648229fbe,Bridge,G,min,120.0,default_major,06a46e3e4165,0,unknown,06a46e3e4165,0,1,0.7161306738853455,4.0,4.0,0.0,0.9,0.9,0.0,0,0 - could not convert string to float: '06a46e3e4165'
2025-10-27 06:36:47,595 - WARNING - Failed to parse line: c9d4543648229fbe,Bridge,G,min7,120.0,default_major,06a46e3e4165,0,unknown,06a46e3e4165,0,1,0.7161306738853455,4.0,4.0,0.0,0.9,0.9,0.0,0,0 - could not convert string to float: '06a46e3e4165'
2025-10-27 06:36:47,595 - WARNING - Failed to parse line: c9d4543648229fbe,Bridge,Am,maj,120.0,default_major,0e6c3c3ffcde,0,unknown,0e6c3c3ffcde,0,1,0.5653682351112366,4.0,4.0,0.0,0.9,0.9,0.0,1,1 - could not convert string to float: '0e6c3c3ffcde'
2025-10-27 06:36:47,595 - WARNING - Failed to parse line: c9d4543648229fbe,Bridge,Am,maj7,120.0,default_major,575d902eadee,0,unknown,575d902eadee,0,1,0.5729188919067383,4.0,4.0,0.0,0.9,0.9,0.0,1,1 - could not convert string to float: '575d902eadee'
2025-10-27 06:36:47,595 - WARNING - Failed to parse line: c9d4543648229fbe,Bridge,Am,min,120.0,default_major,1fa5f0491d7e,0,unknown,1fa5f0491d7e,0,1,0.3362831175327301,4.0,4.0,0.0,0.9,0.9,0.0,0,0 - could not convert string to float: '1fa5f0491d7e'
2025-10-27 06:36:47,595 - WARNING - Failed to parse line: c9d4543648229fbe,Bridge,Am,min7,120.0,default_major,1fa5f0491d7e,0,unknown,1fa5f0491d7e,0,1,0.3362831175327301,4.0,4.0,0.0,0.9,0.9,0.0,0,0 - could not convert string to float: '1fa5f0491d7e'
2025-10-27 06:36:47,595 - WARNING - Failed to parse line: c9d4543648229fbe,Bridge,F,maj,120.0,79b930610cc4,3e38f72d7b1d,0,79b930610cc4,3e38f72d7b1d,0,1,0.4903653860092163,4.0,4.0,0.0,0.8,0.9,0.09999999999999998,1,1 - could not convert string to float: '3e38f72d7b1d'
2025-10-27 06:36:47,595 - WARNING - Failed to parse line: c9d4543648229fbe,Bridge,F,maj7,120.0,69ba572e5b4d,363b69288586,0,69ba572e5b4d,363b69288586,0,1,0.3774685561656952,4.0,4.0,0.0,0.8,0.9,0.09999999999999998,1,1 - could not convert string to float: '363b69288586'
2025-10-27 06:36:47,595 - WARNING - Failed to parse line: c9d4543648229fbe,Bridge,F,min,120.0,default_major,1cc60f5ed5fd,0,unknown,1cc60f5ed5fd,0,1,0.6788455247879028,4.0,4.0,0.0,0.9,0.9,0.0,0,0 - could not convert string to float: '1cc60f5ed5fd'
2025-10-27 06:36:47,595 - WARNING - Failed to parse line: c9d4543648229fbe,Bridge,F,min7,120.0,default_major,1cc60f5ed5fd,0,unknown,1cc60f5ed5fd,0,1,0.6788455247879028,4.0,4.0,0.0,0.9,0.9,0.0,0,0 - could not convert string to float: '1cc60f5ed5fd'
2025-10-27 06:36:47,595 - WARNING - Failed to parse line: 8f68319b5024a81a,Intro,C,maj,120.0,d7f508f78e66,1cf0274f76f9,0,d7f508f78e66,1cf0274f76f9,0,1,0.5156187415122986,4.0,4.0,0.0,0.8,0.9,0.09999999999999998,1,1 - could not convert string to float: '1cf0274f76f9'
2025-10-27 06:36:47,595 - WARNING - Failed to parse line: 8f68319b5024a81a,Intro,C,maj7,120.0,66a3e7e5acf0,35d0064f3e77,0,66a3e7e5acf0,35d0064f3e77,0,1,0.8985406160354614,4.0,4.0,0.0,0.8,0.9,0.09999999999999998,1,1 - could not convert string to float: '35d0064f3e77'
2025-10-27 06:36:47,595 - WARNING - Failed to parse line: 8f68319b5024a81a,Intro,C,min,120.0,default_major,07047591ef2c,0,unknown,07047591ef2c,0,1,0.9078062176704407,4.0,4.0,0.0,0.9,0.9,0.0,0,0 - could not convert string to float: '07047591ef2c'
2025-10-27 06:36:47,595 - WARNING - Failed to parse line: 8f68319b5024a81a,Intro,C,min7,120.0,default_major,07047591ef2c,0,unknown,07047591ef2c,0,1,0.9078062176704407,4.0,4.0,0.0,0.9,0.9,0.0,0,0 - could not convert string to float: '07047591ef2c'
2025-10-27 06:36:47,595 - WARNING - Failed to parse line: 8f68319b5024a81a,Intro,G,maj,120.0,d0edfde6fed8,7eda82aef9ed,0,d0edfde6fed8,7eda82aef9ed,0,1,0.5623078346252441,4.0,4.0,0.0,0.8,0.9,0.09999999999999998,1,1 - could not convert string to float: '7eda82aef9ed'
2025-10-27 06:36:47,595 - WARNING - Failed to parse line: 8f68319b5024a81a,Intro,G,maj7,120.0,3918fabc91c5,7b22045882bc,0,3918fabc91c5,7b22045882bc,0,1,0.5336818695068359,4.0,4.0,0.0,0.8,0.9,0.09999999999999998,1,1 - could not convert string to float: '7b22045882bc'
2025-10-27 06:36:47,595 - WARNING - Failed to parse line: 8f68319b5024a81a,Intro,G,min,120.0,default_major,6cc639d4413f,0,unknown,6cc639d4413f,0,1,0.35025978088378906,4.0,4.0,0.0,0.9,0.9,0.0,0,0 - could not convert string to float: '6cc639d4413f'
2025-10-27 06:36:47,595 - WARNING - Failed to parse line: 8f68319b5024a81a,Intro,G,min7,120.0,default_major,6cc639d4413f,0,unknown,6cc639d4413f,0,1,0.35025978088378906,4.0,4.0,0.0,0.9,0.9,0.0,0,0 - could not convert string to float: '6cc639d4413f'
2025-10-27 06:36:47,595 - WARNING - Failed to parse line: 8f68319b5024a81a,Intro,Am,maj,120.0,default_major,6dec29afabab,0,unknown,6dec29afabab,0,1,0.8317471146583557,4.0,4.0,0.0,0.9,0.9,0.0,1,1 - could not convert string to float: '6dec29afabab'
2025-10-27 06:36:47,595 - WARNING - Failed to parse line: 8f68319b5024a81a,Intro,Am,maj7,120.0,default_major,575eab9ef318,0,unknown,575eab9ef318,0,1,0.6273561716079712,4.0,4.0,0.0,0.9,0.9,0.0,1,1 - could not convert string to float: '575eab9ef318'
2025-10-27 06:36:47,595 - WARNING - Failed to parse line: 8f68319b5024a81a,Intro,Am,min,120.0,default_major,6dec29afabab,0,unknown,6dec29afabab,0,1,0.8180252313613892,4.0,4.0,0.0,0.9,0.9,0.0,0,0 - could not convert string to float: '6dec29afabab'
2025-10-27 06:36:47,595 - WARNING - Failed to parse line: 8f68319b5024a81a,Intro,Am,min7,120.0,default_major,6dec29afabab,0,unknown,6dec29afabab,0,1,0.8180252313613892,4.0,4.0,0.0,0.9,0.9,0.0,0,0 - could not convert string to float: '6dec29afabab'
2025-10-27 06:36:47,595 - WARNING - Failed to parse line: 8f68319b5024a81a,Intro,F,maj,120.0,d2d98b1e0e4c,563a2c2cfaa8,0,d2d98b1e0e4c,563a2c2cfaa8,0,1,0.5274317264556885,4.0,4.0,0.0,0.8,0.9,0.09999999999999998,1,1 - could not convert string to float: '563a2c2cfaa8'
2025-10-27 06:36:47,595 - WARNING - Failed to parse line: 8f68319b5024a81a,Intro,F,maj7,120.0,9de21ea48381,836d0328a8cf,0,9de21ea48381,836d0328a8cf,0,1,0.6482905149459839,4.0,4.0,0.0,0.8,0.9,0.09999999999999998,1,1 - could not convert string to float: '836d0328a8cf'
2025-10-27 06:36:47,595 - WARNING - Failed to parse line: 8f68319b5024a81a,Intro,F,min,120.0,default_major,5ef2151ab615,0,unknown,5ef2151ab615,0,1,0.2585706412792206,4.0,4.0,0.0,0.9,0.9,0.0,0,0 - could not convert string to float: '5ef2151ab615'
2025-10-27 06:36:47,595 - WARNING - Failed to parse line: 8f68319b5024a81a,Intro,F,min7,120.0,default_major,5ef2151ab615,0,unknown,5ef2151ab615,0,1,0.2585706412792206,4.0,4.0,0.0,0.9,0.9,0.0,0,0 - could not convert string to float: '5ef2151ab615'
2025-10-27 06:36:47,595 - WARNING - Failed to parse line: 8f68319b5024a81a,Verse,C,maj,120.0,1b78abe47513,45e930c5e412,0,1b78abe47513,45e930c5e412,0,1,0.2769481837749481,4.0,4.0,0.0,0.9,0.9,0.0,1,1 - could not convert string to float: '45e930c5e412'
2025-10-27 06:36:47,595 - WARNING - Failed to parse line: 8f68319b5024a81a,Verse,C,maj7,120.0,e71d6285fab1,1eb2c31967b3,0,e71d6285fab1,1eb2c31967b3,0,1,0.9410102963447571,4.0,4.0,0.0,0.9,0.9,0.0,1,1 - could not convert string to float: '1eb2c31967b3'
2025-10-27 06:36:47,595 - WARNING - Failed to parse line: 8f68319b5024a81a,Verse,C,min,120.0,default_major,30bb11ad8626,0,unknown,30bb11ad8626,0,1,0.8460873961448669,4.0,4.0,0.0,0.9,0.9,0.0,0,0 - could not convert string to float: '30bb11ad8626'
2025-10-27 06:36:47,595 - WARNING - Failed to parse line: 8f68319b5024a81a,Verse,C,min7,120.0,default_major,30bb11ad8626,0,unknown,30bb11ad8626,0,1,0.8460873961448669,4.0,4.0,0.0,0.9,0.9,0.0,0,0 - could not convert string to float: '30bb11ad8626'
2025-10-27 06:36:47,595 - WARNING - Failed to parse line: 8f68319b5024a81a,Verse,G,maj,120.0,ea917b0d0aa5,default_major,0,ea917b0d0aa5,unknown,0,1,0.3,4.0,4.0,0.0,0.9,0.9,0.0,1,1 - could not convert string to float: 'default_major'
2025-10-27 06:36:47,595 - WARNING - Failed to parse line: 8f68319b5024a81a,Verse,G,maj7,120.0,faa2e126a3f7,default_major,0,faa2e126a3f7,unknown,0,1,0.3,4.0,4.0,0.0,0.9,0.9,0.0,1,1 - could not convert string to float: 'default_major'
2025-10-27 06:36:47,595 - WARNING - Failed to parse line: 8f68319b5024a81a,Verse,G,min,120.0,default_major,156c810965ed,0,unknown,156c810965ed,0,1,0.8146456480026245,4.0,4.0,0.0,0.9,0.9,0.0,0,0 - could not convert string to float: '156c810965ed'
2025-10-27 06:36:47,595 - WARNING - Failed to parse line: 8f68319b5024a81a,Verse,G,min7,120.0,default_major,156c810965ed,0,unknown,156c810965ed,0,1,0.8146456480026245,4.0,4.0,0.0,0.9,0.9,0.0,0,0 - could not convert string to float: '156c810965ed'
2025-10-27 06:36:47,595 - WARNING - Failed to parse line: 8f68319b5024a81a,Verse,Am,maj,120.0,default_major,41c9394ab0a1,0,unknown,41c9394ab0a1,0,1,0.356843501329422,4.0,4.0,0.0,0.9,0.9,0.0,1,1 - could not convert string to float: '41c9394ab0a1'
2025-10-27 06:36:47,595 - WARNING - Failed to parse line: 8f68319b5024a81a,Verse,Am,maj7,120.0,default_major,5d5ce13f481d,0,unknown,5d5ce13f481d,0,1,0.8578913807868958,4.0,4.0,0.0,0.9,0.9,0.0,1,1 - could not convert string to float: '5d5ce13f481d'
2025-10-27 06:36:47,595 - WARNING - Failed to parse line: 8f68319b5024a81a,Verse,Am,min,120.0,default_major,5e6e57ca7a30,0,unknown,5e6e57ca7a30,0,1,0.4819108247756958,4.0,4.0,0.0,0.9,0.9,0.0,0,0 - could not convert string to float: '5e6e57ca7a30'
2025-10-27 06:36:47,595 - WARNING - Failed to parse line: 8f68319b5024a81a,Verse,Am,min7,120.0,default_major,5e6e57ca7a30,0,unknown,5e6e57ca7a30,0,1,0.4819108247756958,4.0,4.0,0.0,0.9,0.9,0.0,0,0 - could not convert string to float: '5e6e57ca7a30'
2025-10-27 06:36:47,595 - WARNING - Failed to parse line: 8f68319b5024a81a,Verse,F,maj,120.0,6c96121cf4c4,default_major,0,6c96121cf4c4,unknown,0,1,0.3,4.0,4.0,0.0,0.9,0.9,0.0,1,1 - could not convert string to float: 'default_major'
2025-10-27 06:36:47,595 - WARNING - Failed to parse line: 8f68319b5024a81a,Verse,F,maj7,120.0,fc842079e998,523f86916565,0,fc842079e998,523f86916565,0,1,0.5896382927894592,4.0,4.0,0.0,0.9,0.9,0.0,1,1 - could not convert string to float: '523f86916565'
2025-10-27 06:36:47,595 - WARNING - Failed to parse line: 8f68319b5024a81a,Verse,F,min,120.0,default_major,default_major,1,unknown,unknown,1,1,0.3,4.0,4.0,0.0,0.9,0.9,0.0,0,0 - could not convert string to float: 'default_major'
2025-10-27 06:36:47,595 - WARNING - Failed to parse line: 8f68319b5024a81a,Verse,F,min7,120.0,default_major,default_major,1,unknown,unknown,1,1,0.3,4.0,4.0,0.0,0.9,0.9,0.0,0,0 - could not convert string to float: 'default_major'
2025-10-27 06:36:47,595 - WARNING - Failed to parse line: 8f68319b5024a81a,Chorus,C,maj,120.0,d5d2bebb7563,2129aca1be8a,0,d5d2bebb7563,2129aca1be8a,0,1,0.743903636932373,4.0,4.0,0.0,0.8,0.9,0.09999999999999998,1,1 - could not convert string to float: '2129aca1be8a'
2025-10-27 06:36:47,595 - WARNING - Failed to parse line: 8f68319b5024a81a,Chorus,C,maj7,120.0,0b6e8b9ca4e2,2129aca1be8a,0,0b6e8b9ca4e2,2129aca1be8a,0,1,0.948104739189148,4.0,4.0,0.0,0.8,0.9,0.09999999999999998,1,1 - could not convert string to float: '2129aca1be8a'
2025-10-27 06:36:47,595 - WARNING - Failed to parse line: 8f68319b5024a81a,Chorus,C,min,120.0,default_major,712652d04aac,0,unknown,712652d04aac,0,1,0.9359660744667053,4.0,4.0,0.0,0.9,0.9,0.0,0,0 - could not convert string to float: '712652d04aac'
2025-10-27 06:36:47,595 - WARNING - Failed to parse line: 8f68319b5024a81a,Chorus,C,min7,120.0,default_major,712652d04aac,0,unknown,712652d04aac,0,1,0.9359660744667053,4.0,4.0,0.0,0.9,0.9,0.0,0,0 - could not convert string to float: '712652d04aac'
2025-10-27 06:36:47,595 - WARNING - Failed to parse line: 8f68319b5024a81a,Chorus,G,maj,120.0,6d24a042d994,38070718b35f,0,6d24a042d994,38070718b35f,0,1,0.30791571736335754,4.0,4.0,0.0,0.8,0.9,0.09999999999999998,1,1 - could not convert string to float: '38070718b35f'
2025-10-27 06:36:47,595 - WARNING - Failed to parse line: 8f68319b5024a81a,Chorus,G,maj7,120.0,95bd141a1c76,00b41c4945aa,0,95bd141a1c76,00b41c4945aa,0,1,0.43267154693603516,4.0,4.0,0.0,0.8,0.9,0.09999999999999998,1,1 - could not convert string to float: '00b41c4945aa'
2025-10-27 06:36:47,595 - WARNING - Failed to parse line: 8f68319b5024a81a,Chorus,G,min,120.0,default_major,20b534494b6c,0,unknown,20b534494b6c,0,1,0.3305188715457916,4.0,4.0,0.0,0.9,0.9,0.0,0,0 - could not convert string to float: '20b534494b6c'
2025-10-27 06:36:47,595 - WARNING - Failed to parse line: 8f68319b5024a81a,Chorus,G,min7,120.0,default_major,20b534494b6c,0,unknown,20b534494b6c,0,1,0.3305188715457916,4.0,4.0,0.0,0.9,0.9,0.0,0,0 - could not convert string to float: '20b534494b6c'
2025-10-27 06:36:47,595 - WARNING - Failed to parse line: 8f68319b5024a81a,Chorus,Am,maj,120.0,default_major,39697a3e4abc,0,unknown,39697a3e4abc,0,1,0.5356512069702148,4.0,4.0,0.0,0.9,0.9,0.0,1,1 - could not convert string to float: '39697a3e4abc'
2025-10-27 06:36:47,595 - WARNING - Failed to parse line: 8f68319b5024a81a,Chorus,Am,maj7,120.0,default_major,4e4d4fececdd,0,unknown,4e4d4fececdd,0,1,0.6492087244987488,4.0,4.0,0.0,0.9,0.9,0.0,1,1 - could not convert string to float: '4e4d4fececdd'
2025-10-27 06:36:47,595 - WARNING - Failed to parse line: 8f68319b5024a81a,Chorus,Am,min,120.0,default_major,0fcf3c44cc23,0,unknown,0fcf3c44cc23,0,1,0.28288549184799194,4.0,4.0,0.0,0.9,0.9,0.0,0,0 - could not convert string to float: '0fcf3c44cc23'
2025-10-27 06:36:47,595 - WARNING - Failed to parse line: 8f68319b5024a81a,Chorus,Am,min7,120.0,default_major,0fcf3c44cc23,0,unknown,0fcf3c44cc23,0,1,0.28288549184799194,4.0,4.0,0.0,0.9,0.9,0.0,0,0 - could not convert string to float: '0fcf3c44cc23'
2025-10-27 06:36:47,595 - WARNING - Failed to parse line: 8f68319b5024a81a,Chorus,F,maj,120.0,a9e9d388cea4,6f5f37e93b5a,0,a9e9d388cea4,6f5f37e93b5a,0,1,0.4330121874809265,4.0,4.0,0.0,0.8,0.9,0.09999999999999998,1,1 - could not convert string to float: '6f5f37e93b5a'
2025-10-27 06:36:47,595 - WARNING - Failed to parse line: 8f68319b5024a81a,Chorus,F,maj7,120.0,9a329b1b1b50,5700ffd204af,0,9a329b1b1b50,5700ffd204af,0,1,0.31285297870635986,4.0,4.0,0.0,0.8,0.9,0.09999999999999998,1,1 - could not convert string to float: '5700ffd204af'
2025-10-27 06:36:47,596 - WARNING - Failed to parse line: 8f68319b5024a81a,Chorus,F,min,120.0,default_major,default_major,1,unknown,unknown,1,1,0.3,4.0,4.0,0.0,0.9,0.9,0.0,0,0 - could not convert string to float: 'default_major'
2025-10-27 06:36:47,596 - WARNING - Failed to parse line: 8f68319b5024a81a,Chorus,F,min7,120.0,default_major,default_major,1,unknown,unknown,1,1,0.3,4.0,4.0,0.0,0.9,0.9,0.0,0,0 - could not convert string to float: 'default_major'
2025-10-27 06:36:47,596 - WARNING - Failed to parse line: 8f68319b5024a81a,Bridge,C,maj,120.0,8676b4194a8d,0e7f0aa34e5c,0,8676b4194a8d,0e7f0aa34e5c,0,1,0.6147207617759705,4.0,4.0,0.0,0.8,0.9,0.09999999999999998,1,1 - could not convert string to float: '0e7f0aa34e5c'
2025-10-27 06:36:47,596 - WARNING - Failed to parse line: 8f68319b5024a81a,Bridge,C,maj7,120.0,6f683cd91963,5822bba0d4fc,0,6f683cd91963,5822bba0d4fc,0,1,0.7462079524993896,4.0,4.0,0.0,0.8,0.9,0.09999999999999998,1,1 - could not convert string to float: '5822bba0d4fc'
2025-10-27 06:36:47,596 - WARNING - Failed to parse line: 8f68319b5024a81a,Bridge,C,min,120.0,default_major,20aeddfff70a,0,unknown,20aeddfff70a,0,1,0.9476426839828491,4.0,4.0,0.0,0.9,0.9,0.0,0,0 - could not convert string to float: '20aeddfff70a'
2025-10-27 06:36:47,596 - WARNING - Failed to parse line: 8f68319b5024a81a,Bridge,C,min7,120.0,default_major,20aeddfff70a,0,unknown,20aeddfff70a,0,1,0.9476426839828491,4.0,4.0,0.0,0.9,0.9,0.0,0,0 - could not convert string to float: '20aeddfff70a'
2025-10-27 06:36:47,596 - WARNING - Failed to parse line: 8f68319b5024a81a,Bridge,G,maj,120.0,b1f177fe8f43,42adf16fd279,0,b1f177fe8f43,42adf16fd279,0,1,0.5147787928581238,4.0,4.0,0.0,0.8,0.9,0.09999999999999998,1,1 - could not convert string to float: '42adf16fd279'
2025-10-27 06:36:47,596 - WARNING - Failed to parse line: 8f68319b5024a81a,Bridge,G,maj7,120.0,a62a1947acfc,0a6910b44164,0,a62a1947acfc,0a6910b44164,0,1,0.8182988166809082,4.0,4.0,0.0,0.8,0.9,0.09999999999999998,1,1 - could not convert string to float: '0a6910b44164'
2025-10-27 06:36:47,596 - WARNING - Failed to parse line: 8f68319b5024a81a,Bridge,G,min,120.0,default_major,06a46e3e4165,0,unknown,06a46e3e4165,0,1,0.7161306738853455,4.0,4.0,0.0,0.9,0.9,0.0,0,0 - could not convert string to float: '06a46e3e4165'
2025-10-27 06:36:47,596 - WARNING - Failed to parse line: 8f68319b5024a81a,Bridge,G,min7,120.0,default_major,06a46e3e4165,0,unknown,06a46e3e4165,0,1,0.7161306738853455,4.0,4.0,0.0,0.9,0.9,0.0,0,0 - could not convert string to float: '06a46e3e4165'
2025-10-27 06:36:47,596 - WARNING - Failed to parse line: 8f68319b5024a81a,Bridge,Am,maj,120.0,default_major,0e6c3c3ffcde,0,unknown,0e6c3c3ffcde,0,1,0.5653682351112366,4.0,4.0,0.0,0.9,0.9,0.0,1,1 - could not convert string to float: '0e6c3c3ffcde'
2025-10-27 06:36:47,596 - WARNING - Failed to parse line: 8f68319b5024a81a,Bridge,Am,maj7,120.0,default_major,575d902eadee,0,unknown,575d902eadee,0,1,0.5729188919067383,4.0,4.0,0.0,0.9,0.9,0.0,1,1 - could not convert string to float: '575d902eadee'
2025-10-27 06:36:47,596 - WARNING - Failed to parse line: 8f68319b5024a81a,Bridge,Am,min,120.0,default_major,1fa5f0491d7e,0,unknown,1fa5f0491d7e,0,1,0.3362831175327301,4.0,4.0,0.0,0.9,0.9,0.0,0,0 - could not convert string to float: '1fa5f0491d7e'
2025-10-27 06:36:47,596 - WARNING - Failed to parse line: 8f68319b5024a81a,Bridge,Am,min7,120.0,default_major,1fa5f0491d7e,0,unknown,1fa5f0491d7e,0,1,0.3362831175327301,4.0,4.0,0.0,0.9,0.9,0.0,0,0 - could not convert string to float: '1fa5f0491d7e'
2025-10-27 06:36:47,596 - WARNING - Failed to parse line: 8f68319b5024a81a,Bridge,F,maj,120.0,79b930610cc4,3e38f72d7b1d,0,79b930610cc4,3e38f72d7b1d,0,1,0.4903653860092163,4.0,4.0,0.0,0.8,0.9,0.09999999999999998,1,1 - could not convert string to float: '3e38f72d7b1d'
2025-10-27 06:36:47,596 - WARNING - Failed to parse line: 8f68319b5024a81a,Bridge,F,maj7,120.0,69ba572e5b4d,363b69288586,0,69ba572e5b4d,363b69288586,0,1,0.3774685561656952,4.0,4.0,0.0,0.8,0.9,0.09999999999999998,1,1 - could not convert string to float: '363b69288586'
2025-10-27 06:36:47,596 - WARNING - Failed to parse line: 8f68319b5024a81a,Bridge,F,min,120.0,default_major,1cc60f5ed5fd,0,unknown,1cc60f5ed5fd,0,1,0.6788455247879028,4.0,4.0,0.0,0.9,0.9,0.0,0,0 - could not convert string to float: '1cc60f5ed5fd'
2025-10-27 06:36:47,596 - WARNING - Failed to parse line: 8f68319b5024a81a,Bridge,F,min7,120.0,default_major,1cc60f5ed5fd,0,unknown,1cc60f5ed5fd,0,1,0.6788455247879028,4.0,4.0,0.0,0.9,0.9,0.0,0,0 - could not convert string to float: '1cc60f5ed5fd'
2025-10-27 06:36:47,596 - WARNING - Failed to parse line: 4c1d84a20edfc6e0,Intro,C,maj,120.0,d7f508f78e66,1cf0274f76f9,0,d7f508f78e66,1cf0274f76f9,0,1,0.5156187415122986,4.0,4.0,0.0,0.8,0.9,0.09999999999999998,1,1 - could not convert string to float: '1cf0274f76f9'
2025-10-27 06:36:47,596 - WARNING - Failed to parse line: 4c1d84a20edfc6e0,Intro,C,maj7,120.0,66a3e7e5acf0,35d0064f3e77,0,66a3e7e5acf0,35d0064f3e77,0,1,0.8985406160354614,4.0,4.0,0.0,0.8,0.9,0.09999999999999998,1,1 - could not convert string to float: '35d0064f3e77'
2025-10-27 06:36:47,596 - WARNING - Failed to parse line: 4c1d84a20edfc6e0,Intro,C,min,120.0,default_major,07047591ef2c,0,unknown,07047591ef2c,0,1,0.9078062176704407,4.0,4.0,0.0,0.9,0.9,0.0,0,0 - could not convert string to float: '07047591ef2c'
2025-10-27 06:36:47,596 - WARNING - Failed to parse line: 4c1d84a20edfc6e0,Intro,C,min7,120.0,default_major,07047591ef2c,0,unknown,07047591ef2c,0,1,0.9078062176704407,4.0,4.0,0.0,0.9,0.9,0.0,0,0 - could not convert string to float: '07047591ef2c'
2025-10-27 06:36:47,596 - WARNING - Failed to parse line: 4c1d84a20edfc6e0,Intro,G,maj,120.0,d0edfde6fed8,7eda82aef9ed,0,d0edfde6fed8,7eda82aef9ed,0,1,0.5623078346252441,4.0,4.0,0.0,0.8,0.9,0.09999999999999998,1,1 - could not convert string to float: '7eda82aef9ed'
2025-10-27 06:36:47,596 - WARNING - Failed to parse line: 4c1d84a20edfc6e0,Intro,G,maj7,120.0,3918fabc91c5,7b22045882bc,0,3918fabc91c5,7b22045882bc,0,1,0.5336818695068359,4.0,4.0,0.0,0.8,0.9,0.09999999999999998,1,1 - could not convert string to float: '7b22045882bc'
2025-10-27 06:36:47,596 - WARNING - Failed to parse line: 4c1d84a20edfc6e0,Intro,G,min,120.0,default_major,6cc639d4413f,0,unknown,6cc639d4413f,0,1,0.35025978088378906,4.0,4.0,0.0,0.9,0.9,0.0,0,0 - could not convert string to float: '6cc639d4413f'
2025-10-27 06:36:47,596 - WARNING - Failed to parse line: 4c1d84a20edfc6e0,Intro,G,min7,120.0,default_major,6cc639d4413f,0,unknown,6cc639d4413f,0,1,0.35025978088378906,4.0,4.0,0.0,0.9,0.9,0.0,0,0 - could not convert string to float: '6cc639d4413f'
2025-10-27 06:36:47,596 - WARNING - Failed to parse line: 4c1d84a20edfc6e0,Intro,Am,maj,120.0,default_major,6dec29afabab,0,unknown,6dec29afabab,0,1,0.8317471146583557,4.0,4.0,0.0,0.9,0.9,0.0,1,1 - could not convert string to float: '6dec29afabab'
2025-10-27 06:36:47,596 - WARNING - Failed to parse line: 4c1d84a20edfc6e0,Intro,Am,maj7,120.0,default_major,575eab9ef318,0,unknown,575eab9ef318,0,1,0.6273561716079712,4.0,4.0,0.0,0.9,0.9,0.0,1,1 - could not convert string to float: '575eab9ef318'
2025-10-27 06:36:47,596 - WARNING - Failed to parse line: 4c1d84a20edfc6e0,Intro,Am,min,120.0,default_major,6dec29afabab,0,unknown,6dec29afabab,0,1,0.8180252313613892,4.0,4.0,0.0,0.9,0.9,0.0,0,0 - could not convert string to float: '6dec29afabab'
2025-10-27 06:36:47,596 - WARNING - Failed to parse line: 4c1d84a20edfc6e0,Intro,Am,min7,120.0,default_major,6dec29afabab,0,unknown,6dec29afabab,0,1,0.8180252313613892,4.0,4.0,0.0,0.9,0.9,0.0,0,0 - could not convert string to float: '6dec29afabab'
2025-10-27 06:36:47,596 - WARNING - Failed to parse line: 4c1d84a20edfc6e0,Intro,F,maj,120.0,d2d98b1e0e4c,563a2c2cfaa8,0,d2d98b1e0e4c,563a2c2cfaa8,0,1,0.5274317264556885,4.0,4.0,0.0,0.8,0.9,0.09999999999999998,1,1 - could not convert string to float: '563a2c2cfaa8'
2025-10-27 06:36:47,596 - WARNING - Failed to parse line: 4c1d84a20edfc6e0,Intro,F,maj7,120.0,9de21ea48381,836d0328a8cf,0,9de21ea48381,836d0328a8cf,0,1,0.6482905149459839,4.0,4.0,0.0,0.8,0.9,0.09999999999999998,1,1 - could not convert string to float: '836d0328a8cf'
2025-10-27 06:36:47,596 - WARNING - Failed to parse line: 4c1d84a20edfc6e0,Intro,F,min,120.0,default_major,5ef2151ab615,0,unknown,5ef2151ab615,0,1,0.2585706412792206,4.0,4.0,0.0,0.9,0.9,0.0,0,0 - could not convert string to float: '5ef2151ab615'
2025-10-27 06:36:47,596 - WARNING - Failed to parse line: 4c1d84a20edfc6e0,Intro,F,min7,120.0,default_major,5ef2151ab615,0,unknown,5ef2151ab615,0,1,0.2585706412792206,4.0,4.0,0.0,0.9,0.9,0.0,0,0 - could not convert string to float: '5ef2151ab615'
2025-10-27 06:36:47,596 - WARNING - Failed to parse line: 4c1d84a20edfc6e0,Verse,C,maj,120.0,1b78abe47513,45e930c5e412,0,1b78abe47513,45e930c5e412,0,1,0.2769481837749481,4.0,4.0,0.0,0.9,0.9,0.0,1,1 - could not convert string to float: '45e930c5e412'
2025-10-27 06:36:47,596 - WARNING - Failed to parse line: 4c1d84a20edfc6e0,Verse,C,maj7,120.0,e71d6285fab1,1eb2c31967b3,0,e71d6285fab1,1eb2c31967b3,0,1,0.9410102963447571,4.0,4.0,0.0,0.9,0.9,0.0,1,1 - could not convert string to float: '1eb2c31967b3'
2025-10-27 06:36:47,596 - WARNING - Failed to parse line: 4c1d84a20edfc6e0,Verse,C,min,120.0,default_major,30bb11ad8626,0,unknown,30bb11ad8626,0,1,0.8460873961448669,4.0,4.0,0.0,0.9,0.9,0.0,0,0 - could not convert string to float: '30bb11ad8626'
2025-10-27 06:36:47,596 - WARNING - Failed to parse line: 4c1d84a20edfc6e0,Verse,C,min7,120.0,default_major,30bb11ad8626,0,unknown,30bb11ad8626,0,1,0.8460873961448669,4.0,4.0,0.0,0.9,0.9,0.0,0,0 - could not convert string to float: '30bb11ad8626'
2025-10-27 06:36:47,596 - WARNING - Failed to parse line: 4c1d84a20edfc6e0,Verse,G,maj,120.0,ea917b0d0aa5,default_major,0,ea917b0d0aa5,unknown,0,1,0.3,4.0,4.0,0.0,0.9,0.9,0.0,1,1 - could not convert string to float: 'default_major'
2025-10-27 06:36:47,596 - WARNING - Failed to parse line: 4c1d84a20edfc6e0,Verse,G,maj7,120.0,faa2e126a3f7,default_major,0,faa2e126a3f7,unknown,0,1,0.3,4.0,4.0,0.0,0.9,0.9,0.0,1,1 - could not convert string to float: 'default_major'
2025-10-27 06:36:47,596 - WARNING - Failed to parse line: 4c1d84a20edfc6e0,Verse,G,min,120.0,default_major,156c810965ed,0,unknown,156c810965ed,0,1,0.8146456480026245,4.0,4.0,0.0,0.9,0.9,0.0,0,0 - could not convert string to float: '156c810965ed'
2025-10-27 06:36:47,596 - WARNING - Failed to parse line: 4c1d84a20edfc6e0,Verse,G,min7,120.0,default_major,156c810965ed,0,unknown,156c810965ed,0,1,0.8146456480026245,4.0,4.0,0.0,0.9,0.9,0.0,0,0 - could not convert string to float: '156c810965ed'
2025-10-27 06:36:47,596 - WARNING - Failed to parse line: 4c1d84a20edfc6e0,Verse,Am,maj,120.0,default_major,41c9394ab0a1,0,unknown,41c9394ab0a1,0,1,0.356843501329422,4.0,4.0,0.0,0.9,0.9,0.0,1,1 - could not convert string to float: '41c9394ab0a1'
2025-10-27 06:36:47,596 - WARNING - Failed to parse line: 4c1d84a20edfc6e0,Verse,Am,maj7,120.0,default_major,5d5ce13f481d,0,unknown,5d5ce13f481d,0,1,0.8578913807868958,4.0,4.0,0.0,0.9,0.9,0.0,1,1 - could not convert string to float: '5d5ce13f481d'
2025-10-27 06:36:47,596 - WARNING - Failed to parse line: 4c1d84a20edfc6e0,Verse,Am,min,120.0,default_major,5e6e57ca7a30,0,unknown,5e6e57ca7a30,0,1,0.4819108247756958,4.0,4.0,0.0,0.9,0.9,0.0,0,0 - could not convert string to float: '5e6e57ca7a30'
2025-10-27 06:36:47,596 - WARNING - Failed to parse line: 4c1d84a20edfc6e0,Verse,Am,min7,120.0,default_major,5e6e57ca7a30,0,unknown,5e6e57ca7a30,0,1,0.4819108247756958,4.0,4.0,0.0,0.9,0.9,0.0,0,0 - could not convert string to float: '5e6e57ca7a30'
2025-10-27 06:36:47,596 - WARNING - Failed to parse line: 4c1d84a20edfc6e0,Verse,F,maj,120.0,6c96121cf4c4,default_major,0,6c96121cf4c4,unknown,0,1,0.3,4.0,4.0,0.0,0.9,0.9,0.0,1,1 - could not convert string to float: 'default_major'
2025-10-27 06:36:47,596 - WARNING - Failed to parse line: 4c1d84a20edfc6e0,Verse,F,maj7,120.0,fc842079e998,523f86916565,0,fc842079e998,523f86916565,0,1,0.5896382927894592,4.0,4.0,0.0,0.9,0.9,0.0,1,1 - could not convert string to float: '523f86916565'
2025-10-27 06:36:47,596 - WARNING - Failed to parse line: 4c1d84a20edfc6e0,Verse,F,min,120.0,default_major,default_major,1,unknown,unknown,1,1,0.3,4.0,4.0,0.0,0.9,0.9,0.0,0,0 - could not convert string to float: 'default_major'
2025-10-27 06:36:47,596 - WARNING - Failed to parse line: 4c1d84a20edfc6e0,Verse,F,min7,120.0,default_major,default_major,1,unknown,unknown,1,1,0.3,4.0,4.0,0.0,0.9,0.9,0.0,0,0 - could not convert string to float: 'default_major'
2025-10-27 06:36:47,596 - WARNING - Failed to parse line: 4c1d84a20edfc6e0,Chorus,C,maj,120.0,d5d2bebb7563,2129aca1be8a,0,d5d2bebb7563,2129aca1be8a,0,1,0.743903636932373,4.0,4.0,0.0,0.8,0.9,0.09999999999999998,1,1 - could not convert string to float: '2129aca1be8a'
2025-10-27 06:36:47,596 - WARNING - Failed to parse line: 4c1d84a20edfc6e0,Chorus,C,maj7,120.0,0b6e8b9ca4e2,2129aca1be8a,0,0b6e8b9ca4e2,2129aca1be8a,0,1,0.948104739189148,4.0,4.0,0.0,0.8,0.9,0.09999999999999998,1,1 - could not convert string to float: '2129aca1be8a'
2025-10-27 06:36:47,596 - WARNING - Failed to parse line: 4c1d84a20edfc6e0,Chorus,C,min,120.0,default_major,712652d04aac,0,unknown,712652d04aac,0,1,0.9359660744667053,4.0,4.0,0.0,0.9,0.9,0.0,0,0 - could not convert string to float: '712652d04aac'
2025-10-27 06:36:47,596 - WARNING - Failed to parse line: 4c1d84a20edfc6e0,Chorus,C,min7,120.0,default_major,712652d04aac,0,unknown,712652d04aac,0,1,0.9359660744667053,4.0,4.0,0.0,0.9,0.9,0.0,0,0 - could not convert string to float: '712652d04aac'
2025-10-27 06:36:47,596 - WARNING - Failed to parse line: 4c1d84a20edfc6e0,Chorus,G,maj,120.0,6d24a042d994,38070718b35f,0,6d24a042d994,38070718b35f,0,1,0.30791571736335754,4.0,4.0,0.0,0.8,0.9,0.09999999999999998,1,1 - could not convert string to float: '38070718b35f'
2025-10-27 06:36:47,596 - WARNING - Failed to parse line: 4c1d84a20edfc6e0,Chorus,G,maj7,120.0,95bd141a1c76,00b41c4945aa,0,95bd141a1c76,00b41c4945aa,0,1,0.43267154693603516,4.0,4.0,0.0,0.8,0.9,0.09999999999999998,1,1 - could not convert string to float: '00b41c4945aa'
2025-10-27 06:36:47,596 - WARNING - Failed to parse line: 4c1d84a20edfc6e0,Chorus,G,min,120.0,default_major,20b534494b6c,0,unknown,20b534494b6c,0,1,0.3305188715457916,4.0,4.0,0.0,0.9,0.9,0.0,0,0 - could not convert string to float: '20b534494b6c'
2025-10-27 06:36:47,596 - WARNING - Failed to parse line: 4c1d84a20edfc6e0,Chorus,G,min7,120.0,default_major,20b534494b6c,0,unknown,20b534494b6c,0,1,0.3305188715457916,4.0,4.0,0.0,0.9,0.9,0.0,0,0 - could not convert string to float: '20b534494b6c'
2025-10-27 06:36:47,596 - WARNING - Failed to parse line: 4c1d84a20edfc6e0,Chorus,Am,maj,120.0,default_major,39697a3e4abc,0,unknown,39697a3e4abc,0,1,0.5356512069702148,4.0,4.0,0.0,0.9,0.9,0.0,1,1 - could not convert string to float: '39697a3e4abc'
2025-10-27 06:36:47,596 - WARNING - Failed to parse line: 4c1d84a20edfc6e0,Chorus,Am,maj7,120.0,default_major,4e4d4fececdd,0,unknown,4e4d4fececdd,0,1,0.6492087244987488,4.0,4.0,0.0,0.9,0.9,0.0,1,1 - could not convert string to float: '4e4d4fececdd'
2025-10-27 06:36:47,596 - WARNING - Failed to parse line: 4c1d84a20edfc6e0,Chorus,Am,min,120.0,default_major,0fcf3c44cc23,0,unknown,0fcf3c44cc23,0,1,0.28288549184799194,4.0,4.0,0.0,0.9,0.9,0.0,0,0 - could not convert string to float: '0fcf3c44cc23'
2025-10-27 06:36:47,596 - WARNING - Failed to parse line: 4c1d84a20edfc6e0,Chorus,Am,min7,120.0,default_major,0fcf3c44cc23,0,unknown,0fcf3c44cc23,0,1,0.28288549184799194,4.0,4.0,0.0,0.9,0.9,0.0,0,0 - could not convert string to float: '0fcf3c44cc23'
2025-10-27 06:36:47,596 - WARNING - Failed to parse line: 4c1d84a20edfc6e0,Chorus,F,maj,120.0,a9e9d388cea4,6f5f37e93b5a,0,a9e9d388cea4,6f5f37e93b5a,0,1,0.4330121874809265,4.0,4.0,0.0,0.8,0.9,0.09999999999999998,1,1 - could not convert string to float: '6f5f37e93b5a'
2025-10-27 06:36:47,596 - WARNING - Failed to parse line: 4c1d84a20edfc6e0,Chorus,F,maj7,120.0,9a329b1b1b50,5700ffd204af,0,9a329b1b1b50,5700ffd204af,0,1,0.31285297870635986,4.0,4.0,0.0,0.8,0.9,0.09999999999999998,1,1 - could not convert string to float: '5700ffd204af'
2025-10-27 06:36:47,596 - WARNING - Failed to parse line: 4c1d84a20edfc6e0,Chorus,F,min,120.0,default_major,default_major,1,unknown,unknown,1,1,0.3,4.0,4.0,0.0,0.9,0.9,0.0,0,0 - could not convert string to float: 'default_major'
2025-10-27 06:36:47,596 - WARNING - Failed to parse line: 4c1d84a20edfc6e0,Chorus,F,min7,120.0,default_major,default_major,1,unknown,unknown,1,1,0.3,4.0,4.0,0.0,0.9,0.9,0.0,0,0 - could not convert string to float: 'default_major'
2025-10-27 06:36:47,596 - WARNING - Failed to parse line: 4c1d84a20edfc6e0,Bridge,C,maj,120.0,8676b4194a8d,0e7f0aa34e5c,0,8676b4194a8d,0e7f0aa34e5c,0,1,0.6147207617759705,4.0,4.0,0.0,0.8,0.9,0.09999999999999998,1,1 - could not convert string to float: '0e7f0aa34e5c'
2025-10-27 06:36:47,596 - WARNING - Failed to parse line: 4c1d84a20edfc6e0,Bridge,C,maj7,120.0,6f683cd91963,5822bba0d4fc,0,6f683cd91963,5822bba0d4fc,0,1,0.7462079524993896,4.0,4.0,0.0,0.8,0.9,0.09999999999999998,1,1 - could not convert string to float: '5822bba0d4fc'
2025-10-27 06:36:47,596 - WARNING - Failed to parse line: 4c1d84a20edfc6e0,Bridge,C,min,120.0,default_major,20aeddfff70a,0,unknown,20aeddfff70a,0,1,0.9476426839828491,4.0,4.0,0.0,0.9,0.9,0.0,0,0 - could not convert string to float: '20aeddfff70a'
2025-10-27 06:36:47,596 - WARNING - Failed to parse line: 4c1d84a20edfc6e0,Bridge,C,min7,120.0,default_major,20aeddfff70a,0,unknown,20aeddfff70a,0,1,0.9476426839828491,4.0,4.0,0.0,0.9,0.9,0.0,0,0 - could not convert string to float: '20aeddfff70a'
2025-10-27 06:36:47,596 - WARNING - Failed to parse line: 4c1d84a20edfc6e0,Bridge,G,maj,120.0,b1f177fe8f43,42adf16fd279,0,b1f177fe8f43,42adf16fd279,0,1,0.5147787928581238,4.0,4.0,0.0,0.8,0.9,0.09999999999999998,1,1 - could not convert string to float: '42adf16fd279'
2025-10-27 06:36:47,597 - WARNING - Failed to parse line: 4c1d84a20edfc6e0,Bridge,G,maj7,120.0,a62a1947acfc,0a6910b44164,0,a62a1947acfc,0a6910b44164,0,1,0.8182988166809082,4.0,4.0,0.0,0.8,0.9,0.09999999999999998,1,1 - could not convert string to float: '0a6910b44164'
2025-10-27 06:36:47,597 - WARNING - Failed to parse line: 4c1d84a20edfc6e0,Bridge,G,min,120.0,default_major,06a46e3e4165,0,unknown,06a46e3e4165,0,1,0.7161306738853455,4.0,4.0,0.0,0.9,0.9,0.0,0,0 - could not convert string to float: '06a46e3e4165'
2025-10-27 06:36:47,597 - WARNING - Failed to parse line: 4c1d84a20edfc6e0,Bridge,G,min7,120.0,default_major,06a46e3e4165,0,unknown,06a46e3e4165,0,1,0.7161306738853455,4.0,4.0,0.0,0.9,0.9,0.0,0,0 - could not convert string to float: '06a46e3e4165'
2025-10-27 06:36:47,597 - WARNING - Failed to parse line: 4c1d84a20edfc6e0,Bridge,Am,maj,120.0,default_major,0e6c3c3ffcde,0,unknown,0e6c3c3ffcde,0,1,0.5653682351112366,4.0,4.0,0.0,0.9,0.9,0.0,1,1 - could not convert string to float: '0e6c3c3ffcde'
2025-10-27 06:36:47,597 - WARNING - Failed to parse line: 4c1d84a20edfc6e0,Bridge,Am,maj7,120.0,default_major,575d902eadee,0,unknown,575d902eadee,0,1,0.5729188919067383,4.0,4.0,0.0,0.9,0.9,0.0,1,1 - could not convert string to float: '575d902eadee'
2025-10-27 06:36:47,597 - WARNING - Failed to parse line: 4c1d84a20edfc6e0,Bridge,Am,min,120.0,default_major,1fa5f0491d7e,0,unknown,1fa5f0491d7e,0,1,0.3362831175327301,4.0,4.0,0.0,0.9,0.9,0.0,0,0 - could not convert string to float: '1fa5f0491d7e'
2025-10-27 06:36:47,597 - WARNING - Failed to parse line: 4c1d84a20edfc6e0,Bridge,Am,min7,120.0,default_major,1fa5f0491d7e,0,unknown,1fa5f0491d7e,0,1,0.3362831175327301,4.0,4.0,0.0,0.9,0.9,0.0,0,0 - could not convert string to float: '1fa5f0491d7e'
2025-10-27 06:36:47,597 - WARNING - Failed to parse line: 4c1d84a20edfc6e0,Bridge,F,maj,120.0,79b930610cc4,3e38f72d7b1d,0,79b930610cc4,3e38f72d7b1d,0,1,0.4903653860092163,4.0,4.0,0.0,0.8,0.9,0.09999999999999998,1,1 - could not convert string to float: '3e38f72d7b1d'
2025-10-27 06:36:47,597 - WARNING - Failed to parse line: 4c1d84a20edfc6e0,Bridge,F,maj7,120.0,69ba572e5b4d,363b69288586,0,69ba572e5b4d,363b69288586,0,1,0.3774685561656952,4.0,4.0,0.0,0.8,0.9,0.09999999999999998,1,1 - could not convert string to float: '363b69288586'
2025-10-27 06:36:47,597 - WARNING - Failed to parse line: 4c1d84a20edfc6e0,Bridge,F,min,120.0,default_major,1cc60f5ed5fd,0,unknown,1cc60f5ed5fd,0,1,0.6788455247879028,4.0,4.0,0.0,0.9,0.9,0.0,0,0 - could not convert string to float: '1cc60f5ed5fd'
2025-10-27 06:36:47,597 - WARNING - Failed to parse line: 4c1d84a20edfc6e0,Bridge,F,min7,120.0,default_major,1cc60f5ed5fd,0,unknown,1cc60f5ed5fd,0,1,0.6788455247879028,4.0,4.0,0.0,0.9,0.9,0.0,0,0 - could not convert string to float: '1cc60f5ed5fd'
2025-10-27 06:36:47,597 - WARNING - Failed to parse line: 730876fe05fa1079,Intro,C,maj,120.0,d7f508f78e66,1cf0274f76f9,0,d7f508f78e66,1cf0274f76f9,0,1,0.5156187415122986,4.0,4.0,0.0,0.8,0.9,0.09999999999999998,1,1 - could not convert string to float: '1cf0274f76f9'
2025-10-27 06:36:47,597 - WARNING - Failed to parse line: 730876fe05fa1079,Intro,C,maj7,120.0,66a3e7e5acf0,35d0064f3e77,0,66a3e7e5acf0,35d0064f3e77,0,1,0.8985406160354614,4.0,4.0,0.0,0.8,0.9,0.09999999999999998,1,1 - could not convert string to float: '35d0064f3e77'
2025-10-27 06:36:47,597 - WARNING - Failed to parse line: 730876fe05fa1079,Intro,C,min,120.0,default_major,07047591ef2c,0,unknown,07047591ef2c,0,1,0.9078062176704407,4.0,4.0,0.0,0.9,0.9,0.0,0,0 - could not convert string to float: '07047591ef2c'
2025-10-27 06:36:47,597 - WARNING - Failed to parse line: 730876fe05fa1079,Intro,C,min7,120.0,default_major,07047591ef2c,0,unknown,07047591ef2c,0,1,0.9078062176704407,4.0,4.0,0.0,0.9,0.9,0.0,0,0 - could not convert string to float: '07047591ef2c'
2025-10-27 06:36:47,597 - WARNING - Failed to parse line: 730876fe05fa1079,Intro,G,maj,120.0,d0edfde6fed8,7eda82aef9ed,0,d0edfde6fed8,7eda82aef9ed,0,1,0.5623078346252441,4.0,4.0,0.0,0.8,0.9,0.09999999999999998,1,1 - could not convert string to float: '7eda82aef9ed'
2025-10-27 06:36:47,597 - WARNING - Failed to parse line: 730876fe05fa1079,Intro,G,maj7,120.0,3918fabc91c5,7b22045882bc,0,3918fabc91c5,7b22045882bc,0,1,0.5336818695068359,4.0,4.0,0.0,0.8,0.9,0.09999999999999998,1,1 - could not convert string to float: '7b22045882bc'
2025-10-27 06:36:47,597 - WARNING - Failed to parse line: 730876fe05fa1079,Intro,G,min,120.0,default_major,6cc639d4413f,0,unknown,6cc639d4413f,0,1,0.35025978088378906,4.0,4.0,0.0,0.9,0.9,0.0,0,0 - could not convert string to float: '6cc639d4413f'
2025-10-27 06:36:47,597 - WARNING - Failed to parse line: 730876fe05fa1079,Intro,G,min7,120.0,default_major,6cc639d4413f,0,unknown,6cc639d4413f,0,1,0.35025978088378906,4.0,4.0,0.0,0.9,0.9,0.0,0,0 - could not convert string to float: '6cc639d4413f'
2025-10-27 06:36:47,597 - WARNING - Failed to parse line: 730876fe05fa1079,Intro,Am,maj,120.0,default_major,6dec29afabab,0,unknown,6dec29afabab,0,1,0.8317471146583557,4.0,4.0,0.0,0.9,0.9,0.0,1,1 - could not convert string to float: '6dec29afabab'
2025-10-27 06:36:47,597 - WARNING - Failed to parse line: 730876fe05fa1079,Intro,Am,maj7,120.0,default_major,575eab9ef318,0,unknown,575eab9ef318,0,1,0.6273561716079712,4.0,4.0,0.0,0.9,0.9,0.0,1,1 - could not convert string to float: '575eab9ef318'
2025-10-27 06:36:47,597 - WARNING - Failed to parse line: 730876fe05fa1079,Intro,Am,min,120.0,default_major,6dec29afabab,0,unknown,6dec29afabab,0,1,0.8180252313613892,4.0,4.0,0.0,0.9,0.9,0.0,0,0 - could not convert string to float: '6dec29afabab'
2025-10-27 06:36:47,597 - WARNING - Failed to parse line: 730876fe05fa1079,Intro,Am,min7,120.0,default_major,6dec29afabab,0,unknown,6dec29afabab,0,1,0.8180252313613892,4.0,4.0,0.0,0.9,0.9,0.0,0,0 - could not convert string to float: '6dec29afabab'
2025-10-27 06:36:47,597 - WARNING - Failed to parse line: 730876fe05fa1079,Intro,F,maj,120.0,d2d98b1e0e4c,563a2c2cfaa8,0,d2d98b1e0e4c,563a2c2cfaa8,0,1,0.5274317264556885,4.0,4.0,0.0,0.8,0.9,0.09999999999999998,1,1 - could not convert string to float: '563a2c2cfaa8'
2025-10-27 06:36:47,597 - WARNING - Failed to parse line: 730876fe05fa1079,Intro,F,maj7,120.0,9de21ea48381,836d0328a8cf,0,9de21ea48381,836d0328a8cf,0,1,0.6482905149459839,4.0,4.0,0.0,0.8,0.9,0.09999999999999998,1,1 - could not convert string to float: '836d0328a8cf'
2025-10-27 06:36:47,597 - WARNING - Failed to parse line: 730876fe05fa1079,Intro,F,min,120.0,default_major,5ef2151ab615,0,unknown,5ef2151ab615,0,1,0.2585706412792206,4.0,4.0,0.0,0.9,0.9,0.0,0,0 - could not convert string to float: '5ef2151ab615'
2025-10-27 06:36:47,597 - WARNING - Failed to parse line: 730876fe05fa1079,Intro,F,min7,120.0,default_major,5ef2151ab615,0,unknown,5ef2151ab615,0,1,0.2585706412792206,4.0,4.0,0.0,0.9,0.9,0.0,0,0 - could not convert string to float: '5ef2151ab615'
2025-10-27 06:36:47,597 - WARNING - Failed to parse line: 730876fe05fa1079,Verse,C,maj,120.0,1b78abe47513,45e930c5e412,0,1b78abe47513,45e930c5e412,0,1,0.2769481837749481,4.0,4.0,0.0,0.9,0.9,0.0,1,1 - could not convert string to float: '45e930c5e412'
2025-10-27 06:36:47,597 - WARNING - Failed to parse line: 730876fe05fa1079,Verse,C,maj7,120.0,e71d6285fab1,1eb2c31967b3,0,e71d6285fab1,1eb2c31967b3,0,1,0.9410102963447571,4.0,4.0,0.0,0.9,0.9,0.0,1,1 - could not convert string to float: '1eb2c31967b3'
2025-10-27 06:36:47,597 - WARNING - Failed to parse line: 730876fe05fa1079,Verse,C,min,120.0,default_major,30bb11ad8626,0,unknown,30bb11ad8626,0,1,0.8460873961448669,4.0,4.0,0.0,0.9,0.9,0.0,0,0 - could not convert string to float: '30bb11ad8626'
2025-10-27 06:36:47,597 - WARNING - Failed to parse line: 730876fe05fa1079,Verse,C,min7,120.0,default_major,30bb11ad8626,0,unknown,30bb11ad8626,0,1,0.8460873961448669,4.0,4.0,0.0,0.9,0.9,0.0,0,0 - could not convert string to float: '30bb11ad8626'
2025-10-27 06:36:47,597 - WARNING - Failed to parse line: 730876fe05fa1079,Verse,G,maj,120.0,ea917b0d0aa5,default_major,0,ea917b0d0aa5,unknown,0,1,0.3,4.0,4.0,0.0,0.9,0.9,0.0,1,1 - could not convert string to float: 'default_major'
2025-10-27 06:36:47,597 - WARNING - Failed to parse line: 730876fe05fa1079,Verse,G,maj7,120.0,faa2e126a3f7,default_major,0,faa2e126a3f7,unknown,0,1,0.3,4.0,4.0,0.0,0.9,0.9,0.0,1,1 - could not convert string to float: 'default_major'
2025-10-27 06:36:47,597 - WARNING - Failed to parse line: 730876fe05fa1079,Verse,G,min,120.0,default_major,156c810965ed,0,unknown,156c810965ed,0,1,0.8146456480026245,4.0,4.0,0.0,0.9,0.9,0.0,0,0 - could not convert string to float: '156c810965ed'
2025-10-27 06:36:47,597 - WARNING - Failed to parse line: 730876fe05fa1079,Verse,G,min7,120.0,default_major,156c810965ed,0,unknown,156c810965ed,0,1,0.8146456480026245,4.0,4.0,0.0,0.9,0.9,0.0,0,0 - could not convert string to float: '156c810965ed'
2025-10-27 06:36:47,597 - WARNING - Failed to parse line: 730876fe05fa1079,Verse,Am,maj,120.0,default_major,41c9394ab0a1,0,unknown,41c9394ab0a1,0,1,0.356843501329422,4.0,4.0,0.0,0.9,0.9,0.0,1,1 - could not convert string to float: '41c9394ab0a1'
2025-10-27 06:36:47,597 - WARNING - Failed to parse line: 730876fe05fa1079,Verse,Am,maj7,120.0,default_major,5d5ce13f481d,0,unknown,5d5ce13f481d,0,1,0.8578913807868958,4.0,4.0,0.0,0.9,0.9,0.0,1,1 - could not convert string to float: '5d5ce13f481d'
2025-10-27 06:36:47,597 - WARNING - Failed to parse line: 730876fe05fa1079,Verse,Am,min,120.0,default_major,5e6e57ca7a30,0,unknown,5e6e57ca7a30,0,1,0.4819108247756958,4.0,4.0,0.0,0.9,0.9,0.0,0,0 - could not convert string to float: '5e6e57ca7a30'
2025-10-27 06:36:47,597 - WARNING - Failed to parse line: 730876fe05fa1079,Verse,Am,min7,120.0,default_major,5e6e57ca7a30,0,unknown,5e6e57ca7a30,0,1,0.4819108247756958,4.0,4.0,0.0,0.9,0.9,0.0,0,0 - could not convert string to float: '5e6e57ca7a30'
2025-10-27 06:36:47,597 - WARNING - Failed to parse line: 730876fe05fa1079,Verse,F,maj,120.0,6c96121cf4c4,default_major,0,6c96121cf4c4,unknown,0,1,0.3,4.0,4.0,0.0,0.9,0.9,0.0,1,1 - could not convert string to float: 'default_major'
2025-10-27 06:36:47,597 - WARNING - Failed to parse line: 730876fe05fa1079,Verse,F,maj7,120.0,fc842079e998,523f86916565,0,fc842079e998,523f86916565,0,1,0.5896382927894592,4.0,4.0,0.0,0.9,0.9,0.0,1,1 - could not convert string to float: '523f86916565'
2025-10-27 06:36:47,597 - WARNING - Failed to parse line: 730876fe05fa1079,Verse,F,min,120.0,default_major,default_major,1,unknown,unknown,1,1,0.3,4.0,4.0,0.0,0.9,0.9,0.0,0,0 - could not convert string to float: 'default_major'
2025-10-27 06:36:47,597 - WARNING - Failed to parse line: 730876fe05fa1079,Verse,F,min7,120.0,default_major,default_major,1,unknown,unknown,1,1,0.3,4.0,4.0,0.0,0.9,0.9,0.0,0,0 - could not convert string to float: 'default_major'
2025-10-27 06:36:47,597 - WARNING - Failed to parse line: 730876fe05fa1079,Chorus,C,maj,120.0,d5d2bebb7563,2129aca1be8a,0,d5d2bebb7563,2129aca1be8a,0,1,0.743903636932373,4.0,4.0,0.0,0.8,0.9,0.09999999999999998,1,1 - could not convert string to float: '2129aca1be8a'
2025-10-27 06:36:47,597 - WARNING - Failed to parse line: 730876fe05fa1079,Chorus,C,maj7,120.0,0b6e8b9ca4e2,2129aca1be8a,0,0b6e8b9ca4e2,2129aca1be8a,0,1,0.948104739189148,4.0,4.0,0.0,0.8,0.9,0.09999999999999998,1,1 - could not convert string to float: '2129aca1be8a'
2025-10-27 06:36:47,597 - WARNING - Failed to parse line: 730876fe05fa1079,Chorus,C,min,120.0,default_major,712652d04aac,0,unknown,712652d04aac,0,1,0.9359660744667053,4.0,4.0,0.0,0.9,0.9,0.0,0,0 - could not convert string to float: '712652d04aac'
2025-10-27 06:36:47,597 - WARNING - Failed to parse line: 730876fe05fa1079,Chorus,C,min7,120.0,default_major,712652d04aac,0,unknown,712652d04aac,0,1,0.9359660744667053,4.0,4.0,0.0,0.9,0.9,0.0,0,0 - could not convert string to float: '712652d04aac'
2025-10-27 06:36:47,597 - WARNING - Failed to parse line: 730876fe05fa1079,Chorus,G,maj,120.0,6d24a042d994,38070718b35f,0,6d24a042d994,38070718b35f,0,1,0.30791571736335754,4.0,4.0,0.0,0.8,0.9,0.09999999999999998,1,1 - could not convert string to float: '38070718b35f'
2025-10-27 06:36:47,597 - WARNING - Failed to parse line: 730876fe05fa1079,Chorus,G,maj7,120.0,95bd141a1c76,00b41c4945aa,0,95bd141a1c76,00b41c4945aa,0,1,0.43267154693603516,4.0,4.0,0.0,0.8,0.9,0.09999999999999998,1,1 - could not convert string to float: '00b41c4945aa'
2025-10-27 06:36:47,597 - WARNING - Failed to parse line: 730876fe05fa1079,Chorus,G,min,120.0,default_major,20b534494b6c,0,unknown,20b534494b6c,0,1,0.3305188715457916,4.0,4.0,0.0,0.9,0.9,0.0,0,0 - could not convert string to float: '20b534494b6c'
2025-10-27 06:36:47,597 - WARNING - Failed to parse line: 730876fe05fa1079,Chorus,G,min7,120.0,default_major,20b534494b6c,0,unknown,20b534494b6c,0,1,0.3305188715457916,4.0,4.0,0.0,0.9,0.9,0.0,0,0 - could not convert string to float: '20b534494b6c'
2025-10-27 06:36:47,597 - WARNING - Failed to parse line: 730876fe05fa1079,Chorus,Am,maj,120.0,default_major,39697a3e4abc,0,unknown,39697a3e4abc,0,1,0.5356512069702148,4.0,4.0,0.0,0.9,0.9,0.0,1,1 - could not convert string to float: '39697a3e4abc'
2025-10-27 06:36:47,598 - WARNING - Failed to parse line: 730876fe05fa1079,Chorus,Am,maj7,120.0,default_major,4e4d4fececdd,0,unknown,4e4d4fececdd,0,1,0.6492087244987488,4.0,4.0,0.0,0.9,0.9,0.0,1,1 - could not convert string to float: '4e4d4fececdd'
2025-10-27 06:36:47,598 - WARNING - Failed to parse line: 730876fe05fa1079,Chorus,Am,min,120.0,default_major,0fcf3c44cc23,0,unknown,0fcf3c44cc23,0,1,0.28288549184799194,4.0,4.0,0.0,0.9,0.9,0.0,0,0 - could not convert string to float: '0fcf3c44cc23'
2025-10-27 06:36:47,598 - WARNING - Failed to parse line: 730876fe05fa1079,Chorus,Am,min7,120.0,default_major,0fcf3c44cc23,0,unknown,0fcf3c44cc23,0,1,0.28288549184799194,4.0,4.0,0.0,0.9,0.9,0.0,0,0 - could not convert string to float: '0fcf3c44cc23'
2025-10-27 06:36:47,598 - WARNING - Failed to parse line: 730876fe05fa1079,Chorus,F,maj,120.0,a9e9d388cea4,6f5f37e93b5a,0,a9e9d388cea4,6f5f37e93b5a,0,1,0.4330121874809265,4.0,4.0,0.0,0.8,0.9,0.09999999999999998,1,1 - could not convert string to float: '6f5f37e93b5a'
2025-10-27 06:36:47,598 - WARNING - Failed to parse line: 730876fe05fa1079,Chorus,F,maj7,120.0,9a329b1b1b50,5700ffd204af,0,9a329b1b1b50,5700ffd204af,0,1,0.31285297870635986,4.0,4.0,0.0,0.8,0.9,0.09999999999999998,1,1 - could not convert string to float: '5700ffd204af'
2025-10-27 06:36:47,598 - WARNING - Failed to parse line: 730876fe05fa1079,Chorus,F,min,120.0,default_major,default_major,1,unknown,unknown,1,1,0.3,4.0,4.0,0.0,0.9,0.9,0.0,0,0 - could not convert string to float: 'default_major'
2025-10-27 06:36:47,598 - WARNING - Failed to parse line: 730876fe05fa1079,Chorus,F,min7,120.0,default_major,default_major,1,unknown,unknown,1,1,0.3,4.0,4.0,0.0,0.9,0.9,0.0,0,0 - could not convert string to float: 'default_major'
2025-10-27 06:36:47,598 - WARNING - Failed to parse line: 730876fe05fa1079,Bridge,C,maj,120.0,8676b4194a8d,0e7f0aa34e5c,0,8676b4194a8d,0e7f0aa34e5c,0,1,0.6147207617759705,4.0,4.0,0.0,0.8,0.9,0.09999999999999998,1,1 - could not convert string to float: '0e7f0aa34e5c'
2025-10-27 06:36:47,598 - WARNING - Failed to parse line: 730876fe05fa1079,Bridge,C,maj7,120.0,6f683cd91963,5822bba0d4fc,0,6f683cd91963,5822bba0d4fc,0,1,0.7462079524993896,4.0,4.0,0.0,0.8,0.9,0.09999999999999998,1,1 - could not convert string to float: '5822bba0d4fc'
2025-10-27 06:36:47,598 - WARNING - Failed to parse line: 730876fe05fa1079,Bridge,C,min,120.0,default_major,20aeddfff70a,0,unknown,20aeddfff70a,0,1,0.9476426839828491,4.0,4.0,0.0,0.9,0.9,0.0,0,0 - could not convert string to float: '20aeddfff70a'
2025-10-27 06:36:47,598 - WARNING - Failed to parse line: 730876fe05fa1079,Bridge,C,min7,120.0,default_major,20aeddfff70a,0,unknown,20aeddfff70a,0,1,0.9476426839828491,4.0,4.0,0.0,0.9,0.9,0.0,0,0 - could not convert string to float: '20aeddfff70a'
2025-10-27 06:36:47,598 - WARNING - Failed to parse line: 730876fe05fa1079,Bridge,G,maj,120.0,b1f177fe8f43,42adf16fd279,0,b1f177fe8f43,42adf16fd279,0,1,0.5147787928581238,4.0,4.0,0.0,0.8,0.9,0.09999999999999998,1,1 - could not convert string to float: '42adf16fd279'
2025-10-27 06:36:47,598 - WARNING - Failed to parse line: 730876fe05fa1079,Bridge,G,maj7,120.0,a62a1947acfc,0a6910b44164,0,a62a1947acfc,0a6910b44164,0,1,0.8182988166809082,4.0,4.0,0.0,0.8,0.9,0.09999999999999998,1,1 - could not convert string to float: '0a6910b44164'
2025-10-27 06:36:47,598 - WARNING - Failed to parse line: 730876fe05fa1079,Bridge,G,min,120.0,default_major,06a46e3e4165,0,unknown,06a46e3e4165,0,1,0.7161306738853455,4.0,4.0,0.0,0.9,0.9,0.0,0,0 - could not convert string to float: '06a46e3e4165'
2025-10-27 06:36:47,598 - WARNING - Failed to parse line: 730876fe05fa1079,Bridge,G,min7,120.0,default_major,06a46e3e4165,0,unknown,06a46e3e4165,0,1,0.7161306738853455,4.0,4.0,0.0,0.9,0.9,0.0,0,0 - could not convert string to float: '06a46e3e4165'
2025-10-27 06:36:47,598 - WARNING - Failed to parse line: 730876fe05fa1079,Bridge,Am,maj,120.0,default_major,0e6c3c3ffcde,0,unknown,0e6c3c3ffcde,0,1,0.5653682351112366,4.0,4.0,0.0,0.9,0.9,0.0,1,1 - could not convert string to float: '0e6c3c3ffcde'
2025-10-27 06:36:47,598 - WARNING - Failed to parse line: 730876fe05fa1079,Bridge,Am,maj7,120.0,default_major,575d902eadee,0,unknown,575d902eadee,0,1,0.5729188919067383,4.0,4.0,0.0,0.9,0.9,0.0,1,1 - could not convert string to float: '575d902eadee'
2025-10-27 06:36:47,598 - WARNING - Failed to parse line: 730876fe05fa1079,Bridge,Am,min,120.0,default_major,1fa5f0491d7e,0,unknown,1fa5f0491d7e,0,1,0.3362831175327301,4.0,4.0,0.0,0.9,0.9,0.0,0,0 - could not convert string to float: '1fa5f0491d7e'
2025-10-27 06:36:47,598 - WARNING - Failed to parse line: 730876fe05fa1079,Bridge,Am,min7,120.0,default_major,1fa5f0491d7e,0,unknown,1fa5f0491d7e,0,1,0.3362831175327301,4.0,4.0,0.0,0.9,0.9,0.0,0,0 - could not convert string to float: '1fa5f0491d7e'
2025-10-27 06:36:47,598 - WARNING - Failed to parse line: 730876fe05fa1079,Bridge,F,maj,120.0,79b930610cc4,3e38f72d7b1d,0,79b930610cc4,3e38f72d7b1d,0,1,0.4903653860092163,4.0,4.0,0.0,0.8,0.9,0.09999999999999998,1,1 - could not convert string to float: '3e38f72d7b1d'
2025-10-27 06:36:47,598 - WARNING - Failed to parse line: 730876fe05fa1079,Bridge,F,maj7,120.0,69ba572e5b4d,363b69288586,0,69ba572e5b4d,363b69288586,0,1,0.3774685561656952,4.0,4.0,0.0,0.8,0.9,0.09999999999999998,1,1 - could not convert string to float: '363b69288586'
2025-10-27 06:36:47,598 - WARNING - Failed to parse line: 730876fe05fa1079,Bridge,F,min,120.0,default_major,1cc60f5ed5fd,0,unknown,1cc60f5ed5fd,0,1,0.6788455247879028,4.0,4.0,0.0,0.9,0.9,0.0,0,0 - could not convert string to float: '1cc60f5ed5fd'
2025-10-27 06:36:47,598 - WARNING - Failed to parse line: 730876fe05fa1079,Bridge,F,min7,120.0,default_major,1cc60f5ed5fd,0,unknown,1cc60f5ed5fd,0,1,0.6788455247879028,4.0,4.0,0.0,0.9,0.9,0.0,0,0 - could not convert string to float: '1cc60f5ed5fd'
2025-10-27 06:36:47,598 - WARNING - Failed to parse line: a7523758d3847c97,Intro,C,maj,120.0,d7f508f78e66,1cf0274f76f9,0,d7f508f78e66,1cf0274f76f9,0,1,0.5156187415122986,4.0,4.0,0.0,0.8,0.9,0.09999999999999998,1,1 - could not convert string to float: '1cf0274f76f9'
2025-10-27 06:36:47,598 - WARNING - Failed to parse line: a7523758d3847c97,Intro,C,maj7,120.0,66a3e7e5acf0,35d0064f3e77,0,66a3e7e5acf0,35d0064f3e77,0,1,0.8985406160354614,4.0,4.0,0.0,0.8,0.9,0.09999999999999998,1,1 - could not convert string to float: '35d0064f3e77'
2025-10-27 06:36:47,598 - WARNING - Failed to parse line: a7523758d3847c97,Intro,C,min,120.0,default_major,07047591ef2c,0,unknown,07047591ef2c,0,1,0.9078062176704407,4.0,4.0,0.0,0.9,0.9,0.0,0,0 - could not convert string to float: '07047591ef2c'
2025-10-27 06:36:47,598 - WARNING - Failed to parse line: a7523758d3847c97,Intro,C,min7,120.0,default_major,07047591ef2c,0,unknown,07047591ef2c,0,1,0.9078062176704407,4.0,4.0,0.0,0.9,0.9,0.0,0,0 - could not convert string to float: '07047591ef2c'
2025-10-27 06:36:47,598 - WARNING - Failed to parse line: a7523758d3847c97,Intro,G,maj,120.0,d0edfde6fed8,7eda82aef9ed,0,d0edfde6fed8,7eda82aef9ed,0,1,0.5623078346252441,4.0,4.0,0.0,0.8,0.9,0.09999999999999998,1,1 - could not convert string to float: '7eda82aef9ed'
2025-10-27 06:36:47,598 - WARNING - Failed to parse line: a7523758d3847c97,Intro,G,maj7,120.0,3918fabc91c5,7b22045882bc,0,3918fabc91c5,7b22045882bc,0,1,0.5336818695068359,4.0,4.0,0.0,0.8,0.9,0.09999999999999998,1,1 - could not convert string to float: '7b22045882bc'
2025-10-27 06:36:47,598 - WARNING - Failed to parse line: a7523758d3847c97,Intro,G,min,120.0,default_major,6cc639d4413f,0,unknown,6cc639d4413f,0,1,0.35025978088378906,4.0,4.0,0.0,0.9,0.9,0.0,0,0 - could not convert string to float: '6cc639d4413f'
2025-10-27 06:36:47,598 - WARNING - Failed to parse line: a7523758d3847c97,Intro,G,min7,120.0,default_major,6cc639d4413f,0,unknown,6cc639d4413f,0,1,0.35025978088378906,4.0,4.0,0.0,0.9,0.9,0.0,0,0 - could not convert string to float: '6cc639d4413f'
2025-10-27 06:36:47,598 - WARNING - Failed to parse line: a7523758d3847c97,Intro,Am,maj,120.0,default_major,6dec29afabab,0,unknown,6dec29afabab,0,1,0.8317471146583557,4.0,4.0,0.0,0.9,0.9,0.0,1,1 - could not convert string to float: '6dec29afabab'
2025-10-27 06:36:47,598 - WARNING - Failed to parse line: a7523758d3847c97,Intro,Am,maj7,120.0,default_major,575eab9ef318,0,unknown,575eab9ef318,0,1,0.6273561716079712,4.0,4.0,0.0,0.9,0.9,0.0,1,1 - could not convert string to float: '575eab9ef318'
2025-10-27 06:36:47,598 - WARNING - Failed to parse line: a7523758d3847c97,Intro,Am,min,120.0,default_major,6dec29afabab,0,unknown,6dec29afabab,0,1,0.8180252313613892,4.0,4.0,0.0,0.9,0.9,0.0,0,0 - could not convert string to float: '6dec29afabab'
2025-10-27 06:36:47,598 - WARNING - Failed to parse line: a7523758d3847c97,Intro,Am,min7,120.0,default_major,6dec29afabab,0,unknown,6dec29afabab,0,1,0.8180252313613892,4.0,4.0,0.0,0.9,0.9,0.0,0,0 - could not convert string to float: '6dec29afabab'
2025-10-27 06:36:47,598 - WARNING - Failed to parse line: a7523758d3847c97,Intro,F,maj,120.0,d2d98b1e0e4c,563a2c2cfaa8,0,d2d98b1e0e4c,563a2c2cfaa8,0,1,0.5274317264556885,4.0,4.0,0.0,0.8,0.9,0.09999999999999998,1,1 - could not convert string to float: '563a2c2cfaa8'
2025-10-27 06:36:47,598 - WARNING - Failed to parse line: a7523758d3847c97,Intro,F,maj7,120.0,9de21ea48381,836d0328a8cf,0,9de21ea48381,836d0328a8cf,0,1,0.6482905149459839,4.0,4.0,0.0,0.8,0.9,0.09999999999999998,1,1 - could not convert string to float: '836d0328a8cf'
2025-10-27 06:36:47,598 - WARNING - Failed to parse line: a7523758d3847c97,Intro,F,min,120.0,default_major,5ef2151ab615,0,unknown,5ef2151ab615,0,1,0.2585706412792206,4.0,4.0,0.0,0.9,0.9,0.0,0,0 - could not convert string to float: '5ef2151ab615'
2025-10-27 06:36:47,598 - WARNING - Failed to parse line: a7523758d3847c97,Intro,F,min7,120.0,default_major,5ef2151ab615,0,unknown,5ef2151ab615,0,1,0.2585706412792206,4.0,4.0,0.0,0.9,0.9,0.0,0,0 - could not convert string to float: '5ef2151ab615'
2025-10-27 06:36:47,598 - WARNING - Failed to parse line: a7523758d3847c97,Verse,C,maj,120.0,1b78abe47513,45e930c5e412,0,1b78abe47513,45e930c5e412,0,1,0.2769481837749481,4.0,4.0,0.0,0.9,0.9,0.0,1,1 - could not convert string to float: '45e930c5e412'
2025-10-27 06:36:47,598 - WARNING - Failed to parse line: a7523758d3847c97,Verse,C,maj7,120.0,e71d6285fab1,1eb2c31967b3,0,e71d6285fab1,1eb2c31967b3,0,1,0.9410102963447571,4.0,4.0,0.0,0.9,0.9,0.0,1,1 - could not convert string to float: '1eb2c31967b3'
2025-10-27 06:36:47,598 - WARNING - Failed to parse line: a7523758d3847c97,Verse,C,min,120.0,default_major,30bb11ad8626,0,unknown,30bb11ad8626,0,1,0.8460873961448669,4.0,4.0,0.0,0.9,0.9,0.0,0,0 - could not convert string to float: '30bb11ad8626'
2025-10-27 06:36:47,598 - WARNING - Failed to parse line: a7523758d3847c97,Verse,C,min7,120.0,default_major,30bb11ad8626,0,unknown,30bb11ad8626,0,1,0.8460873961448669,4.0,4.0,0.0,0.9,0.9,0.0,0,0 - could not convert string to float: '30bb11ad8626'
2025-10-27 06:36:47,598 - WARNING - Failed to parse line: a7523758d3847c97,Verse,G,maj,120.0,ea917b0d0aa5,default_major,0,ea917b0d0aa5,unknown,0,1,0.3,4.0,4.0,0.0,0.9,0.9,0.0,1,1 - could not convert string to float: 'default_major'
2025-10-27 06:36:47,598 - WARNING - Failed to parse line: a7523758d3847c97,Verse,G,maj7,120.0,faa2e126a3f7,default_major,0,faa2e126a3f7,unknown,0,1,0.3,4.0,4.0,0.0,0.9,0.9,0.0,1,1 - could not convert string to float: 'default_major'
2025-10-27 06:36:47,598 - WARNING - Failed to parse line: a7523758d3847c97,Verse,G,min,120.0,default_major,156c810965ed,0,unknown,156c810965ed,0,1,0.8146456480026245,4.0,4.0,0.0,0.9,0.9,0.0,0,0 - could not convert string to float: '156c810965ed'
2025-10-27 06:36:47,598 - WARNING - Failed to parse line: a7523758d3847c97,Verse,G,min7,120.0,default_major,156c810965ed,0,unknown,156c810965ed,0,1,0.8146456480026245,4.0,4.0,0.0,0.9,0.9,0.0,0,0 - could not convert string to float: '156c810965ed'
2025-10-27 06:36:47,598 - WARNING - Failed to parse line: a7523758d3847c97,Verse,Am,maj,120.0,default_major,41c9394ab0a1,0,unknown,41c9394ab0a1,0,1,0.356843501329422,4.0,4.0,0.0,0.9,0.9,0.0,1,1 - could not convert string to float: '41c9394ab0a1'
2025-10-27 06:36:47,598 - WARNING - Failed to parse line: a7523758d3847c97,Verse,Am,maj7,120.0,default_major,5d5ce13f481d,0,unknown,5d5ce13f481d,0,1,0.8578913807868958,4.0,4.0,0.0,0.9,0.9,0.0,1,1 - could not convert string to float: '5d5ce13f481d'
2025-10-27 06:36:47,598 - WARNING - Failed to parse line: a7523758d3847c97,Verse,Am,min,120.0,default_major,5e6e57ca7a30,0,unknown,5e6e57ca7a30,0,1,0.4819108247756958,4.0,4.0,0.0,0.9,0.9,0.0,0,0 - could not convert string to float: '5e6e57ca7a30'
2025-10-27 06:36:47,598 - WARNING - Failed to parse line: a7523758d3847c97,Verse,Am,min7,120.0,default_major,5e6e57ca7a30,0,unknown,5e6e57ca7a30,0,1,0.4819108247756958,4.0,4.0,0.0,0.9,0.9,0.0,0,0 - could not convert string to float: '5e6e57ca7a30'
2025-10-27 06:36:47,598 - WARNING - Failed to parse line: a7523758d3847c97,Verse,F,maj,120.0,6c96121cf4c4,default_major,0,6c96121cf4c4,unknown,0,1,0.3,4.0,4.0,0.0,0.9,0.9,0.0,1,1 - could not convert string to float: 'default_major'
2025-10-27 06:36:47,598 - WARNING - Failed to parse line: a7523758d3847c97,Verse,F,maj7,120.0,fc842079e998,523f86916565,0,fc842079e998,523f86916565,0,1,0.5896382927894592,4.0,4.0,0.0,0.9,0.9,0.0,1,1 - could not convert string to float: '523f86916565'
2025-10-27 06:36:47,598 - WARNING - Failed to parse line: a7523758d3847c97,Verse,F,min,120.0,default_major,default_major,1,unknown,unknown,1,1,0.3,4.0,4.0,0.0,0.9,0.9,0.0,0,0 - could not convert string to float: 'default_major'
2025-10-27 06:36:47,598 - WARNING - Failed to parse line: a7523758d3847c97,Verse,F,min7,120.0,default_major,default_major,1,unknown,unknown,1,1,0.3,4.0,4.0,0.0,0.9,0.9,0.0,0,0 - could not convert string to float: 'default_major'
2025-10-27 06:36:47,599 - WARNING - Failed to parse line: a7523758d3847c97,Chorus,C,maj,120.0,d5d2bebb7563,2129aca1be8a,0,d5d2bebb7563,2129aca1be8a,0,1,0.743903636932373,4.0,4.0,0.0,0.8,0.9,0.09999999999999998,1,1 - could not convert string to float: '2129aca1be8a'
2025-10-27 06:36:47,599 - WARNING - Failed to parse line: a7523758d3847c97,Chorus,C,maj7,120.0,0b6e8b9ca4e2,2129aca1be8a,0,0b6e8b9ca4e2,2129aca1be8a,0,1,0.948104739189148,4.0,4.0,0.0,0.8,0.9,0.09999999999999998,1,1 - could not convert string to float: '2129aca1be8a'
2025-10-27 06:36:47,599 - WARNING - Failed to parse line: a7523758d3847c97,Chorus,C,min,120.0,default_major,712652d04aac,0,unknown,712652d04aac,0,1,0.9359660744667053,4.0,4.0,0.0,0.9,0.9,0.0,0,0 - could not convert string to float: '712652d04aac'
2025-10-27 06:36:47,599 - WARNING - Failed to parse line: a7523758d3847c97,Chorus,C,min7,120.0,default_major,712652d04aac,0,unknown,712652d04aac,0,1,0.9359660744667053,4.0,4.0,0.0,0.9,0.9,0.0,0,0 - could not convert string to float: '712652d04aac'
2025-10-27 06:36:47,599 - WARNING - Failed to parse line: a7523758d3847c97,Chorus,G,maj,120.0,6d24a042d994,38070718b35f,0,6d24a042d994,38070718b35f,0,1,0.30791571736335754,4.0,4.0,0.0,0.8,0.9,0.09999999999999998,1,1 - could not convert string to float: '38070718b35f'
2025-10-27 06:36:47,599 - WARNING - Failed to parse line: a7523758d3847c97,Chorus,G,maj7,120.0,95bd141a1c76,00b41c4945aa,0,95bd141a1c76,00b41c4945aa,0,1,0.43267154693603516,4.0,4.0,0.0,0.8,0.9,0.09999999999999998,1,1 - could not convert string to float: '00b41c4945aa'
2025-10-27 06:36:47,599 - WARNING - Failed to parse line: a7523758d3847c97,Chorus,G,min,120.0,default_major,20b534494b6c,0,unknown,20b534494b6c,0,1,0.3305188715457916,4.0,4.0,0.0,0.9,0.9,0.0,0,0 - could not convert string to float: '20b534494b6c'
2025-10-27 06:36:47,599 - WARNING - Failed to parse line: a7523758d3847c97,Chorus,G,min7,120.0,default_major,20b534494b6c,0,unknown,20b534494b6c,0,1,0.3305188715457916,4.0,4.0,0.0,0.9,0.9,0.0,0,0 - could not convert string to float: '20b534494b6c'
2025-10-27 06:36:47,599 - WARNING - Failed to parse line: a7523758d3847c97,Chorus,Am,maj,120.0,default_major,39697a3e4abc,0,unknown,39697a3e4abc,0,1,0.5356512069702148,4.0,4.0,0.0,0.9,0.9,0.0,1,1 - could not convert string to float: '39697a3e4abc'
2025-10-27 06:36:47,599 - WARNING - Failed to parse line: a7523758d3847c97,Chorus,Am,maj7,120.0,default_major,4e4d4fececdd,0,unknown,4e4d4fececdd,0,1,0.6492087244987488,4.0,4.0,0.0,0.9,0.9,0.0,1,1 - could not convert string to float: '4e4d4fececdd'
2025-10-27 06:36:47,599 - WARNING - Failed to parse line: a7523758d3847c97,Chorus,Am,min,120.0,default_major,0fcf3c44cc23,0,unknown,0fcf3c44cc23,0,1,0.28288549184799194,4.0,4.0,0.0,0.9,0.9,0.0,0,0 - could not convert string to float: '0fcf3c44cc23'
2025-10-27 06:36:47,599 - WARNING - Failed to parse line: a7523758d3847c97,Chorus,Am,min7,120.0,default_major,0fcf3c44cc23,0,unknown,0fcf3c44cc23,0,1,0.28288549184799194,4.0,4.0,0.0,0.9,0.9,0.0,0,0 - could not convert string to float: '0fcf3c44cc23'
2025-10-27 06:36:47,599 - WARNING - Failed to parse line: a7523758d3847c97,Chorus,F,maj,120.0,a9e9d388cea4,6f5f37e93b5a,0,a9e9d388cea4,6f5f37e93b5a,0,1,0.4330121874809265,4.0,4.0,0.0,0.8,0.9,0.09999999999999998,1,1 - could not convert string to float: '6f5f37e93b5a'
2025-10-27 06:36:47,599 - WARNING - Failed to parse line: a7523758d3847c97,Chorus,F,maj7,120.0,9a329b1b1b50,5700ffd204af,0,9a329b1b1b50,5700ffd204af,0,1,0.31285297870635986,4.0,4.0,0.0,0.8,0.9,0.09999999999999998,1,1 - could not convert string to float: '5700ffd204af'
2025-10-27 06:36:47,599 - WARNING - Failed to parse line: a7523758d3847c97,Chorus,F,min,120.0,default_major,default_major,1,unknown,unknown,1,1,0.3,4.0,4.0,0.0,0.9,0.9,0.0,0,0 - could not convert string to float: 'default_major'
2025-10-27 06:36:47,599 - WARNING - Failed to parse line: a7523758d3847c97,Chorus,F,min7,120.0,default_major,default_major,1,unknown,unknown,1,1,0.3,4.0,4.0,0.0,0.9,0.9,0.0,0,0 - could not convert string to float: 'default_major'
2025-10-27 06:36:47,599 - WARNING - Failed to parse line: a7523758d3847c97,Bridge,C,maj,120.0,8676b4194a8d,0e7f0aa34e5c,0,8676b4194a8d,0e7f0aa34e5c,0,1,0.6147207617759705,4.0,4.0,0.0,0.8,0.9,0.09999999999999998,1,1 - could not convert string to float: '0e7f0aa34e5c'
2025-10-27 06:36:47,599 - WARNING - Failed to parse line: a7523758d3847c97,Bridge,C,maj7,120.0,6f683cd91963,5822bba0d4fc,0,6f683cd91963,5822bba0d4fc,0,1,0.7462079524993896,4.0,4.0,0.0,0.8,0.9,0.09999999999999998,1,1 - could not convert string to float: '5822bba0d4fc'
2025-10-27 06:36:47,599 - WARNING - Failed to parse line: a7523758d3847c97,Bridge,C,min,120.0,default_major,20aeddfff70a,0,unknown,20aeddfff70a,0,1,0.9476426839828491,4.0,4.0,0.0,0.9,0.9,0.0,0,0 - could not convert string to float: '20aeddfff70a'
2025-10-27 06:36:47,599 - WARNING - Failed to parse line: a7523758d3847c97,Bridge,C,min7,120.0,default_major,20aeddfff70a,0,unknown,20aeddfff70a,0,1,0.9476426839828491,4.0,4.0,0.0,0.9,0.9,0.0,0,0 - could not convert string to float: '20aeddfff70a'
2025-10-27 06:36:47,599 - WARNING - Failed to parse line: a7523758d3847c97,Bridge,G,maj,120.0,b1f177fe8f43,42adf16fd279,0,b1f177fe8f43,42adf16fd279,0,1,0.5147787928581238,4.0,4.0,0.0,0.8,0.9,0.09999999999999998,1,1 - could not convert string to float: '42adf16fd279'
2025-10-27 06:36:47,599 - WARNING - Failed to parse line: a7523758d3847c97,Bridge,G,maj7,120.0,a62a1947acfc,0a6910b44164,0,a62a1947acfc,0a6910b44164,0,1,0.8182988166809082,4.0,4.0,0.0,0.8,0.9,0.09999999999999998,1,1 - could not convert string to float: '0a6910b44164'
2025-10-27 06:36:47,599 - WARNING - Failed to parse line: a7523758d3847c97,Bridge,G,min,120.0,default_major,06a46e3e4165,0,unknown,06a46e3e4165,0,1,0.7161306738853455,4.0,4.0,0.0,0.9,0.9,0.0,0,0 - could not convert string to float: '06a46e3e4165'
2025-10-27 06:36:47,599 - WARNING - Failed to parse line: a7523758d3847c97,Bridge,G,min7,120.0,default_major,06a46e3e4165,0,unknown,06a46e3e4165,0,1,0.7161306738853455,4.0,4.0,0.0,0.9,0.9,0.0,0,0 - could not convert string to float: '06a46e3e4165'
2025-10-27 06:36:47,599 - WARNING - Failed to parse line: a7523758d3847c97,Bridge,Am,maj,120.0,default_major,0e6c3c3ffcde,0,unknown,0e6c3c3ffcde,0,1,0.5653682351112366,4.0,4.0,0.0,0.9,0.9,0.0,1,1 - could not convert string to float: '0e6c3c3ffcde'
2025-10-27 06:36:47,599 - WARNING - Failed to parse line: a7523758d3847c97,Bridge,Am,maj7,120.0,default_major,575d902eadee,0,unknown,575d902eadee,0,1,0.5729188919067383,4.0,4.0,0.0,0.9,0.9,0.0,1,1 - could not convert string to float: '575d902eadee'
2025-10-27 06:36:47,599 - WARNING - Failed to parse line: a7523758d3847c97,Bridge,Am,min,120.0,default_major,1fa5f0491d7e,0,unknown,1fa5f0491d7e,0,1,0.3362831175327301,4.0,4.0,0.0,0.9,0.9,0.0,0,0 - could not convert string to float: '1fa5f0491d7e'
2025-10-27 06:36:47,599 - WARNING - Failed to parse line: a7523758d3847c97,Bridge,Am,min7,120.0,default_major,1fa5f0491d7e,0,unknown,1fa5f0491d7e,0,1,0.3362831175327301,4.0,4.0,0.0,0.9,0.9,0.0,0,0 - could not convert string to float: '1fa5f0491d7e'
2025-10-27 06:36:47,599 - WARNING - Failed to parse line: a7523758d3847c97,Bridge,F,maj,120.0,79b930610cc4,3e38f72d7b1d,0,79b930610cc4,3e38f72d7b1d,0,1,0.4903653860092163,4.0,4.0,0.0,0.8,0.9,0.09999999999999998,1,1 - could not convert string to float: '3e38f72d7b1d'
2025-10-27 06:36:47,599 - WARNING - Failed to parse line: a7523758d3847c97,Bridge,F,maj7,120.0,69ba572e5b4d,363b69288586,0,69ba572e5b4d,363b69288586,0,1,0.3774685561656952,4.0,4.0,0.0,0.8,0.9,0.09999999999999998,1,1 - could not convert string to float: '363b69288586'
2025-10-27 06:36:47,599 - WARNING - Failed to parse line: a7523758d3847c97,Bridge,F,min,120.0,default_major,1cc60f5ed5fd,0,unknown,1cc60f5ed5fd,0,1,0.6788455247879028,4.0,4.0,0.0,0.9,0.9,0.0,0,0 - could not convert string to float: '1cc60f5ed5fd'
2025-10-27 06:36:47,599 - WARNING - Failed to parse line: a7523758d3847c97,Bridge,F,min7,120.0,default_major,1cc60f5ed5fd,0,unknown,1cc60f5ed5fd,0,1,0.6788455247879028,4.0,4.0,0.0,0.9,0.9,0.0,0,0 - could not convert string to float: '1cc60f5ed5fd'
2025-10-27 06:36:47,599 - WARNING - Failed to parse line: 7b9b32542377a910,Intro,C,maj,120.0,d7f508f78e66,1cf0274f76f9,0,d7f508f78e66,1cf0274f76f9,0,1,0.5156187415122986,4.0,4.0,0.0,0.8,0.9,0.09999999999999998,1,1 - could not convert string to float: '1cf0274f76f9'
2025-10-27 06:36:47,599 - WARNING - Failed to parse line: 7b9b32542377a910,Intro,C,maj7,120.0,66a3e7e5acf0,35d0064f3e77,0,66a3e7e5acf0,35d0064f3e77,0,1,0.8985406160354614,4.0,4.0,0.0,0.8,0.9,0.09999999999999998,1,1 - could not convert string to float: '35d0064f3e77'
2025-10-27 06:36:47,599 - WARNING - Failed to parse line: 7b9b32542377a910,Intro,C,min,120.0,default_major,07047591ef2c,0,unknown,07047591ef2c,0,1,0.9078062176704407,4.0,4.0,0.0,0.9,0.9,0.0,0,0 - could not convert string to float: '07047591ef2c'
2025-10-27 06:36:47,599 - WARNING - Failed to parse line: 7b9b32542377a910,Intro,C,min7,120.0,default_major,07047591ef2c,0,unknown,07047591ef2c,0,1,0.9078062176704407,4.0,4.0,0.0,0.9,0.9,0.0,0,0 - could not convert string to float: '07047591ef2c'
2025-10-27 06:36:47,599 - WARNING - Failed to parse line: 7b9b32542377a910,Intro,G,maj,120.0,d0edfde6fed8,7eda82aef9ed,0,d0edfde6fed8,7eda82aef9ed,0,1,0.5623078346252441,4.0,4.0,0.0,0.8,0.9,0.09999999999999998,1,1 - could not convert string to float: '7eda82aef9ed'
2025-10-27 06:36:47,599 - WARNING - Failed to parse line: 7b9b32542377a910,Intro,G,maj7,120.0,3918fabc91c5,7b22045882bc,0,3918fabc91c5,7b22045882bc,0,1,0.5336818695068359,4.0,4.0,0.0,0.8,0.9,0.09999999999999998,1,1 - could not convert string to float: '7b22045882bc'
2025-10-27 06:36:47,599 - WARNING - Failed to parse line: 7b9b32542377a910,Intro,G,min,120.0,default_major,6cc639d4413f,0,unknown,6cc639d4413f,0,1,0.35025978088378906,4.0,4.0,0.0,0.9,0.9,0.0,0,0 - could not convert string to float: '6cc639d4413f'
2025-10-27 06:36:47,599 - WARNING - Failed to parse line: 7b9b32542377a910,Intro,G,min7,120.0,default_major,6cc639d4413f,0,unknown,6cc639d4413f,0,1,0.35025978088378906,4.0,4.0,0.0,0.9,0.9,0.0,0,0 - could not convert string to float: '6cc639d4413f'
2025-10-27 06:36:47,599 - WARNING - Failed to parse line: 7b9b32542377a910,Intro,Am,maj,120.0,default_major,6dec29afabab,0,unknown,6dec29afabab,0,1,0.8317471146583557,4.0,4.0,0.0,0.9,0.9,0.0,1,1 - could not convert string to float: '6dec29afabab'
2025-10-27 06:36:47,599 - WARNING - Failed to parse line: 7b9b32542377a910,Intro,Am,maj7,120.0,default_major,575eab9ef318,0,unknown,575eab9ef318,0,1,0.6273561716079712,4.0,4.0,0.0,0.9,0.9,0.0,1,1 - could not convert string to float: '575eab9ef318'
2025-10-27 06:36:47,599 - WARNING - Failed to parse line: 7b9b32542377a910,Intro,Am,min,120.0,default_major,6dec29afabab,0,unknown,6dec29afabab,0,1,0.8180252313613892,4.0,4.0,0.0,0.9,0.9,0.0,0,0 - could not convert string to float: '6dec29afabab'
2025-10-27 06:36:47,599 - WARNING - Failed to parse line: 7b9b32542377a910,Intro,Am,min7,120.0,default_major,6dec29afabab,0,unknown,6dec29afabab,0,1,0.8180252313613892,4.0,4.0,0.0,0.9,0.9,0.0,0,0 - could not convert string to float: '6dec29afabab'
2025-10-27 06:36:47,599 - WARNING - Failed to parse line: 7b9b32542377a910,Intro,F,maj,120.0,d2d98b1e0e4c,563a2c2cfaa8,0,d2d98b1e0e4c,563a2c2cfaa8,0,1,0.5274317264556885,4.0,4.0,0.0,0.8,0.9,0.09999999999999998,1,1 - could not convert string to float: '563a2c2cfaa8'
2025-10-27 06:36:47,599 - WARNING - Failed to parse line: 7b9b32542377a910,Intro,F,maj7,120.0,9de21ea48381,836d0328a8cf,0,9de21ea48381,836d0328a8cf,0,1,0.6482905149459839,4.0,4.0,0.0,0.8,0.9,0.09999999999999998,1,1 - could not convert string to float: '836d0328a8cf'
2025-10-27 06:36:47,599 - WARNING - Failed to parse line: 7b9b32542377a910,Intro,F,min,120.0,default_major,5ef2151ab615,0,unknown,5ef2151ab615,0,1,0.2585706412792206,4.0,4.0,0.0,0.9,0.9,0.0,0,0 - could not convert string to float: '5ef2151ab615'
2025-10-27 06:36:47,599 - WARNING - Failed to parse line: 7b9b32542377a910,Intro,F,min7,120.0,default_major,5ef2151ab615,0,unknown,5ef2151ab615,0,1,0.2585706412792206,4.0,4.0,0.0,0.9,0.9,0.0,0,0 - could not convert string to float: '5ef2151ab615'
2025-10-27 06:36:47,599 - WARNING - Failed to parse line: 7b9b32542377a910,Verse,C,maj,120.0,1b78abe47513,45e930c5e412,0,1b78abe47513,45e930c5e412,0,1,0.2769481837749481,4.0,4.0,0.0,0.9,0.9,0.0,1,1 - could not convert string to float: '45e930c5e412'
2025-10-27 06:36:47,599 - WARNING - Failed to parse line: 7b9b32542377a910,Verse,C,maj7,120.0,e71d6285fab1,1eb2c31967b3,0,e71d6285fab1,1eb2c31967b3,0,1,0.9410102963447571,4.0,4.0,0.0,0.9,0.9,0.0,1,1 - could not convert string to float: '1eb2c31967b3'
2025-10-27 06:36:47,599 - WARNING - Failed to parse line: 7b9b32542377a910,Verse,C,min,120.0,default_major,30bb11ad8626,0,unknown,30bb11ad8626,0,1,0.8460873961448669,4.0,4.0,0.0,0.9,0.9,0.0,0,0 - could not convert string to float: '30bb11ad8626'
2025-10-27 06:36:47,599 - WARNING - Failed to parse line: 7b9b32542377a910,Verse,C,min7,120.0,default_major,30bb11ad8626,0,unknown,30bb11ad8626,0,1,0.8460873961448669,4.0,4.0,0.0,0.9,0.9,0.0,0,0 - could not convert string to float: '30bb11ad8626'
2025-10-27 06:36:47,599 - WARNING - Failed to parse line: 7b9b32542377a910,Verse,G,maj,120.0,ea917b0d0aa5,default_major,0,ea917b0d0aa5,unknown,0,1,0.3,4.0,4.0,0.0,0.9,0.9,0.0,1,1 - could not convert string to float: 'default_major'
2025-10-27 06:36:47,599 - WARNING - Failed to parse line: 7b9b32542377a910,Verse,G,maj7,120.0,faa2e126a3f7,default_major,0,faa2e126a3f7,unknown,0,1,0.3,4.0,4.0,0.0,0.9,0.9,0.0,1,1 - could not convert string to float: 'default_major'
2025-10-27 06:36:47,599 - WARNING - Failed to parse line: 7b9b32542377a910,Verse,G,min,120.0,default_major,156c810965ed,0,unknown,156c810965ed,0,1,0.8146456480026245,4.0,4.0,0.0,0.9,0.9,0.0,0,0 - could not convert string to float: '156c810965ed'
2025-10-27 06:36:47,599 - WARNING - Failed to parse line: 7b9b32542377a910,Verse,G,min7,120.0,default_major,156c810965ed,0,unknown,156c810965ed,0,1,0.8146456480026245,4.0,4.0,0.0,0.9,0.9,0.0,0,0 - could not convert string to float: '156c810965ed'
2025-10-27 06:36:47,599 - WARNING - Failed to parse line: 7b9b32542377a910,Verse,Am,maj,120.0,default_major,41c9394ab0a1,0,unknown,41c9394ab0a1,0,1,0.356843501329422,4.0,4.0,0.0,0.9,0.9,0.0,1,1 - could not convert string to float: '41c9394ab0a1'
2025-10-27 06:36:47,599 - WARNING - Failed to parse line: 7b9b32542377a910,Verse,Am,maj7,120.0,default_major,5d5ce13f481d,0,unknown,5d5ce13f481d,0,1,0.8578913807868958,4.0,4.0,0.0,0.9,0.9,0.0,1,1 - could not convert string to float: '5d5ce13f481d'
2025-10-27 06:36:47,599 - WARNING - Failed to parse line: 7b9b32542377a910,Verse,Am,min,120.0,default_major,5e6e57ca7a30,0,unknown,5e6e57ca7a30,0,1,0.4819108247756958,4.0,4.0,0.0,0.9,0.9,0.0,0,0 - could not convert string to float: '5e6e57ca7a30'
2025-10-27 06:36:47,599 - WARNING - Failed to parse line: 7b9b32542377a910,Verse,Am,min7,120.0,default_major,5e6e57ca7a30,0,unknown,5e6e57ca7a30,0,1,0.4819108247756958,4.0,4.0,0.0,0.9,0.9,0.0,0,0 - could not convert string to float: '5e6e57ca7a30'
2025-10-27 06:36:47,599 - WARNING - Failed to parse line: 7b9b32542377a910,Verse,F,maj,120.0,6c96121cf4c4,default_major,0,6c96121cf4c4,unknown,0,1,0.3,4.0,4.0,0.0,0.9,0.9,0.0,1,1 - could not convert string to float: 'default_major'
2025-10-27 06:36:47,599 - WARNING - Failed to parse line: 7b9b32542377a910,Verse,F,maj7,120.0,fc842079e998,523f86916565,0,fc842079e998,523f86916565,0,1,0.5896382927894592,4.0,4.0,0.0,0.9,0.9,0.0,1,1 - could not convert string to float: '523f86916565'
2025-10-27 06:36:47,599 - WARNING - Failed to parse line: 7b9b32542377a910,Verse,F,min,120.0,default_major,default_major,1,unknown,unknown,1,1,0.3,4.0,4.0,0.0,0.9,0.9,0.0,0,0 - could not convert string to float: 'default_major'
2025-10-27 06:36:47,599 - WARNING - Failed to parse line: 7b9b32542377a910,Verse,F,min7,120.0,default_major,default_major,1,unknown,unknown,1,1,0.3,4.0,4.0,0.0,0.9,0.9,0.0,0,0 - could not convert string to float: 'default_major'
2025-10-27 06:36:47,599 - WARNING - Failed to parse line: 7b9b32542377a910,Chorus,C,maj,120.0,d5d2bebb7563,2129aca1be8a,0,d5d2bebb7563,2129aca1be8a,0,1,0.743903636932373,4.0,4.0,0.0,0.8,0.9,0.09999999999999998,1,1 - could not convert string to float: '2129aca1be8a'
2025-10-27 06:36:47,599 - WARNING - Failed to parse line: 7b9b32542377a910,Chorus,C,maj7,120.0,0b6e8b9ca4e2,2129aca1be8a,0,0b6e8b9ca4e2,2129aca1be8a,0,1,0.948104739189148,4.0,4.0,0.0,0.8,0.9,0.09999999999999998,1,1 - could not convert string to float: '2129aca1be8a'
2025-10-27 06:36:47,599 - WARNING - Failed to parse line: 7b9b32542377a910,Chorus,C,min,120.0,default_major,712652d04aac,0,unknown,712652d04aac,0,1,0.9359660744667053,4.0,4.0,0.0,0.9,0.9,0.0,0,0 - could not convert string to float: '712652d04aac'
2025-10-27 06:36:47,599 - WARNING - Failed to parse line: 7b9b32542377a910,Chorus,C,min7,120.0,default_major,712652d04aac,0,unknown,712652d04aac,0,1,0.9359660744667053,4.0,4.0,0.0,0.9,0.9,0.0,0,0 - could not convert string to float: '712652d04aac'
2025-10-27 06:36:47,599 - WARNING - Failed to parse line: 7b9b32542377a910,Chorus,G,maj,120.0,6d24a042d994,38070718b35f,0,6d24a042d994,38070718b35f,0,1,0.30791571736335754,4.0,4.0,0.0,0.8,0.9,0.09999999999999998,1,1 - could not convert string to float: '38070718b35f'
2025-10-27 06:36:47,599 - WARNING - Failed to parse line: 7b9b32542377a910,Chorus,G,maj7,120.0,95bd141a1c76,00b41c4945aa,0,95bd141a1c76,00b41c4945aa,0,1,0.43267154693603516,4.0,4.0,0.0,0.8,0.9,0.09999999999999998,1,1 - could not convert string to float: '00b41c4945aa'
2025-10-27 06:36:47,599 - WARNING - Failed to parse line: 7b9b32542377a910,Chorus,G,min,120.0,default_major,20b534494b6c,0,unknown,20b534494b6c,0,1,0.3305188715457916,4.0,4.0,0.0,0.9,0.9,0.0,0,0 - could not convert string to float: '20b534494b6c'
2025-10-27 06:36:47,599 - WARNING - Failed to parse line: 7b9b32542377a910,Chorus,G,min7,120.0,default_major,20b534494b6c,0,unknown,20b534494b6c,0,1,0.3305188715457916,4.0,4.0,0.0,0.9,0.9,0.0,0,0 - could not convert string to float: '20b534494b6c'
2025-10-27 06:36:47,599 - WARNING - Failed to parse line: 7b9b32542377a910,Chorus,Am,maj,120.0,default_major,39697a3e4abc,0,unknown,39697a3e4abc,0,1,0.5356512069702148,4.0,4.0,0.0,0.9,0.9,0.0,1,1 - could not convert string to float: '39697a3e4abc'
2025-10-27 06:36:47,599 - WARNING - Failed to parse line: 7b9b32542377a910,Chorus,Am,maj7,120.0,default_major,4e4d4fececdd,0,unknown,4e4d4fececdd,0,1,0.6492087244987488,4.0,4.0,0.0,0.9,0.9,0.0,1,1 - could not convert string to float: '4e4d4fececdd'
2025-10-27 06:36:47,599 - WARNING - Failed to parse line: 7b9b32542377a910,Chorus,Am,min,120.0,default_major,0fcf3c44cc23,0,unknown,0fcf3c44cc23,0,1,0.28288549184799194,4.0,4.0,0.0,0.9,0.9,0.0,0,0 - could not convert string to float: '0fcf3c44cc23'
2025-10-27 06:36:47,599 - WARNING - Failed to parse line: 7b9b32542377a910,Chorus,Am,min7,120.0,default_major,0fcf3c44cc23,0,unknown,0fcf3c44cc23,0,1,0.28288549184799194,4.0,4.0,0.0,0.9,0.9,0.0,0,0 - could not convert string to float: '0fcf3c44cc23'
2025-10-27 06:36:47,599 - WARNING - Failed to parse line: 7b9b32542377a910,Chorus,F,maj,120.0,a9e9d388cea4,6f5f37e93b5a,0,a9e9d388cea4,6f5f37e93b5a,0,1,0.4330121874809265,4.0,4.0,0.0,0.8,0.9,0.09999999999999998,1,1 - could not convert string to float: '6f5f37e93b5a'
2025-10-27 06:36:47,599 - WARNING - Failed to parse line: 7b9b32542377a910,Chorus,F,maj7,120.0,9a329b1b1b50,5700ffd204af,0,9a329b1b1b50,5700ffd204af,0,1,0.31285297870635986,4.0,4.0,0.0,0.8,0.9,0.09999999999999998,1,1 - could not convert string to float: '5700ffd204af'
2025-10-27 06:36:47,599 - WARNING - Failed to parse line: 7b9b32542377a910,Chorus,F,min,120.0,default_major,default_major,1,unknown,unknown,1,1,0.3,4.0,4.0,0.0,0.9,0.9,0.0,0,0 - could not convert string to float: 'default_major'
2025-10-27 06:36:47,599 - WARNING - Failed to parse line: 7b9b32542377a910,Chorus,F,min7,120.0,default_major,default_major,1,unknown,unknown,1,1,0.3,4.0,4.0,0.0,0.9,0.9,0.0,0,0 - could not convert string to float: 'default_major'
2025-10-27 06:36:47,599 - WARNING - Failed to parse line: 7b9b32542377a910,Bridge,C,maj,120.0,8676b4194a8d,0e7f0aa34e5c,0,8676b4194a8d,0e7f0aa34e5c,0,1,0.6147207617759705,4.0,4.0,0.0,0.8,0.9,0.09999999999999998,1,1 - could not convert string to float: '0e7f0aa34e5c'
2025-10-27 06:36:47,599 - WARNING - Failed to parse line: 7b9b32542377a910,Bridge,C,maj7,120.0,6f683cd91963,5822bba0d4fc,0,6f683cd91963,5822bba0d4fc,0,1,0.7462079524993896,4.0,4.0,0.0,0.8,0.9,0.09999999999999998,1,1 - could not convert string to float: '5822bba0d4fc'
2025-10-27 06:36:47,599 - WARNING - Failed to parse line: 7b9b32542377a910,Bridge,C,min,120.0,default_major,20aeddfff70a,0,unknown,20aeddfff70a,0,1,0.9476426839828491,4.0,4.0,0.0,0.9,0.9,0.0,0,0 - could not convert string to float: '20aeddfff70a'
2025-10-27 06:36:47,599 - WARNING - Failed to parse line: 7b9b32542377a910,Bridge,C,min7,120.0,default_major,20aeddfff70a,0,unknown,20aeddfff70a,0,1,0.9476426839828491,4.0,4.0,0.0,0.9,0.9,0.0,0,0 - could not convert string to float: '20aeddfff70a'
2025-10-27 06:36:47,599 - WARNING - Failed to parse line: 7b9b32542377a910,Bridge,G,maj,120.0,b1f177fe8f43,42adf16fd279,0,b1f177fe8f43,42adf16fd279,0,1,0.5147787928581238,4.0,4.0,0.0,0.8,0.9,0.09999999999999998,1,1 - could not convert string to float: '42adf16fd279'
2025-10-27 06:36:47,599 - WARNING - Failed to parse line: 7b9b32542377a910,Bridge,G,maj7,120.0,a62a1947acfc,0a6910b44164,0,a62a1947acfc,0a6910b44164,0,1,0.8182988166809082,4.0,4.0,0.0,0.8,0.9,0.09999999999999998,1,1 - could not convert string to float: '0a6910b44164'
2025-10-27 06:36:47,599 - WARNING - Failed to parse line: 7b9b32542377a910,Bridge,G,min,120.0,default_major,06a46e3e4165,0,unknown,06a46e3e4165,0,1,0.7161306738853455,4.0,4.0,0.0,0.9,0.9,0.0,0,0 - could not convert string to float: '06a46e3e4165'
2025-10-27 06:36:47,599 - WARNING - Failed to parse line: 7b9b32542377a910,Bridge,G,min7,120.0,default_major,06a46e3e4165,0,unknown,06a46e3e4165,0,1,0.7161306738853455,4.0,4.0,0.0,0.9,0.9,0.0,0,0 - could not convert string to float: '06a46e3e4165'
2025-10-27 06:36:47,599 - WARNING - Failed to parse line: 7b9b32542377a910,Bridge,Am,maj,120.0,default_major,0e6c3c3ffcde,0,unknown,0e6c3c3ffcde,0,1,0.5653682351112366,4.0,4.0,0.0,0.9,0.9,0.0,1,1 - could not convert string to float: '0e6c3c3ffcde'
2025-10-27 06:36:47,599 - WARNING - Failed to parse line: 7b9b32542377a910,Bridge,Am,maj7,120.0,default_major,575d902eadee,0,unknown,575d902eadee,0,1,0.5729188919067383,4.0,4.0,0.0,0.9,0.9,0.0,1,1 - could not convert string to float: '575d902eadee'
2025-10-27 06:36:47,599 - WARNING - Failed to parse line: 7b9b32542377a910,Bridge,Am,min,120.0,default_major,1fa5f0491d7e,0,unknown,1fa5f0491d7e,0,1,0.3362831175327301,4.0,4.0,0.0,0.9,0.9,0.0,0,0 - could not convert string to float: '1fa5f0491d7e'
2025-10-27 06:36:47,599 - WARNING - Failed to parse line: 7b9b32542377a910,Bridge,Am,min7,120.0,default_major,1fa5f0491d7e,0,unknown,1fa5f0491d7e,0,1,0.3362831175327301,4.0,4.0,0.0,0.9,0.9,0.0,0,0 - could not convert string to float: '1fa5f0491d7e'
2025-10-27 06:36:47,599 - WARNING - Failed to parse line: 7b9b32542377a910,Bridge,F,maj,120.0,79b930610cc4,3e38f72d7b1d,0,79b930610cc4,3e38f72d7b1d,0,1,0.4903653860092163,4.0,4.0,0.0,0.8,0.9,0.09999999999999998,1,1 - could not convert string to float: '3e38f72d7b1d'
2025-10-27 06:36:47,599 - WARNING - Failed to parse line: 7b9b32542377a910,Bridge,F,maj7,120.0,69ba572e5b4d,363b69288586,0,69ba572e5b4d,363b69288586,0,1,0.3774685561656952,4.0,4.0,0.0,0.8,0.9,0.09999999999999998,1,1 - could not convert string to float: '363b69288586'
2025-10-27 06:36:47,599 - WARNING - Failed to parse line: 7b9b32542377a910,Bridge,F,min,120.0,default_major,1cc60f5ed5fd,0,unknown,1cc60f5ed5fd,0,1,0.6788455247879028,4.0,4.0,0.0,0.9,0.9,0.0,0,0 - could not convert string to float: '1cc60f5ed5fd'
2025-10-27 06:36:47,599 - WARNING - Failed to parse line: 7b9b32542377a910,Bridge,F,min7,120.0,default_major,1cc60f5ed5fd,0,unknown,1cc60f5ed5fd,0,1,0.6788455247879028,4.0,4.0,0.0,0.9,0.9,0.0,0,0 - could not convert string to float: '1cc60f5ed5fd'
2025-10-27 06:36:47,599 - WARNING - Failed to parse line: 447bbef95f429bcb,Intro,C,maj,120.0,d7f508f78e66,1cf0274f76f9,0,d7f508f78e66,1cf0274f76f9,0,1,0.5156187415122986,4.0,4.0,0.0,0.8,0.9,0.09999999999999998,1,1 - could not convert string to float: '1cf0274f76f9'
2025-10-27 06:36:47,599 - WARNING - Failed to parse line: 447bbef95f429bcb,Intro,C,maj7,120.0,66a3e7e5acf0,35d0064f3e77,0,66a3e7e5acf0,35d0064f3e77,0,1,0.8985406160354614,4.0,4.0,0.0,0.8,0.9,0.09999999999999998,1,1 - could not convert string to float: '35d0064f3e77'
2025-10-27 06:36:47,599 - WARNING - Failed to parse line: 447bbef95f429bcb,Intro,C,min,120.0,default_major,07047591ef2c,0,unknown,07047591ef2c,0,1,0.9078062176704407,4.0,4.0,0.0,0.9,0.9,0.0,0,0 - could not convert string to float: '07047591ef2c'
2025-10-27 06:36:47,599 - WARNING - Failed to parse line: 447bbef95f429bcb,Intro,C,min7,120.0,default_major,07047591ef2c,0,unknown,07047591ef2c,0,1,0.9078062176704407,4.0,4.0,0.0,0.9,0.9,0.0,0,0 - could not convert string to float: '07047591ef2c'
2025-10-27 06:36:47,599 - WARNING - Failed to parse line: 447bbef95f429bcb,Intro,G,maj,120.0,d0edfde6fed8,7eda82aef9ed,0,d0edfde6fed8,7eda82aef9ed,0,1,0.5623078346252441,4.0,4.0,0.0,0.8,0.9,0.09999999999999998,1,1 - could not convert string to float: '7eda82aef9ed'
2025-10-27 06:36:47,599 - WARNING - Failed to parse line: 447bbef95f429bcb,Intro,G,maj7,120.0,3918fabc91c5,7b22045882bc,0,3918fabc91c5,7b22045882bc,0,1,0.5336818695068359,4.0,4.0,0.0,0.8,0.9,0.09999999999999998,1,1 - could not convert string to float: '7b22045882bc'
2025-10-27 06:36:47,599 - WARNING - Failed to parse line: 447bbef95f429bcb,Intro,G,min,120.0,default_major,6cc639d4413f,0,unknown,6cc639d4413f,0,1,0.35025978088378906,4.0,4.0,0.0,0.9,0.9,0.0,0,0 - could not convert string to float: '6cc639d4413f'
2025-10-27 06:36:47,599 - WARNING - Failed to parse line: 447bbef95f429bcb,Intro,G,min7,120.0,default_major,6cc639d4413f,0,unknown,6cc639d4413f,0,1,0.35025978088378906,4.0,4.0,0.0,0.9,0.9,0.0,0,0 - could not convert string to float: '6cc639d4413f'
2025-10-27 06:36:47,599 - WARNING - Failed to parse line: 447bbef95f429bcb,Intro,Am,maj,120.0,default_major,6dec29afabab,0,unknown,6dec29afabab,0,1,0.8317471146583557,4.0,4.0,0.0,0.9,0.9,0.0,1,1 - could not convert string to float: '6dec29afabab'
2025-10-27 06:36:47,599 - WARNING - Failed to parse line: 447bbef95f429bcb,Intro,Am,maj7,120.0,default_major,575eab9ef318,0,unknown,575eab9ef318,0,1,0.6273561716079712,4.0,4.0,0.0,0.9,0.9,0.0,1,1 - could not convert string to float: '575eab9ef318'
2025-10-27 06:36:47,599 - WARNING - Failed to parse line: 447bbef95f429bcb,Intro,Am,min,120.0,default_major,6dec29afabab,0,unknown,6dec29afabab,0,1,0.8180252313613892,4.0,4.0,0.0,0.9,0.9,0.0,0,0 - could not convert string to float: '6dec29afabab'
2025-10-27 06:36:47,599 - WARNING - Failed to parse line: 447bbef95f429bcb,Intro,Am,min7,120.0,default_major,6dec29afabab,0,unknown,6dec29afabab,0,1,0.8180252313613892,4.0,4.0,0.0,0.9,0.9,0.0,0,0 - could not convert string to float: '6dec29afabab'
2025-10-27 06:36:47,599 - WARNING - Failed to parse line: 447bbef95f429bcb,Intro,F,maj,120.0,d2d98b1e0e4c,563a2c2cfaa8,0,d2d98b1e0e4c,563a2c2cfaa8,0,1,0.5274317264556885,4.0,4.0,0.0,0.8,0.9,0.09999999999999998,1,1 - could not convert string to float: '563a2c2cfaa8'
2025-10-27 06:36:47,599 - WARNING - Failed to parse line: 447bbef95f429bcb,Intro,F,maj7,120.0,9de21ea48381,836d0328a8cf,0,9de21ea48381,836d0328a8cf,0,1,0.6482905149459839,4.0,4.0,0.0,0.8,0.9,0.09999999999999998,1,1 - could not convert string to float: '836d0328a8cf'
2025-10-27 06:36:47,599 - WARNING - Failed to parse line: 447bbef95f429bcb,Intro,F,min,120.0,default_major,5ef2151ab615,0,unknown,5ef2151ab615,0,1,0.2585706412792206,4.0,4.0,0.0,0.9,0.9,0.0,0,0 - could not convert string to float: '5ef2151ab615'
2025-10-27 06:36:47,600 - WARNING - Failed to parse line: 447bbef95f429bcb,Intro,F,min7,120.0,default_major,5ef2151ab615,0,unknown,5ef2151ab615,0,1,0.2585706412792206,4.0,4.0,0.0,0.9,0.9,0.0,0,0 - could not convert string to float: '5ef2151ab615'
2025-10-27 06:36:47,600 - WARNING - Failed to parse line: 447bbef95f429bcb,Verse,C,maj,120.0,1b78abe47513,45e930c5e412,0,1b78abe47513,45e930c5e412,0,1,0.2769481837749481,4.0,4.0,0.0,0.9,0.9,0.0,1,1 - could not convert string to float: '45e930c5e412'
2025-10-27 06:36:47,600 - WARNING - Failed to parse line: 447bbef95f429bcb,Verse,C,maj7,120.0,e71d6285fab1,1eb2c31967b3,0,e71d6285fab1,1eb2c31967b3,0,1,0.9410102963447571,4.0,4.0,0.0,0.9,0.9,0.0,1,1 - could not convert string to float: '1eb2c31967b3'
2025-10-27 06:36:47,600 - WARNING - Failed to parse line: 447bbef95f429bcb,Verse,C,min,120.0,default_major,30bb11ad8626,0,unknown,30bb11ad8626,0,1,0.8460873961448669,4.0,4.0,0.0,0.9,0.9,0.0,0,0 - could not convert string to float: '30bb11ad8626'
2025-10-27 06:36:47,600 - WARNING - Failed to parse line: 447bbef95f429bcb,Verse,C,min7,120.0,default_major,30bb11ad8626,0,unknown,30bb11ad8626,0,1,0.8460873961448669,4.0,4.0,0.0,0.9,0.9,0.0,0,0 - could not convert string to float: '30bb11ad8626'
2025-10-27 06:36:47,600 - WARNING - Failed to parse line: 447bbef95f429bcb,Verse,G,maj,120.0,ea917b0d0aa5,default_major,0,ea917b0d0aa5,unknown,0,1,0.3,4.0,4.0,0.0,0.9,0.9,0.0,1,1 - could not convert string to float: 'default_major'
2025-10-27 06:36:47,600 - WARNING - Failed to parse line: 447bbef95f429bcb,Verse,G,maj7,120.0,faa2e126a3f7,default_major,0,faa2e126a3f7,unknown,0,1,0.3,4.0,4.0,0.0,0.9,0.9,0.0,1,1 - could not convert string to float: 'default_major'
2025-10-27 06:36:47,600 - WARNING - Failed to parse line: 447bbef95f429bcb,Verse,G,min,120.0,default_major,156c810965ed,0,unknown,156c810965ed,0,1,0.8146456480026245,4.0,4.0,0.0,0.9,0.9,0.0,0,0 - could not convert string to float: '156c810965ed'
2025-10-27 06:36:47,600 - WARNING - Failed to parse line: 447bbef95f429bcb,Verse,G,min7,120.0,default_major,156c810965ed,0,unknown,156c810965ed,0,1,0.8146456480026245,4.0,4.0,0.0,0.9,0.9,0.0,0,0 - could not convert string to float: '156c810965ed'
2025-10-27 06:36:47,600 - WARNING - Failed to parse line: 447bbef95f429bcb,Verse,Am,maj,120.0,default_major,41c9394ab0a1,0,unknown,41c9394ab0a1,0,1,0.356843501329422,4.0,4.0,0.0,0.9,0.9,0.0,1,1 - could not convert string to float: '41c9394ab0a1'
2025-10-27 06:36:47,600 - WARNING - Failed to parse line: 447bbef95f429bcb,Verse,Am,maj7,120.0,default_major,5d5ce13f481d,0,unknown,5d5ce13f481d,0,1,0.8578913807868958,4.0,4.0,0.0,0.9,0.9,0.0,1,1 - could not convert string to float: '5d5ce13f481d'
2025-10-27 06:36:47,600 - WARNING - Failed to parse line: 447bbef95f429bcb,Verse,Am,min,120.0,default_major,5e6e57ca7a30,0,unknown,5e6e57ca7a30,0,1,0.4819108247756958,4.0,4.0,0.0,0.9,0.9,0.0,0,0 - could not convert string to float: '5e6e57ca7a30'
2025-10-27 06:36:47,600 - WARNING - Failed to parse line: 447bbef95f429bcb,Verse,Am,min7,120.0,default_major,5e6e57ca7a30,0,unknown,5e6e57ca7a30,0,1,0.4819108247756958,4.0,4.0,0.0,0.9,0.9,0.0,0,0 - could not convert string to float: '5e6e57ca7a30'
2025-10-27 06:36:47,600 - WARNING - Failed to parse line: 447bbef95f429bcb,Verse,F,maj,120.0,6c96121cf4c4,default_major,0,6c96121cf4c4,unknown,0,1,0.3,4.0,4.0,0.0,0.9,0.9,0.0,1,1 - could not convert string to float: 'default_major'
2025-10-27 06:36:47,600 - WARNING - Failed to parse line: 447bbef95f429bcb,Verse,F,maj7,120.0,fc842079e998,523f86916565,0,fc842079e998,523f86916565,0,1,0.5896382927894592,4.0,4.0,0.0,0.9,0.9,0.0,1,1 - could not convert string to float: '523f86916565'
2025-10-27 06:36:47,600 - WARNING - Failed to parse line: 447bbef95f429bcb,Verse,F,min,120.0,default_major,default_major,1,unknown,unknown,1,1,0.3,4.0,4.0,0.0,0.9,0.9,0.0,0,0 - could not convert string to float: 'default_major'
2025-10-27 06:36:47,600 - WARNING - Failed to parse line: 447bbef95f429bcb,Verse,F,min7,120.0,default_major,default_major,1,unknown,unknown,1,1,0.3,4.0,4.0,0.0,0.9,0.9,0.0,0,0 - could not convert string to float: 'default_major'
2025-10-27 06:36:47,600 - WARNING - Failed to parse line: 447bbef95f429bcb,Chorus,C,maj,120.0,d5d2bebb7563,2129aca1be8a,0,d5d2bebb7563,2129aca1be8a,0,1,0.743903636932373,4.0,4.0,0.0,0.8,0.9,0.09999999999999998,1,1 - could not convert string to float: '2129aca1be8a'
2025-10-27 06:36:47,600 - WARNING - Failed to parse line: 447bbef95f429bcb,Chorus,C,maj7,120.0,0b6e8b9ca4e2,2129aca1be8a,0,0b6e8b9ca4e2,2129aca1be8a,0,1,0.948104739189148,4.0,4.0,0.0,0.8,0.9,0.09999999999999998,1,1 - could not convert string to float: '2129aca1be8a'
2025-10-27 06:36:47,600 - WARNING - Failed to parse line: 447bbef95f429bcb,Chorus,C,min,120.0,default_major,712652d04aac,0,unknown,712652d04aac,0,1,0.9359660744667053,4.0,4.0,0.0,0.9,0.9,0.0,0,0 - could not convert string to float: '712652d04aac'
2025-10-27 06:36:47,600 - WARNING - Failed to parse line: 447bbef95f429bcb,Chorus,C,min7,120.0,default_major,712652d04aac,0,unknown,712652d04aac,0,1,0.9359660744667053,4.0,4.0,0.0,0.9,0.9,0.0,0,0 - could not convert string to float: '712652d04aac'
2025-10-27 06:36:47,600 - WARNING - Failed to parse line: 447bbef95f429bcb,Chorus,G,maj,120.0,6d24a042d994,38070718b35f,0,6d24a042d994,38070718b35f,0,1,0.30791571736335754,4.0,4.0,0.0,0.8,0.9,0.09999999999999998,1,1 - could not convert string to float: '38070718b35f'
2025-10-27 06:36:47,600 - WARNING - Failed to parse line: 447bbef95f429bcb,Chorus,G,maj7,120.0,95bd141a1c76,00b41c4945aa,0,95bd141a1c76,00b41c4945aa,0,1,0.43267154693603516,4.0,4.0,0.0,0.8,0.9,0.09999999999999998,1,1 - could not convert string to float: '00b41c4945aa'
2025-10-27 06:36:47,600 - WARNING - Failed to parse line: 447bbef95f429bcb,Chorus,G,min,120.0,default_major,20b534494b6c,0,unknown,20b534494b6c,0,1,0.3305188715457916,4.0,4.0,0.0,0.9,0.9,0.0,0,0 - could not convert string to float: '20b534494b6c'
2025-10-27 06:36:47,600 - WARNING - Failed to parse line: 447bbef95f429bcb,Chorus,G,min7,120.0,default_major,20b534494b6c,0,unknown,20b534494b6c,0,1,0.3305188715457916,4.0,4.0,0.0,0.9,0.9,0.0,0,0 - could not convert string to float: '20b534494b6c'
2025-10-27 06:36:47,600 - WARNING - Failed to parse line: 447bbef95f429bcb,Chorus,Am,maj,120.0,default_major,39697a3e4abc,0,unknown,39697a3e4abc,0,1,0.5356512069702148,4.0,4.0,0.0,0.9,0.9,0.0,1,1 - could not convert string to float: '39697a3e4abc'
2025-10-27 06:36:47,600 - WARNING - Failed to parse line: 447bbef95f429bcb,Chorus,Am,maj7,120.0,default_major,4e4d4fececdd,0,unknown,4e4d4fececdd,0,1,0.6492087244987488,4.0,4.0,0.0,0.9,0.9,0.0,1,1 - could not convert string to float: '4e4d4fececdd'
2025-10-27 06:36:47,600 - WARNING - Failed to parse line: 447bbef95f429bcb,Chorus,Am,min,120.0,default_major,0fcf3c44cc23,0,unknown,0fcf3c44cc23,0,1,0.28288549184799194,4.0,4.0,0.0,0.9,0.9,0.0,0,0 - could not convert string to float: '0fcf3c44cc23'
2025-10-27 06:36:47,600 - WARNING - Failed to parse line: 447bbef95f429bcb,Chorus,Am,min7,120.0,default_major,0fcf3c44cc23,0,unknown,0fcf3c44cc23,0,1,0.28288549184799194,4.0,4.0,0.0,0.9,0.9,0.0,0,0 - could not convert string to float: '0fcf3c44cc23'
2025-10-27 06:36:47,600 - WARNING - Failed to parse line: 447bbef95f429bcb,Chorus,F,maj,120.0,a9e9d388cea4,6f5f37e93b5a,0,a9e9d388cea4,6f5f37e93b5a,0,1,0.4330121874809265,4.0,4.0,0.0,0.8,0.9,0.09999999999999998,1,1 - could not convert string to float: '6f5f37e93b5a'
2025-10-27 06:36:47,600 - WARNING - Failed to parse line: 447bbef95f429bcb,Chorus,F,maj7,120.0,9a329b1b1b50,5700ffd204af,0,9a329b1b1b50,5700ffd204af,0,1,0.31285297870635986,4.0,4.0,0.0,0.8,0.9,0.09999999999999998,1,1 - could not convert string to float: '5700ffd204af'
2025-10-27 06:36:47,600 - WARNING - Failed to parse line: 447bbef95f429bcb,Chorus,F,min,120.0,default_major,default_major,1,unknown,unknown,1,1,0.3,4.0,4.0,0.0,0.9,0.9,0.0,0,0 - could not convert string to float: 'default_major'
2025-10-27 06:36:47,600 - WARNING - Failed to parse line: 447bbef95f429bcb,Chorus,F,min7,120.0,default_major,default_major,1,unknown,unknown,1,1,0.3,4.0,4.0,0.0,0.9,0.9,0.0,0,0 - could not convert string to float: 'default_major'
2025-10-27 06:36:47,600 - WARNING - Failed to parse line: 447bbef95f429bcb,Bridge,C,maj,120.0,8676b4194a8d,0e7f0aa34e5c,0,8676b4194a8d,0e7f0aa34e5c,0,1,0.6147207617759705,4.0,4.0,0.0,0.8,0.9,0.09999999999999998,1,1 - could not convert string to float: '0e7f0aa34e5c'
2025-10-27 06:36:47,600 - WARNING - Failed to parse line: 447bbef95f429bcb,Bridge,C,maj7,120.0,6f683cd91963,5822bba0d4fc,0,6f683cd91963,5822bba0d4fc,0,1,0.7462079524993896,4.0,4.0,0.0,0.8,0.9,0.09999999999999998,1,1 - could not convert string to float: '5822bba0d4fc'
2025-10-27 06:36:47,600 - WARNING - Failed to parse line: 447bbef95f429bcb,Bridge,C,min,120.0,default_major,20aeddfff70a,0,unknown,20aeddfff70a,0,1,0.9476426839828491,4.0,4.0,0.0,0.9,0.9,0.0,0,0 - could not convert string to float: '20aeddfff70a'
2025-10-27 06:36:47,600 - WARNING - Failed to parse line: 447bbef95f429bcb,Bridge,C,min7,120.0,default_major,20aeddfff70a,0,unknown,20aeddfff70a,0,1,0.9476426839828491,4.0,4.0,0.0,0.9,0.9,0.0,0,0 - could not convert string to float: '20aeddfff70a'
2025-10-27 06:36:47,600 - WARNING - Failed to parse line: 447bbef95f429bcb,Bridge,G,maj,120.0,b1f177fe8f43,42adf16fd279,0,b1f177fe8f43,42adf16fd279,0,1,0.5147787928581238,4.0,4.0,0.0,0.8,0.9,0.09999999999999998,1,1 - could not convert string to float: '42adf16fd279'
2025-10-27 06:36:47,600 - WARNING - Failed to parse line: 447bbef95f429bcb,Bridge,G,maj7,120.0,a62a1947acfc,0a6910b44164,0,a62a1947acfc,0a6910b44164,0,1,0.8182988166809082,4.0,4.0,0.0,0.8,0.9,0.09999999999999998,1,1 - could not convert string to float: '0a6910b44164'
2025-10-27 06:36:47,600 - WARNING - Failed to parse line: 447bbef95f429bcb,Bridge,G,min,120.0,default_major,06a46e3e4165,0,unknown,06a46e3e4165,0,1,0.7161306738853455,4.0,4.0,0.0,0.9,0.9,0.0,0,0 - could not convert string to float: '06a46e3e4165'
2025-10-27 06:36:47,600 - WARNING - Failed to parse line: 447bbef95f429bcb,Bridge,G,min7,120.0,default_major,06a46e3e4165,0,unknown,06a46e3e4165,0,1,0.7161306738853455,4.0,4.0,0.0,0.9,0.9,0.0,0,0 - could not convert string to float: '06a46e3e4165'
2025-10-27 06:36:47,600 - WARNING - Failed to parse line: 447bbef95f429bcb,Bridge,Am,maj,120.0,default_major,0e6c3c3ffcde,0,unknown,0e6c3c3ffcde,0,1,0.5653682351112366,4.0,4.0,0.0,0.9,0.9,0.0,1,1 - could not convert string to float: '0e6c3c3ffcde'
2025-10-27 06:36:47,600 - WARNING - Failed to parse line: 447bbef95f429bcb,Bridge,Am,maj7,120.0,default_major,575d902eadee,0,unknown,575d902eadee,0,1,0.5729188919067383,4.0,4.0,0.0,0.9,0.9,0.0,1,1 - could not convert string to float: '575d902eadee'
2025-10-27 06:36:47,600 - WARNING - Failed to parse line: 447bbef95f429bcb,Bridge,Am,min,120.0,default_major,1fa5f0491d7e,0,unknown,1fa5f0491d7e,0,1,0.3362831175327301,4.0,4.0,0.0,0.9,0.9,0.0,0,0 - could not convert string to float: '1fa5f0491d7e'
2025-10-27 06:36:47,600 - WARNING - Failed to parse line: 447bbef95f429bcb,Bridge,Am,min7,120.0,default_major,1fa5f0491d7e,0,unknown,1fa5f0491d7e,0,1,0.3362831175327301,4.0,4.0,0.0,0.9,0.9,0.0,0,0 - could not convert string to float: '1fa5f0491d7e'
2025-10-27 06:36:47,600 - WARNING - Failed to parse line: 447bbef95f429bcb,Bridge,F,maj,120.0,79b930610cc4,3e38f72d7b1d,0,79b930610cc4,3e38f72d7b1d,0,1,0.4903653860092163,4.0,4.0,0.0,0.8,0.9,0.09999999999999998,1,1 - could not convert string to float: '3e38f72d7b1d'
2025-10-27 06:36:47,600 - WARNING - Failed to parse line: 447bbef95f429bcb,Bridge,F,maj7,120.0,69ba572e5b4d,363b69288586,0,69ba572e5b4d,363b69288586,0,1,0.3774685561656952,4.0,4.0,0.0,0.8,0.9,0.09999999999999998,1,1 - could not convert string to float: '363b69288586'
2025-10-27 06:36:47,600 - WARNING - Failed to parse line: 447bbef95f429bcb,Bridge,F,min,120.0,default_major,1cc60f5ed5fd,0,unknown,1cc60f5ed5fd,0,1,0.6788455247879028,4.0,4.0,0.0,0.9,0.9,0.0,0,0 - could not convert string to float: '1cc60f5ed5fd'
2025-10-27 06:36:47,600 - WARNING - Failed to parse line: 447bbef95f429bcb,Bridge,F,min7,120.0,default_major,1cc60f5ed5fd,0,unknown,1cc60f5ed5fd,0,1,0.6788455247879028,4.0,4.0,0.0,0.9,0.9,0.0,0,0 - could not convert string to float: '1cc60f5ed5fd'
2025-10-27 06:36:47,600 - WARNING - Failed to parse line: 2ed9680a41b83b40,Intro,C,maj,120.0,d7f508f78e66,1cf0274f76f9,0,d7f508f78e66,1cf0274f76f9,0,1,0.5156187415122986,4.0,4.0,0.0,0.8,0.9,0.09999999999999998,1,1 - could not convert string to float: '1cf0274f76f9'
2025-10-27 06:36:47,600 - WARNING - Failed to parse line: 2ed9680a41b83b40,Intro,C,maj7,120.0,66a3e7e5acf0,35d0064f3e77,0,66a3e7e5acf0,35d0064f3e77,0,1,0.8985406160354614,4.0,4.0,0.0,0.8,0.9,0.09999999999999998,1,1 - could not convert string to float: '35d0064f3e77'
2025-10-27 06:36:47,600 - WARNING - Failed to parse line: 2ed9680a41b83b40,Intro,C,min,120.0,default_major,07047591ef2c,0,unknown,07047591ef2c,0,1,0.9078062176704407,4.0,4.0,0.0,0.9,0.9,0.0,0,0 - could not convert string to float: '07047591ef2c'
2025-10-27 06:36:47,600 - WARNING - Failed to parse line: 2ed9680a41b83b40,Intro,C,min7,120.0,default_major,07047591ef2c,0,unknown,07047591ef2c,0,1,0.9078062176704407,4.0,4.0,0.0,0.9,0.9,0.0,0,0 - could not convert string to float: '07047591ef2c'
2025-10-27 06:36:47,600 - WARNING - Failed to parse line: 2ed9680a41b83b40,Intro,G,maj,120.0,d0edfde6fed8,7eda82aef9ed,0,d0edfde6fed8,7eda82aef9ed,0,1,0.5623078346252441,4.0,4.0,0.0,0.8,0.9,0.09999999999999998,1,1 - could not convert string to float: '7eda82aef9ed'
2025-10-27 06:36:47,600 - WARNING - Failed to parse line: 2ed9680a41b83b40,Intro,G,maj7,120.0,3918fabc91c5,7b22045882bc,0,3918fabc91c5,7b22045882bc,0,1,0.5336818695068359,4.0,4.0,0.0,0.8,0.9,0.09999999999999998,1,1 - could not convert string to float: '7b22045882bc'
2025-10-27 06:36:47,600 - WARNING - Failed to parse line: 2ed9680a41b83b40,Intro,G,min,120.0,default_major,6cc639d4413f,0,unknown,6cc639d4413f,0,1,0.35025978088378906,4.0,4.0,0.0,0.9,0.9,0.0,0,0 - could not convert string to float: '6cc639d4413f'
2025-10-27 06:36:47,600 - WARNING - Failed to parse line: 2ed9680a41b83b40,Intro,G,min7,120.0,default_major,6cc639d4413f,0,unknown,6cc639d4413f,0,1,0.35025978088378906,4.0,4.0,0.0,0.9,0.9,0.0,0,0 - could not convert string to float: '6cc639d4413f'
2025-10-27 06:36:47,600 - WARNING - Failed to parse line: 2ed9680a41b83b40,Intro,Am,maj,120.0,default_major,6dec29afabab,0,unknown,6dec29afabab,0,1,0.8317471146583557,4.0,4.0,0.0,0.9,0.9,0.0,1,1 - could not convert string to float: '6dec29afabab'
2025-10-27 06:36:47,600 - WARNING - Failed to parse line: 2ed9680a41b83b40,Intro,Am,maj7,120.0,default_major,575eab9ef318,0,unknown,575eab9ef318,0,1,0.6273561716079712,4.0,4.0,0.0,0.9,0.9,0.0,1,1 - could not convert string to float: '575eab9ef318'
2025-10-27 06:36:47,600 - WARNING - Failed to parse line: 2ed9680a41b83b40,Intro,Am,min,120.0,default_major,6dec29afabab,0,unknown,6dec29afabab,0,1,0.8180252313613892,4.0,4.0,0.0,0.9,0.9,0.0,0,0 - could not convert string to float: '6dec29afabab'
2025-10-27 06:36:47,600 - WARNING - Failed to parse line: 2ed9680a41b83b40,Intro,Am,min7,120.0,default_major,6dec29afabab,0,unknown,6dec29afabab,0,1,0.8180252313613892,4.0,4.0,0.0,0.9,0.9,0.0,0,0 - could not convert string to float: '6dec29afabab'
2025-10-27 06:36:47,600 - WARNING - Failed to parse line: 2ed9680a41b83b40,Intro,F,maj,120.0,d2d98b1e0e4c,563a2c2cfaa8,0,d2d98b1e0e4c,563a2c2cfaa8,0,1,0.5274317264556885,4.0,4.0,0.0,0.8,0.9,0.09999999999999998,1,1 - could not convert string to float: '563a2c2cfaa8'
2025-10-27 06:36:47,600 - WARNING - Failed to parse line: 2ed9680a41b83b40,Intro,F,maj7,120.0,9de21ea48381,836d0328a8cf,0,9de21ea48381,836d0328a8cf,0,1,0.6482905149459839,4.0,4.0,0.0,0.8,0.9,0.09999999999999998,1,1 - could not convert string to float: '836d0328a8cf'
2025-10-27 06:36:47,600 - WARNING - Failed to parse line: 2ed9680a41b83b40,Intro,F,min,120.0,default_major,5ef2151ab615,0,unknown,5ef2151ab615,0,1,0.2585706412792206,4.0,4.0,0.0,0.9,0.9,0.0,0,0 - could not convert string to float: '5ef2151ab615'
2025-10-27 06:36:47,600 - WARNING - Failed to parse line: 2ed9680a41b83b40,Intro,F,min7,120.0,default_major,5ef2151ab615,0,unknown,5ef2151ab615,0,1,0.2585706412792206,4.0,4.0,0.0,0.9,0.9,0.0,0,0 - could not convert string to float: '5ef2151ab615'
2025-10-27 06:36:47,600 - WARNING - Failed to parse line: 2ed9680a41b83b40,Verse,C,maj,120.0,1b78abe47513,45e930c5e412,0,1b78abe47513,45e930c5e412,0,1,0.2769481837749481,4.0,4.0,0.0,0.9,0.9,0.0,1,1 - could not convert string to float: '45e930c5e412'
2025-10-27 06:36:47,600 - WARNING - Failed to parse line: 2ed9680a41b83b40,Verse,C,maj7,120.0,e71d6285fab1,1eb2c31967b3,0,e71d6285fab1,1eb2c31967b3,0,1,0.9410102963447571,4.0,4.0,0.0,0.9,0.9,0.0,1,1 - could not convert string to float: '1eb2c31967b3'
2025-10-27 06:36:47,600 - WARNING - Failed to parse line: 2ed9680a41b83b40,Verse,C,min,120.0,default_major,30bb11ad8626,0,unknown,30bb11ad8626,0,1,0.8460873961448669,4.0,4.0,0.0,0.9,0.9,0.0,0,0 - could not convert string to float: '30bb11ad8626'
2025-10-27 06:36:47,600 - WARNING - Failed to parse line: 2ed9680a41b83b40,Verse,C,min7,120.0,default_major,30bb11ad8626,0,unknown,30bb11ad8626,0,1,0.8460873961448669,4.0,4.0,0.0,0.9,0.9,0.0,0,0 - could not convert string to float: '30bb11ad8626'
2025-10-27 06:36:47,600 - WARNING - Failed to parse line: 2ed9680a41b83b40,Verse,G,maj,120.0,ea917b0d0aa5,default_major,0,ea917b0d0aa5,unknown,0,1,0.3,4.0,4.0,0.0,0.9,0.9,0.0,1,1 - could not convert string to float: 'default_major'
2025-10-27 06:36:47,600 - WARNING - Failed to parse line: 2ed9680a41b83b40,Verse,G,maj7,120.0,faa2e126a3f7,default_major,0,faa2e126a3f7,unknown,0,1,0.3,4.0,4.0,0.0,0.9,0.9,0.0,1,1 - could not convert string to float: 'default_major'
2025-10-27 06:36:47,600 - WARNING - Failed to parse line: 2ed9680a41b83b40,Verse,G,min,120.0,default_major,156c810965ed,0,unknown,156c810965ed,0,1,0.8146456480026245,4.0,4.0,0.0,0.9,0.9,0.0,0,0 - could not convert string to float: '156c810965ed'
2025-10-27 06:36:47,600 - WARNING - Failed to parse line: 2ed9680a41b83b40,Verse,G,min7,120.0,default_major,156c810965ed,0,unknown,156c810965ed,0,1,0.8146456480026245,4.0,4.0,0.0,0.9,0.9,0.0,0,0 - could not convert string to float: '156c810965ed'
2025-10-27 06:36:47,600 - WARNING - Failed to parse line: 2ed9680a41b83b40,Verse,Am,maj,120.0,default_major,41c9394ab0a1,0,unknown,41c9394ab0a1,0,1,0.356843501329422,4.0,4.0,0.0,0.9,0.9,0.0,1,1 - could not convert string to float: '41c9394ab0a1'
2025-10-27 06:36:47,600 - WARNING - Failed to parse line: 2ed9680a41b83b40,Verse,Am,maj7,120.0,default_major,5d5ce13f481d,0,unknown,5d5ce13f481d,0,1,0.8578913807868958,4.0,4.0,0.0,0.9,0.9,0.0,1,1 - could not convert string to float: '5d5ce13f481d'
2025-10-27 06:36:47,600 - WARNING - Failed to parse line: 2ed9680a41b83b40,Verse,Am,min,120.0,default_major,5e6e57ca7a30,0,unknown,5e6e57ca7a30,0,1,0.4819108247756958,4.0,4.0,0.0,0.9,0.9,0.0,0,0 - could not convert string to float: '5e6e57ca7a30'
2025-10-27 06:36:47,600 - WARNING - Failed to parse line: 2ed9680a41b83b40,Verse,Am,min7,120.0,default_major,5e6e57ca7a30,0,unknown,5e6e57ca7a30,0,1,0.4819108247756958,4.0,4.0,0.0,0.9,0.9,0.0,0,0 - could not convert string to float: '5e6e57ca7a30'
2025-10-27 06:36:47,600 - WARNING - Failed to parse line: 2ed9680a41b83b40,Verse,F,maj,120.0,6c96121cf4c4,default_major,0,6c96121cf4c4,unknown,0,1,0.3,4.0,4.0,0.0,0.9,0.9,0.0,1,1 - could not convert string to float: 'default_major'
2025-10-27 06:36:47,600 - WARNING - Failed to parse line: 2ed9680a41b83b40,Verse,F,maj7,120.0,fc842079e998,523f86916565,0,fc842079e998,523f86916565,0,1,0.5896382927894592,4.0,4.0,0.0,0.9,0.9,0.0,1,1 - could not convert string to float: '523f86916565'
2025-10-27 06:36:47,600 - WARNING - Failed to parse line: 2ed9680a41b83b40,Verse,F,min,120.0,default_major,default_major,1,unknown,unknown,1,1,0.3,4.0,4.0,0.0,0.9,0.9,0.0,0,0 - could not convert string to float: 'default_major'
2025-10-27 06:36:47,600 - WARNING - Failed to parse line: 2ed9680a41b83b40,Verse,F,min7,120.0,default_major,default_major,1,unknown,unknown,1,1,0.3,4.0,4.0,0.0,0.9,0.9,0.0,0,0 - could not convert string to float: 'default_major'
2025-10-27 06:36:47,600 - WARNING - Failed to parse line: 2ed9680a41b83b40,Chorus,C,maj,120.0,d5d2bebb7563,2129aca1be8a,0,d5d2bebb7563,2129aca1be8a,0,1,0.743903636932373,4.0,4.0,0.0,0.8,0.9,0.09999999999999998,1,1 - could not convert string to float: '2129aca1be8a'
2025-10-27 06:36:47,600 - WARNING - Failed to parse line: 2ed9680a41b83b40,Chorus,C,maj7,120.0,0b6e8b9ca4e2,2129aca1be8a,0,0b6e8b9ca4e2,2129aca1be8a,0,1,0.948104739189148,4.0,4.0,0.0,0.8,0.9,0.09999999999999998,1,1 - could not convert string to float: '2129aca1be8a'
2025-10-27 06:36:47,600 - WARNING - Failed to parse line: 2ed9680a41b83b40,Chorus,C,min,120.0,default_major,712652d04aac,0,unknown,712652d04aac,0,1,0.9359660744667053,4.0,4.0,0.0,0.9,0.9,0.0,0,0 - could not convert string to float: '712652d04aac'
2025-10-27 06:36:47,600 - WARNING - Failed to parse line: 2ed9680a41b83b40,Chorus,C,min7,120.0,default_major,712652d04aac,0,unknown,712652d04aac,0,1,0.9359660744667053,4.0,4.0,0.0,0.9,0.9,0.0,0,0 - could not convert string to float: '712652d04aac'
2025-10-27 06:36:47,600 - WARNING - Failed to parse line: 2ed9680a41b83b40,Chorus,G,maj,120.0,6d24a042d994,38070718b35f,0,6d24a042d994,38070718b35f,0,1,0.30791571736335754,4.0,4.0,0.0,0.8,0.9,0.09999999999999998,1,1 - could not convert string to float: '38070718b35f'
2025-10-27 06:36:47,600 - WARNING - Failed to parse line: 2ed9680a41b83b40,Chorus,G,maj7,120.0,95bd141a1c76,00b41c4945aa,0,95bd141a1c76,00b41c4945aa,0,1,0.43267154693603516,4.0,4.0,0.0,0.8,0.9,0.09999999999999998,1,1 - could not convert string to float: '00b41c4945aa'
2025-10-27 06:36:47,600 - WARNING - Failed to parse line: 2ed9680a41b83b40,Chorus,G,min,120.0,default_major,20b534494b6c,0,unknown,20b534494b6c,0,1,0.3305188715457916,4.0,4.0,0.0,0.9,0.9,0.0,0,0 - could not convert string to float: '20b534494b6c'
2025-10-27 06:36:47,600 - WARNING - Failed to parse line: 2ed9680a41b83b40,Chorus,G,min7,120.0,default_major,20b534494b6c,0,unknown,20b534494b6c,0,1,0.3305188715457916,4.0,4.0,0.0,0.9,0.9,0.0,0,0 - could not convert string to float: '20b534494b6c'
2025-10-27 06:36:47,600 - WARNING - Failed to parse line: 2ed9680a41b83b40,Chorus,Am,maj,120.0,default_major,39697a3e4abc,0,unknown,39697a3e4abc,0,1,0.5356512069702148,4.0,4.0,0.0,0.9,0.9,0.0,1,1 - could not convert string to float: '39697a3e4abc'
2025-10-27 06:36:47,600 - WARNING - Failed to parse line: 2ed9680a41b83b40,Chorus,Am,maj7,120.0,default_major,4e4d4fececdd,0,unknown,4e4d4fececdd,0,1,0.6492087244987488,4.0,4.0,0.0,0.9,0.9,0.0,1,1 - could not convert string to float: '4e4d4fececdd'
2025-10-27 06:36:47,600 - WARNING - Failed to parse line: 2ed9680a41b83b40,Chorus,Am,min,120.0,default_major,0fcf3c44cc23,0,unknown,0fcf3c44cc23,0,1,0.28288549184799194,4.0,4.0,0.0,0.9,0.9,0.0,0,0 - could not convert string to float: '0fcf3c44cc23'
2025-10-27 06:36:47,600 - WARNING - Failed to parse line: 2ed9680a41b83b40,Chorus,Am,min7,120.0,default_major,0fcf3c44cc23,0,unknown,0fcf3c44cc23,0,1,0.28288549184799194,4.0,4.0,0.0,0.9,0.9,0.0,0,0 - could not convert string to float: '0fcf3c44cc23'
2025-10-27 06:36:47,600 - WARNING - Failed to parse line: 2ed9680a41b83b40,Chorus,F,maj,120.0,a9e9d388cea4,6f5f37e93b5a,0,a9e9d388cea4,6f5f37e93b5a,0,1,0.4330121874809265,4.0,4.0,0.0,0.8,0.9,0.09999999999999998,1,1 - could not convert string to float: '6f5f37e93b5a'
2025-10-27 06:36:47,600 - WARNING - Failed to parse line: 2ed9680a41b83b40,Chorus,F,maj7,120.0,9a329b1b1b50,5700ffd204af,0,9a329b1b1b50,5700ffd204af,0,1,0.31285297870635986,4.0,4.0,0.0,0.8,0.9,0.09999999999999998,1,1 - could not convert string to float: '5700ffd204af'
2025-10-27 06:36:47,600 - WARNING - Failed to parse line: 2ed9680a41b83b40,Chorus,F,min,120.0,default_major,default_major,1,unknown,unknown,1,1,0.3,4.0,4.0,0.0,0.9,0.9,0.0,0,0 - could not convert string to float: 'default_major'
2025-10-27 06:36:47,600 - WARNING - Failed to parse line: 2ed9680a41b83b40,Chorus,F,min7,120.0,default_major,default_major,1,unknown,unknown,1,1,0.3,4.0,4.0,0.0,0.9,0.9,0.0,0,0 - could not convert string to float: 'default_major'
2025-10-27 06:36:47,600 - WARNING - Failed to parse line: 2ed9680a41b83b40,Bridge,C,maj,120.0,8676b4194a8d,0e7f0aa34e5c,0,8676b4194a8d,0e7f0aa34e5c,0,1,0.6147207617759705,4.0,4.0,0.0,0.8,0.9,0.09999999999999998,1,1 - could not convert string to float: '0e7f0aa34e5c'
2025-10-27 06:36:47,600 - WARNING - Failed to parse line: 2ed9680a41b83b40,Bridge,C,maj7,120.0,6f683cd91963,5822bba0d4fc,0,6f683cd91963,5822bba0d4fc,0,1,0.7462079524993896,4.0,4.0,0.0,0.8,0.9,0.09999999999999998,1,1 - could not convert string to float: '5822bba0d4fc'
2025-10-27 06:36:47,600 - WARNING - Failed to parse line: 2ed9680a41b83b40,Bridge,C,min,120.0,default_major,20aeddfff70a,0,unknown,20aeddfff70a,0,1,0.9476426839828491,4.0,4.0,0.0,0.9,0.9,0.0,0,0 - could not convert string to float: '20aeddfff70a'
2025-10-27 06:36:47,600 - WARNING - Failed to parse line: 2ed9680a41b83b40,Bridge,C,min7,120.0,default_major,20aeddfff70a,0,unknown,20aeddfff70a,0,1,0.9476426839828491,4.0,4.0,0.0,0.9,0.9,0.0,0,0 - could not convert string to float: '20aeddfff70a'
2025-10-27 06:36:47,600 - WARNING - Failed to parse line: 2ed9680a41b83b40,Bridge,G,maj,120.0,b1f177fe8f43,42adf16fd279,0,b1f177fe8f43,42adf16fd279,0,1,0.5147787928581238,4.0,4.0,0.0,0.8,0.9,0.09999999999999998,1,1 - could not convert string to float: '42adf16fd279'
2025-10-27 06:36:47,600 - WARNING - Failed to parse line: 2ed9680a41b83b40,Bridge,G,maj7,120.0,a62a1947acfc,0a6910b44164,0,a62a1947acfc,0a6910b44164,0,1,0.8182988166809082,4.0,4.0,0.0,0.8,0.9,0.09999999999999998,1,1 - could not convert string to float: '0a6910b44164'
2025-10-27 06:36:47,600 - WARNING - Failed to parse line: 2ed9680a41b83b40,Bridge,G,min,120.0,default_major,06a46e3e4165,0,unknown,06a46e3e4165,0,1,0.7161306738853455,4.0,4.0,0.0,0.9,0.9,0.0,0,0 - could not convert string to float: '06a46e3e4165'
2025-10-27 06:36:47,600 - WARNING - Failed to parse line: 2ed9680a41b83b40,Bridge,G,min7,120.0,default_major,06a46e3e4165,0,unknown,06a46e3e4165,0,1,0.7161306738853455,4.0,4.0,0.0,0.9,0.9,0.0,0,0 - could not convert string to float: '06a46e3e4165'
2025-10-27 06:36:47,600 - WARNING - Failed to parse line: 2ed9680a41b83b40,Bridge,Am,maj,120.0,default_major,0e6c3c3ffcde,0,unknown,0e6c3c3ffcde,0,1,0.5653682351112366,4.0,4.0,0.0,0.9,0.9,0.0,1,1 - could not convert string to float: '0e6c3c3ffcde'
2025-10-27 06:36:47,600 - WARNING - Failed to parse line: 2ed9680a41b83b40,Bridge,Am,maj7,120.0,default_major,575d902eadee,0,unknown,575d902eadee,0,1,0.5729188919067383,4.0,4.0,0.0,0.9,0.9,0.0,1,1 - could not convert string to float: '575d902eadee'
2025-10-27 06:36:47,600 - WARNING - Failed to parse line: 2ed9680a41b83b40,Bridge,Am,min,120.0,default_major,1fa5f0491d7e,0,unknown,1fa5f0491d7e,0,1,0.3362831175327301,4.0,4.0,0.0,0.9,0.9,0.0,0,0 - could not convert string to float: '1fa5f0491d7e'
2025-10-27 06:36:47,600 - WARNING - Failed to parse line: 2ed9680a41b83b40,Bridge,Am,min7,120.0,default_major,1fa5f0491d7e,0,unknown,1fa5f0491d7e,0,1,0.3362831175327301,4.0,4.0,0.0,0.9,0.9,0.0,0,0 - could not convert string to float: '1fa5f0491d7e'
2025-10-27 06:36:47,601 - WARNING - Failed to parse line: 2ed9680a41b83b40,Bridge,F,maj,120.0,79b930610cc4,3e38f72d7b1d,0,79b930610cc4,3e38f72d7b1d,0,1,0.4903653860092163,4.0,4.0,0.0,0.8,0.9,0.09999999999999998,1,1 - could not convert string to float: '3e38f72d7b1d'
2025-10-27 06:36:47,601 - WARNING - Failed to parse line: 2ed9680a41b83b40,Bridge,F,maj7,120.0,69ba572e5b4d,363b69288586,0,69ba572e5b4d,363b69288586,0,1,0.3774685561656952,4.0,4.0,0.0,0.8,0.9,0.09999999999999998,1,1 - could not convert string to float: '363b69288586'
2025-10-27 06:36:47,601 - WARNING - Failed to parse line: 2ed9680a41b83b40,Bridge,F,min,120.0,default_major,1cc60f5ed5fd,0,unknown,1cc60f5ed5fd,0,1,0.6788455247879028,4.0,4.0,0.0,0.9,0.9,0.0,0,0 - could not convert string to float: '1cc60f5ed5fd'
2025-10-27 06:36:47,601 - WARNING - Failed to parse line: 2ed9680a41b83b40,Bridge,F,min7,120.0,default_major,1cc60f5ed5fd,0,unknown,1cc60f5ed5fd,0,1,0.6788455247879028,4.0,4.0,0.0,0.9,0.9,0.0,0,0 - could not convert string to float: '1cc60f5ed5fd'
2025-10-27 06:36:47,601 - WARNING - Failed to parse line: 1721b23031b95b69,Intro,C,maj,120.0,d7f508f78e66,1cf0274f76f9,0,d7f508f78e66,1cf0274f76f9,0,1,0.5156187415122986,4.0,4.0,0.0,0.8,0.9,0.09999999999999998,1,1 - could not convert string to float: '1cf0274f76f9'
2025-10-27 06:36:47,601 - WARNING - Failed to parse line: 1721b23031b95b69,Intro,C,maj7,120.0,66a3e7e5acf0,35d0064f3e77,0,66a3e7e5acf0,35d0064f3e77,0,1,0.8985406160354614,4.0,4.0,0.0,0.8,0.9,0.09999999999999998,1,1 - could not convert string to float: '35d0064f3e77'
2025-10-27 06:36:47,601 - WARNING - Failed to parse line: 1721b23031b95b69,Intro,C,min,120.0,default_major,07047591ef2c,0,unknown,07047591ef2c,0,1,0.9078062176704407,4.0,4.0,0.0,0.9,0.9,0.0,0,0 - could not convert string to float: '07047591ef2c'
2025-10-27 06:36:47,601 - WARNING - Failed to parse line: 1721b23031b95b69,Intro,C,min7,120.0,default_major,07047591ef2c,0,unknown,07047591ef2c,0,1,0.9078062176704407,4.0,4.0,0.0,0.9,0.9,0.0,0,0 - could not convert string to float: '07047591ef2c'
2025-10-27 06:36:47,601 - WARNING - Failed to parse line: 1721b23031b95b69,Intro,G,maj,120.0,d0edfde6fed8,7eda82aef9ed,0,d0edfde6fed8,7eda82aef9ed,0,1,0.5623078346252441,4.0,4.0,0.0,0.8,0.9,0.09999999999999998,1,1 - could not convert string to float: '7eda82aef9ed'
2025-10-27 06:36:47,601 - WARNING - Failed to parse line: 1721b23031b95b69,Intro,G,maj7,120.0,3918fabc91c5,7b22045882bc,0,3918fabc91c5,7b22045882bc,0,1,0.5336818695068359,4.0,4.0,0.0,0.8,0.9,0.09999999999999998,1,1 - could not convert string to float: '7b22045882bc'
2025-10-27 06:36:47,601 - WARNING - Failed to parse line: 1721b23031b95b69,Intro,G,min,120.0,default_major,6cc639d4413f,0,unknown,6cc639d4413f,0,1,0.35025978088378906,4.0,4.0,0.0,0.9,0.9,0.0,0,0 - could not convert string to float: '6cc639d4413f'
2025-10-27 06:36:47,601 - WARNING - Failed to parse line: 1721b23031b95b69,Intro,G,min7,120.0,default_major,6cc639d4413f,0,unknown,6cc639d4413f,0,1,0.35025978088378906,4.0,4.0,0.0,0.9,0.9,0.0,0,0 - could not convert string to float: '6cc639d4413f'
2025-10-27 06:36:47,601 - WARNING - Failed to parse line: 1721b23031b95b69,Intro,Am,maj,120.0,default_major,6dec29afabab,0,unknown,6dec29afabab,0,1,0.8317471146583557,4.0,4.0,0.0,0.9,0.9,0.0,1,1 - could not convert string to float: '6dec29afabab'
2025-10-27 06:36:47,601 - WARNING - Failed to parse line: 1721b23031b95b69,Intro,Am,maj7,120.0,default_major,575eab9ef318,0,unknown,575eab9ef318,0,1,0.6273561716079712,4.0,4.0,0.0,0.9,0.9,0.0,1,1 - could not convert string to float: '575eab9ef318'
2025-10-27 06:36:47,601 - WARNING - Failed to parse line: 1721b23031b95b69,Intro,Am,min,120.0,default_major,6dec29afabab,0,unknown,6dec29afabab,0,1,0.8180252313613892,4.0,4.0,0.0,0.9,0.9,0.0,0,0 - could not convert string to float: '6dec29afabab'
2025-10-27 06:36:47,601 - WARNING - Failed to parse line: 1721b23031b95b69,Intro,Am,min7,120.0,default_major,6dec29afabab,0,unknown,6dec29afabab,0,1,0.8180252313613892,4.0,4.0,0.0,0.9,0.9,0.0,0,0 - could not convert string to float: '6dec29afabab'
2025-10-27 06:36:47,601 - WARNING - Failed to parse line: 1721b23031b95b69,Intro,F,maj,120.0,d2d98b1e0e4c,563a2c2cfaa8,0,d2d98b1e0e4c,563a2c2cfaa8,0,1,0.5274317264556885,4.0,4.0,0.0,0.8,0.9,0.09999999999999998,1,1 - could not convert string to float: '563a2c2cfaa8'
2025-10-27 06:36:47,601 - WARNING - Failed to parse line: 1721b23031b95b69,Intro,F,maj7,120.0,9de21ea48381,836d0328a8cf,0,9de21ea48381,836d0328a8cf,0,1,0.6482905149459839,4.0,4.0,0.0,0.8,0.9,0.09999999999999998,1,1 - could not convert string to float: '836d0328a8cf'
2025-10-27 06:36:47,601 - WARNING - Failed to parse line: 1721b23031b95b69,Intro,F,min,120.0,default_major,5ef2151ab615,0,unknown,5ef2151ab615,0,1,0.2585706412792206,4.0,4.0,0.0,0.9,0.9,0.0,0,0 - could not convert string to float: '5ef2151ab615'
2025-10-27 06:36:47,601 - WARNING - Failed to parse line: 1721b23031b95b69,Intro,F,min7,120.0,default_major,5ef2151ab615,0,unknown,5ef2151ab615,0,1,0.2585706412792206,4.0,4.0,0.0,0.9,0.9,0.0,0,0 - could not convert string to float: '5ef2151ab615'
2025-10-27 06:36:47,601 - WARNING - Failed to parse line: 1721b23031b95b69,Verse,C,maj,120.0,1b78abe47513,45e930c5e412,0,1b78abe47513,45e930c5e412,0,1,0.2769481837749481,4.0,4.0,0.0,0.9,0.9,0.0,1,1 - could not convert string to float: '45e930c5e412'
2025-10-27 06:36:47,601 - WARNING - Failed to parse line: 1721b23031b95b69,Verse,C,maj7,120.0,e71d6285fab1,1eb2c31967b3,0,e71d6285fab1,1eb2c31967b3,0,1,0.9410102963447571,4.0,4.0,0.0,0.9,0.9,0.0,1,1 - could not convert string to float: '1eb2c31967b3'
2025-10-27 06:36:47,601 - WARNING - Failed to parse line: 1721b23031b95b69,Verse,C,min,120.0,default_major,30bb11ad8626,0,unknown,30bb11ad8626,0,1,0.8460873961448669,4.0,4.0,0.0,0.9,0.9,0.0,0,0 - could not convert string to float: '30bb11ad8626'
2025-10-27 06:36:47,601 - WARNING - Failed to parse line: 1721b23031b95b69,Verse,C,min7,120.0,default_major,30bb11ad8626,0,unknown,30bb11ad8626,0,1,0.8460873961448669,4.0,4.0,0.0,0.9,0.9,0.0,0,0 - could not convert string to float: '30bb11ad8626'
2025-10-27 06:36:47,601 - WARNING - Failed to parse line: 1721b23031b95b69,Verse,G,maj,120.0,ea917b0d0aa5,default_major,0,ea917b0d0aa5,unknown,0,1,0.3,4.0,4.0,0.0,0.9,0.9,0.0,1,1 - could not convert string to float: 'default_major'
2025-10-27 06:36:47,601 - WARNING - Failed to parse line: 1721b23031b95b69,Verse,G,maj7,120.0,faa2e126a3f7,default_major,0,faa2e126a3f7,unknown,0,1,0.3,4.0,4.0,0.0,0.9,0.9,0.0,1,1 - could not convert string to float: 'default_major'
2025-10-27 06:36:47,601 - WARNING - Failed to parse line: 1721b23031b95b69,Verse,G,min,120.0,default_major,156c810965ed,0,unknown,156c810965ed,0,1,0.8146456480026245,4.0,4.0,0.0,0.9,0.9,0.0,0,0 - could not convert string to float: '156c810965ed'
2025-10-27 06:36:47,601 - WARNING - Failed to parse line: 1721b23031b95b69,Verse,G,min7,120.0,default_major,156c810965ed,0,unknown,156c810965ed,0,1,0.8146456480026245,4.0,4.0,0.0,0.9,0.9,0.0,0,0 - could not convert string to float: '156c810965ed'
2025-10-27 06:36:47,601 - WARNING - Failed to parse line: 1721b23031b95b69,Verse,Am,maj,120.0,default_major,41c9394ab0a1,0,unknown,41c9394ab0a1,0,1,0.356843501329422,4.0,4.0,0.0,0.9,0.9,0.0,1,1 - could not convert string to float: '41c9394ab0a1'
2025-10-27 06:36:47,601 - WARNING - Failed to parse line: 1721b23031b95b69,Verse,Am,maj7,120.0,default_major,5d5ce13f481d,0,unknown,5d5ce13f481d,0,1,0.8578913807868958,4.0,4.0,0.0,0.9,0.9,0.0,1,1 - could not convert string to float: '5d5ce13f481d'
2025-10-27 06:36:47,601 - WARNING - Failed to parse line: 1721b23031b95b69,Verse,Am,min,120.0,default_major,5e6e57ca7a30,0,unknown,5e6e57ca7a30,0,1,0.4819108247756958,4.0,4.0,0.0,0.9,0.9,0.0,0,0 - could not convert string to float: '5e6e57ca7a30'
2025-10-27 06:36:47,601 - WARNING - Failed to parse line: 1721b23031b95b69,Verse,Am,min7,120.0,default_major,5e6e57ca7a30,0,unknown,5e6e57ca7a30,0,1,0.4819108247756958,4.0,4.0,0.0,0.9,0.9,0.0,0,0 - could not convert string to float: '5e6e57ca7a30'
2025-10-27 06:36:47,601 - WARNING - Failed to parse line: 1721b23031b95b69,Verse,F,maj,120.0,6c96121cf4c4,default_major,0,6c96121cf4c4,unknown,0,1,0.3,4.0,4.0,0.0,0.9,0.9,0.0,1,1 - could not convert string to float: 'default_major'
2025-10-27 06:36:47,601 - WARNING - Failed to parse line: 1721b23031b95b69,Verse,F,maj7,120.0,fc842079e998,523f86916565,0,fc842079e998,523f86916565,0,1,0.5896382927894592,4.0,4.0,0.0,0.9,0.9,0.0,1,1 - could not convert string to float: '523f86916565'
2025-10-27 06:36:47,601 - WARNING - Failed to parse line: 1721b23031b95b69,Verse,F,min,120.0,default_major,default_major,1,unknown,unknown,1,1,0.3,4.0,4.0,0.0,0.9,0.9,0.0,0,0 - could not convert string to float: 'default_major'
2025-10-27 06:36:47,601 - WARNING - Failed to parse line: 1721b23031b95b69,Verse,F,min7,120.0,default_major,default_major,1,unknown,unknown,1,1,0.3,4.0,4.0,0.0,0.9,0.9,0.0,0,0 - could not convert string to float: 'default_major'
2025-10-27 06:36:47,601 - WARNING - Failed to parse line: 1721b23031b95b69,Chorus,C,maj,120.0,d5d2bebb7563,2129aca1be8a,0,d5d2bebb7563,2129aca1be8a,0,1,0.743903636932373,4.0,4.0,0.0,0.8,0.9,0.09999999999999998,1,1 - could not convert string to float: '2129aca1be8a'
2025-10-27 06:36:47,601 - WARNING - Failed to parse line: 1721b23031b95b69,Chorus,C,maj7,120.0,0b6e8b9ca4e2,2129aca1be8a,0,0b6e8b9ca4e2,2129aca1be8a,0,1,0.948104739189148,4.0,4.0,0.0,0.8,0.9,0.09999999999999998,1,1 - could not convert string to float: '2129aca1be8a'
2025-10-27 06:36:47,601 - WARNING - Failed to parse line: 1721b23031b95b69,Chorus,C,min,120.0,default_major,712652d04aac,0,unknown,712652d04aac,0,1,0.9359660744667053,4.0,4.0,0.0,0.9,0.9,0.0,0,0 - could not convert string to float: '712652d04aac'
2025-10-27 06:36:47,601 - WARNING - Failed to parse line: 1721b23031b95b69,Chorus,C,min7,120.0,default_major,712652d04aac,0,unknown,712652d04aac,0,1,0.9359660744667053,4.0,4.0,0.0,0.9,0.9,0.0,0,0 - could not convert string to float: '712652d04aac'
2025-10-27 06:36:47,601 - WARNING - Failed to parse line: 1721b23031b95b69,Chorus,G,maj,120.0,6d24a042d994,38070718b35f,0,6d24a042d994,38070718b35f,0,1,0.30791571736335754,4.0,4.0,0.0,0.8,0.9,0.09999999999999998,1,1 - could not convert string to float: '38070718b35f'
2025-10-27 06:36:47,601 - WARNING - Failed to parse line: 1721b23031b95b69,Chorus,G,maj7,120.0,95bd141a1c76,00b41c4945aa,0,95bd141a1c76,00b41c4945aa,0,1,0.43267154693603516,4.0,4.0,0.0,0.8,0.9,0.09999999999999998,1,1 - could not convert string to float: '00b41c4945aa'
2025-10-27 06:36:47,601 - WARNING - Failed to parse line: 1721b23031b95b69,Chorus,G,min,120.0,default_major,20b534494b6c,0,unknown,20b534494b6c,0,1,0.3305188715457916,4.0,4.0,0.0,0.9,0.9,0.0,0,0 - could not convert string to float: '20b534494b6c'
2025-10-27 06:36:47,601 - WARNING - Failed to parse line: 1721b23031b95b69,Chorus,G,min7,120.0,default_major,20b534494b6c,0,unknown,20b534494b6c,0,1,0.3305188715457916,4.0,4.0,0.0,0.9,0.9,0.0,0,0 - could not convert string to float: '20b534494b6c'
2025-10-27 06:36:47,601 - WARNING - Failed to parse line: 1721b23031b95b69,Chorus,Am,maj,120.0,default_major,39697a3e4abc,0,unknown,39697a3e4abc,0,1,0.5356512069702148,4.0,4.0,0.0,0.9,0.9,0.0,1,1 - could not convert string to float: '39697a3e4abc'
2025-10-27 06:36:47,601 - WARNING - Failed to parse line: 1721b23031b95b69,Chorus,Am,maj7,120.0,default_major,4e4d4fececdd,0,unknown,4e4d4fececdd,0,1,0.6492087244987488,4.0,4.0,0.0,0.9,0.9,0.0,1,1 - could not convert string to float: '4e4d4fececdd'
2025-10-27 06:36:47,601 - WARNING - Failed to parse line: 1721b23031b95b69,Chorus,Am,min,120.0,default_major,0fcf3c44cc23,0,unknown,0fcf3c44cc23,0,1,0.28288549184799194,4.0,4.0,0.0,0.9,0.9,0.0,0,0 - could not convert string to float: '0fcf3c44cc23'
2025-10-27 06:36:47,601 - WARNING - Failed to parse line: 1721b23031b95b69,Chorus,Am,min7,120.0,default_major,0fcf3c44cc23,0,unknown,0fcf3c44cc23,0,1,0.28288549184799194,4.0,4.0,0.0,0.9,0.9,0.0,0,0 - could not convert string to float: '0fcf3c44cc23'
2025-10-27 06:36:47,601 - WARNING - Failed to parse line: 1721b23031b95b69,Chorus,F,maj,120.0,a9e9d388cea4,6f5f37e93b5a,0,a9e9d388cea4,6f5f37e93b5a,0,1,0.4330121874809265,4.0,4.0,0.0,0.8,0.9,0.09999999999999998,1,1 - could not convert string to float: '6f5f37e93b5a'
2025-10-27 06:36:47,601 - WARNING - Failed to parse line: 1721b23031b95b69,Chorus,F,maj7,120.0,9a329b1b1b50,5700ffd204af,0,9a329b1b1b50,5700ffd204af,0,1,0.31285297870635986,4.0,4.0,0.0,0.8,0.9,0.09999999999999998,1,1 - could not convert string to float: '5700ffd204af'
2025-10-27 06:36:47,601 - WARNING - Failed to parse line: 1721b23031b95b69,Chorus,F,min,120.0,default_major,default_major,1,unknown,unknown,1,1,0.3,4.0,4.0,0.0,0.9,0.9,0.0,0,0 - could not convert string to float: 'default_major'
2025-10-27 06:36:47,601 - WARNING - Failed to parse line: 1721b23031b95b69,Chorus,F,min7,120.0,default_major,default_major,1,unknown,unknown,1,1,0.3,4.0,4.0,0.0,0.9,0.9,0.0,0,0 - could not convert string to float: 'default_major'
2025-10-27 06:36:47,601 - WARNING - Failed to parse line: 1721b23031b95b69,Bridge,C,maj,120.0,8676b4194a8d,0e7f0aa34e5c,0,8676b4194a8d,0e7f0aa34e5c,0,1,0.6147207617759705,4.0,4.0,0.0,0.8,0.9,0.09999999999999998,1,1 - could not convert string to float: '0e7f0aa34e5c'
2025-10-27 06:36:47,601 - WARNING - Failed to parse line: 1721b23031b95b69,Bridge,C,maj7,120.0,6f683cd91963,5822bba0d4fc,0,6f683cd91963,5822bba0d4fc,0,1,0.7462079524993896,4.0,4.0,0.0,0.8,0.9,0.09999999999999998,1,1 - could not convert string to float: '5822bba0d4fc'
2025-10-27 06:36:47,601 - WARNING - Failed to parse line: 1721b23031b95b69,Bridge,C,min,120.0,default_major,20aeddfff70a,0,unknown,20aeddfff70a,0,1,0.9476426839828491,4.0,4.0,0.0,0.9,0.9,0.0,0,0 - could not convert string to float: '20aeddfff70a'
2025-10-27 06:36:47,601 - WARNING - Failed to parse line: 1721b23031b95b69,Bridge,C,min7,120.0,default_major,20aeddfff70a,0,unknown,20aeddfff70a,0,1,0.9476426839828491,4.0,4.0,0.0,0.9,0.9,0.0,0,0 - could not convert string to float: '20aeddfff70a'
2025-10-27 06:36:47,601 - WARNING - Failed to parse line: 1721b23031b95b69,Bridge,G,maj,120.0,b1f177fe8f43,42adf16fd279,0,b1f177fe8f43,42adf16fd279,0,1,0.5147787928581238,4.0,4.0,0.0,0.8,0.9,0.09999999999999998,1,1 - could not convert string to float: '42adf16fd279'
2025-10-27 06:36:47,601 - WARNING - Failed to parse line: 1721b23031b95b69,Bridge,G,maj7,120.0,a62a1947acfc,0a6910b44164,0,a62a1947acfc,0a6910b44164,0,1,0.8182988166809082,4.0,4.0,0.0,0.8,0.9,0.09999999999999998,1,1 - could not convert string to float: '0a6910b44164'
2025-10-27 06:36:47,601 - WARNING - Failed to parse line: 1721b23031b95b69,Bridge,G,min,120.0,default_major,06a46e3e4165,0,unknown,06a46e3e4165,0,1,0.7161306738853455,4.0,4.0,0.0,0.9,0.9,0.0,0,0 - could not convert string to float: '06a46e3e4165'
2025-10-27 06:36:47,601 - WARNING - Failed to parse line: 1721b23031b95b69,Bridge,G,min7,120.0,default_major,06a46e3e4165,0,unknown,06a46e3e4165,0,1,0.7161306738853455,4.0,4.0,0.0,0.9,0.9,0.0,0,0 - could not convert string to float: '06a46e3e4165'
2025-10-27 06:36:47,601 - WARNING - Failed to parse line: 1721b23031b95b69,Bridge,Am,maj,120.0,default_major,0e6c3c3ffcde,0,unknown,0e6c3c3ffcde,0,1,0.5653682351112366,4.0,4.0,0.0,0.9,0.9,0.0,1,1 - could not convert string to float: '0e6c3c3ffcde'
2025-10-27 06:36:47,601 - WARNING - Failed to parse line: 1721b23031b95b69,Bridge,Am,maj7,120.0,default_major,575d902eadee,0,unknown,575d902eadee,0,1,0.5729188919067383,4.0,4.0,0.0,0.9,0.9,0.0,1,1 - could not convert string to float: '575d902eadee'
2025-10-27 06:36:47,601 - WARNING - Failed to parse line: 1721b23031b95b69,Bridge,Am,min,120.0,default_major,1fa5f0491d7e,0,unknown,1fa5f0491d7e,0,1,0.3362831175327301,4.0,4.0,0.0,0.9,0.9,0.0,0,0 - could not convert string to float: '1fa5f0491d7e'
2025-10-27 06:36:47,601 - WARNING - Failed to parse line: 1721b23031b95b69,Bridge,Am,min7,120.0,default_major,1fa5f0491d7e,0,unknown,1fa5f0491d7e,0,1,0.3362831175327301,4.0,4.0,0.0,0.9,0.9,0.0,0,0 - could not convert string to float: '1fa5f0491d7e'
2025-10-27 06:36:47,601 - WARNING - Failed to parse line: 1721b23031b95b69,Bridge,F,maj,120.0,79b930610cc4,3e38f72d7b1d,0,79b930610cc4,3e38f72d7b1d,0,1,0.4903653860092163,4.0,4.0,0.0,0.8,0.9,0.09999999999999998,1,1 - could not convert string to float: '3e38f72d7b1d'
2025-10-27 06:36:47,601 - WARNING - Failed to parse line: 1721b23031b95b69,Bridge,F,maj7,120.0,69ba572e5b4d,363b69288586,0,69ba572e5b4d,363b69288586,0,1,0.3774685561656952,4.0,4.0,0.0,0.8,0.9,0.09999999999999998,1,1 - could not convert string to float: '363b69288586'
2025-10-27 06:36:47,601 - WARNING - Failed to parse line: 1721b23031b95b69,Bridge,F,min,120.0,default_major,1cc60f5ed5fd,0,unknown,1cc60f5ed5fd,0,1,0.6788455247879028,4.0,4.0,0.0,0.9,0.9,0.0,0,0 - could not convert string to float: '1cc60f5ed5fd'
2025-10-27 06:36:47,601 - WARNING - Failed to parse line: 1721b23031b95b69,Bridge,F,min7,120.0,default_major,1cc60f5ed5fd,0,unknown,1cc60f5ed5fd,0,1,0.6788455247879028,4.0,4.0,0.0,0.9,0.9,0.0,0,0 - could not convert string to float: '1cc60f5ed5fd'
2025-10-27 06:36:47,601 - WARNING - Failed to parse line: 5fefe22d10fe35a0,Intro,C,maj,120.0,d7f508f78e66,1cf0274f76f9,0,d7f508f78e66,1cf0274f76f9,0,1,0.5156187415122986,4.0,4.0,0.0,0.8,0.9,0.09999999999999998,1,1 - could not convert string to float: '1cf0274f76f9'
2025-10-27 06:36:47,601 - WARNING - Failed to parse line: 5fefe22d10fe35a0,Intro,C,maj7,120.0,66a3e7e5acf0,35d0064f3e77,0,66a3e7e5acf0,35d0064f3e77,0,1,0.8985406160354614,4.0,4.0,0.0,0.8,0.9,0.09999999999999998,1,1 - could not convert string to float: '35d0064f3e77'
2025-10-27 06:36:47,601 - WARNING - Failed to parse line: 5fefe22d10fe35a0,Intro,C,min,120.0,default_major,07047591ef2c,0,unknown,07047591ef2c,0,1,0.9078062176704407,4.0,4.0,0.0,0.9,0.9,0.0,0,0 - could not convert string to float: '07047591ef2c'
2025-10-27 06:36:47,601 - WARNING - Failed to parse line: 5fefe22d10fe35a0,Intro,C,min7,120.0,default_major,07047591ef2c,0,unknown,07047591ef2c,0,1,0.9078062176704407,4.0,4.0,0.0,0.9,0.9,0.0,0,0 - could not convert string to float: '07047591ef2c'
2025-10-27 06:36:47,601 - WARNING - Failed to parse line: 5fefe22d10fe35a0,Intro,G,maj,120.0,d0edfde6fed8,7eda82aef9ed,0,d0edfde6fed8,7eda82aef9ed,0,1,0.5623078346252441,4.0,4.0,0.0,0.8,0.9,0.09999999999999998,1,1 - could not convert string to float: '7eda82aef9ed'
2025-10-27 06:36:47,601 - WARNING - Failed to parse line: 5fefe22d10fe35a0,Intro,G,maj7,120.0,3918fabc91c5,7b22045882bc,0,3918fabc91c5,7b22045882bc,0,1,0.5336818695068359,4.0,4.0,0.0,0.8,0.9,0.09999999999999998,1,1 - could not convert string to float: '7b22045882bc'
2025-10-27 06:36:47,601 - WARNING - Failed to parse line: 5fefe22d10fe35a0,Intro,G,min,120.0,default_major,6cc639d4413f,0,unknown,6cc639d4413f,0,1,0.35025978088378906,4.0,4.0,0.0,0.9,0.9,0.0,0,0 - could not convert string to float: '6cc639d4413f'
2025-10-27 06:36:47,601 - WARNING - Failed to parse line: 5fefe22d10fe35a0,Intro,G,min7,120.0,default_major,6cc639d4413f,0,unknown,6cc639d4413f,0,1,0.35025978088378906,4.0,4.0,0.0,0.9,0.9,0.0,0,0 - could not convert string to float: '6cc639d4413f'
2025-10-27 06:36:47,601 - WARNING - Failed to parse line: 5fefe22d10fe35a0,Intro,Am,maj,120.0,default_major,6dec29afabab,0,unknown,6dec29afabab,0,1,0.8317471146583557,4.0,4.0,0.0,0.9,0.9,0.0,1,1 - could not convert string to float: '6dec29afabab'
2025-10-27 06:36:47,601 - WARNING - Failed to parse line: 5fefe22d10fe35a0,Intro,Am,maj7,120.0,default_major,575eab9ef318,0,unknown,575eab9ef318,0,1,0.6273561716079712,4.0,4.0,0.0,0.9,0.9,0.0,1,1 - could not convert string to float: '575eab9ef318'
2025-10-27 06:36:47,601 - WARNING - Failed to parse line: 5fefe22d10fe35a0,Intro,Am,min,120.0,default_major,6dec29afabab,0,unknown,6dec29afabab,0,1,0.8180252313613892,4.0,4.0,0.0,0.9,0.9,0.0,0,0 - could not convert string to float: '6dec29afabab'
2025-10-27 06:36:47,601 - WARNING - Failed to parse line: 5fefe22d10fe35a0,Intro,Am,min7,120.0,default_major,6dec29afabab,0,unknown,6dec29afabab,0,1,0.8180252313613892,4.0,4.0,0.0,0.9,0.9,0.0,0,0 - could not convert string to float: '6dec29afabab'
2025-10-27 06:36:47,601 - WARNING - Failed to parse line: 5fefe22d10fe35a0,Intro,F,maj,120.0,d2d98b1e0e4c,563a2c2cfaa8,0,d2d98b1e0e4c,563a2c2cfaa8,0,1,0.5274317264556885,4.0,4.0,0.0,0.8,0.9,0.09999999999999998,1,1 - could not convert string to float: '563a2c2cfaa8'
2025-10-27 06:36:47,601 - WARNING - Failed to parse line: 5fefe22d10fe35a0,Intro,F,maj7,120.0,9de21ea48381,836d0328a8cf,0,9de21ea48381,836d0328a8cf,0,1,0.6482905149459839,4.0,4.0,0.0,0.8,0.9,0.09999999999999998,1,1 - could not convert string to float: '836d0328a8cf'
2025-10-27 06:36:47,601 - WARNING - Failed to parse line: 5fefe22d10fe35a0,Intro,F,min,120.0,default_major,5ef2151ab615,0,unknown,5ef2151ab615,0,1,0.2585706412792206,4.0,4.0,0.0,0.9,0.9,0.0,0,0 - could not convert string to float: '5ef2151ab615'
2025-10-27 06:36:47,601 - WARNING - Failed to parse line: 5fefe22d10fe35a0,Intro,F,min7,120.0,default_major,5ef2151ab615,0,unknown,5ef2151ab615,0,1,0.2585706412792206,4.0,4.0,0.0,0.9,0.9,0.0,0,0 - could not convert string to float: '5ef2151ab615'
2025-10-27 06:36:47,601 - WARNING - Failed to parse line: 5fefe22d10fe35a0,Verse,C,maj,120.0,1b78abe47513,45e930c5e412,0,1b78abe47513,45e930c5e412,0,1,0.2769481837749481,4.0,4.0,0.0,0.9,0.9,0.0,1,1 - could not convert string to float: '45e930c5e412'
2025-10-27 06:36:47,601 - WARNING - Failed to parse line: 5fefe22d10fe35a0,Verse,C,maj7,120.0,e71d6285fab1,1eb2c31967b3,0,e71d6285fab1,1eb2c31967b3,0,1,0.9410102963447571,4.0,4.0,0.0,0.9,0.9,0.0,1,1 - could not convert string to float: '1eb2c31967b3'
2025-10-27 06:36:47,601 - WARNING - Failed to parse line: 5fefe22d10fe35a0,Verse,C,min,120.0,default_major,30bb11ad8626,0,unknown,30bb11ad8626,0,1,0.8460873961448669,4.0,4.0,0.0,0.9,0.9,0.0,0,0 - could not convert string to float: '30bb11ad8626'
2025-10-27 06:36:47,601 - WARNING - Failed to parse line: 5fefe22d10fe35a0,Verse,C,min7,120.0,default_major,30bb11ad8626,0,unknown,30bb11ad8626,0,1,0.8460873961448669,4.0,4.0,0.0,0.9,0.9,0.0,0,0 - could not convert string to float: '30bb11ad8626'
2025-10-27 06:36:47,601 - WARNING - Failed to parse line: 5fefe22d10fe35a0,Verse,G,maj,120.0,ea917b0d0aa5,default_major,0,ea917b0d0aa5,unknown,0,1,0.3,4.0,4.0,0.0,0.9,0.9,0.0,1,1 - could not convert string to float: 'default_major'
2025-10-27 06:36:47,601 - WARNING - Failed to parse line: 5fefe22d10fe35a0,Verse,G,maj7,120.0,faa2e126a3f7,default_major,0,faa2e126a3f7,unknown,0,1,0.3,4.0,4.0,0.0,0.9,0.9,0.0,1,1 - could not convert string to float: 'default_major'
2025-10-27 06:36:47,601 - WARNING - Failed to parse line: 5fefe22d10fe35a0,Verse,G,min,120.0,default_major,156c810965ed,0,unknown,156c810965ed,0,1,0.8146456480026245,4.0,4.0,0.0,0.9,0.9,0.0,0,0 - could not convert string to float: '156c810965ed'
2025-10-27 06:36:47,601 - WARNING - Failed to parse line: 5fefe22d10fe35a0,Verse,G,min7,120.0,default_major,156c810965ed,0,unknown,156c810965ed,0,1,0.8146456480026245,4.0,4.0,0.0,0.9,0.9,0.0,0,0 - could not convert string to float: '156c810965ed'
2025-10-27 06:36:47,601 - WARNING - Failed to parse line: 5fefe22d10fe35a0,Verse,Am,maj,120.0,default_major,41c9394ab0a1,0,unknown,41c9394ab0a1,0,1,0.356843501329422,4.0,4.0,0.0,0.9,0.9,0.0,1,1 - could not convert string to float: '41c9394ab0a1'
2025-10-27 06:36:47,601 - WARNING - Failed to parse line: 5fefe22d10fe35a0,Verse,Am,maj7,120.0,default_major,5d5ce13f481d,0,unknown,5d5ce13f481d,0,1,0.8578913807868958,4.0,4.0,0.0,0.9,0.9,0.0,1,1 - could not convert string to float: '5d5ce13f481d'
2025-10-27 06:36:47,601 - WARNING - Failed to parse line: 5fefe22d10fe35a0,Verse,Am,min,120.0,default_major,5e6e57ca7a30,0,unknown,5e6e57ca7a30,0,1,0.4819108247756958,4.0,4.0,0.0,0.9,0.9,0.0,0,0 - could not convert string to float: '5e6e57ca7a30'
2025-10-27 06:36:47,601 - WARNING - Failed to parse line: 5fefe22d10fe35a0,Verse,Am,min7,120.0,default_major,5e6e57ca7a30,0,unknown,5e6e57ca7a30,0,1,0.4819108247756958,4.0,4.0,0.0,0.9,0.9,0.0,0,0 - could not convert string to float: '5e6e57ca7a30'
2025-10-27 06:36:47,601 - WARNING - Failed to parse line: 5fefe22d10fe35a0,Verse,F,maj,120.0,6c96121cf4c4,default_major,0,6c96121cf4c4,unknown,0,1,0.3,4.0,4.0,0.0,0.9,0.9,0.0,1,1 - could not convert string to float: 'default_major'
2025-10-27 06:36:47,601 - WARNING - Failed to parse line: 5fefe22d10fe35a0,Verse,F,maj7,120.0,fc842079e998,523f86916565,0,fc842079e998,523f86916565,0,1,0.5896382927894592,4.0,4.0,0.0,0.9,0.9,0.0,1,1 - could not convert string to float: '523f86916565'
2025-10-27 06:36:47,601 - WARNING - Failed to parse line: 5fefe22d10fe35a0,Verse,F,min,120.0,default_major,default_major,1,unknown,unknown,1,1,0.3,4.0,4.0,0.0,0.9,0.9,0.0,0,0 - could not convert string to float: 'default_major'
2025-10-27 06:36:47,601 - WARNING - Failed to parse line: 5fefe22d10fe35a0,Verse,F,min7,120.0,default_major,default_major,1,unknown,unknown,1,1,0.3,4.0,4.0,0.0,0.9,0.9,0.0,0,0 - could not convert string to float: 'default_major'
2025-10-27 06:36:47,601 - WARNING - Failed to parse line: 5fefe22d10fe35a0,Chorus,C,maj,120.0,d5d2bebb7563,2129aca1be8a,0,d5d2bebb7563,2129aca1be8a,0,1,0.743903636932373,4.0,4.0,0.0,0.8,0.9,0.09999999999999998,1,1 - could not convert string to float: '2129aca1be8a'
2025-10-27 06:36:47,601 - WARNING - Failed to parse line: 5fefe22d10fe35a0,Chorus,C,maj7,120.0,0b6e8b9ca4e2,2129aca1be8a,0,0b6e8b9ca4e2,2129aca1be8a,0,1,0.948104739189148,4.0,4.0,0.0,0.8,0.9,0.09999999999999998,1,1 - could not convert string to float: '2129aca1be8a'
2025-10-27 06:36:47,601 - WARNING - Failed to parse line: 5fefe22d10fe35a0,Chorus,C,min,120.0,default_major,712652d04aac,0,unknown,712652d04aac,0,1,0.9359660744667053,4.0,4.0,0.0,0.9,0.9,0.0,0,0 - could not convert string to float: '712652d04aac'
2025-10-27 06:36:47,601 - WARNING - Failed to parse line: 5fefe22d10fe35a0,Chorus,C,min7,120.0,default_major,712652d04aac,0,unknown,712652d04aac,0,1,0.9359660744667053,4.0,4.0,0.0,0.9,0.9,0.0,0,0 - could not convert string to float: '712652d04aac'
2025-10-27 06:36:47,601 - WARNING - Failed to parse line: 5fefe22d10fe35a0,Chorus,G,maj,120.0,6d24a042d994,38070718b35f,0,6d24a042d994,38070718b35f,0,1,0.30791571736335754,4.0,4.0,0.0,0.8,0.9,0.09999999999999998,1,1 - could not convert string to float: '38070718b35f'
2025-10-27 06:36:47,601 - WARNING - Failed to parse line: 5fefe22d10fe35a0,Chorus,G,maj7,120.0,95bd141a1c76,00b41c4945aa,0,95bd141a1c76,00b41c4945aa,0,1,0.43267154693603516,4.0,4.0,0.0,0.8,0.9,0.09999999999999998,1,1 - could not convert string to float: '00b41c4945aa'
2025-10-27 06:36:47,601 - WARNING - Failed to parse line: 5fefe22d10fe35a0,Chorus,G,min,120.0,default_major,20b534494b6c,0,unknown,20b534494b6c,0,1,0.3305188715457916,4.0,4.0,0.0,0.9,0.9,0.0,0,0 - could not convert string to float: '20b534494b6c'
2025-10-27 06:36:47,601 - WARNING - Failed to parse line: 5fefe22d10fe35a0,Chorus,G,min7,120.0,default_major,20b534494b6c,0,unknown,20b534494b6c,0,1,0.3305188715457916,4.0,4.0,0.0,0.9,0.9,0.0,0,0 - could not convert string to float: '20b534494b6c'
2025-10-27 06:36:47,601 - WARNING - Failed to parse line: 5fefe22d10fe35a0,Chorus,Am,maj,120.0,default_major,39697a3e4abc,0,unknown,39697a3e4abc,0,1,0.5356512069702148,4.0,4.0,0.0,0.9,0.9,0.0,1,1 - could not convert string to float: '39697a3e4abc'
2025-10-27 06:36:47,601 - WARNING - Failed to parse line: 5fefe22d10fe35a0,Chorus,Am,maj7,120.0,default_major,4e4d4fececdd,0,unknown,4e4d4fececdd,0,1,0.6492087244987488,4.0,4.0,0.0,0.9,0.9,0.0,1,1 - could not convert string to float: '4e4d4fececdd'
2025-10-27 06:36:47,601 - WARNING - Failed to parse line: 5fefe22d10fe35a0,Chorus,Am,min,120.0,default_major,0fcf3c44cc23,0,unknown,0fcf3c44cc23,0,1,0.28288549184799194,4.0,4.0,0.0,0.9,0.9,0.0,0,0 - could not convert string to float: '0fcf3c44cc23'
2025-10-27 06:36:47,601 - WARNING - Failed to parse line: 5fefe22d10fe35a0,Chorus,Am,min7,120.0,default_major,0fcf3c44cc23,0,unknown,0fcf3c44cc23,0,1,0.28288549184799194,4.0,4.0,0.0,0.9,0.9,0.0,0,0 - could not convert string to float: '0fcf3c44cc23'
2025-10-27 06:36:47,602 - WARNING - Failed to parse line: 5fefe22d10fe35a0,Chorus,F,maj,120.0,a9e9d388cea4,6f5f37e93b5a,0,a9e9d388cea4,6f5f37e93b5a,0,1,0.4330121874809265,4.0,4.0,0.0,0.8,0.9,0.09999999999999998,1,1 - could not convert string to float: '6f5f37e93b5a'
2025-10-27 06:36:47,602 - WARNING - Failed to parse line: 5fefe22d10fe35a0,Chorus,F,maj7,120.0,9a329b1b1b50,5700ffd204af,0,9a329b1b1b50,5700ffd204af,0,1,0.31285297870635986,4.0,4.0,0.0,0.8,0.9,0.09999999999999998,1,1 - could not convert string to float: '5700ffd204af'
2025-10-27 06:36:47,602 - WARNING - Failed to parse line: 5fefe22d10fe35a0,Chorus,F,min,120.0,default_major,default_major,1,unknown,unknown,1,1,0.3,4.0,4.0,0.0,0.9,0.9,0.0,0,0 - could not convert string to float: 'default_major'
2025-10-27 06:36:47,602 - WARNING - Failed to parse line: 5fefe22d10fe35a0,Chorus,F,min7,120.0,default_major,default_major,1,unknown,unknown,1,1,0.3,4.0,4.0,0.0,0.9,0.9,0.0,0,0 - could not convert string to float: 'default_major'
2025-10-27 06:36:47,602 - WARNING - Failed to parse line: 5fefe22d10fe35a0,Bridge,C,maj,120.0,8676b4194a8d,0e7f0aa34e5c,0,8676b4194a8d,0e7f0aa34e5c,0,1,0.6147207617759705,4.0,4.0,0.0,0.8,0.9,0.09999999999999998,1,1 - could not convert string to float: '0e7f0aa34e5c'
2025-10-27 06:36:47,602 - WARNING - Failed to parse line: 5fefe22d10fe35a0,Bridge,C,maj7,120.0,6f683cd91963,5822bba0d4fc,0,6f683cd91963,5822bba0d4fc,0,1,0.7462079524993896,4.0,4.0,0.0,0.8,0.9,0.09999999999999998,1,1 - could not convert string to float: '5822bba0d4fc'
2025-10-27 06:36:47,602 - WARNING - Failed to parse line: 5fefe22d10fe35a0,Bridge,C,min,120.0,default_major,20aeddfff70a,0,unknown,20aeddfff70a,0,1,0.9476426839828491,4.0,4.0,0.0,0.9,0.9,0.0,0,0 - could not convert string to float: '20aeddfff70a'
2025-10-27 06:36:47,602 - WARNING - Failed to parse line: 5fefe22d10fe35a0,Bridge,C,min7,120.0,default_major,20aeddfff70a,0,unknown,20aeddfff70a,0,1,0.9476426839828491,4.0,4.0,0.0,0.9,0.9,0.0,0,0 - could not convert string to float: '20aeddfff70a'
2025-10-27 06:36:47,602 - WARNING - Failed to parse line: 5fefe22d10fe35a0,Bridge,G,maj,120.0,b1f177fe8f43,42adf16fd279,0,b1f177fe8f43,42adf16fd279,0,1,0.5147787928581238,4.0,4.0,0.0,0.8,0.9,0.09999999999999998,1,1 - could not convert string to float: '42adf16fd279'
2025-10-27 06:36:47,602 - WARNING - Failed to parse line: 5fefe22d10fe35a0,Bridge,G,maj7,120.0,a62a1947acfc,0a6910b44164,0,a62a1947acfc,0a6910b44164,0,1,0.8182988166809082,4.0,4.0,0.0,0.8,0.9,0.09999999999999998,1,1 - could not convert string to float: '0a6910b44164'
2025-10-27 06:36:47,602 - WARNING - Failed to parse line: 5fefe22d10fe35a0,Bridge,G,min,120.0,default_major,06a46e3e4165,0,unknown,06a46e3e4165,0,1,0.7161306738853455,4.0,4.0,0.0,0.9,0.9,0.0,0,0 - could not convert string to float: '06a46e3e4165'
2025-10-27 06:36:47,602 - WARNING - Failed to parse line: 5fefe22d10fe35a0,Bridge,G,min7,120.0,default_major,06a46e3e4165,0,unknown,06a46e3e4165,0,1,0.7161306738853455,4.0,4.0,0.0,0.9,0.9,0.0,0,0 - could not convert string to float: '06a46e3e4165'
2025-10-27 06:36:47,602 - WARNING - Failed to parse line: 5fefe22d10fe35a0,Bridge,Am,maj,120.0,default_major,0e6c3c3ffcde,0,unknown,0e6c3c3ffcde,0,1,0.5653682351112366,4.0,4.0,0.0,0.9,0.9,0.0,1,1 - could not convert string to float: '0e6c3c3ffcde'
2025-10-27 06:36:47,602 - WARNING - Failed to parse line: 5fefe22d10fe35a0,Bridge,Am,maj7,120.0,default_major,575d902eadee,0,unknown,575d902eadee,0,1,0.5729188919067383,4.0,4.0,0.0,0.9,0.9,0.0,1,1 - could not convert string to float: '575d902eadee'
2025-10-27 06:36:47,602 - WARNING - Failed to parse line: 5fefe22d10fe35a0,Bridge,Am,min,120.0,default_major,1fa5f0491d7e,0,unknown,1fa5f0491d7e,0,1,0.3362831175327301,4.0,4.0,0.0,0.9,0.9,0.0,0,0 - could not convert string to float: '1fa5f0491d7e'
2025-10-27 06:36:47,602 - WARNING - Failed to parse line: 5fefe22d10fe35a0,Bridge,Am,min7,120.0,default_major,1fa5f0491d7e,0,unknown,1fa5f0491d7e,0,1,0.3362831175327301,4.0,4.0,0.0,0.9,0.9,0.0,0,0 - could not convert string to float: '1fa5f0491d7e'
2025-10-27 06:36:47,602 - WARNING - Failed to parse line: 5fefe22d10fe35a0,Bridge,F,maj,120.0,79b930610cc4,3e38f72d7b1d,0,79b930610cc4,3e38f72d7b1d,0,1,0.4903653860092163,4.0,4.0,0.0,0.8,0.9,0.09999999999999998,1,1 - could not convert string to float: '3e38f72d7b1d'
2025-10-27 06:36:47,602 - WARNING - Failed to parse line: 5fefe22d10fe35a0,Bridge,F,maj7,120.0,69ba572e5b4d,363b69288586,0,69ba572e5b4d,363b69288586,0,1,0.3774685561656952,4.0,4.0,0.0,0.8,0.9,0.09999999999999998,1,1 - could not convert string to float: '363b69288586'
2025-10-27 06:36:47,602 - WARNING - Failed to parse line: 5fefe22d10fe35a0,Bridge,F,min,120.0,default_major,1cc60f5ed5fd,0,unknown,1cc60f5ed5fd,0,1,0.6788455247879028,4.0,4.0,0.0,0.9,0.9,0.0,0,0 - could not convert string to float: '1cc60f5ed5fd'
2025-10-27 06:36:47,602 - WARNING - Failed to parse line: 5fefe22d10fe35a0,Bridge,F,min7,120.0,default_major,1cc60f5ed5fd,0,unknown,1cc60f5ed5fd,0,1,0.6788455247879028,4.0,4.0,0.0,0.9,0.9,0.0,0,0 - could not convert string to float: '1cc60f5ed5fd'
2025-10-27 06:36:47,602 - INFO - Collected 0 metrics from /Volumes/SSD-SCTU3A/ラジオ用/music_21/composer2-3/data/ab_test_musical_kpi.csv
2025-10-27 06:36:47,604 - INFO - Collected 640 metrics from /Volumes/SSD-SCTU3A/ラジオ用/music_21/composer2-3/data/canary_kpi_v3_production.csv
2025-10-27 06:36:47,604 - INFO - Total collected: 1280 metrics from 3 files
2025-10-27 06:36:47,604 - INFO - ============================================================
2025-10-27 06:36:47,604 - INFO - KPI Statistics Summary
2025-10-27 06:36:47,604 - INFO - ============================================================
2025-10-27 06:36:47,604 - INFO - Total Cases: 1280
2025-10-27 06:36:47,604 - INFO - Accent Score (mean): 91.91%
2025-10-27 06:36:47,604 - INFO - Chord Fit (mean): 83.59%
2025-10-27 06:36:47,604 - INFO - ML Usage Rate: 100.00%
2025-10-27 06:36:47,604 - INFO - Safety Fallback Rate: 0.00%
2025-10-27 06:36:47,604 - INFO - Top-1 Proba (mean): 0.3230
2025-10-27 06:36:47,604 - INFO - 
2025-10-27 06:36:47,604 - INFO - By Section:
2025-10-27 06:36:47,604 - INFO -   Intro: Accent 88.32%, ML 100.00%
2025-10-27 06:36:47,604 - INFO -   Verse: Accent 93.50%, ML 100.00%
2025-10-27 06:36:47,604 - INFO -   Chorus: Accent 95.65%, ML 100.00%
2025-10-27 06:36:47,604 - INFO -   Bridge: Accent 90.16%, ML 100.00%
2025-10-27 06:36:47,604 - INFO - ============================================================
2025-10-27 06:36:47,605 - INFO - Prometheus metrics exported to /Volumes/SSD-SCTU3A/ラジオ用/music_21/composer2-3/monitoring/metrics.prom
2025-10-27 06:36:47,606 - INFO - JSON statistics exported to /Volumes/SSD-SCTU3A/ラジオ用/music_21/composer2-3/monitoring/kpi_stats.json
2025-10-27 06:36:47,606 - INFO - 
2025-10-27 06:36:47,606 - INFO - KPI Gate Check:
2025-10-27 06:36:47,606 - INFO -   Accent Score >= 65%: ✓ PASS
2025-10-27 06:36:47,606 - INFO -   Accent Score >= 70% (warning): ✓ PASS
2025-10-27 06:36:47,606 - INFO -   Chord Fit >= 60%: ✓ PASS
2025-10-27 06:36:47,606 - INFO -   Chord Fit >= 65% (warning): ✓ PASS
2025-10-27 06:36:47,606 - INFO -   ML Usage >= 70%: ✓ PASS
2025-10-27 06:36:47,606 - INFO -   ML Usage >= 80% (warning): ✓ PASS
2025-10-27 06:36:47,606 - INFO -   Safety Fallback <= 10%: ✓ PASS
2025-10-27 06:36:47,606 - INFO - 
2025-10-27 06:36:47,606 - INFO - Overall: ✓ ALL GATES PASSED
✓ KPI Collection SUCCESS: 2025年 10月27日 月曜日 06時36分47秒 JST

Current KPIs:
  Accent Score: 0.9190711641221958
  Chord Fit: 0.8359375
  ML Usage: 1.0
  Safety Fallback: 0.0
=== KPI Collection Completed: 2025年 10月27日 月曜日 06時36分47秒 JST ===

